ISO-10303-21;
HEADER;
FILE_DESCRIPTION(('Open CASCADE Model'),'2;1');
FILE_NAME('Open CASCADE Shape Model','2026-05-29T13:00:50',('Author'),(
    'Open CASCADE'),'Open CASCADE STEP processor 7.9','Open CASCADE 7.9'
  ,'Unknown');
FILE_SCHEMA(('AUTOMOTIVE_DESIGN { 1 0 10303 214 1 1 1 1 }'));
ENDSEC;
DATA;
#1 = APPLICATION_PROTOCOL_DEFINITION('international standard',
  'automotive_design',2000,#2);
#2 = APPLICATION_CONTEXT(
  'core data for automotive mechanical design processes');
#3 = SHAPE_DEFINITION_REPRESENTATION(#4,#10);
#4 = PRODUCT_DEFINITION_SHAPE('','',#5);
#5 = PRODUCT_DEFINITION('design','',#6,#9);
#6 = PRODUCT_DEFINITION_FORMATION('','',#7);
#7 = PRODUCT('SOLID','SOLID','',(#8));
#8 = PRODUCT_CONTEXT('',#2,'mechanical');
#9 = PRODUCT_DEFINITION_CONTEXT('part definition',#2,'design');
#10 = ADVANCED_BREP_SHAPE_REPRESENTATION('',(#11,#15),#6647);
#11 = AXIS2_PLACEMENT_3D('',#12,#13,#14);
#12 = CARTESIAN_POINT('',(0.,0.,0.));
#13 = DIRECTION('',(0.,0.,1.));
#14 = DIRECTION('',(1.,0.,-0.));
#15 = MANIFOLD_SOLID_BREP('',#16);
#16 = CLOSED_SHELL('',(#17,#57,#97,#137,#177,#708,#1203,#1267,#1291,
    #1315,#1347,#1383,#1419,#1455,#1511,#1547,#1583,#1673,#1699,#1725,
    #1744,#1763,#1853,#1872,#1891,#1931,#1955,#1976,#1997,#2026,#2045,
    #2064,#2083,#2119,#2155,#2171,#2187,#2203,#2215,#2231,#2247,#2259,
    #2275,#2291,#2303,#2331,#2359,#2385,#2411,#2427,#2439,#2467,#2495,
    #2521,#2547,#2563,#2575,#2603,#2625,#2647,#2669,#2691,#2713,#2735,
    #2751,#2821,#2849,#2871,#2908,#2930,#2967,#2983,#3011,#3033,#3055,
    #3128,#3195,#3279,#3307,#3380,#3453,#3475,#3491,#3519,#3541,#3563,
    #3585,#3607,#3629,#3651,#3673,#3695,#3717,#3739,#3755,#3775,#3803,
    #3852,#3925,#3998,#4047,#4069,#4118,#4191,#4264,#4307,#4325,#4353,
    #4375,#4397,#4419,#4441,#4457,#4471,#4485,#4498,#4526,#4548,#4570,
    #4643,#4716,#4738,#4811,#4878,#5036,#5064,#5137,#5210,#5232,#5248,
    #5276,#5349,#5422,#5444,#5460,#5473,#5501,#5550,#5623,#5696,#5718,
    #5740,#5762,#5835,#5908,#5957,#5979,#6028,#6101,#6174,#6196,#6269,
    #6342,#6385,#6411,#6439,#6461,#6510,#6532,#6581,#6603,#6619,#6634));
#17 = ADVANCED_FACE('',(#18),#50,.T.);
#18 = FACE_BOUND('',#19,.T.);
#19 = EDGE_LOOP('',(#20,#30,#37,#45));
#20 = ORIENTED_EDGE('',*,*,#21,.T.);
#21 = EDGE_CURVE('',#22,#24,#26,.T.);
#22 = VERTEX_POINT('',#23);
#23 = CARTESIAN_POINT('',(-1.795434574947,-1.195434574947,1.00001E-02));
#24 = VERTEX_POINT('',#25);
#25 = CARTESIAN_POINT('',(-1.845434574947,-1.195434574947,6.00001E-02));
#26 = ( BOUNDED_CURVE() B_SPLINE_CURVE(2,(#27,#28,#29),.UNSPECIFIED.,.F.
,.F.) B_SPLINE_CURVE_WITH_KNOTS((3,3),(0.,1.570796326795),
.PIECEWISE_BEZIER_KNOTS.) CURVE() GEOMETRIC_REPRESENTATION_ITEM() 
RATIONAL_B_SPLINE_CURVE((1.,0.707106781187,1.)) REPRESENTATION_ITEM('') 
  );
#27 = CARTESIAN_POINT('',(-1.795434574947,-1.195434574947,1.00001E-02));
#28 = CARTESIAN_POINT('',(-1.845434574947,-1.195434574947,1.00001E-02));
#29 = CARTESIAN_POINT('',(-1.845434574947,-1.195434574947,6.00001E-02));
#30 = ORIENTED_EDGE('',*,*,#31,.T.);
#31 = EDGE_CURVE('',#24,#32,#34,.T.);
#32 = VERTEX_POINT('',#33);
#33 = CARTESIAN_POINT('',(-1.845434574947,-0.75,6.00001E-02));
#34 = B_SPLINE_CURVE_WITH_KNOTS('',1,(#35,#36),.UNSPECIFIED.,.F.,.F.,(2,
    2),(-2.445434574947,-2.),.PIECEWISE_BEZIER_KNOTS.);
#35 = CARTESIAN_POINT('',(-1.845434574947,-1.195434574947,6.00001E-02));
#36 = CARTESIAN_POINT('',(-1.845434574947,-0.75,6.00001E-02));
#37 = ORIENTED_EDGE('',*,*,#38,.F.);
#38 = EDGE_CURVE('',#39,#32,#41,.T.);
#39 = VERTEX_POINT('',#40);
#40 = CARTESIAN_POINT('',(-1.795434574947,-0.75,1.00001E-02));
#41 = ( BOUNDED_CURVE() B_SPLINE_CURVE(2,(#42,#43,#44),.UNSPECIFIED.,.F.
,.F.) B_SPLINE_CURVE_WITH_KNOTS((3,3),(1.570796326795,3.14159265359),
.PIECEWISE_BEZIER_KNOTS.) CURVE() GEOMETRIC_REPRESENTATION_ITEM() 
RATIONAL_B_SPLINE_CURVE((1.,0.707106781187,1.)) REPRESENTATION_ITEM('') 
  );
#42 = CARTESIAN_POINT('',(-1.795434574947,-0.75,1.00001E-02));
#43 = CARTESIAN_POINT('',(-1.845434574947,-0.75,1.00001E-02));
#44 = CARTESIAN_POINT('',(-1.845434574947,-0.75,6.00001E-02));
#45 = ORIENTED_EDGE('',*,*,#46,.F.);
#46 = EDGE_CURVE('',#22,#39,#47,.T.);
#47 = B_SPLINE_CURVE_WITH_KNOTS('',1,(#48,#49),.UNSPECIFIED.,.F.,.F.,(2,
    2),(-1.195434574947,-0.75),.PIECEWISE_BEZIER_KNOTS.);
#48 = CARTESIAN_POINT('',(-1.795434574947,-1.195434574947,1.00001E-02));
#49 = CARTESIAN_POINT('',(-1.795434574947,-0.75,1.00001E-02));
#50 = ( BOUNDED_SURFACE() B_SPLINE_SURFACE(2,1,(
    (#51,#52)
    ,(#53,#54)
,(#55,#56
  )),.UNSPECIFIED.,.F.,.F.,.F.) B_SPLINE_SURFACE_WITH_KNOTS((3,3),(2,2),
  (4.712388980385,6.28318530718),(-2.445434574947,-2.),
.PIECEWISE_BEZIER_KNOTS.) GEOMETRIC_REPRESENTATION_ITEM() 
RATIONAL_B_SPLINE_SURFACE((
    (1.,1.)
    ,(0.707106781187,0.707106781187)
,(1.,1.))) REPRESENTATION_ITEM('') SURFACE() );
#51 = CARTESIAN_POINT('',(-1.795434574947,-1.195434574947,1.00001E-02));
#52 = CARTESIAN_POINT('',(-1.795434574947,-0.75,1.00001E-02));
#53 = CARTESIAN_POINT('',(-1.845434574947,-1.195434574947,1.00001E-02));
#54 = CARTESIAN_POINT('',(-1.845434574947,-0.75,1.00001E-02));
#55 = CARTESIAN_POINT('',(-1.845434574947,-1.195434574947,6.00001E-02));
#56 = CARTESIAN_POINT('',(-1.845434574947,-0.75,6.00001E-02));
#57 = ADVANCED_FACE('',(#58),#90,.T.);
#58 = FACE_BOUND('',#59,.T.);
#59 = EDGE_LOOP('',(#60,#70,#77,#85));
#60 = ORIENTED_EDGE('',*,*,#61,.F.);
#61 = EDGE_CURVE('',#62,#64,#66,.T.);
#62 = VERTEX_POINT('',#63);
#63 = CARTESIAN_POINT('',(-1.845434574947,0.75,6.00001E-02));
#64 = VERTEX_POINT('',#65);
#65 = CARTESIAN_POINT('',(-1.795434574947,0.75,1.00001E-02));
#66 = ( BOUNDED_CURVE() B_SPLINE_CURVE(2,(#67,#68,#69),.UNSPECIFIED.,.F.
,.F.) B_SPLINE_CURVE_WITH_KNOTS((3,3),(0.,1.570796326795),
.PIECEWISE_BEZIER_KNOTS.) CURVE() GEOMETRIC_REPRESENTATION_ITEM() 
RATIONAL_B_SPLINE_CURVE((1.,0.707106781187,1.)) REPRESENTATION_ITEM('') 
  );
#67 = CARTESIAN_POINT('',(-1.845434574947,0.75,6.00001E-02));
#68 = CARTESIAN_POINT('',(-1.845434574947,0.75,1.00001E-02));
#69 = CARTESIAN_POINT('',(-1.795434574947,0.75,1.00001E-02));
#70 = ORIENTED_EDGE('',*,*,#71,.T.);
#71 = EDGE_CURVE('',#62,#72,#74,.T.);
#72 = VERTEX_POINT('',#73);
#73 = CARTESIAN_POINT('',(-1.845434574947,1.195434574947,6.00001E-02));
#74 = B_SPLINE_CURVE_WITH_KNOTS('',1,(#75,#76),.UNSPECIFIED.,.F.,.F.,(2,
    2),(-0.5,-5.456542505346E-02),.PIECEWISE_BEZIER_KNOTS.);
#75 = CARTESIAN_POINT('',(-1.845434574947,0.75,6.00001E-02));
#76 = CARTESIAN_POINT('',(-1.845434574947,1.195434574947,6.00001E-02));
#77 = ORIENTED_EDGE('',*,*,#78,.F.);
#78 = EDGE_CURVE('',#79,#72,#81,.T.);
#79 = VERTEX_POINT('',#80);
#80 = CARTESIAN_POINT('',(-1.795434574947,1.195434574947,1.00001E-02));
#81 = ( BOUNDED_CURVE() B_SPLINE_CURVE(2,(#82,#83,#84),.UNSPECIFIED.,.F.
,.F.) B_SPLINE_CURVE_WITH_KNOTS((3,3),(3.14159265359,4.712388980385),
.PIECEWISE_BEZIER_KNOTS.) CURVE() GEOMETRIC_REPRESENTATION_ITEM() 
RATIONAL_B_SPLINE_CURVE((1.,0.707106781187,1.)) REPRESENTATION_ITEM('') 
  );
#82 = CARTESIAN_POINT('',(-1.795434574947,1.195434574947,1.00001E-02));
#83 = CARTESIAN_POINT('',(-1.845434574947,1.195434574947,1.00001E-02));
#84 = CARTESIAN_POINT('',(-1.845434574947,1.195434574947,6.00001E-02));
#85 = ORIENTED_EDGE('',*,*,#86,.F.);
#86 = EDGE_CURVE('',#64,#79,#87,.T.);
#87 = B_SPLINE_CURVE_WITH_KNOTS('',1,(#88,#89),.UNSPECIFIED.,.F.,.F.,(2,
    2),(0.75,1.195434574947),.PIECEWISE_BEZIER_KNOTS.);
#88 = CARTESIAN_POINT('',(-1.795434574947,0.75,1.00001E-02));
#89 = CARTESIAN_POINT('',(-1.795434574947,1.195434574947,1.00001E-02));
#90 = ( BOUNDED_SURFACE() B_SPLINE_SURFACE(2,1,(
    (#91,#92)
    ,(#93,#94)
,(#95,#96
  )),.UNSPECIFIED.,.F.,.F.,.F.) B_SPLINE_SURFACE_WITH_KNOTS((3,3),(2,2),
  (4.712388980385,6.28318530718),(-0.5,-5.456542505346E-02),
.PIECEWISE_BEZIER_KNOTS.) GEOMETRIC_REPRESENTATION_ITEM() 
RATIONAL_B_SPLINE_SURFACE((
    (1.,1.)
    ,(0.707106781187,0.707106781187)
,(1.,1.))) REPRESENTATION_ITEM('') SURFACE() );
#91 = CARTESIAN_POINT('',(-1.795434574947,0.75,1.00001E-02));
#92 = CARTESIAN_POINT('',(-1.795434574947,1.195434574947,1.00001E-02));
#93 = CARTESIAN_POINT('',(-1.845434574947,0.75,1.00001E-02));
#94 = CARTESIAN_POINT('',(-1.845434574947,1.195434574947,1.00001E-02));
#95 = CARTESIAN_POINT('',(-1.845434574947,0.75,6.00001E-02));
#96 = CARTESIAN_POINT('',(-1.845434574947,1.195434574947,6.00001E-02));
#97 = ADVANCED_FACE('',(#98),#130,.T.);
#98 = FACE_BOUND('',#99,.T.);
#99 = EDGE_LOOP('',(#100,#110,#117,#125));
#100 = ORIENTED_EDGE('',*,*,#101,.F.);
#101 = EDGE_CURVE('',#102,#104,#106,.T.);
#102 = VERTEX_POINT('',#103);
#103 = CARTESIAN_POINT('',(1.845434574947,1.195434574947,6.00001E-02));
#104 = VERTEX_POINT('',#105);
#105 = CARTESIAN_POINT('',(1.795434574947,1.195434574947,1.00001E-02));
#106 = ( BOUNDED_CURVE() B_SPLINE_CURVE(2,(#107,#108,#109),
.UNSPECIFIED.,.F.,.F.) B_SPLINE_CURVE_WITH_KNOTS((3,3),(1.570796326795,
3.14159265359),.PIECEWISE_BEZIER_KNOTS.) CURVE() 
GEOMETRIC_REPRESENTATION_ITEM() RATIONAL_B_SPLINE_CURVE((1.,
0.707106781187,1.)) REPRESENTATION_ITEM('') );
#107 = CARTESIAN_POINT('',(1.845434574947,1.195434574947,6.00001E-02));
#108 = CARTESIAN_POINT('',(1.845434574947,1.195434574947,1.00001E-02));
#109 = CARTESIAN_POINT('',(1.795434574947,1.195434574947,1.00001E-02));
#110 = ORIENTED_EDGE('',*,*,#111,.T.);
#111 = EDGE_CURVE('',#102,#112,#114,.T.);
#112 = VERTEX_POINT('',#113);
#113 = CARTESIAN_POINT('',(1.845434574947,0.75,6.00001E-02));
#114 = B_SPLINE_CURVE_WITH_KNOTS('',1,(#115,#116),.UNSPECIFIED.,.F.,.F.,
  (2,2),(5.456542505346E-02,0.5),.PIECEWISE_BEZIER_KNOTS.);
#115 = CARTESIAN_POINT('',(1.845434574947,1.195434574947,6.00001E-02));
#116 = CARTESIAN_POINT('',(1.845434574947,0.75,6.00001E-02));
#117 = ORIENTED_EDGE('',*,*,#118,.T.);
#118 = EDGE_CURVE('',#112,#119,#121,.T.);
#119 = VERTEX_POINT('',#120);
#120 = CARTESIAN_POINT('',(1.795434574947,0.75,1.00001E-02));
#121 = ( BOUNDED_CURVE() B_SPLINE_CURVE(2,(#122,#123,#124),
.UNSPECIFIED.,.F.,.F.) B_SPLINE_CURVE_WITH_KNOTS((3,3),(0.,
1.570796326795),.PIECEWISE_BEZIER_KNOTS.) CURVE() 
GEOMETRIC_REPRESENTATION_ITEM() RATIONAL_B_SPLINE_CURVE((1.,
0.707106781187,1.)) REPRESENTATION_ITEM('') );
#122 = CARTESIAN_POINT('',(1.845434574947,0.75,6.00001E-02));
#123 = CARTESIAN_POINT('',(1.845434574947,0.75,1.00001E-02));
#124 = CARTESIAN_POINT('',(1.795434574947,0.75,1.00001E-02));
#125 = ORIENTED_EDGE('',*,*,#126,.F.);
#126 = EDGE_CURVE('',#104,#119,#127,.T.);
#127 = B_SPLINE_CURVE_WITH_KNOTS('',1,(#128,#129),.UNSPECIFIED.,.F.,.F.,
  (2,2),(-1.195434574947,-0.75),.PIECEWISE_BEZIER_KNOTS.);
#128 = CARTESIAN_POINT('',(1.795434574947,1.195434574947,1.00001E-02));
#129 = CARTESIAN_POINT('',(1.795434574947,0.75,1.00001E-02));
#130 = ( BOUNDED_SURFACE() B_SPLINE_SURFACE(2,1,(
    (#131,#132)
    ,(#133,#134)
,(#135,#136
    )),.UNSPECIFIED.,.F.,.F.,.F.) B_SPLINE_SURFACE_WITH_KNOTS((3,3),(2,2
    ),(4.712388980385,6.28318530718),(5.456542505346E-02,0.5),
.PIECEWISE_BEZIER_KNOTS.) GEOMETRIC_REPRESENTATION_ITEM() 
RATIONAL_B_SPLINE_SURFACE((
    (1.,1.)
    ,(0.707106781187,0.707106781187)
,(1.,1.))) REPRESENTATION_ITEM('') SURFACE() );
#131 = CARTESIAN_POINT('',(1.795434574947,1.195434574947,1.00001E-02));
#132 = CARTESIAN_POINT('',(1.795434574947,0.75,1.00001E-02));
#133 = CARTESIAN_POINT('',(1.845434574947,1.195434574947,1.00001E-02));
#134 = CARTESIAN_POINT('',(1.845434574947,0.75,1.00001E-02));
#135 = CARTESIAN_POINT('',(1.845434574947,1.195434574947,6.00001E-02));
#136 = CARTESIAN_POINT('',(1.845434574947,0.75,6.00001E-02));
#137 = ADVANCED_FACE('',(#138),#170,.T.);
#138 = FACE_BOUND('',#139,.T.);
#139 = EDGE_LOOP('',(#140,#150,#157,#165));
#140 = ORIENTED_EDGE('',*,*,#141,.T.);
#141 = EDGE_CURVE('',#142,#144,#146,.T.);
#142 = VERTEX_POINT('',#143);
#143 = CARTESIAN_POINT('',(1.795434574947,-0.75,1.00001E-02));
#144 = VERTEX_POINT('',#145);
#145 = CARTESIAN_POINT('',(1.845434574947,-0.75,6.00001E-02));
#146 = ( BOUNDED_CURVE() B_SPLINE_CURVE(2,(#147,#148,#149),
.UNSPECIFIED.,.F.,.F.) B_SPLINE_CURVE_WITH_KNOTS((3,3),(1.570796326795,
3.14159265359),.PIECEWISE_BEZIER_KNOTS.) CURVE() 
GEOMETRIC_REPRESENTATION_ITEM() RATIONAL_B_SPLINE_CURVE((1.,
0.707106781187,1.)) REPRESENTATION_ITEM('') );
#147 = CARTESIAN_POINT('',(1.795434574947,-0.75,1.00001E-02));
#148 = CARTESIAN_POINT('',(1.845434574947,-0.75,1.00001E-02));
#149 = CARTESIAN_POINT('',(1.845434574947,-0.75,6.00001E-02));
#150 = ORIENTED_EDGE('',*,*,#151,.T.);
#151 = EDGE_CURVE('',#144,#152,#154,.T.);
#152 = VERTEX_POINT('',#153);
#153 = CARTESIAN_POINT('',(1.845434574947,-1.195434574947,6.00001E-02));
#154 = B_SPLINE_CURVE_WITH_KNOTS('',1,(#155,#156),.UNSPECIFIED.,.F.,.F.,
  (2,2),(2.,2.445434574947),.PIECEWISE_BEZIER_KNOTS.);
#155 = CARTESIAN_POINT('',(1.845434574947,-0.75,6.00001E-02));
#156 = CARTESIAN_POINT('',(1.845434574947,-1.195434574947,6.00001E-02));
#157 = ORIENTED_EDGE('',*,*,#158,.T.);
#158 = EDGE_CURVE('',#152,#159,#161,.T.);
#159 = VERTEX_POINT('',#160);
#160 = CARTESIAN_POINT('',(1.795434574947,-1.195434574947,1.00001E-02));
#161 = ( BOUNDED_CURVE() B_SPLINE_CURVE(2,(#162,#163,#164),
.UNSPECIFIED.,.F.,.F.) B_SPLINE_CURVE_WITH_KNOTS((3,3),(0.,
1.570796326795),.PIECEWISE_BEZIER_KNOTS.) CURVE() 
GEOMETRIC_REPRESENTATION_ITEM() RATIONAL_B_SPLINE_CURVE((1.,
0.707106781187,1.)) REPRESENTATION_ITEM('') );
#162 = CARTESIAN_POINT('',(1.845434574947,-1.195434574947,6.00001E-02));
#163 = CARTESIAN_POINT('',(1.845434574947,-1.195434574947,1.00001E-02));
#164 = CARTESIAN_POINT('',(1.795434574947,-1.195434574947,1.00001E-02));
#165 = ORIENTED_EDGE('',*,*,#166,.F.);
#166 = EDGE_CURVE('',#142,#159,#167,.T.);
#167 = B_SPLINE_CURVE_WITH_KNOTS('',1,(#168,#169),.UNSPECIFIED.,.F.,.F.,
  (2,2),(0.75,1.195434574947),.PIECEWISE_BEZIER_KNOTS.);
#168 = CARTESIAN_POINT('',(1.795434574947,-0.75,1.00001E-02));
#169 = CARTESIAN_POINT('',(1.795434574947,-1.195434574947,1.00001E-02));
#170 = ( BOUNDED_SURFACE() B_SPLINE_SURFACE(2,1,(
    (#171,#172)
    ,(#173,#174)
,(#175,#176
    )),.UNSPECIFIED.,.F.,.F.,.F.) B_SPLINE_SURFACE_WITH_KNOTS((3,3),(2,2
    ),(4.712388980385,6.28318530718),(2.,2.445434574947),
.PIECEWISE_BEZIER_KNOTS.) GEOMETRIC_REPRESENTATION_ITEM() 
RATIONAL_B_SPLINE_SURFACE((
    (1.,1.)
    ,(0.707106781187,0.707106781187)
,(1.,1.))) REPRESENTATION_ITEM('') SURFACE() );
#171 = CARTESIAN_POINT('',(1.795434574947,-0.75,1.00001E-02));
#172 = CARTESIAN_POINT('',(1.795434574947,-1.195434574947,1.00001E-02));
#173 = CARTESIAN_POINT('',(1.845434574947,-0.75,1.00001E-02));
#174 = CARTESIAN_POINT('',(1.845434574947,-1.195434574947,1.00001E-02));
#175 = CARTESIAN_POINT('',(1.845434574947,-0.75,6.00001E-02));
#176 = CARTESIAN_POINT('',(1.845434574947,-1.195434574947,6.00001E-02));
#177 = ADVANCED_FACE('',(#178,#208,#334,#634),#703,.T.);
#178 = FACE_BOUND('',#179,.T.);
#179 = EDGE_LOOP('',(#180,#189,#196,#203));
#180 = ORIENTED_EDGE('',*,*,#181,.F.);
#181 = EDGE_CURVE('',#182,#184,#186,.T.);
#182 = VERTEX_POINT('',#183);
#183 = CARTESIAN_POINT('',(-1.116547212278,-1.12106921095,0.9600001));
#184 = VERTEX_POINT('',#185);
#185 = CARTESIAN_POINT('',(-1.116547212278,1.12106921095,0.9600001));
#186 = B_SPLINE_CURVE_WITH_KNOTS('',1,(#187,#188),.UNSPECIFIED.,.F.,.F.,
  (2,2),(-2.878528244022,-0.636389822123),.PIECEWISE_BEZIER_KNOTS.);
#187 = CARTESIAN_POINT('',(-1.116547212278,-1.12106921095,0.9600001));
#188 = CARTESIAN_POINT('',(-1.116547212278,1.12106921095,0.9600001));
#189 = ORIENTED_EDGE('',*,*,#190,.T.);
#190 = EDGE_CURVE('',#182,#191,#193,.T.);
#191 = VERTEX_POINT('',#192);
#192 = CARTESIAN_POINT('',(1.72106921095,-1.12106921095,0.9600001));
#193 = B_SPLINE_CURVE_WITH_KNOTS('',1,(#194,#195),.UNSPECIFIED.,.F.,.F.,
  (2,2),(-2.883432981929,-4.581655870087E-02),.PIECEWISE_BEZIER_KNOTS.);
#194 = CARTESIAN_POINT('',(-1.116547212278,-1.12106921095,0.9600001));
#195 = CARTESIAN_POINT('',(1.72106921095,-1.12106921095,0.9600001));
#196 = ORIENTED_EDGE('',*,*,#197,.T.);
#197 = EDGE_CURVE('',#191,#198,#200,.T.);
#198 = VERTEX_POINT('',#199);
#199 = CARTESIAN_POINT('',(1.72106921095,1.12106921095,0.9600001));
#200 = B_SPLINE_CURVE_WITH_KNOTS('',1,(#201,#202),.UNSPECIFIED.,.F.,.F.,
  (2,2),(-2.2879549806,-4.581655870087E-02),.PIECEWISE_BEZIER_KNOTS.);
#201 = CARTESIAN_POINT('',(1.72106921095,-1.12106921095,0.9600001));
#202 = CARTESIAN_POINT('',(1.72106921095,1.12106921095,0.9600001));
#203 = ORIENTED_EDGE('',*,*,#204,.T.);
#204 = EDGE_CURVE('',#198,#184,#205,.T.);
#205 = B_SPLINE_CURVE_WITH_KNOTS('',1,(#206,#207),.UNSPECIFIED.,.F.,.F.,
  (2,2),(-3.4879549806,-0.650338557372),.PIECEWISE_BEZIER_KNOTS.);
#206 = CARTESIAN_POINT('',(1.72106921095,1.12106921095,0.9600001));
#207 = CARTESIAN_POINT('',(-1.116547212278,1.12106921095,0.9600001));
#208 = FACE_BOUND('',#209,.T.);
#209 = EDGE_LOOP('',(#210,#236,#243,#250,#257,#281,#305,#312));
#210 = ORIENTED_EDGE('',*,*,#211,.T.);
#211 = EDGE_CURVE('',#212,#214,#216,.T.);
#212 = VERTEX_POINT('',#213);
#213 = CARTESIAN_POINT('',(0.798514705526,-0.115908285643,0.9600001));
#214 = VERTEX_POINT('',#215);
#215 = CARTESIAN_POINT('',(0.63607187016,-0.260248986862,0.9600001));
#216 = B_SPLINE_CURVE_WITH_KNOTS('',3,(#217,#218,#219,#220,#221,#222,
    #223,#224,#225,#226,#227,#228,#229,#230,#231,#232,#233,#234,#235),
  .UNSPECIFIED.,.F.,.F.,(4,1,1,1,1,1,1,1,1,1,1,1,1,1,1,1,4),(0.,
    6.449668784333E-02,0.126852001394,0.18680940055,0.24563688021,
    0.303796851569,0.362180609069,0.421784650477,0.482819837631,
    0.544544569413,0.605858992573,0.667688651228,0.730131957896,
    0.794023977798,0.860121839139,0.928479329941,1.),.UNSPECIFIED.);
#217 = CARTESIAN_POINT('',(0.798514705526,-0.115908285643,0.9600001));
#218 = CARTESIAN_POINT('',(0.798409375597,-0.1211573042,0.9600001));
#219 = CARTESIAN_POINT('',(0.798202212831,-0.131481067042,0.9600001));
#220 = CARTESIAN_POINT('',(0.795897994736,-0.14653185737,0.9600001));
#221 = CARTESIAN_POINT('',(0.7924560019,-0.160880083333,0.9600001));
#222 = CARTESIAN_POINT('',(0.787320939262,-0.174359338608,0.9600001));
#223 = CARTESIAN_POINT('',(0.780928548862,-0.187133578957,0.9600001));
#224 = CARTESIAN_POINT('',(0.773061538224,-0.199149333282,0.9600001));
#225 = CARTESIAN_POINT('',(0.763639983,-0.210284146045,0.9600001));
#226 = CARTESIAN_POINT('',(0.753012785112,-0.220662261995,0.9600001));
#227 = CARTESIAN_POINT('',(0.741226244462,-0.229932259481,0.9600001));
#228 = CARTESIAN_POINT('',(0.728578536152,-0.238097537281,0.9600001));
#229 = CARTESIAN_POINT('',(0.715117181831,-0.244985881195,0.9600001));
#230 = CARTESIAN_POINT('',(0.700812215515,-0.250478362959,0.9600001));
#231 = CARTESIAN_POINT('',(0.685784375224,-0.254905183124,0.9600001));
#232 = CARTESIAN_POINT('',(0.669939325481,-0.258036588489,0.9600001));
#233 = CARTESIAN_POINT('',(0.653262934793,-0.259836410232,0.9600001));
#234 = CARTESIAN_POINT('',(0.641887968841,-0.260109403512,0.9600001));
#235 = CARTESIAN_POINT('',(0.63607187016,-0.260248986862,0.9600001));
#236 = ORIENTED_EDGE('',*,*,#237,.T.);
#237 = EDGE_CURVE('',#214,#238,#240,.T.);
#238 = VERTEX_POINT('',#239);
#239 = CARTESIAN_POINT('',(0.48753909577,-0.260248986862,0.9600001));
#240 = B_SPLINE_CURVE_WITH_KNOTS('',1,(#241,#242),.UNSPECIFIED.,.F.,.F.,
  (2,2),(0.,0.14853277439),.PIECEWISE_BEZIER_KNOTS.);
#241 = CARTESIAN_POINT('',(0.63607187016,-0.260248986862,0.9600001));
#242 = CARTESIAN_POINT('',(0.48753909577,-0.260248986862,0.9600001));
#243 = ORIENTED_EDGE('',*,*,#244,.T.);
#244 = EDGE_CURVE('',#238,#245,#247,.T.);
#245 = VERTEX_POINT('',#246);
#246 = CARTESIAN_POINT('',(0.48753909577,0.239751013138,0.9600001));
#247 = B_SPLINE_CURVE_WITH_KNOTS('',1,(#248,#249),.UNSPECIFIED.,.F.,.F.,
  (2,2),(0.,0.5),.PIECEWISE_BEZIER_KNOTS.);
#248 = CARTESIAN_POINT('',(0.48753909577,-0.260248986862,0.9600001));
#249 = CARTESIAN_POINT('',(0.48753909577,0.239751013138,0.9600001));
#250 = ORIENTED_EDGE('',*,*,#251,.T.);
#251 = EDGE_CURVE('',#245,#252,#254,.T.);
#252 = VERTEX_POINT('',#253);
#253 = CARTESIAN_POINT('',(0.63197507138,0.239751013138,0.9600001));
#254 = B_SPLINE_CURVE_WITH_KNOTS('',1,(#255,#256),.UNSPECIFIED.,.F.,.F.,
  (2,2),(0.,0.14443597561),.PIECEWISE_BEZIER_KNOTS.);
#255 = CARTESIAN_POINT('',(0.48753909577,0.239751013138,0.9600001));
#256 = CARTESIAN_POINT('',(0.63197507138,0.239751013138,0.9600001));
#257 = ORIENTED_EDGE('',*,*,#258,.T.);
#258 = EDGE_CURVE('',#252,#259,#261,.T.);
#259 = VERTEX_POINT('',#260);
#260 = CARTESIAN_POINT('',(0.774124461624,0.124850098504,0.9600001));
#261 = B_SPLINE_CURVE_WITH_KNOTS('',3,(#262,#263,#264,#265,#266,#267,
    #268,#269,#270,#271,#272,#273,#274,#275,#276,#277,#278,#279,#280),
  .UNSPECIFIED.,.F.,.F.,(4,1,1,1,1,1,1,1,1,1,1,1,1,1,1,1,4),(0.,
    7.651635856155E-02,0.149666355681,0.219696649228,0.286700940848,
    0.351212249317,0.414049932447,0.475341941725,0.536070496269,
    0.595468362078,0.652902177123,0.709482337552,0.765268988499,
    0.821647531418,0.87876624772,0.938288775742,1.),.UNSPECIFIED.);
#262 = CARTESIAN_POINT('',(0.63197507138,0.239751013138,0.9600001));
#263 = CARTESIAN_POINT('',(0.63721981282,0.239676033652,0.9600001));
#264 = CARTESIAN_POINT('',(0.647478551639,0.239529373428,0.9600001));
#265 = CARTESIAN_POINT('',(0.662459105743,0.237902000208,0.9600001));
#266 = CARTESIAN_POINT('',(0.676687542249,0.235621595342,0.9600001));
#267 = CARTESIAN_POINT('',(0.690088583993,0.232193859857,0.9600001));
#268 = CARTESIAN_POINT('',(0.702632082307,0.227676074247,0.9600001));
#269 = CARTESIAN_POINT('',(0.714394593961,0.22227192543,0.9600001));
#270 = CARTESIAN_POINT('',(0.725319452008,0.215827429546,0.9600001));
#271 = CARTESIAN_POINT('',(0.735427885608,0.208553000282,0.9600001));
#272 = CARTESIAN_POINT('',(0.744429251486,0.200339141381,0.9600001));
#273 = CARTESIAN_POINT('',(0.752473988097,0.191562520658,0.9600001));
#274 = CARTESIAN_POINT('',(0.759136533078,0.181984482627,0.9600001));
#275 = CARTESIAN_POINT('',(0.764621434874,0.17178163375,0.9600001));
#276 = CARTESIAN_POINT('',(0.768929707313,0.160982944931,0.9600001));
#277 = CARTESIAN_POINT('',(0.771992114779,0.14950687631,0.9600001));
#278 = CARTESIAN_POINT('',(0.773829214668,0.137390951249,0.9600001));
#279 = CARTESIAN_POINT('',(0.774024868558,0.12908039436,0.9600001));
#280 = CARTESIAN_POINT('',(0.774124461624,0.124850098504,0.9600001));
#281 = ORIENTED_EDGE('',*,*,#282,.T.);
#282 = EDGE_CURVE('',#259,#283,#285,.T.);
#283 = VERTEX_POINT('',#284);
#284 = CARTESIAN_POINT('',(0.687424766502,7.090952162224E-03,0.9600001)
  );
#285 = B_SPLINE_CURVE_WITH_KNOTS('',3,(#286,#287,#288,#289,#290,#291,
    #292,#293,#294,#295,#296,#297,#298,#299,#300,#301,#302,#303,#304),
  .UNSPECIFIED.,.F.,.F.,(4,1,1,1,1,1,1,1,1,1,1,1,1,1,1,1,4),(0.,
    6.501921564855E-02,0.127919782256,0.190325987944,0.251466748957,
    0.31216566133,0.373025341698,0.433657394987,0.495803080273,
    0.557636481179,0.619075044025,0.680549606032,0.742490253234,
    0.804807767505,0.868102790492,0.933334325903,1.),.UNSPECIFIED.);
#286 = CARTESIAN_POINT('',(0.774124461624,0.124850098504,0.9600001));
#287 = CARTESIAN_POINT('',(0.774046150862,0.121449266615,0.9600001));
#288 = CARTESIAN_POINT('',(0.773892081093,0.114758418836,0.9600001));
#289 = CARTESIAN_POINT('',(0.772821071686,0.104850267996,0.9600001));
#290 = CARTESIAN_POINT('',(0.77104589914,9.524998731551E-02,0.9600001));
#291 = CARTESIAN_POINT('',(0.768422449702,8.59672567273E-02,0.9600001));
#292 = CARTESIAN_POINT('',(0.765205093872,7.695985518901E-02,0.9600001)
  );
#293 = CARTESIAN_POINT('',(0.76118802788,6.830557615235E-02,0.9600001));
#294 = CARTESIAN_POINT('',(0.756469618158,5.992965647497E-02,0.9600001)
  );
#295 = CARTESIAN_POINT('',(0.751078283257,5.190896467101E-02,0.9600001)
  );
#296 = CARTESIAN_POINT('',(0.745089730578,4.426865443279E-02,0.9600001)
  );
#297 = CARTESIAN_POINT('',(0.738488600649,3.719717423248E-02,0.9600001)
  );
#298 = CARTESIAN_POINT('',(0.731321909713,3.068969885204E-02,0.9600001)
  );
#299 = CARTESIAN_POINT('',(0.723581352079,2.480737816712E-02,0.9600001)
  );
#300 = CARTESIAN_POINT('',(0.715380433361,1.940163405382E-02,0.9600001)
  );
#301 = CARTESIAN_POINT('',(0.706523184933,1.477814418854E-02,0.9600001)
  );
#302 = CARTESIAN_POINT('',(0.697225291767,1.054021407242E-02,0.9600001)
  );
#303 = CARTESIAN_POINT('',(0.690715203322,8.24901033606E-03,0.9600001));
#304 = CARTESIAN_POINT('',(0.687424766502,7.090952162224E-03,0.9600001)
  );
#305 = ORIENTED_EDGE('',*,*,#306,.T.);
#306 = EDGE_CURVE('',#283,#307,#309,.T.);
#307 = VERTEX_POINT('',#308);
#308 = CARTESIAN_POINT('',(0.687424766502,5.75711069881E-03,0.9600001));
#309 = B_SPLINE_CURVE_WITH_KNOTS('',1,(#310,#311),.UNSPECIFIED.,.F.,.F.,
  (2,2),(0.,1.333841463415E-03),.PIECEWISE_BEZIER_KNOTS.);
#310 = CARTESIAN_POINT('',(0.687424766502,7.090952162224E-03,0.9600001)
  );
#311 = CARTESIAN_POINT('',(0.687424766502,5.75711069881E-03,0.9600001));
#312 = ORIENTED_EDGE('',*,*,#313,.T.);
#313 = EDGE_CURVE('',#307,#212,#314,.T.);
#314 = B_SPLINE_CURVE_WITH_KNOTS('',3,(#315,#316,#317,#318,#319,#320,
    #321,#322,#323,#324,#325,#326,#327,#328,#329,#330,#331,#332,#333),
  .UNSPECIFIED.,.F.,.F.,(4,1,1,1,1,1,1,1,1,1,1,1,1,1,1,1,4),(0.,
    6.829417104712E-02,0.134289337884,0.198149384897,0.260526431351,
    0.32115229475,0.381513479335,0.441403520605,0.502443309363,
    0.563332701061,0.62282612277,0.682533083623,0.742778531484,
    0.804013060707,0.867116447931,0.932461441287,1.),.UNSPECIFIED.);
#315 = CARTESIAN_POINT('',(0.687424766502,5.75711069881E-03,0.9600001));
#316 = CARTESIAN_POINT('',(0.69153037673,5.176737668811E-03,0.9600001));
#317 = CARTESIAN_POINT('',(0.699603388974,4.035528855094E-03,0.9600001)
  );
#318 = CARTESIAN_POINT('',(0.711364635331,1.413880796264E-03,0.9600001)
  );
#319 = CARTESIAN_POINT('',(0.722445378626,-2.285457826827E-03,0.9600001)
  );
#320 = CARTESIAN_POINT('',(0.732955631857,-6.58998946673E-03,0.9600001)
  );
#321 = CARTESIAN_POINT('',(0.74275780061,-1.190821835438E-02,0.9600001)
  );
#322 = CARTESIAN_POINT('',(0.751902852086,-1.80075501313E-02,0.9600001)
  );
#323 = CARTESIAN_POINT('',(0.760491917736,-2.491857334903E-02,0.9600001)
  );
#324 = CARTESIAN_POINT('',(0.768322766687,-3.271881232608E-02,0.9600001)
  );
#325 = CARTESIAN_POINT('',(0.775472798796,-4.111802489146E-02,0.9600001)
  );
#326 = CARTESIAN_POINT('',(0.781606713401,-5.019105908301E-02,0.9600001)
  );
#327 = CARTESIAN_POINT('',(0.786879581728,-5.973886344452E-02,0.9600001)
  );
#328 = CARTESIAN_POINT('',(0.791209396272,-6.98759202686E-02,0.9600001)
  );
#329 = CARTESIAN_POINT('',(0.794398787039,-8.06365244394E-02,0.9600001)
  );
#330 = CARTESIAN_POINT('',(0.796801141766,-9.190770802196E-02,0.9600001)
  );
#331 = CARTESIAN_POINT('',(0.798249486349,-0.103739070052,0.9600001));
#332 = CARTESIAN_POINT('',(0.79842533155,-0.111807484197,0.9600001));
#333 = CARTESIAN_POINT('',(0.798514705526,-0.115908285643,0.9600001));
#334 = FACE_BOUND('',#335,.T.);
#335 = EDGE_LOOP('',(#336,#354,#361,#377,#401,#425,#432,#439,#446,#470,
    #494,#510,#517,#533,#557,#581,#588,#612));
#336 = ORIENTED_EDGE('',*,*,#337,.T.);
#337 = EDGE_CURVE('',#338,#340,#342,.T.);
#338 = VERTEX_POINT('',#339);
#339 = CARTESIAN_POINT('',(0.199810437233,-0.266346547838,0.9600001));
#340 = VERTEX_POINT('',#341);
#341 = CARTESIAN_POINT('',(8.510007137982E-02,-0.240431913691,0.9600001)
  );
#342 = B_SPLINE_CURVE_WITH_KNOTS('',3,(#343,#344,#345,#346,#347,#348,
    #349,#350,#351,#352,#353),.UNSPECIFIED.,.F.,.F.,(4,1,1,1,1,1,1,1,4),
  (0.,0.14576530528,0.284679534458,0.417068973157,0.543483067596,
    0.664282263475,0.780256081504,0.891808629486,1.),.UNSPECIFIED.);
#343 = CARTESIAN_POINT('',(0.199810437233,-0.266346547838,0.9600001));
#344 = CARTESIAN_POINT('',(0.194027779688,-0.266286883463,0.9600001));
#345 = CARTESIAN_POINT('',(0.182734253737,-0.266170358982,0.9600001));
#346 = CARTESIAN_POINT('',(0.1662335962,-0.264870287087,0.9600001));
#347 = CARTESIAN_POINT('',(0.150568853885,-0.262942403814,0.9600001));
#348 = CARTESIAN_POINT('',(0.135783084785,-0.26005237096,0.9600001));
#349 = CARTESIAN_POINT('',(0.121811543563,-0.256491001259,0.9600001));
#350 = CARTESIAN_POINT('',(0.108748125953,-0.251966349454,0.9600001));
#351 = CARTESIAN_POINT('',(9.6444530679E-02,-0.24681406235,0.9600001));
#352 = CARTESIAN_POINT('',(8.884279941323E-02,-0.242537491936,0.9600001)
  );
#353 = CARTESIAN_POINT('',(8.510007137982E-02,-0.240431913691,0.9600001)
  );
#354 = ORIENTED_EDGE('',*,*,#355,.T.);
#355 = EDGE_CURVE('',#340,#356,#358,.T.);
#356 = VERTEX_POINT('',#357);
#357 = CARTESIAN_POINT('',(8.510007137982E-02,-0.17335874296,0.9600001)
  );
#358 = B_SPLINE_CURVE_WITH_KNOTS('',1,(#359,#360),.UNSPECIFIED.,.F.,.F.,
  (2,2),(0.,6.707317073171E-02),.PIECEWISE_BEZIER_KNOTS.);
#359 = CARTESIAN_POINT('',(8.510007137982E-02,-0.240431913691,0.9600001)
  );
#360 = CARTESIAN_POINT('',(8.510007137982E-02,-0.17335874296,0.9600001)
  );
#361 = ORIENTED_EDGE('',*,*,#362,.T.);
#362 = EDGE_CURVE('',#356,#363,#365,.T.);
#363 = VERTEX_POINT('',#364);
#364 = CARTESIAN_POINT('',(0.199810437233,-0.211468499057,0.9600001));
#365 = B_SPLINE_CURVE_WITH_KNOTS('',3,(#366,#367,#368,#369,#370,#371,
    #372,#373,#374,#375,#376),.UNSPECIFIED.,.F.,.F.,(4,1,1,1,1,1,1,1,4),
  (0.,0.127363481064,0.252591113639,0.37621931246,0.499459002015,
    0.621974255298,0.745876104789,0.871393005034,1.),.UNSPECIFIED.);
#366 = CARTESIAN_POINT('',(8.510007137982E-02,-0.17335874296,0.9600001)
  );
#367 = CARTESIAN_POINT('',(8.933486809463E-02,-0.176424249831,0.9600001)
  );
#368 = CARTESIAN_POINT('',(9.773344521653E-02,-0.182503855917,0.9600001)
  );
#369 = CARTESIAN_POINT('',(0.111166193047,-0.190148815518,0.9600001));
#370 = CARTESIAN_POINT('',(0.12490771845,-0.196826888774,0.9600001));
#371 = CARTESIAN_POINT('',(0.139133624214,-0.202094963449,0.9600001));
#372 = CARTESIAN_POINT('',(0.153695460201,-0.206384591474,0.9600001));
#373 = CARTESIAN_POINT('',(0.168693786696,-0.209263491071,0.9600001));
#374 = CARTESIAN_POINT('',(0.184103913206,-0.211180135487,0.9600001));
#375 = CARTESIAN_POINT('',(0.194532658752,-0.211371601803,0.9600001));
#376 = CARTESIAN_POINT('',(0.199810437233,-0.211468499057,0.9600001));
#377 = ORIENTED_EDGE('',*,*,#378,.T.);
#378 = EDGE_CURVE('',#363,#379,#381,.T.);
#379 = VERTEX_POINT('',#380);
#380 = CARTESIAN_POINT('',(0.310709827477,-0.120767279545,0.9600001));
#381 = B_SPLINE_CURVE_WITH_KNOTS('',3,(#382,#383,#384,#385,#386,#387,
    #388,#389,#390,#391,#392,#393,#394,#395,#396,#397,#398,#399,#400),
  .UNSPECIFIED.,.F.,.F.,(4,1,1,1,1,1,1,1,1,1,1,1,1,1,1,1,4),(0.,
    7.733697420573E-02,0.150849166917,0.22030879537,0.287435826093,
    0.351819865189,0.414134477718,0.474752461562,0.534709133275,
    0.594011797579,0.650911276537,0.706891518757,0.763123107803,
    0.819893930979,0.877713087713,0.937381595489,1.),.UNSPECIFIED.);
#382 = CARTESIAN_POINT('',(0.199810437233,-0.211468499057,0.9600001));
#383 = CARTESIAN_POINT('',(0.203973621273,-0.211399500254,0.9600001));
#384 = CARTESIAN_POINT('',(0.2120940947,-0.211264915055,0.9600001));
#385 = CARTESIAN_POINT('',(0.223905876255,-0.2101009681,0.9600001));
#386 = CARTESIAN_POINT('',(0.235071612445,-0.208238075867,0.9600001));
#387 = CARTESIAN_POINT('',(0.245534079684,-0.205438990805,0.9600001));
#388 = CARTESIAN_POINT('',(0.255401358557,-0.202031610431,0.9600001));
#389 = CARTESIAN_POINT('',(0.264616503558,-0.19788305121,0.9600001));
#390 = CARTESIAN_POINT('',(0.273017779756,-0.192722246493,0.9600001));
#391 = CARTESIAN_POINT('',(0.280885300537,-0.187059641347,0.9600001));
#392 = CARTESIAN_POINT('',(0.287887498222,-0.18062960326,0.9600001));
#393 = CARTESIAN_POINT('',(0.293940549398,-0.173588974848,0.9600001));
#394 = CARTESIAN_POINT('',(0.299139151295,-0.166099814994,0.9600001));
#395 = CARTESIAN_POINT('',(0.303484588221,-0.158081880974,0.9600001));
#396 = CARTESIAN_POINT('',(0.306703385608,-0.149440080401,0.9600001));
#397 = CARTESIAN_POINT('',(0.308959218111,-0.140325500885,0.9600001));
#398 = CARTESIAN_POINT('',(0.310461962725,-0.130725131193,0.9600001));
#399 = CARTESIAN_POINT('',(0.310625887785,-0.124139517798,0.9600001));
#400 = CARTESIAN_POINT('',(0.310709827477,-0.120767279545,0.9600001));
#401 = ORIENTED_EDGE('',*,*,#402,.T.);
#402 = EDGE_CURVE('',#379,#403,#405,.T.);
#403 = VERTEX_POINT('',#404);
#404 = CARTESIAN_POINT('',(0.175324918941,-2.8541669789E-02,0.9600001));
#405 = B_SPLINE_CURVE_WITH_KNOTS('',3,(#406,#407,#408,#409,#410,#411,
    #412,#413,#414,#415,#416,#417,#418,#419,#420,#421,#422,#423,#424),
  .UNSPECIFIED.,.F.,.F.,(4,1,1,1,1,1,1,1,1,1,1,1,1,1,1,1,4),(0.,
    6.002057354518E-02,0.116969155497,0.171159285567,0.223771653438,
    0.274736862246,0.326278198879,0.378444669956,0.432140924703,
    0.488900223827,0.548263421403,0.611779093552,0.67926976691,
    0.75171776475,0.829180276745,0.911856595666,1.),.UNSPECIFIED.);
#406 = CARTESIAN_POINT('',(0.310709827477,-0.120767279545,0.9600001));
#407 = CARTESIAN_POINT('',(0.310586912312,-0.117047337082,0.9600001));
#408 = CARTESIAN_POINT('',(0.310347373064,-0.109797847405,0.9600001));
#409 = CARTESIAN_POINT('',(0.308869257871,-9.926048409812E-02,0.9600001)
  );
#410 = CARTESIAN_POINT('',(0.30615522772,-8.945603408095E-02,0.9600001)
  );
#411 = CARTESIAN_POINT('',(0.302490489787,-8.035662635229E-02,0.9600001)
  );
#412 = CARTESIAN_POINT('',(0.297599745574,-7.204448451811E-02,0.9600001)
  );
#413 = CARTESIAN_POINT('',(0.291799985865,-6.437875145207E-02,0.9600001)
  );
#414 = CARTESIAN_POINT('',(0.284862542889,-5.747270707547E-02,0.9600001)
  );
#415 = CARTESIAN_POINT('',(0.276842526068,-5.13233878699E-02,0.9600001)
  );
#416 = CARTESIAN_POINT('',(0.267776912066,-4.593540741877E-02,0.9600001)
  );
#417 = CARTESIAN_POINT('',(0.257671900903,-4.120330091074E-02,0.9600001)
  );
#418 = CARTESIAN_POINT('',(0.246479015271,-3.742516920699E-02,0.9600001)
  );
#419 = CARTESIAN_POINT('',(0.234336495881,-3.397324275307E-02,0.9600001)
  );
#420 = CARTESIAN_POINT('',(0.221049238778,-3.162570811929E-02,0.9600001)
  );
#421 = CARTESIAN_POINT('',(0.206745707136,-2.978609198519E-02,0.9600001)
  );
#422 = CARTESIAN_POINT('',(0.19137720369,-2.877288944132E-02,0.9600001)
  );
#423 = CARTESIAN_POINT('',(0.180788642824,-2.862037013331E-02,0.9600001)
  );
#424 = CARTESIAN_POINT('',(0.175324918941,-2.8541669789E-02,0.9600001));
#425 = ORIENTED_EDGE('',*,*,#426,.T.);
#426 = EDGE_CURVE('',#403,#427,#429,.T.);
#427 = VERTEX_POINT('',#428);
#428 = CARTESIAN_POINT('',(0.133880559185,-2.8541669789E-02,0.9600001));
#429 = B_SPLINE_CURVE_WITH_KNOTS('',1,(#430,#431),.UNSPECIFIED.,.F.,.F.,
  (2,2),(0.,4.14443597561E-02),.PIECEWISE_BEZIER_KNOTS.);
#430 = CARTESIAN_POINT('',(0.175324918941,-2.8541669789E-02,0.9600001));
#431 = CARTESIAN_POINT('',(0.133880559185,-2.8541669789E-02,0.9600001));
#432 = ORIENTED_EDGE('',*,*,#433,.T.);
#433 = EDGE_CURVE('',#427,#434,#436,.T.);
#434 = VERTEX_POINT('',#435);
#435 = CARTESIAN_POINT('',(0.133880559185,2.633637899149E-02,0.9600001)
  );
#436 = B_SPLINE_CURVE_WITH_KNOTS('',1,(#437,#438),.UNSPECIFIED.,.F.,.F.,
  (2,2),(0.,5.487804878049E-02),.PIECEWISE_BEZIER_KNOTS.);
#437 = CARTESIAN_POINT('',(0.133880559185,-2.8541669789E-02,0.9600001));
#438 = CARTESIAN_POINT('',(0.133880559185,2.633637899149E-02,0.9600001)
  );
#439 = ORIENTED_EDGE('',*,*,#440,.T.);
#440 = EDGE_CURVE('',#434,#441,#443,.T.);
#441 = VERTEX_POINT('',#442);
#442 = CARTESIAN_POINT('',(0.173228882355,2.633637899149E-02,0.9600001)
  );
#443 = B_SPLINE_CURVE_WITH_KNOTS('',1,(#444,#445),.UNSPECIFIED.,.F.,.F.,
  (2,2),(0.,3.934832317073E-02),.PIECEWISE_BEZIER_KNOTS.);
#444 = CARTESIAN_POINT('',(0.133880559185,2.633637899149E-02,0.9600001)
  );
#445 = CARTESIAN_POINT('',(0.173228882355,2.633637899149E-02,0.9600001)
  );
#446 = ORIENTED_EDGE('',*,*,#447,.T.);
#447 = EDGE_CURVE('',#441,#448,#450,.T.);
#448 = VERTEX_POINT('',#449);
#449 = CARTESIAN_POINT('',(0.292417144551,0.111892781431,0.9600001));
#450 = B_SPLINE_CURVE_WITH_KNOTS('',3,(#451,#452,#453,#454,#455,#456,
    #457,#458,#459,#460,#461,#462,#463,#464,#465,#466,#467,#468,#469),
  .UNSPECIFIED.,.F.,.F.,(4,1,1,1,1,1,1,1,1,1,1,1,1,1,1,1,4),(0.,
    8.618663153815E-02,0.167408546492,0.243421104209,0.314365056757,
    0.381375116367,0.443481059158,0.502680506618,0.558869561353,
    0.612869332998,0.665343369923,0.717152460157,0.769747337338,
    0.823575014558,0.879482359892,0.937742227913,1.),.UNSPECIFIED.);
#451 = CARTESIAN_POINT('',(0.173228882355,2.633637899149E-02,0.9600001)
  );
#452 = CARTESIAN_POINT('',(0.178025289918,2.642514712491E-02,0.9600001)
  );
#453 = CARTESIAN_POINT('',(0.187341811567,2.659756996966E-02,0.9600001)
  );
#454 = CARTESIAN_POINT('',(0.200873234581,2.747803775723E-02,0.9600001)
  );
#455 = CARTESIAN_POINT('',(0.213456529746,2.924607535997E-02,0.9600001)
  );
#456 = CARTESIAN_POINT('',(0.225171471132,3.144716604264E-02,0.9600001)
  );
#457 = CARTESIAN_POINT('',(0.235889855863,3.451478215022E-02,0.9600001)
  );
#458 = CARTESIAN_POINT('',(0.245748247458,3.810920033451E-02,0.9600001)
  );
#459 = CARTESIAN_POINT('',(0.254635809292,4.248106195567E-02,0.9600001)
  );
#460 = CARTESIAN_POINT('',(0.262570579271,4.759224393206E-02,0.9600001)
  );
#461 = CARTESIAN_POINT('',(0.269753894943,5.315228788024E-02,0.9600001)
  );
#462 = CARTESIAN_POINT('',(0.275734061207,5.965995694751E-02,0.9600001)
  );
#463 = CARTESIAN_POINT('',(0.281005624221,6.664693156925E-02,0.9600001)
  );
#464 = CARTESIAN_POINT('',(0.285180688014,7.443758105034E-02,0.9600001)
  );
#465 = CARTESIAN_POINT('',(0.288449559937,8.288630188922E-02,0.9600001)
  );
#466 = CARTESIAN_POINT('',(0.29067064788,9.198636022963E-02,0.9600001));
#467 = CARTESIAN_POINT('',(0.29217906532,0.10171210937,0.9600001));
#468 = CARTESIAN_POINT('',(0.292336048946,0.10842499573,0.9600001));
#469 = CARTESIAN_POINT('',(0.292417144551,0.111892781431,0.9600001));
#470 = ORIENTED_EDGE('',*,*,#471,.T.);
#471 = EDGE_CURVE('',#448,#472,#474,.T.);
#472 = VERTEX_POINT('',#473);
#473 = CARTESIAN_POINT('',(0.201430101868,0.190970525333,0.9600001));
#474 = B_SPLINE_CURVE_WITH_KNOTS('',3,(#475,#476,#477,#478,#479,#480,
    #481,#482,#483,#484,#485,#486,#487,#488,#489,#490,#491,#492,#493),
  .UNSPECIFIED.,.F.,.F.,(4,1,1,1,1,1,1,1,1,1,1,1,1,1,1,1,4),(0.,
    6.973163101912E-02,0.135022043731,0.196455467585,0.255143211292,
    0.311670583287,0.366449150947,0.42042690242,0.475061928107,
    0.529701309091,0.586610471216,0.645875200874,0.708486492023,
    0.774577466207,0.845123350345,0.919948162404,1.),.UNSPECIFIED.);
#475 = CARTESIAN_POINT('',(0.292417144551,0.111892781431,0.9600001));
#476 = CARTESIAN_POINT('',(0.292339246102,0.115102894645,0.9600001));
#477 = CARTESIAN_POINT('',(0.292188410568,0.12131866847,0.9600001));
#478 = CARTESIAN_POINT('',(0.291164840927,0.13032094299,0.9600001));
#479 = CARTESIAN_POINT('',(0.289335015703,0.138671656875,0.9600001));
#480 = CARTESIAN_POINT('',(0.286860182565,0.146430013831,0.9600001));
#481 = CARTESIAN_POINT('',(0.283743685884,0.153625914544,0.9600001));
#482 = CARTESIAN_POINT('',(0.279821138698,0.160179243121,0.9600001));
#483 = CARTESIAN_POINT('',(0.275044807153,0.166009851757,0.9600001));
#484 = CARTESIAN_POINT('',(0.269772971024,0.171391016947,0.9600001));
#485 = CARTESIAN_POINT('',(0.263636608088,0.176004036533,0.9600001));
#486 = CARTESIAN_POINT('',(0.256843337885,0.179985231,0.9600001));
#487 = CARTESIAN_POINT('',(0.249366045547,0.183466608944,0.9600001));
#488 = CARTESIAN_POINT('',(0.241128966335,0.186160527384,0.9600001));
#489 = CARTESIAN_POINT('',(0.23222315681,0.188398611483,0.9600001));
#490 = CARTESIAN_POINT('',(0.22258622778,0.189841182082,0.9600001));
#491 = CARTESIAN_POINT('',(0.212249415564,0.190852002647,0.9600001));
#492 = CARTESIAN_POINT('',(0.205116780963,0.19093013875,0.9600001));
#493 = CARTESIAN_POINT('',(0.201430101868,0.190970525333,0.9600001));
#494 = ORIENTED_EDGE('',*,*,#495,.T.);
#495 = EDGE_CURVE('',#472,#496,#498,.T.);
#496 = VERTEX_POINT('',#497);
#497 = CARTESIAN_POINT('',(0.103392754307,0.152860769235,0.9600001));
#498 = B_SPLINE_CURVE_WITH_KNOTS('',3,(#499,#500,#501,#502,#503,#504,
    #505,#506,#507,#508,#509),.UNSPECIFIED.,.F.,.F.,(4,1,1,1,1,1,1,1,4),
  (0.,0.120788585303,0.23999602272,0.360304593092,0.481239740846,
    0.605206331021,0.732670474233,0.863346080901,1.),.UNSPECIFIED.);
#499 = CARTESIAN_POINT('',(0.201430101868,0.190970525333,0.9600001));
#500 = CARTESIAN_POINT('',(0.197103767574,0.19087277789,0.9600001));
#501 = CARTESIAN_POINT('',(0.188507731608,0.19067856254,0.9600001));
#502 = CARTESIAN_POINT('',(0.175731082218,0.18873693652,0.9600001));
#503 = CARTESIAN_POINT('',(0.163138555388,0.185857666309,0.9600001));
#504 = CARTESIAN_POINT('',(0.15077314755,0.181555506881,0.9600001));
#505 = CARTESIAN_POINT('',(0.138532647412,0.176245416546,0.9600001));
#506 = CARTESIAN_POINT('',(0.12654668945,0.169623788492,0.9600001));
#507 = CARTESIAN_POINT('',(0.114711939865,0.161868670202,0.9600001));
#508 = CARTESIAN_POINT('',(0.107221651474,0.155907837093,0.9600001));
#509 = CARTESIAN_POINT('',(0.103392754307,0.152860769235,0.9600001));
#510 = ORIENTED_EDGE('',*,*,#511,.T.);
#511 = EDGE_CURVE('',#496,#512,#514,.T.);
#512 = VERTEX_POINT('',#513);
#513 = CARTESIAN_POINT('',(0.103392754307,0.207738818016,0.9600001));
#514 = B_SPLINE_CURVE_WITH_KNOTS('',1,(#515,#516),.UNSPECIFIED.,.F.,.F.,
  (2,2),(0.,5.487804878049E-02),.PIECEWISE_BEZIER_KNOTS.);
#515 = CARTESIAN_POINT('',(0.103392754307,0.152860769235,0.9600001));
#516 = CARTESIAN_POINT('',(0.103392754307,0.207738818016,0.9600001));
#517 = ORIENTED_EDGE('',*,*,#518,.T.);
#518 = EDGE_CURVE('',#512,#519,#521,.T.);
#519 = VERTEX_POINT('',#520);
#520 = CARTESIAN_POINT('',(0.21800784577,0.245848574113,0.9600001));
#521 = B_SPLINE_CURVE_WITH_KNOTS('',3,(#522,#523,#524,#525,#526,#527,
    #528,#529,#530,#531,#532),.UNSPECIFIED.,.F.,.F.,(4,1,1,1,1,1,1,1,4),
  (0.,0.124808085311,0.248004678572,0.370909105588,0.492674767157,
    0.615907832494,0.741302644647,0.869099489188,1.),.UNSPECIFIED.);
#522 = CARTESIAN_POINT('',(0.103392754307,0.207738818016,0.9600001));
#523 = CARTESIAN_POINT('',(0.107498318187,0.21080497717,0.9600001));
#524 = CARTESIAN_POINT('',(0.115656435892,0.216897705967,0.9600001));
#525 = CARTESIAN_POINT('',(0.128827462605,0.224576700458,0.9600001));
#526 = CARTESIAN_POINT('',(0.142418072361,0.231173220916,0.9600001));
#527 = CARTESIAN_POINT('',(0.156548643194,0.236531670224,0.9600001));
#528 = CARTESIAN_POINT('',(0.171164007918,0.240768646544,0.9600001));
#529 = CARTESIAN_POINT('',(0.186350996882,0.243652811037,0.9600001));
#530 = CARTESIAN_POINT('',(0.20201671965,0.245558579907,0.9600001));
#531 = CARTESIAN_POINT('',(0.212635006852,0.245751139315,0.9600001));
#532 = CARTESIAN_POINT('',(0.21800784577,0.245848574113,0.9600001));
#533 = ORIENTED_EDGE('',*,*,#534,.T.);
#534 = EDGE_CURVE('',#519,#535,#537,.T.);
#535 = VERTEX_POINT('',#536);
#536 = CARTESIAN_POINT('',(0.359490315282,0.12742250704,0.9600001));
#537 = B_SPLINE_CURVE_WITH_KNOTS('',3,(#538,#539,#540,#541,#542,#543,
    #544,#545,#546,#547,#548,#549,#550,#551,#552,#553,#554,#555,#556),
  .UNSPECIFIED.,.F.,.F.,(4,1,1,1,1,1,1,1,1,1,1,1,1,1,1,1,4),(0.,
    7.544059397709E-02,0.147135402846,0.215855165115,0.28199144316,
    0.346299610383,0.408810759875,0.470319593354,0.531658058609,
    0.591827335915,0.65017720281,0.707057516605,0.763613553501,
    0.820821849281,0.878369116482,0.93786707726,1.),.UNSPECIFIED.);
#538 = CARTESIAN_POINT('',(0.21800784577,0.245848574113,0.9600001));
#539 = CARTESIAN_POINT('',(0.223221150645,0.245780224165,0.9600001));
#540 = CARTESIAN_POINT('',(0.233388908777,0.245646917988,0.9600001));
#541 = CARTESIAN_POINT('',(0.248222299903,0.243937250832,0.9600001));
#542 = CARTESIAN_POINT('',(0.262267536151,0.241392007489,0.9600001));
#543 = CARTESIAN_POINT('',(0.2755972164,0.237913797845,0.9600001));
#544 = CARTESIAN_POINT('',(0.288104431814,0.2332383601,0.9600001));
#545 = CARTESIAN_POINT('',(0.29978548569,0.227472152521,0.9600001));
#546 = CARTESIAN_POINT('',(0.310727108487,0.220788572558,0.9600001));
#547 = CARTESIAN_POINT('',(0.320801849014,0.213110432858,0.9600001));
#548 = CARTESIAN_POINT('',(0.32981647173,0.204532374252,0.9600001));
#549 = CARTESIAN_POINT('',(0.33778678326,0.195382231875,0.9600001));
#550 = CARTESIAN_POINT('',(0.344540100375,0.185589352744,0.9600001));
#551 = CARTESIAN_POINT('',(0.34998515641,0.175106155705,0.9600001));
#552 = CARTESIAN_POINT('',(0.354281529375,0.164054792269,0.9600001));
#553 = CARTESIAN_POINT('',(0.357348107546,0.152393362553,0.9600001));
#554 = CARTESIAN_POINT('',(0.359201100917,0.140122234948,0.9600001));
#555 = CARTESIAN_POINT('',(0.35939252816,0.131716449515,0.9600001));
#556 = CARTESIAN_POINT('',(0.359490315282,0.12742250704,0.9600001));
#557 = ORIENTED_EDGE('',*,*,#558,.T.);
#558 = EDGE_CURVE('',#535,#559,#561,.T.);
#559 = VERTEX_POINT('',#560);
#560 = CARTESIAN_POINT('',(0.257356168941,2.994153381737E-03,0.9600001)
  );
#561 = B_SPLINE_CURVE_WITH_KNOTS('',3,(#562,#563,#564,#565,#566,#567,
    #568,#569,#570,#571,#572,#573,#574,#575,#576,#577,#578,#579,#580),
  .UNSPECIFIED.,.F.,.F.,(4,1,1,1,1,1,1,1,1,1,1,1,1,1,1,1,4),(0.,
    6.739024673276E-02,0.131874139196,0.194305230697,0.254523110508,
    0.313648231415,0.370982147467,0.428459976758,0.485494631665,
    0.543190214749,0.602017663239,0.662095737996,0.72417136395,
    0.788810639512,0.856152708114,0.926276470236,1.),.UNSPECIFIED.);
#562 = CARTESIAN_POINT('',(0.359490315282,0.12742250704,0.9600001));
#563 = CARTESIAN_POINT('',(0.359429961112,0.123480743713,0.9600001));
#564 = CARTESIAN_POINT('',(0.359311855679,0.11576721437,0.9600001));
#565 = CARTESIAN_POINT('',(0.358009195643,0.104465553563,0.9600001));
#566 = CARTESIAN_POINT('',(0.356041907736,9.369502319261E-02,0.9600001)
  );
#567 = CARTESIAN_POINT('',(0.353280096423,8.341857792314E-02,0.9600001)
  );
#568 = CARTESIAN_POINT('',(0.349685370097,7.371486198667E-02,0.9600001)
  );
#569 = CARTESIAN_POINT('',(0.345205232851,6.457460742209E-02,0.9600001)
  );
#570 = CARTESIAN_POINT('',(0.340148375362,5.587140350466E-02,0.9600001)
  );
#571 = CARTESIAN_POINT('',(0.33402871605,4.785277215754E-02,0.9600001));
#572 = CARTESIAN_POINT('',(0.327276974246,4.026172575204E-02,0.9600001)
  );
#573 = CARTESIAN_POINT('',(0.319611174103,3.331498404359E-02,0.9600001)
  );
#574 = CARTESIAN_POINT('',(0.311163790162,2.692834664957E-02,0.9600001)
  );
#575 = CARTESIAN_POINT('',(0.301997385355,2.096711850094E-02,0.9600001)
  );
#576 = CARTESIAN_POINT('',(0.291942743548,1.568423572464E-02,0.9600001)
  );
#577 = CARTESIAN_POINT('',(0.281172740076,1.081032719962E-02,0.9600001)
  );
#578 = CARTESIAN_POINT('',(0.269592586774,6.484218177989E-03,0.9600001)
  );
#579 = CARTESIAN_POINT('',(0.261502459824,4.176756333428E-03,0.9600001)
  );
#580 = CARTESIAN_POINT('',(0.257356168941,2.994153381737E-03,0.9600001)
  );
#581 = ORIENTED_EDGE('',*,*,#582,.T.);
#582 = EDGE_CURVE('',#559,#583,#585,.T.);
#583 = VERTEX_POINT('',#584);
#584 = CARTESIAN_POINT('',(0.257356168941,1.755586308566E-03,0.9600001)
  );
#585 = B_SPLINE_CURVE_WITH_KNOTS('',1,(#586,#587),.UNSPECIFIED.,.F.,.F.,
  (2,2),(0.,1.238567073171E-03),.PIECEWISE_BEZIER_KNOTS.);
#586 = CARTESIAN_POINT('',(0.257356168941,2.994153381737E-03,0.9600001)
  );
#587 = CARTESIAN_POINT('',(0.257356168941,1.755586308566E-03,0.9600001)
  );
#588 = ORIENTED_EDGE('',*,*,#589,.T.);
#589 = EDGE_CURVE('',#583,#590,#592,.T.);
#590 = VERTEX_POINT('',#591);
#591 = CARTESIAN_POINT('',(0.377782998209,-0.116861029545,0.9600001));
#592 = B_SPLINE_CURVE_WITH_KNOTS('',3,(#593,#594,#595,#596,#597,#598,
    #599,#600,#601,#602,#603,#604,#605,#606,#607,#608,#609,#610,#611),
  .UNSPECIFIED.,.F.,.F.,(4,1,1,1,1,1,1,1,1,1,1,1,1,1,1,1,4),(0.,
    7.305681519131E-02,0.143297150091,0.210688032704,0.275979980897,
    0.339090904387,0.401037522642,0.462172278795,0.523139108282,
    0.583352015564,0.642347847147,0.700363266948,0.758255528261,
    0.816416162772,0.875605251021,0.936776083018,1.),.UNSPECIFIED.);
#593 = CARTESIAN_POINT('',(0.257356168941,1.755586308566E-03,0.9600001)
  );
#594 = CARTESIAN_POINT('',(0.261874483285,1.178167892529E-03,0.9600001)
  );
#595 = CARTESIAN_POINT('',(0.270736922294,4.559164743561E-05,0.9600001)
  );
#596 = CARTESIAN_POINT('',(0.283620300605,-2.599529603581E-03,0.9600001)
  );
#597 = CARTESIAN_POINT('',(0.295760731185,-6.179015217808E-03,0.9600001)
  );
#598 = CARTESIAN_POINT('',(0.307249918397,-1.035747455064E-02,0.9600001)
  );
#599 = CARTESIAN_POINT('',(0.317858046688,-1.571584942985E-02,0.9600001)
  );
#600 = CARTESIAN_POINT('',(0.327839733164,-2.166779201176E-02,0.9600001)
  );
#601 = CARTESIAN_POINT('',(0.337002142871,-2.860620589743E-02,0.9600001)
  );
#602 = CARTESIAN_POINT('',(0.345481330214,-3.619210569785E-02,0.9600001)
  );
#603 = CARTESIAN_POINT('',(0.353116862639,-4.445671362118E-02,0.9600001)
  );
#604 = CARTESIAN_POINT('',(0.359713727719,-5.334638332015E-02,0.9600001)
  );
#605 = CARTESIAN_POINT('',(0.365256159681,-6.275468925115E-02,0.9600001)
  );
#606 = CARTESIAN_POINT('',(0.369881610255,-7.259244182467E-02,0.9600001)
  );
#607 = CARTESIAN_POINT('',(0.373386498573,-8.296036118105E-02,0.9600001)
  );
#608 = CARTESIAN_POINT('',(0.375990196807,-9.379371236234E-02,0.9600001)
  );
#609 = CARTESIAN_POINT('',(0.377538401237,-0.105160754461,0.9600001));
#610 = CARTESIAN_POINT('',(0.377700573688,-0.112918259689,0.9600001));
#611 = CARTESIAN_POINT('',(0.377782998209,-0.116861029545,0.9600001));
#612 = ORIENTED_EDGE('',*,*,#613,.T.);
#613 = EDGE_CURVE('',#590,#338,#614,.T.);
#614 = B_SPLINE_CURVE_WITH_KNOTS('',3,(#615,#616,#617,#618,#619,#620,
    #621,#622,#623,#624,#625,#626,#627,#628,#629,#630,#631,#632,#633),
  .UNSPECIFIED.,.F.,.F.,(4,1,1,1,1,1,1,1,1,1,1,1,1,1,1,1,4),(0.,
    6.276280127444E-02,0.12281785241,0.181167273978,0.23850604064,
    0.295242652908,0.351958185253,0.410116020039,0.469948313872,
    0.530821898314,0.592025258126,0.654303528598,0.718083737181,
    0.784132777995,0.853054288805,0.924868436028,1.),.UNSPECIFIED.);
#615 = CARTESIAN_POINT('',(0.377782998209,-0.116861029545,0.9600001));
#616 = CARTESIAN_POINT('',(0.37764414979,-0.122331849755,0.9600001));
#617 = CARTESIAN_POINT('',(0.377372443234,-0.133037464793,0.9600001));
#618 = CARTESIAN_POINT('',(0.37501923296,-0.148686487355,0.9600001));
#619 = CARTESIAN_POINT('',(0.371219869309,-0.163544653906,0.9600001));
#620 = CARTESIAN_POINT('',(0.365882351144,-0.177626491922,0.9600001));
#621 = CARTESIAN_POINT('',(0.358960820183,-0.190835012656,0.9600001));
#622 = CARTESIAN_POINT('',(0.3506038386,-0.203272458198,0.9600001));
#623 = CARTESIAN_POINT('',(0.340630994938,-0.214818406397,0.9600001));
#624 = CARTESIAN_POINT('',(0.329198673648,-0.225450739787,0.9600001));
#625 = CARTESIAN_POINT('',(0.316544665031,-0.235032308125,0.9600001));
#626 = CARTESIAN_POINT('',(0.302862253274,-0.243502443188,0.9600001));
#627 = CARTESIAN_POINT('',(0.288100027745,-0.250512323448,0.9600001));
#628 = CARTESIAN_POINT('',(0.27240241705,-0.256386640673,0.9600001));
#629 = CARTESIAN_POINT('',(0.255635404741,-0.260812640575,0.9600001));
#630 = CARTESIAN_POINT('',(0.237896637061,-0.264049314604,0.9600001));
#631 = CARTESIAN_POINT('',(0.2191610548,-0.265957812126,0.9600001));
#632 = CARTESIAN_POINT('',(0.206356997031,-0.266215033607,0.9600001));
#633 = CARTESIAN_POINT('',(0.199810437233,-0.266346547838,0.9600001));
#634 = FACE_BOUND('',#635,.T.);
#635 = EDGE_LOOP('',(#636,#645,#652,#659,#675,#682,#698));
#636 = ORIENTED_EDGE('',*,*,#637,.T.);
#637 = EDGE_CURVE('',#638,#640,#642,.T.);
#638 = VERTEX_POINT('',#639);
#639 = CARTESIAN_POINT('',(-0.103924318864,0.245848574113,0.9600001));
#640 = VERTEX_POINT('',#641);
#641 = CARTESIAN_POINT('',(-0.103924318864,-0.260248986862,0.9600001));
#642 = B_SPLINE_CURVE_WITH_KNOTS('',1,(#643,#644),.UNSPECIFIED.,.F.,.F.,
  (2,2),(0.,0.506097560976),.PIECEWISE_BEZIER_KNOTS.);
#643 = CARTESIAN_POINT('',(-0.103924318864,0.245848574113,0.9600001));
#644 = CARTESIAN_POINT('',(-0.103924318864,-0.260248986862,0.9600001));
#645 = ORIENTED_EDGE('',*,*,#646,.T.);
#646 = EDGE_CURVE('',#640,#647,#649,.T.);
#647 = VERTEX_POINT('',#648);
#648 = CARTESIAN_POINT('',(-0.16489992862,-0.260248986862,0.9600001));
#649 = B_SPLINE_CURVE_WITH_KNOTS('',1,(#650,#651),.UNSPECIFIED.,.F.,.F.,
  (2,2),(0.,6.09756097561E-02),.PIECEWISE_BEZIER_KNOTS.);
#650 = CARTESIAN_POINT('',(-0.103924318864,-0.260248986862,0.9600001));
#651 = CARTESIAN_POINT('',(-0.16489992862,-0.260248986862,0.9600001));
#652 = ORIENTED_EDGE('',*,*,#653,.T.);
#653 = EDGE_CURVE('',#647,#654,#656,.T.);
#654 = VERTEX_POINT('',#655);
#655 = CARTESIAN_POINT('',(-0.16489992862,0.164484244845,0.9600001));
#656 = B_SPLINE_CURVE_WITH_KNOTS('',1,(#657,#658),.UNSPECIFIED.,.F.,.F.,
  (2,2),(0.,0.424733231707),.PIECEWISE_BEZIER_KNOTS.);
#657 = CARTESIAN_POINT('',(-0.16489992862,-0.260248986862,0.9600001));
#658 = CARTESIAN_POINT('',(-0.16489992862,0.164484244845,0.9600001));
#659 = ORIENTED_EDGE('',*,*,#660,.T.);
#660 = EDGE_CURVE('',#654,#661,#663,.T.);
#661 = VERTEX_POINT('',#662);
#662 = CARTESIAN_POINT('',(-0.280753587157,0.105604671674,0.9600001));
#663 = B_SPLINE_CURVE_WITH_KNOTS('',3,(#664,#665,#666,#667,#668,#669,
    #670,#671,#672,#673,#674),.UNSPECIFIED.,.F.,.F.,(4,1,1,1,1,1,1,1,4),
  (0.,8.811819562601E-02,0.194050828017,0.318164819684,0.461353165014,
    0.608692228917,0.747543051547,0.877526849564,1.),.UNSPECIFIED.);
#664 = CARTESIAN_POINT('',(-0.16489992862,0.164484244845,0.9600001));
#665 = CARTESIAN_POINT('',(-0.167734252582,0.161874222729,0.9600001));
#666 = CARTESIAN_POINT('',(-0.17397590231,0.156126522731,0.9600001));
#667 = CARTESIAN_POINT('',(-0.185537524783,0.148357400454,0.9600001));
#668 = CARTESIAN_POINT('',(-0.199335274385,0.139686421498,0.9600001));
#669 = CARTESIAN_POINT('',(-0.2153271454,0.131168677451,0.9600001));
#670 = CARTESIAN_POINT('',(-0.232117044443,0.122803393373,0.9600001));
#671 = CARTESIAN_POINT('',(-0.248916141573,0.115854730265,0.9600001));
#672 = CARTESIAN_POINT('',(-0.264924169969,0.109825140398,0.9600001));
#673 = CARTESIAN_POINT('',(-0.275582813729,0.106983312926,0.9600001));
#674 = CARTESIAN_POINT('',(-0.280753587157,0.105604671674,0.9600001));
#675 = ORIENTED_EDGE('',*,*,#676,.T.);
#676 = EDGE_CURVE('',#661,#677,#679,.T.);
#677 = VERTEX_POINT('',#678);
#678 = CARTESIAN_POINT('',(-0.280753587157,0.166580281431,0.9600001));
#679 = B_SPLINE_CURVE_WITH_KNOTS('',1,(#680,#681),.UNSPECIFIED.,.F.,.F.,
  (2,2),(0.,6.09756097561E-02),.PIECEWISE_BEZIER_KNOTS.);
#680 = CARTESIAN_POINT('',(-0.280753587157,0.105604671674,0.9600001));
#681 = CARTESIAN_POINT('',(-0.280753587157,0.166580281431,0.9600001));
#682 = ORIENTED_EDGE('',*,*,#683,.T.);
#683 = EDGE_CURVE('',#677,#684,#686,.T.);
#684 = VERTEX_POINT('',#685);
#685 = CARTESIAN_POINT('',(-0.127647642035,0.245848574113,0.9600001));
#686 = B_SPLINE_CURVE_WITH_KNOTS('',3,(#687,#688,#689,#690,#691,#692,
    #693,#694,#695,#696,#697),.UNSPECIFIED.,.F.,.F.,(4,1,1,1,1,1,1,1,4),
  (0.,0.121241716272,0.248824178072,0.38359175181,0.525538703233,
    0.664908718229,0.789887097055,0.901546186403,1.),.UNSPECIFIED.);
#687 = CARTESIAN_POINT('',(-0.280753587157,0.166580281431,0.9600001));
#688 = CARTESIAN_POINT('',(-0.274018747974,0.168544360396,0.9600001));
#689 = CARTESIAN_POINT('',(-0.26019684842,0.172575236479,0.9600001));
#690 = CARTESIAN_POINT('',(-0.239548608873,0.180741147372,0.9600001));
#691 = CARTESIAN_POINT('',(-0.218051529377,0.189951895197,0.9600001));
#692 = CARTESIAN_POINT('',(-0.196600560091,0.200885731622,0.9600001));
#693 = CARTESIAN_POINT('',(-0.176013449134,0.212221277292,0.9600001));
#694 = CARTESIAN_POINT('',(-0.157451729682,0.22355900687,0.9600001));
#695 = CARTESIAN_POINT('',(-0.14143102291,0.234502622266,0.9600001));
#696 = CARTESIAN_POINT('',(-0.132045479969,0.242228442167,0.9600001));
#697 = CARTESIAN_POINT('',(-0.127647642035,0.245848574113,0.9600001));
#698 = ORIENTED_EDGE('',*,*,#699,.T.);
#699 = EDGE_CURVE('',#684,#638,#700,.T.);
#700 = B_SPLINE_CURVE_WITH_KNOTS('',1,(#701,#702),.UNSPECIFIED.,.F.,.F.,
  (2,2),(0.,2.372332317073E-02),.PIECEWISE_BEZIER_KNOTS.);
#701 = CARTESIAN_POINT('',(-0.127647642035,0.245848574113,0.9600001));
#702 = CARTESIAN_POINT('',(-0.103924318864,0.245848574113,0.9600001));
#703 = B_SPLINE_SURFACE_WITH_KNOTS('',1,1,(
    (#704,#705)
    ,(#706,#707
    )),.UNSPECIFIED.,.F.,.F.,.F.,(2,2),(2,2),(-1.116547212278,
    1.72106921095),(-1.12106921095,1.12106921095),
  .PIECEWISE_BEZIER_KNOTS.);
#704 = CARTESIAN_POINT('',(-1.116547212278,-1.12106921095,0.9600001));
#705 = CARTESIAN_POINT('',(-1.116547212278,1.12106921095,0.9600001));
#706 = CARTESIAN_POINT('',(1.72106921095,-1.12106921095,0.9600001));
#707 = CARTESIAN_POINT('',(1.72106921095,1.12106921095,0.9600001));
#708 = ADVANCED_FACE('',(#709,#885,#956,#1010,#1068,#1154),#1198,.F.);
#709 = FACE_BOUND('',#710,.T.);
#710 = EDGE_LOOP('',(#711,#720,#736,#760,#784,#800,#807,#823,#847,#871)
  );
#711 = ORIENTED_EDGE('',*,*,#712,.T.);
#712 = EDGE_CURVE('',#713,#715,#717,.T.);
#713 = VERTEX_POINT('',#714);
#714 = CARTESIAN_POINT('',(7.875951182354E-02,-5.180625601396E-02,
    1.00001E-02));
#715 = VERTEX_POINT('',#716);
#716 = CARTESIAN_POINT('',(7.875951182354E-02,-7.375747552615E-02,
    1.00001E-02));
#717 = B_SPLINE_CURVE_WITH_KNOTS('',1,(#718,#719),.UNSPECIFIED.,.F.,.F.,
  (2,2),(0.,2.19512195122E-02),.PIECEWISE_BEZIER_KNOTS.);
#718 = CARTESIAN_POINT('',(7.875951182354E-02,-5.180625601396E-02,
    1.00001E-02));
#719 = CARTESIAN_POINT('',(7.875951182354E-02,-7.375747552615E-02,
    1.00001E-02));
#720 = ORIENTED_EDGE('',*,*,#721,.T.);
#721 = EDGE_CURVE('',#715,#722,#724,.T.);
#722 = VERTEX_POINT('',#723);
#723 = CARTESIAN_POINT('',(0.133789999628,-8.656235357493E-02,
    1.00001E-02));
#724 = B_SPLINE_CURVE_WITH_KNOTS('',3,(#725,#726,#727,#728,#729,#730,
    #731,#732,#733,#734,#735),.UNSPECIFIED.,.F.,.F.,(4,1,1,1,1,1,1,1,4),
  (0.,0.112448389909,0.226527675213,0.344401949326,0.465864972487,
    0.591659449352,0.722168487025,0.858606387555,1.),.UNSPECIFIED.);
#725 = CARTESIAN_POINT('',(7.875951182354E-02,-7.375747552615E-02,
    1.00001E-02));
#726 = CARTESIAN_POINT('',(8.063618997854E-02,-7.479332546013E-02,
    1.00001E-02));
#727 = CARTESIAN_POINT('',(8.441676469303E-02,-7.688004877919E-02,
    1.00001E-02));
#728 = CARTESIAN_POINT('',(9.046269758995E-02,-7.945486680163E-02,
    1.00001E-02));
#729 = CARTESIAN_POINT('',(9.682448417453E-02,-8.167576852369E-02,
    1.00001E-02));
#730 = CARTESIAN_POINT('',(0.10355780667,-8.344673843596E-02,1.00001E-02
    ));
#731 = CARTESIAN_POINT('',(0.110617903933,-8.487002158578E-02,
    1.00001E-02));
#732 = CARTESIAN_POINT('',(0.11804218578,-8.583406226313E-02,1.00001E-02
    ));
#733 = CARTESIAN_POINT('',(0.125801239566,-8.646865886541E-02,
    1.00001E-02));
#734 = CARTESIAN_POINT('',(0.131095600902,-8.653075281285E-02,
    1.00001E-02));
#735 = CARTESIAN_POINT('',(0.133789999628,-8.656235357493E-02,
    1.00001E-02));
#736 = ORIENTED_EDGE('',*,*,#737,.T.);
#737 = EDGE_CURVE('',#722,#738,#740,.T.);
#738 = VERTEX_POINT('',#739);
#739 = CARTESIAN_POINT('',(0.227539999628,1.210380496165E-02,1.00001E-02
    ));
#740 = B_SPLINE_CURVE_WITH_KNOTS('',3,(#741,#742,#743,#744,#745,#746,
    #747,#748,#749,#750,#751,#752,#753,#754,#755,#756,#757,#758,#759),
  .UNSPECIFIED.,.F.,.F.,(4,1,1,1,1,1,1,1,1,1,1,1,1,1,1,1,4),(0.,
    6.783324845577E-02,0.132655536508,0.195050884051,0.255582933069,
    0.314799834147,0.373600472826,0.432545595327,0.492430629284,
    0.552671255963,0.612513044188,0.672610250357,0.733838369314,
    0.796594238568,0.861449799291,0.929198942351,1.),.UNSPECIFIED.);
#741 = CARTESIAN_POINT('',(0.133789999628,-8.656235357493E-02,
    1.00001E-02));
#742 = CARTESIAN_POINT('',(0.137261811939,-8.648492215796E-02,
    1.00001E-02));
#743 = CARTESIAN_POINT('',(0.144051330872,-8.633349632484E-02,
    1.00001E-02));
#744 = CARTESIAN_POINT('',(0.153969823245,-8.505978587305E-02,
    1.00001E-02));
#745 = CARTESIAN_POINT('',(0.163353078601,-8.29332828937E-02,1.00001E-02
    ));
#746 = CARTESIAN_POINT('',(0.172197837848,-7.994546803132E-02,
    1.00001E-02));
#747 = CARTESIAN_POINT('',(0.1805350441,-7.617005249141E-02,1.00001E-02)
  );
#748 = CARTESIAN_POINT('',(0.188321509796,-7.15032664125E-02,1.00001E-02
    ));
#749 = CARTESIAN_POINT('',(0.195505707531,-6.590835733644E-02,
    1.00001E-02));
#750 = CARTESIAN_POINT('',(0.202182703129,-5.961085912988E-02,
    1.00001E-02));
#751 = CARTESIAN_POINT('',(0.208140373456,-5.256483771766E-02,
    1.00001E-02));
#752 = CARTESIAN_POINT('',(0.213355189521,-4.494350075415E-02,
    1.00001E-02));
#753 = CARTESIAN_POINT('',(0.217766899236,-3.677055322868E-02,
    1.00001E-02));
#754 = CARTESIAN_POINT('',(0.221346703536,-2.804150829122E-02,
    1.00001E-02));
#755 = CARTESIAN_POINT('',(0.22413643022,-1.877408517272E-02,1.00001E-02
    ));
#756 = CARTESIAN_POINT('',(0.226087337585,-8.959941886215E-03,
    1.00001E-02));
#757 = CARTESIAN_POINT('',(0.227355165045,1.387152490895E-03,1.00001E-02
    ));
#758 = CARTESIAN_POINT('',(0.22747748993,8.479511822283E-03,1.00001E-02)
  );
#759 = CARTESIAN_POINT('',(0.227539999628,1.210380496165E-02,1.00001E-02
    ));
#760 = ORIENTED_EDGE('',*,*,#761,.T.);
#761 = EDGE_CURVE('',#738,#762,#764,.T.);
#762 = VERTEX_POINT('',#763);
#763 = CARTESIAN_POINT('',(0.125825060604,0.118315695206,1.00001E-02));
#764 = B_SPLINE_CURVE_WITH_KNOTS('',3,(#765,#766,#767,#768,#769,#770,
    #771,#772,#773,#774,#775,#776,#777,#778,#779,#780,#781,#782,#783),
  .UNSPECIFIED.,.F.,.F.,(4,1,1,1,1,1,1,1,1,1,1,1,1,1,1,1,4),(0.,
    7.064371857535E-02,0.138256715509,0.203364124218,0.266324093803,
    0.327904761543,0.388737715173,0.449423528109,0.510861011459,
    0.572079396048,0.631734428731,0.691117210579,0.75036002949,
    0.810032900531,0.871362450829,0.934427141231,1.),.UNSPECIFIED.);
#765 = CARTESIAN_POINT('',(0.227539999628,1.210380496165E-02,1.00001E-02
    ));
#766 = CARTESIAN_POINT('',(0.227452894937,1.599490718361E-02,1.00001E-02
    ));
#767 = CARTESIAN_POINT('',(0.227282422477,2.361017749733E-02,1.00001E-02
    ));
#768 = CARTESIAN_POINT('',(0.22592739934,3.474556917276E-02,1.00001E-02)
  );
#769 = CARTESIAN_POINT('',(0.22370402766,4.53043682638E-02,1.00001E-02)
  );
#770 = CARTESIAN_POINT('',(0.220522090792,5.527054679969E-02,1.00001E-02
    ));
#771 = CARTESIAN_POINT('',(0.216470152748,6.465757471644E-02,1.00001E-02
    ));
#772 = CARTESIAN_POINT('',(0.211544769785,7.347794229522E-02,1.00001E-02
    ));
#773 = CARTESIAN_POINT('',(0.20566590955,8.168620425268E-02,1.00001E-02)
  );
#774 = CARTESIAN_POINT('',(0.198927194652,8.922656945674E-02,1.00001E-02
    ));
#775 = CARTESIAN_POINT('',(0.191551603708,9.606127075699E-02,1.00001E-02
    ));
#776 = CARTESIAN_POINT('',(0.183593372272,0.102025355319,1.00001E-02));
#777 = CARTESIAN_POINT('',(0.175148496291,0.107065505096,1.00001E-02));
#778 = CARTESIAN_POINT('',(0.166228929071,0.111214956378,1.00001E-02));
#779 = CARTESIAN_POINT('',(0.156801880804,0.114382408951,1.00001E-02));
#780 = CARTESIAN_POINT('',(0.146911458048,0.116657189249,1.00001E-02));
#781 = CARTESIAN_POINT('',(0.136523598423,0.118066774927,1.00001E-02));
#782 = CARTESIAN_POINT('',(0.129437295998,0.118231650203,1.00001E-02));
#783 = CARTESIAN_POINT('',(0.125825060604,0.118315695206,1.00001E-02));
#784 = ORIENTED_EDGE('',*,*,#785,.T.);
#785 = EDGE_CURVE('',#762,#786,#788,.T.);
#786 = VERTEX_POINT('',#787);
#787 = CARTESIAN_POINT('',(7.875951182354E-02,0.110388865937,1.00001E-02
    ));
#788 = B_SPLINE_CURVE_WITH_KNOTS('',3,(#789,#790,#791,#792,#793,#794,
    #795,#796,#797,#798,#799),.UNSPECIFIED.,.F.,.F.,(4,1,1,1,1,1,1,1,4),
  (0.,0.145186866472,0.28344261092,0.416524365929,0.543181123535,
    0.665153082638,0.781360206313,0.892756655642,1.),.UNSPECIFIED.);
#789 = CARTESIAN_POINT('',(0.125825060604,0.118315695206,1.00001E-02));
#790 = CARTESIAN_POINT('',(0.123499688479,0.118299026318,1.00001E-02));
#791 = CARTESIAN_POINT('',(0.11895995591,0.118266484305,1.00001E-02));
#792 = CARTESIAN_POINT('',(0.112300106916,0.117858404452,1.00001E-02));
#793 = CARTESIAN_POINT('',(0.10595065149,0.117281662709,1.00001E-02));
#794 = CARTESIAN_POINT('',(9.990240122221E-02,0.116382338362,1.00001E-02
    ));
#795 = CARTESIAN_POINT('',(9.415566732604E-02,0.115311786483,1.00001E-02
    ));
#796 = CARTESIAN_POINT('',(8.873197793381E-02,0.113916270778,1.00001E-02
    ));
#797 = CARTESIAN_POINT('',(8.359723866693E-02,0.112352605921,1.00001E-02
    ));
#798 = CARTESIAN_POINT('',(8.035153652567E-02,0.111035103863,1.00001E-02
    ));
#799 = CARTESIAN_POINT('',(7.875951182354E-02,0.110388865937,1.00001E-02
    ));
#800 = ORIENTED_EDGE('',*,*,#801,.T.);
#801 = EDGE_CURVE('',#786,#802,#804,.T.);
#802 = VERTEX_POINT('',#803);
#803 = CARTESIAN_POINT('',(7.875951182354E-02,8.355959764458E-02,
    1.00001E-02));
#804 = B_SPLINE_CURVE_WITH_KNOTS('',1,(#805,#806),.UNSPECIFIED.,.F.,.F.,
  (2,2),(0.,2.682926829268E-02),.PIECEWISE_BEZIER_KNOTS.);
#805 = CARTESIAN_POINT('',(7.875951182354E-02,0.110388865937,1.00001E-02
    ));
#806 = CARTESIAN_POINT('',(7.875951182354E-02,8.355959764458E-02,
    1.00001E-02));
#807 = ORIENTED_EDGE('',*,*,#808,.T.);
#808 = EDGE_CURVE('',#802,#809,#811,.T.);
#809 = VERTEX_POINT('',#810);
#810 = CARTESIAN_POINT('',(0.125596402067,9.636447569336E-02,1.00001E-02
    ));
#811 = B_SPLINE_CURVE_WITH_KNOTS('',3,(#812,#813,#814,#815,#816,#817,
    #818,#819,#820,#821,#822),.UNSPECIFIED.,.F.,.F.,(4,1,1,1,1,1,1,1,4),
  (0.,0.125279696736,0.249419970742,0.373356799493,0.496681278782,
    0.620202915744,0.745086320161,0.871269195019,1.),.UNSPECIFIED.);
#812 = CARTESIAN_POINT('',(7.875951182354E-02,8.355959764458E-02,
    1.00001E-02));
#813 = CARTESIAN_POINT('',(8.05355889491E-02,8.459163224288E-02,
    1.00001E-02));
#814 = CARTESIAN_POINT('',(8.407158972363E-02,8.664631505277E-02,
    1.00001E-02));
#815 = CARTESIAN_POINT('',(8.963307604639E-02,8.921507293799E-02,
    1.00001E-02));
#816 = CARTESIAN_POINT('',(9.530172467658E-02,9.144310057281E-02,
    1.00001E-02));
#817 = CARTESIAN_POINT('',(0.101117218988,9.322170073875E-02,1.00001E-02
    ));
#818 = CARTESIAN_POINT('',(0.107042957986,9.4657934023E-02,1.00001E-02)
  );
#819 = CARTESIAN_POINT('',(0.113110015054,9.562125616556E-02,1.00001E-02
    ));
#820 = CARTESIAN_POINT('',(0.119306895268,9.626938288337E-02,1.00001E-02
    ));
#821 = CARTESIAN_POINT('',(0.123485976126,9.633256757409E-02,1.00001E-02
    ));
#822 = CARTESIAN_POINT('',(0.125596402067,9.636447569336E-02,1.00001E-02
    ));
#823 = ORIENTED_EDGE('',*,*,#824,.T.);
#824 = EDGE_CURVE('',#809,#825,#827,.T.);
#825 = VERTEX_POINT('',#826);
#826 = CARTESIAN_POINT('',(0.200710731336,1.374252447385E-02,1.00001E-02
    ));
#827 = B_SPLINE_CURVE_WITH_KNOTS('',3,(#828,#829,#830,#831,#832,#833,
    #834,#835,#836,#837,#838,#839,#840,#841,#842,#843,#844,#845,#846),
  .UNSPECIFIED.,.F.,.F.,(4,1,1,1,1,1,1,1,1,1,1,1,1,1,1,1,4),(0.,
    6.460397028839E-02,0.126702413963,0.186756814036,0.245505687365,
    0.30365202445,0.361503073971,0.420240222928,0.480033340777,
    0.540678134776,0.601191806381,0.662333502477,0.724739510297,
    0.789467736173,0.856504860044,0.926312095839,1.),.UNSPECIFIED.);
#828 = CARTESIAN_POINT('',(0.125596402067,9.636447569336E-02,1.00001E-02
    ));
#829 = CARTESIAN_POINT('',(0.12830627444,9.630620847617E-02,1.00001E-02)
  );
#830 = CARTESIAN_POINT('',(0.13362092259,9.619193381099E-02,1.00001E-02)
  );
#831 = CARTESIAN_POINT('',(0.141385218133,9.50699678739E-02,1.00001E-02)
  );
#832 = CARTESIAN_POINT('',(0.148790696769,9.339138002745E-02,1.00001E-02
    ));
#833 = CARTESIAN_POINT('',(0.155807663033,9.093463657167E-02,1.00001E-02
    ));
#834 = CARTESIAN_POINT('',(0.162428149126,8.776383050263E-02,1.00001E-02
    ));
#835 = CARTESIAN_POINT('',(0.168646413926,8.386706904021E-02,1.00001E-02
    ));
#836 = CARTESIAN_POINT('',(0.174500646137,7.93278985653E-02,1.00001E-02)
  );
#837 = CARTESIAN_POINT('',(0.179901541437,7.408969111448E-02,1.00001E-02
    ));
#838 = CARTESIAN_POINT('',(0.184823259392,6.829707035917E-02,1.00001E-02
    ));
#839 = CARTESIAN_POINT('',(0.189047825459,6.191172822512E-02,1.00001E-02
    ));
#840 = CARTESIAN_POINT('',(0.192711165504,5.510649220756E-02,1.00001E-02
    ));
#841 = CARTESIAN_POINT('',(0.195644761088,4.776196616092E-02,1.00001E-02
    ));
#842 = CARTESIAN_POINT('',(0.197916660937,3.993450138709E-02,1.00001E-02
    ));
#843 = CARTESIAN_POINT('',(0.199556493743,3.163477845388E-02,1.00001E-02
    ));
#844 = CARTESIAN_POINT('',(0.20050659028,2.284748977005E-02,1.00001E-02)
  );
#845 = CARTESIAN_POINT('',(0.20064146844,1.683174266241E-02,1.00001E-02)
  );
#846 = CARTESIAN_POINT('',(0.200710731336,1.374252447385E-02,1.00001E-02
    ));
#847 = ORIENTED_EDGE('',*,*,#848,.T.);
#848 = EDGE_CURVE('',#825,#849,#851,.T.);
#849 = VERTEX_POINT('',#850);
#850 = CARTESIAN_POINT('',(0.130093353287,-6.461113406274E-02,
    1.00001E-02));
#851 = B_SPLINE_CURVE_WITH_KNOTS('',3,(#852,#853,#854,#855,#856,#857,
    #858,#859,#860,#861,#862,#863,#864,#865,#866,#867,#868,#869,#870),
  .UNSPECIFIED.,.F.,.F.,(4,1,1,1,1,1,1,1,1,1,1,1,1,1,1,1,4),(0.,
    7.377411937406E-02,0.144079114726,0.211348518309,0.27607688574,
    0.33852091582,0.399885116693,0.460254067465,0.520588964391,
    0.580207684563,0.638632908553,0.696364549491,0.75400177466,
    0.812805681374,0.872754425526,0.935181996978,1.),.UNSPECIFIED.);
#852 = CARTESIAN_POINT('',(0.200710731336,1.374252447385E-02,1.00001E-02
    ));
#853 = CARTESIAN_POINT('',(0.200655167366,1.081828333469E-02,1.00001E-02
    ));
#854 = CARTESIAN_POINT('',(0.200546652243,5.107309375947E-03,1.00001E-02
    ));
#855 = CARTESIAN_POINT('',(0.199614334918,-3.228226208617E-03,
    1.00001E-02));
#856 = CARTESIAN_POINT('',(0.19810408607,-1.110957057755E-02,1.00001E-02
    ));
#857 = CARTESIAN_POINT('',(0.19598161773,-1.852977681347E-02,1.00001E-02
    ));
#858 = CARTESIAN_POINT('',(0.193213996692,-2.548197802878E-02,
    1.00001E-02));
#859 = CARTESIAN_POINT('',(0.189870807475,-3.198464619951E-02,
    1.00001E-02));
#860 = CARTESIAN_POINT('',(0.185873603925,-3.800841652639E-02,
    1.00001E-02));
#861 = CARTESIAN_POINT('',(0.181310623965,-4.352508837577E-02,
    1.00001E-02));
#862 = CARTESIAN_POINT('',(0.176244514294,-4.847221879779E-02,
    1.00001E-02));
#863 = CARTESIAN_POINT('',(0.170781362706,-5.28169108623E-02,1.00001E-02
    ));
#864 = CARTESIAN_POINT('',(0.164909266679,-5.644337622845E-02,
    1.00001E-02));
#865 = CARTESIAN_POINT('',(0.158682982544,-5.945055640473E-02,
    1.00001E-02));
#866 = CARTESIAN_POINT('',(0.152074378733,-6.177552144336E-02,
    1.00001E-02));
#867 = CARTESIAN_POINT('',(0.145071084671,-6.340540347272E-02,
    1.00001E-02));
#868 = CARTESIAN_POINT('',(0.137706603454,-6.441491733427E-02,
    1.00001E-02));
#869 = CARTESIAN_POINT('',(0.132662688289,-6.454491444596E-02,
    1.00001E-02));
#870 = CARTESIAN_POINT('',(0.130093353287,-6.461113406274E-02,
    1.00001E-02));
#871 = ORIENTED_EDGE('',*,*,#872,.T.);
#872 = EDGE_CURVE('',#849,#713,#873,.T.);
#873 = B_SPLINE_CURVE_WITH_KNOTS('',3,(#874,#875,#876,#877,#878,#879,
    #880,#881,#882,#883,#884),.UNSPECIFIED.,.F.,.F.,(4,1,1,1,1,1,1,1,4),
  (0.,0.135294604763,0.266765657925,0.394816018836,0.520051654434,
    0.642175702971,0.762651820558,0.881834004381,1.),.UNSPECIFIED.);
#874 = CARTESIAN_POINT('',(0.130093353287,-6.461113406274E-02,
    1.00001E-02));
#875 = CARTESIAN_POINT('',(0.127678269174,-6.457942595325E-02,
    1.00001E-02));
#876 = CARTESIAN_POINT('',(0.122916353475,-6.4516905835E-02,1.00001E-02)
  );
#877 = CARTESIAN_POINT('',(0.115893977107,-6.387531084523E-02,
    1.00001E-02));
#878 = CARTESIAN_POINT('',(0.10909193135,-6.290966698223E-02,1.00001E-02
    ));
#879 = CARTESIAN_POINT('',(0.10253978118,-6.148832403784E-02,1.00001E-02
    ));
#880 = CARTESIAN_POINT('',(9.621506238417E-02,-5.970912346784E-02,
    1.00001E-02));
#881 = CARTESIAN_POINT('',(9.015363178727E-02,-5.747431124636E-02,
    1.00001E-02));
#882 = CARTESIAN_POINT('',(8.429072009629E-02,-5.492169356905E-02,
    1.00001E-02));
#883 = CARTESIAN_POINT('',(8.059797784931E-02,-5.284176684956E-02,
    1.00001E-02));
#884 = CARTESIAN_POINT('',(7.875951182354E-02,-5.180625601396E-02,
    1.00001E-02));
#885 = FACE_BOUND('',#886,.T.);
#886 = EDGE_LOOP('',(#887,#896,#903,#910,#934));
#887 = ORIENTED_EDGE('',*,*,#888,.T.);
#888 = EDGE_CURVE('',#889,#891,#893,.T.);
#889 = VERTEX_POINT('',#890);
#890 = CARTESIAN_POINT('',(-0.160988963786,-8.412332918469E-02,
    1.00001E-02));
#891 = VERTEX_POINT('',#892);
#892 = CARTESIAN_POINT('',(-0.106606341835,-8.412332918469E-02,
    1.00001E-02));
#893 = B_SPLINE_CURVE_WITH_KNOTS('',1,(#894,#895),.UNSPECIFIED.,.F.,.F.,
  (2,2),(0.,5.438262195122E-02),.PIECEWISE_BEZIER_KNOTS.);
#894 = CARTESIAN_POINT('',(-0.160988963786,-8.412332918469E-02,
    1.00001E-02));
#895 = CARTESIAN_POINT('',(-0.106606341835,-8.412332918469E-02,
    1.00001E-02));
#896 = ORIENTED_EDGE('',*,*,#897,.T.);
#897 = EDGE_CURVE('',#891,#898,#900,.T.);
#898 = VERTEX_POINT('',#899);
#899 = CARTESIAN_POINT('',(-0.106606341835,0.115876670815,1.00001E-02));
#900 = B_SPLINE_CURVE_WITH_KNOTS('',1,(#901,#902),.UNSPECIFIED.,.F.,.F.,
  (2,2),(0.,0.2),.PIECEWISE_BEZIER_KNOTS.);
#901 = CARTESIAN_POINT('',(-0.106606341835,-8.412332918469E-02,
    1.00001E-02));
#902 = CARTESIAN_POINT('',(-0.106606341835,0.115876670815,1.00001E-02));
#903 = ORIENTED_EDGE('',*,*,#904,.T.);
#904 = EDGE_CURVE('',#898,#905,#907,.T.);
#905 = VERTEX_POINT('',#906);
#906 = CARTESIAN_POINT('',(-0.163046890615,0.115876670815,1.00001E-02));
#907 = B_SPLINE_CURVE_WITH_KNOTS('',1,(#908,#909),.UNSPECIFIED.,.F.,.F.,
  (2,2),(0.,5.644054878049E-02),.PIECEWISE_BEZIER_KNOTS.);
#908 = CARTESIAN_POINT('',(-0.106606341835,0.115876670815,1.00001E-02));
#909 = CARTESIAN_POINT('',(-0.163046890615,0.115876670815,1.00001E-02));
#910 = ORIENTED_EDGE('',*,*,#911,.T.);
#911 = EDGE_CURVE('',#905,#912,#914,.T.);
#912 = VERTEX_POINT('',#913);
#913 = CARTESIAN_POINT('',(-0.267581951591,1.839191471775E-02,
    1.00001E-02));
#914 = B_SPLINE_CURVE_WITH_KNOTS('',3,(#915,#916,#917,#918,#919,#920,
    #921,#922,#923,#924,#925,#926,#927,#928,#929,#930,#931,#932,#933),
  .UNSPECIFIED.,.F.,.F.,(4,1,1,1,1,1,1,1,1,1,1,1,1,1,1,1,4),(0.,
    6.86311786766E-02,0.134566466039,0.198328154011,0.260789766641,
    0.321999151484,0.382721746503,0.443537474036,0.505133429485,
    0.566213874765,0.626105864618,0.685349322161,0.744995870348,
    0.805415841815,0.867636266346,0.932307782302,1.),.UNSPECIFIED.);
#915 = CARTESIAN_POINT('',(-0.163046890615,0.115876670815,1.00001E-02));
#916 = CARTESIAN_POINT('',(-0.166721263429,0.115794772425,1.00001E-02));
#917 = CARTESIAN_POINT('',(-0.173925676553,0.115634192682,1.00001E-02));
#918 = CARTESIAN_POINT('',(-0.18449050539,0.114414401634,1.00001E-02));
#919 = CARTESIAN_POINT('',(-0.194569673992,0.112297667672,1.00001E-02));
#920 = CARTESIAN_POINT('',(-0.204190899398,0.109409967926,1.00001E-02));
#921 = CARTESIAN_POINT('',(-0.213365326208,0.105720963017,1.00001E-02));
#922 = CARTESIAN_POINT('',(-0.222006523769,0.101099624672,1.00001E-02));
#923 = CARTESIAN_POINT('',(-0.23020930458,9.570656695235E-02,1.00001E-02
    ));
#924 = CARTESIAN_POINT('',(-0.237866927073,8.953009329558E-02,
    1.00001E-02));
#925 = CARTESIAN_POINT('',(-0.244846582185,8.266246239801E-02,
    1.00001E-02));
#926 = CARTESIAN_POINT('',(-0.250931006367,7.515152766541E-02,
    1.00001E-02));
#927 = CARTESIAN_POINT('',(-0.256140218435,6.709774674482E-02,
    1.00001E-02));
#928 = CARTESIAN_POINT('',(-0.260332263293,5.843743917416E-02,
    1.00001E-02));
#929 = CARTESIAN_POINT('',(-0.263587260983,4.921726668996E-02,
    1.00001E-02));
#930 = CARTESIAN_POINT('',(-0.265892223813,3.944391510053E-02,
    1.00001E-02));
#931 = CARTESIAN_POINT('',(-0.267346013353,2.910631488315E-02,
    1.00001E-02));
#932 = CARTESIAN_POINT('',(-0.267502118012,2.201730803195E-02,
    1.00001E-02));
#933 = CARTESIAN_POINT('',(-0.267581951591,1.839191471775E-02,
    1.00001E-02));
#934 = ORIENTED_EDGE('',*,*,#935,.T.);
#935 = EDGE_CURVE('',#912,#889,#936,.T.);
#936 = B_SPLINE_CURVE_WITH_KNOTS('',3,(#937,#938,#939,#940,#941,#942,
    #943,#944,#945,#946,#947,#948,#949,#950,#951,#952,#953,#954,#955),
  .UNSPECIFIED.,.F.,.F.,(4,1,1,1,1,1,1,1,1,1,1,1,1,1,1,1,4),(0.,
    6.806869584499E-02,0.133427432819,0.196146033813,0.257048592449,
    0.316882663159,0.376187208666,0.435960335364,0.496535236863,
    0.557465343481,0.61768686341,0.677943640697,0.738805284806,
    0.800949336767,0.86481466747,0.931024781079,1.),.UNSPECIFIED.);
#937 = CARTESIAN_POINT('',(-0.267581951591,1.839191471775E-02,
    1.00001E-02));
#938 = CARTESIAN_POINT('',(-0.267501178151,1.461439781648E-02,
    1.00001E-02));
#939 = CARTESIAN_POINT('',(-0.267342847031,7.20975495812E-03,1.00001E-02
    ));
#940 = CARTESIAN_POINT('',(-0.265895691305,-3.596684057626E-03,
    1.00001E-02));
#941 = CARTESIAN_POINT('',(-0.263585552088,-1.383609064608E-02,
    1.00001E-02));
#942 = CARTESIAN_POINT('',(-0.260342799716,-2.350264761383E-02,
    1.00001E-02));
#943 = CARTESIAN_POINT('',(-0.256144382494,-3.258938268372E-02,
    1.00001E-02));
#944 = CARTESIAN_POINT('',(-0.250938970561,-4.106309808838E-02,
    1.00001E-02));
#945 = CARTESIAN_POINT('',(-0.244866860473,-4.898840310792E-02,
    1.00001E-02));
#946 = CARTESIAN_POINT('',(-0.23788645056,-5.625671456153E-02,
    1.00001E-02));
#947 = CARTESIAN_POINT('',(-0.230166620246,-6.276182739125E-02,
    1.00001E-02));
#948 = CARTESIAN_POINT('',(-0.22191165299,-6.854718984324E-02,
    1.00001E-02));
#949 = CARTESIAN_POINT('',(-0.213050617538,-7.335405497566E-02,
    1.00001E-02));
#950 = CARTESIAN_POINT('',(-0.203659195846,-7.728149249828E-02,
    1.00001E-02));
#951 = CARTESIAN_POINT('',(-0.193753813531,-8.039964311093E-02,
    1.00001E-02));
#952 = CARTESIAN_POINT('',(-0.183291541984,-8.252263880215E-02,
    1.00001E-02));
#953 = CARTESIAN_POINT('',(-0.172319929877,-8.391832252383E-02,
    1.00001E-02));
#954 = CARTESIAN_POINT('',(-0.164817107182,-8.405406810946E-02,
    1.00001E-02));
#955 = CARTESIAN_POINT('',(-0.160988963786,-8.412332918469E-02,
    1.00001E-02));
#956 = FACE_BOUND('',#957,.T.);
#957 = EDGE_LOOP('',(#958,#965,#966,#971,#972,#979,#986,#991,#992,#997,
    #998,#1005));
#958 = ORIENTED_EDGE('',*,*,#959,.F.);
#959 = EDGE_CURVE('',#142,#960,#962,.T.);
#960 = VERTEX_POINT('',#961);
#961 = CARTESIAN_POINT('',(1.6,-0.75,1.00001E-02));
#962 = B_SPLINE_CURVE_WITH_KNOTS('',1,(#963,#964),.UNSPECIFIED.,.F.,.F.,
  (2,2),(-1.795434574947,-1.6),.PIECEWISE_BEZIER_KNOTS.);
#963 = CARTESIAN_POINT('',(1.795434574947,-0.75,1.00001E-02));
#964 = CARTESIAN_POINT('',(1.6,-0.75,1.00001E-02));
#965 = ORIENTED_EDGE('',*,*,#166,.T.);
#966 = ORIENTED_EDGE('',*,*,#967,.T.);
#967 = EDGE_CURVE('',#159,#22,#968,.T.);
#968 = B_SPLINE_CURVE_WITH_KNOTS('',1,(#969,#970),.UNSPECIFIED.,.F.,.F.,
  (2,2),(-1.795434574947,1.795434574947),.PIECEWISE_BEZIER_KNOTS.);
#969 = CARTESIAN_POINT('',(1.795434574947,-1.195434574947,1.00001E-02));
#970 = CARTESIAN_POINT('',(-1.795434574947,-1.195434574947,1.00001E-02)
  );
#971 = ORIENTED_EDGE('',*,*,#46,.T.);
#972 = ORIENTED_EDGE('',*,*,#973,.T.);
#973 = EDGE_CURVE('',#39,#974,#976,.T.);
#974 = VERTEX_POINT('',#975);
#975 = CARTESIAN_POINT('',(-1.6,-0.75,1.00001E-02));
#976 = B_SPLINE_CURVE_WITH_KNOTS('',1,(#977,#978),.UNSPECIFIED.,.F.,.F.,
  (2,2),(-1.795434574947,-1.6),.PIECEWISE_BEZIER_KNOTS.);
#977 = CARTESIAN_POINT('',(-1.795434574947,-0.75,1.00001E-02));
#978 = CARTESIAN_POINT('',(-1.6,-0.75,1.00001E-02));
#979 = ORIENTED_EDGE('',*,*,#980,.T.);
#980 = EDGE_CURVE('',#974,#981,#983,.T.);
#981 = VERTEX_POINT('',#982);
#982 = CARTESIAN_POINT('',(-1.6,0.75,1.00001E-02));
#983 = B_SPLINE_CURVE_WITH_KNOTS('',1,(#984,#985),.UNSPECIFIED.,.F.,.F.,
  (2,2),(-0.75,0.75),.PIECEWISE_BEZIER_KNOTS.);
#984 = CARTESIAN_POINT('',(-1.6,-0.75,1.00001E-02));
#985 = CARTESIAN_POINT('',(-1.6,0.75,1.00001E-02));
#986 = ORIENTED_EDGE('',*,*,#987,.T.);
#987 = EDGE_CURVE('',#981,#64,#988,.T.);
#988 = B_SPLINE_CURVE_WITH_KNOTS('',1,(#989,#990),.UNSPECIFIED.,.F.,.F.,
  (2,2),(1.6,1.795434574947),.PIECEWISE_BEZIER_KNOTS.);
#989 = CARTESIAN_POINT('',(-1.6,0.75,1.00001E-02));
#990 = CARTESIAN_POINT('',(-1.795434574947,0.75,1.00001E-02));
#991 = ORIENTED_EDGE('',*,*,#86,.T.);
#992 = ORIENTED_EDGE('',*,*,#993,.T.);
#993 = EDGE_CURVE('',#79,#104,#994,.T.);
#994 = B_SPLINE_CURVE_WITH_KNOTS('',1,(#995,#996),.UNSPECIFIED.,.F.,.F.,
  (2,2),(-1.795434574947,1.795434574947),.PIECEWISE_BEZIER_KNOTS.);
#995 = CARTESIAN_POINT('',(-1.795434574947,1.195434574947,1.00001E-02));
#996 = CARTESIAN_POINT('',(1.795434574947,1.195434574947,1.00001E-02));
#997 = ORIENTED_EDGE('',*,*,#126,.T.);
#998 = ORIENTED_EDGE('',*,*,#999,.F.);
#999 = EDGE_CURVE('',#1000,#119,#1002,.T.);
#1000 = VERTEX_POINT('',#1001);
#1001 = CARTESIAN_POINT('',(1.6,0.75,1.00001E-02));
#1002 = B_SPLINE_CURVE_WITH_KNOTS('',1,(#1003,#1004),.UNSPECIFIED.,.F.,
  .F.,(2,2),(1.6,1.795434574947),.PIECEWISE_BEZIER_KNOTS.);
#1003 = CARTESIAN_POINT('',(1.6,0.75,1.00001E-02));
#1004 = CARTESIAN_POINT('',(1.795434574947,0.75,1.00001E-02));
#1005 = ORIENTED_EDGE('',*,*,#1006,.F.);
#1006 = EDGE_CURVE('',#960,#1000,#1007,.T.);
#1007 = B_SPLINE_CURVE_WITH_KNOTS('',1,(#1008,#1009),.UNSPECIFIED.,.F.,
  .F.,(2,2),(-0.75,0.75),.PIECEWISE_BEZIER_KNOTS.);
#1008 = CARTESIAN_POINT('',(1.6,-0.75,1.00001E-02));
#1009 = CARTESIAN_POINT('',(1.6,0.75,1.00001E-02));
#1010 = FACE_BOUND('',#1011,.T.);
#1011 = EDGE_LOOP('',(#1012,#1021,#1028,#1035,#1042,#1049,#1056,#1063));
#1012 = ORIENTED_EDGE('',*,*,#1013,.T.);
#1013 = EDGE_CURVE('',#1014,#1016,#1018,.T.);
#1014 = VERTEX_POINT('',#1015);
#1015 = CARTESIAN_POINT('',(-0.384655122323,0.115876670815,1.00001E-02)
  );
#1016 = VERTEX_POINT('',#1017);
#1017 = CARTESIAN_POINT('',(-0.462703902811,-8.412332918469E-02,
    1.00001E-02));
#1018 = B_SPLINE_CURVE_WITH_KNOTS('',1,(#1019,#1020),.UNSPECIFIED.,.F.,
  .F.,(2,2),(0.,0.214689571558),.PIECEWISE_BEZIER_KNOTS.);
#1019 = CARTESIAN_POINT('',(-0.384655122323,0.115876670815,1.00001E-02)
  );
#1020 = CARTESIAN_POINT('',(-0.462703902811,-8.412332918469E-02,
    1.00001E-02));
#1021 = ORIENTED_EDGE('',*,*,#1022,.T.);
#1022 = EDGE_CURVE('',#1016,#1023,#1025,.T.);
#1023 = VERTEX_POINT('',#1024);
#1024 = CARTESIAN_POINT('',(-0.433435610128,-8.412332918469E-02,
    1.00001E-02));
#1025 = B_SPLINE_CURVE_WITH_KNOTS('',1,(#1026,#1027),.UNSPECIFIED.,.F.,
  .F.,(2,2),(0.,2.926829268293E-02),.PIECEWISE_BEZIER_KNOTS.);
#1026 = CARTESIAN_POINT('',(-0.462703902811,-8.412332918469E-02,
    1.00001E-02));
#1027 = CARTESIAN_POINT('',(-0.433435610128,-8.412332918469E-02,
    1.00001E-02));
#1028 = ORIENTED_EDGE('',*,*,#1029,.T.);
#1029 = EDGE_CURVE('',#1023,#1030,#1032,.T.);
#1030 = VERTEX_POINT('',#1031);
#1031 = CARTESIAN_POINT('',(-0.41319932964,-2.802576820908E-02,
    1.00001E-02));
#1032 = B_SPLINE_CURVE_WITH_KNOTS('',1,(#1033,#1034),.UNSPECIFIED.,.F.,
  .F.,(2,2),(0.,5.963592369867E-02),.PIECEWISE_BEZIER_KNOTS.);
#1033 = CARTESIAN_POINT('',(-0.433435610128,-8.412332918469E-02,
    1.00001E-02));
#1034 = CARTESIAN_POINT('',(-0.41319932964,-2.802576820908E-02,
    1.00001E-02));
#1035 = ORIENTED_EDGE('',*,*,#1036,.T.);
#1036 = EDGE_CURVE('',#1030,#1037,#1039,.T.);
#1037 = VERTEX_POINT('',#1038);
#1038 = CARTESIAN_POINT('',(-0.33057737842,-2.802576820908E-02,
    1.00001E-02));
#1039 = B_SPLINE_CURVE_WITH_KNOTS('',1,(#1040,#1041),.UNSPECIFIED.,.F.,
  .F.,(2,2),(0.,8.262195121951E-02),.PIECEWISE_BEZIER_KNOTS.);
#1040 = CARTESIAN_POINT('',(-0.41319932964,-2.802576820908E-02,
    1.00001E-02));
#1041 = CARTESIAN_POINT('',(-0.33057737842,-2.802576820908E-02,
    1.00001E-02));
#1042 = ORIENTED_EDGE('',*,*,#1043,.T.);
#1043 = EDGE_CURVE('',#1037,#1044,#1046,.T.);
#1044 = VERTEX_POINT('',#1045);
#1045 = CARTESIAN_POINT('',(-0.311484390615,-8.412332918469E-02,
    1.00001E-02));
#1046 = B_SPLINE_CURVE_WITH_KNOTS('',1,(#1047,#1048),.UNSPECIFIED.,.F.,
  .F.,(2,2),(0.,5.925772971292E-02),.PIECEWISE_BEZIER_KNOTS.);
#1047 = CARTESIAN_POINT('',(-0.33057737842,-2.802576820908E-02,
    1.00001E-02));
#1048 = CARTESIAN_POINT('',(-0.311484390615,-8.412332918469E-02,
    1.00001E-02));
#1049 = ORIENTED_EDGE('',*,*,#1050,.T.);
#1050 = EDGE_CURVE('',#1044,#1051,#1053,.T.);
#1051 = VERTEX_POINT('',#1052);
#1052 = CARTESIAN_POINT('',(-0.282216097933,-8.412332918469E-02,
    1.00001E-02));
#1053 = B_SPLINE_CURVE_WITH_KNOTS('',1,(#1054,#1055),.UNSPECIFIED.,.F.,
  .F.,(2,2),(0.,2.926829268293E-02),.PIECEWISE_BEZIER_KNOTS.);
#1054 = CARTESIAN_POINT('',(-0.311484390615,-8.412332918469E-02,
    1.00001E-02));
#1055 = CARTESIAN_POINT('',(-0.282216097933,-8.412332918469E-02,
    1.00001E-02));
#1056 = ORIENTED_EDGE('',*,*,#1057,.T.);
#1057 = EDGE_CURVE('',#1051,#1058,#1060,.T.);
#1058 = VERTEX_POINT('',#1059);
#1059 = CARTESIAN_POINT('',(-0.35782585403,0.115876670815,1.00001E-02));
#1060 = B_SPLINE_CURVE_WITH_KNOTS('',1,(#1061,#1062),.UNSPECIFIED.,.F.,
  .F.,(2,2),(0.,0.213814955551),.PIECEWISE_BEZIER_KNOTS.);
#1061 = CARTESIAN_POINT('',(-0.282216097933,-8.412332918469E-02,
    1.00001E-02));
#1062 = CARTESIAN_POINT('',(-0.35782585403,0.115876670815,1.00001E-02));
#1063 = ORIENTED_EDGE('',*,*,#1064,.T.);
#1064 = EDGE_CURVE('',#1058,#1014,#1065,.T.);
#1065 = B_SPLINE_CURVE_WITH_KNOTS('',1,(#1066,#1067),.UNSPECIFIED.,.F.,
  .F.,(2,2),(0.,2.682926829268E-02),.PIECEWISE_BEZIER_KNOTS.);
#1066 = CARTESIAN_POINT('',(-0.35782585403,0.115876670815,1.00001E-02));
#1067 = CARTESIAN_POINT('',(-0.384655122323,0.115876670815,1.00001E-02)
  );
#1068 = FACE_BOUND('',#1069,.T.);
#1069 = EDGE_LOOP('',(#1070,#1079,#1086,#1093,#1100,#1107,#1114,#1121,
    #1128,#1135,#1142,#1149));
#1070 = ORIENTED_EDGE('',*,*,#1071,.T.);
#1071 = EDGE_CURVE('',#1072,#1074,#1076,.T.);
#1072 = VERTEX_POINT('',#1073);
#1073 = CARTESIAN_POINT('',(-6.758195159109E-02,-6.217210967249E-02,
    1.00001E-02));
#1074 = VERTEX_POINT('',#1075);
#1075 = CARTESIAN_POINT('',(-6.758195159109E-02,-8.412332918469E-02,
    1.00001E-02));
#1076 = B_SPLINE_CURVE_WITH_KNOTS('',1,(#1077,#1078),.UNSPECIFIED.,.F.,
  .F.,(2,2),(0.,2.19512195122E-02),.PIECEWISE_BEZIER_KNOTS.);
#1077 = CARTESIAN_POINT('',(-6.758195159109E-02,-6.217210967249E-02,
    1.00001E-02));
#1078 = CARTESIAN_POINT('',(-6.758195159109E-02,-8.412332918469E-02,
    1.00001E-02));
#1079 = ORIENTED_EDGE('',*,*,#1080,.T.);
#1080 = EDGE_CURVE('',#1074,#1081,#1083,.T.);
#1081 = VERTEX_POINT('',#1082);
#1082 = CARTESIAN_POINT('',(3.973512157964E-02,-8.412332918469E-02,
    1.00001E-02));
#1083 = B_SPLINE_CURVE_WITH_KNOTS('',1,(#1084,#1085),.UNSPECIFIED.,.F.,
  .F.,(2,2),(0.,0.107317073171),.PIECEWISE_BEZIER_KNOTS.);
#1084 = CARTESIAN_POINT('',(-6.758195159109E-02,-8.412332918469E-02,
    1.00001E-02));
#1085 = CARTESIAN_POINT('',(3.973512157964E-02,-8.412332918469E-02,
    1.00001E-02));
#1086 = ORIENTED_EDGE('',*,*,#1087,.T.);
#1087 = EDGE_CURVE('',#1081,#1088,#1090,.T.);
#1088 = VERTEX_POINT('',#1089);
#1089 = CARTESIAN_POINT('',(3.973512157964E-02,0.115876670815,
    1.00001E-02));
#1090 = B_SPLINE_CURVE_WITH_KNOTS('',1,(#1091,#1092),.UNSPECIFIED.,.F.,
  .F.,(2,2),(0.,0.2),.PIECEWISE_BEZIER_KNOTS.);
#1091 = CARTESIAN_POINT('',(3.973512157964E-02,-8.412332918469E-02,
    1.00001E-02));
#1092 = CARTESIAN_POINT('',(3.973512157964E-02,0.115876670815,
    1.00001E-02));
#1093 = ORIENTED_EDGE('',*,*,#1094,.T.);
#1094 = EDGE_CURVE('',#1088,#1095,#1097,.T.);
#1095 = VERTEX_POINT('',#1096);
#1096 = CARTESIAN_POINT('',(-6.27039028106E-02,0.115876670815,
    1.00001E-02));
#1097 = B_SPLINE_CURVE_WITH_KNOTS('',1,(#1098,#1099),.UNSPECIFIED.,.F.,
  .F.,(2,2),(0.,0.10243902439),.PIECEWISE_BEZIER_KNOTS.);
#1098 = CARTESIAN_POINT('',(3.973512157964E-02,0.115876670815,
    1.00001E-02));
#1099 = CARTESIAN_POINT('',(-6.27039028106E-02,0.115876670815,
    1.00001E-02));
#1100 = ORIENTED_EDGE('',*,*,#1101,.T.);
#1101 = EDGE_CURVE('',#1095,#1102,#1104,.T.);
#1102 = VERTEX_POINT('',#1103);
#1103 = CARTESIAN_POINT('',(-6.27039028106E-02,9.392545130312E-02,
    1.00001E-02));
#1104 = B_SPLINE_CURVE_WITH_KNOTS('',1,(#1105,#1106),.UNSPECIFIED.,.F.,
  .F.,(2,2),(0.,2.19512195122E-02),.PIECEWISE_BEZIER_KNOTS.);
#1105 = CARTESIAN_POINT('',(-6.27039028106E-02,0.115876670815,
    1.00001E-02));
#1106 = CARTESIAN_POINT('',(-6.27039028106E-02,9.392545130312E-02,
    1.00001E-02));
#1107 = ORIENTED_EDGE('',*,*,#1108,.T.);
#1108 = EDGE_CURVE('',#1102,#1109,#1111,.T.);
#1109 = VERTEX_POINT('',#1110);
#1110 = CARTESIAN_POINT('',(1.290585328696E-02,9.392545130312E-02,
    1.00001E-02));
#1111 = B_SPLINE_CURVE_WITH_KNOTS('',1,(#1112,#1113),.UNSPECIFIED.,.F.,
  .F.,(2,2),(0.,7.560975609756E-02),.PIECEWISE_BEZIER_KNOTS.);
#1112 = CARTESIAN_POINT('',(-6.27039028106E-02,9.392545130312E-02,
    1.00001E-02));
#1113 = CARTESIAN_POINT('',(1.290585328696E-02,9.392545130312E-02,
    1.00001E-02));
#1114 = ORIENTED_EDGE('',*,*,#1115,.T.);
#1115 = EDGE_CURVE('',#1109,#1116,#1118,.T.);
#1116 = VERTEX_POINT('',#1117);
#1117 = CARTESIAN_POINT('',(1.290585328696E-02,2.807179276653E-02,
    1.00001E-02));
#1118 = B_SPLINE_CURVE_WITH_KNOTS('',1,(#1119,#1120),.UNSPECIFIED.,.F.,
  .F.,(2,2),(0.,6.585365853659E-02),.PIECEWISE_BEZIER_KNOTS.);
#1119 = CARTESIAN_POINT('',(1.290585328696E-02,9.392545130312E-02,
    1.00001E-02));
#1120 = CARTESIAN_POINT('',(1.290585328696E-02,2.807179276653E-02,
    1.00001E-02));
#1121 = ORIENTED_EDGE('',*,*,#1122,.T.);
#1122 = EDGE_CURVE('',#1116,#1123,#1125,.T.);
#1123 = VERTEX_POINT('',#1124);
#1124 = CARTESIAN_POINT('',(-5.782585403012E-02,2.807179276653E-02,
    1.00001E-02));
#1125 = B_SPLINE_CURVE_WITH_KNOTS('',1,(#1126,#1127),.UNSPECIFIED.,.F.,
  .F.,(2,2),(0.,7.073170731707E-02),.PIECEWISE_BEZIER_KNOTS.);
#1126 = CARTESIAN_POINT('',(1.290585328696E-02,2.807179276653E-02,
    1.00001E-02));
#1127 = CARTESIAN_POINT('',(-5.782585403012E-02,2.807179276653E-02,
    1.00001E-02));
#1128 = ORIENTED_EDGE('',*,*,#1129,.T.);
#1129 = EDGE_CURVE('',#1123,#1130,#1132,.T.);
#1130 = VERTEX_POINT('',#1131);
#1131 = CARTESIAN_POINT('',(-5.782585403012E-02,6.120573254337E-03,
    1.00001E-02));
#1132 = B_SPLINE_CURVE_WITH_KNOTS('',1,(#1133,#1134),.UNSPECIFIED.,.F.,
  .F.,(2,2),(0.,2.19512195122E-02),.PIECEWISE_BEZIER_KNOTS.);
#1133 = CARTESIAN_POINT('',(-5.782585403012E-02,2.807179276653E-02,
    1.00001E-02));
#1134 = CARTESIAN_POINT('',(-5.782585403012E-02,6.120573254337E-03,
    1.00001E-02));
#1135 = ORIENTED_EDGE('',*,*,#1136,.T.);
#1136 = EDGE_CURVE('',#1130,#1137,#1139,.T.);
#1137 = VERTEX_POINT('',#1138);
#1138 = CARTESIAN_POINT('',(1.290585328696E-02,6.120573254337E-03,
    1.00001E-02));
#1139 = B_SPLINE_CURVE_WITH_KNOTS('',1,(#1140,#1141),.UNSPECIFIED.,.F.,
  .F.,(2,2),(0.,7.073170731707E-02),.PIECEWISE_BEZIER_KNOTS.);
#1140 = CARTESIAN_POINT('',(-5.782585403012E-02,6.120573254337E-03,
    1.00001E-02));
#1141 = CARTESIAN_POINT('',(1.290585328696E-02,6.120573254337E-03,
    1.00001E-02));
#1142 = ORIENTED_EDGE('',*,*,#1143,.T.);
#1143 = EDGE_CURVE('',#1137,#1144,#1146,.T.);
#1144 = VERTEX_POINT('',#1145);
#1145 = CARTESIAN_POINT('',(1.290585328696E-02,-6.217210967249E-02,
    1.00001E-02));
#1146 = B_SPLINE_CURVE_WITH_KNOTS('',1,(#1147,#1148),.UNSPECIFIED.,.F.,
  .F.,(2,2),(0.,6.829268292683E-02),.PIECEWISE_BEZIER_KNOTS.);
#1147 = CARTESIAN_POINT('',(1.290585328696E-02,6.120573254337E-03,
    1.00001E-02));
#1148 = CARTESIAN_POINT('',(1.290585328696E-02,-6.217210967249E-02,
    1.00001E-02));
#1149 = ORIENTED_EDGE('',*,*,#1150,.T.);
#1150 = EDGE_CURVE('',#1144,#1072,#1151,.T.);
#1151 = B_SPLINE_CURVE_WITH_KNOTS('',1,(#1152,#1153),.UNSPECIFIED.,.F.,
  .F.,(2,2),(0.,8.048780487805E-02),.PIECEWISE_BEZIER_KNOTS.);
#1152 = CARTESIAN_POINT('',(1.290585328696E-02,-6.217210967249E-02,
    1.00001E-02));
#1153 = CARTESIAN_POINT('',(-6.758195159109E-02,-6.217210967249E-02,
    1.00001E-02));
#1154 = FACE_BOUND('',#1155,.T.);
#1155 = EDGE_LOOP('',(#1156,#1165,#1172,#1179,#1186,#1193));
#1156 = ORIENTED_EDGE('',*,*,#1157,.T.);
#1157 = EDGE_CURVE('',#1158,#1160,#1162,.T.);
#1158 = VERTEX_POINT('',#1159);
#1159 = CARTESIAN_POINT('',(0.24461317036,-6.217210967249E-02,
    1.00001E-02));
#1160 = VERTEX_POINT('',#1161);
#1161 = CARTESIAN_POINT('',(0.24461317036,-8.412332918469E-02,
    1.00001E-02));
#1162 = B_SPLINE_CURVE_WITH_KNOTS('',1,(#1163,#1164),.UNSPECIFIED.,.F.,
  .F.,(2,2),(0.,2.19512195122E-02),.PIECEWISE_BEZIER_KNOTS.);
#1163 = CARTESIAN_POINT('',(0.24461317036,-6.217210967249E-02,
    1.00001E-02));
#1164 = CARTESIAN_POINT('',(0.24461317036,-8.412332918469E-02,
    1.00001E-02));
#1165 = ORIENTED_EDGE('',*,*,#1166,.T.);
#1166 = EDGE_CURVE('',#1160,#1167,#1169,.T.);
#1167 = VERTEX_POINT('',#1168);
#1168 = CARTESIAN_POINT('',(0.34705219475,-8.412332918469E-02,
    1.00001E-02));
#1169 = B_SPLINE_CURVE_WITH_KNOTS('',1,(#1170,#1171),.UNSPECIFIED.,.F.,
  .F.,(2,2),(0.,0.10243902439),.PIECEWISE_BEZIER_KNOTS.);
#1170 = CARTESIAN_POINT('',(0.24461317036,-8.412332918469E-02,
    1.00001E-02));
#1171 = CARTESIAN_POINT('',(0.34705219475,-8.412332918469E-02,
    1.00001E-02));
#1172 = ORIENTED_EDGE('',*,*,#1173,.T.);
#1173 = EDGE_CURVE('',#1167,#1174,#1176,.T.);
#1174 = VERTEX_POINT('',#1175);
#1175 = CARTESIAN_POINT('',(0.34705219475,0.115876670815,1.00001E-02));
#1176 = B_SPLINE_CURVE_WITH_KNOTS('',1,(#1177,#1178),.UNSPECIFIED.,.F.,
  .F.,(2,2),(0.,0.2),.PIECEWISE_BEZIER_KNOTS.);
#1177 = CARTESIAN_POINT('',(0.34705219475,-8.412332918469E-02,
    1.00001E-02));
#1178 = CARTESIAN_POINT('',(0.34705219475,0.115876670815,1.00001E-02));
#1179 = ORIENTED_EDGE('',*,*,#1180,.T.);
#1180 = EDGE_CURVE('',#1174,#1181,#1183,.T.);
#1181 = VERTEX_POINT('',#1182);
#1182 = CARTESIAN_POINT('',(0.320222926458,0.115876670815,1.00001E-02));
#1183 = B_SPLINE_CURVE_WITH_KNOTS('',1,(#1184,#1185),.UNSPECIFIED.,.F.,
  .F.,(2,2),(0.,2.682926829268E-02),.PIECEWISE_BEZIER_KNOTS.);
#1184 = CARTESIAN_POINT('',(0.34705219475,0.115876670815,1.00001E-02));
#1185 = CARTESIAN_POINT('',(0.320222926458,0.115876670815,1.00001E-02));
#1186 = ORIENTED_EDGE('',*,*,#1187,.T.);
#1187 = EDGE_CURVE('',#1181,#1188,#1190,.T.);
#1188 = VERTEX_POINT('',#1189);
#1189 = CARTESIAN_POINT('',(0.320222926458,-6.217210967249E-02,
    1.00001E-02));
#1190 = B_SPLINE_CURVE_WITH_KNOTS('',1,(#1191,#1192),.UNSPECIFIED.,.F.,
  .F.,(2,2),(0.,0.178048780488),.PIECEWISE_BEZIER_KNOTS.);
#1191 = CARTESIAN_POINT('',(0.320222926458,0.115876670815,1.00001E-02));
#1192 = CARTESIAN_POINT('',(0.320222926458,-6.217210967249E-02,
    1.00001E-02));
#1193 = ORIENTED_EDGE('',*,*,#1194,.T.);
#1194 = EDGE_CURVE('',#1188,#1158,#1195,.T.);
#1195 = B_SPLINE_CURVE_WITH_KNOTS('',1,(#1196,#1197),.UNSPECIFIED.,.F.,
  .F.,(2,2),(0.,7.560975609756E-02),.PIECEWISE_BEZIER_KNOTS.);
#1196 = CARTESIAN_POINT('',(0.320222926458,-6.217210967249E-02,
    1.00001E-02));
#1197 = CARTESIAN_POINT('',(0.24461317036,-6.217210967249E-02,
    1.00001E-02));
#1198 = B_SPLINE_SURFACE_WITH_KNOTS('',1,1,(
    (#1199,#1200)
    ,(#1201,#1202
    )),.UNSPECIFIED.,.F.,.F.,.F.,(2,2),(2,2),(-1.795434574947,
    1.795434574947),(-1.195434574947,1.195434574947),
  .PIECEWISE_BEZIER_KNOTS.);
#1199 = CARTESIAN_POINT('',(-1.795434574947,-1.195434574947,1.00001E-02)
  );
#1200 = CARTESIAN_POINT('',(-1.795434574947,1.195434574947,1.00001E-02)
  );
#1201 = CARTESIAN_POINT('',(1.795434574947,-1.195434574947,1.00001E-02)
  );
#1202 = CARTESIAN_POINT('',(1.795434574947,1.195434574947,1.00001E-02));
#1203 = ADVANCED_FACE('',(#1204),#1262,.T.);
#1204 = FACE_BOUND('',#1205,.T.);
#1205 = EDGE_LOOP('',(#1206,#1215,#1222,#1229,#1236,#1243,#1250,#1257));
#1206 = ORIENTED_EDGE('',*,*,#1207,.F.);
#1207 = EDGE_CURVE('',#1208,#1210,#1212,.T.);
#1208 = VERTEX_POINT('',#1209);
#1209 = CARTESIAN_POINT('',(1.835126927201,-0.75,0.1800001));
#1210 = VERTEX_POINT('',#1211);
#1211 = CARTESIAN_POINT('',(1.845244309851,-0.75,6.435788713738E-02));
#1212 = B_SPLINE_CURVE_WITH_KNOTS('',1,(#1213,#1214),.UNSPECIFIED.,.F.,
  .F.,(2,2),(-0.170649372382,-5.456542505346E-02),
  .PIECEWISE_BEZIER_KNOTS.);
#1213 = CARTESIAN_POINT('',(1.835126927201,-0.75,0.1800001));
#1214 = CARTESIAN_POINT('',(1.845244309851,-0.75,6.435788713738E-02));
#1215 = ORIENTED_EDGE('',*,*,#1216,.F.);
#1216 = EDGE_CURVE('',#1217,#1208,#1219,.T.);
#1217 = VERTEX_POINT('',#1218);
#1218 = CARTESIAN_POINT('',(1.835126927201,0.75,0.1800001));
#1219 = B_SPLINE_CURVE_WITH_KNOTS('',1,(#1220,#1221),.UNSPECIFIED.,.F.,
  .F.,(2,2),(0.5,2.),.PIECEWISE_BEZIER_KNOTS.);
#1220 = CARTESIAN_POINT('',(1.835126927201,0.75,0.1800001));
#1221 = CARTESIAN_POINT('',(1.835126927201,-0.75,0.1800001));
#1222 = ORIENTED_EDGE('',*,*,#1223,.F.);
#1223 = EDGE_CURVE('',#1224,#1217,#1226,.T.);
#1224 = VERTEX_POINT('',#1225);
#1225 = CARTESIAN_POINT('',(1.845244309851,0.75,6.435788713738E-02));
#1226 = B_SPLINE_CURVE_WITH_KNOTS('',1,(#1227,#1228),.UNSPECIFIED.,.F.,
  .F.,(2,2),(5.456542505346E-02,0.170649372382),
  .PIECEWISE_BEZIER_KNOTS.);
#1227 = CARTESIAN_POINT('',(1.845244309851,0.75,6.435788713738E-02));
#1228 = CARTESIAN_POINT('',(1.835126927201,0.75,0.1800001));
#1229 = ORIENTED_EDGE('',*,*,#1230,.T.);
#1230 = EDGE_CURVE('',#1224,#1231,#1233,.T.);
#1231 = VERTEX_POINT('',#1232);
#1232 = CARTESIAN_POINT('',(1.845244309851,1.195434574947,
    6.435788713738E-02));
#1233 = B_SPLINE_CURVE_WITH_KNOTS('',1,(#1234,#1235),.UNSPECIFIED.,.F.,
  .F.,(2,2),(-0.5,-5.456542505346E-02),.PIECEWISE_BEZIER_KNOTS.);
#1234 = CARTESIAN_POINT('',(1.845244309851,0.75,6.435788713738E-02));
#1235 = CARTESIAN_POINT('',(1.845244309851,1.195434574947,
    6.435788713738E-02));
#1236 = ORIENTED_EDGE('',*,*,#1237,.T.);
#1237 = EDGE_CURVE('',#1231,#1238,#1240,.T.);
#1238 = VERTEX_POINT('',#1239);
#1239 = CARTESIAN_POINT('',(1.770878945854,1.12106921095,0.914357887137)
  );
#1240 = B_SPLINE_CURVE_WITH_KNOTS('',1,(#1241,#1242),.UNSPECIFIED.,.F.,
  .F.,(2,2),(5.909708545724E-02,0.91557850074),
  .PIECEWISE_BEZIER_KNOTS.);
#1241 = CARTESIAN_POINT('',(1.845244309851,1.195434574947,
    6.435788713738E-02));
#1242 = CARTESIAN_POINT('',(1.770878945854,1.12106921095,0.914357887137)
  );
#1243 = ORIENTED_EDGE('',*,*,#1244,.T.);
#1244 = EDGE_CURVE('',#1238,#1245,#1247,.T.);
#1245 = VERTEX_POINT('',#1246);
#1246 = CARTESIAN_POINT('',(1.770878945854,-1.12106921095,0.914357887137
    ));
#1247 = B_SPLINE_CURVE_WITH_KNOTS('',1,(#1248,#1249),.UNSPECIFIED.,.F.,
  .F.,(2,2),(-2.2879549806,-4.581655870087E-02),
  .PIECEWISE_BEZIER_KNOTS.);
#1248 = CARTESIAN_POINT('',(1.770878945854,1.12106921095,0.914357887137)
  );
#1249 = CARTESIAN_POINT('',(1.770878945854,-1.12106921095,0.914357887137
    ));
#1250 = ORIENTED_EDGE('',*,*,#1251,.T.);
#1251 = EDGE_CURVE('',#1245,#1252,#1254,.T.);
#1252 = VERTEX_POINT('',#1253);
#1253 = CARTESIAN_POINT('',(1.845244309851,-1.195434574947,
    6.435788713738E-02));
#1254 = B_SPLINE_CURVE_WITH_KNOTS('',1,(#1255,#1256),.UNSPECIFIED.,.F.,
  .F.,(2,2),(-0.698512016079,0.157969399203),.PIECEWISE_BEZIER_KNOTS.);
#1255 = CARTESIAN_POINT('',(1.770878945854,-1.12106921095,0.914357887137
    ));
#1256 = CARTESIAN_POINT('',(1.845244309851,-1.195434574947,
    6.435788713738E-02));
#1257 = ORIENTED_EDGE('',*,*,#1258,.T.);
#1258 = EDGE_CURVE('',#1252,#1210,#1259,.T.);
#1259 = B_SPLINE_CURVE_WITH_KNOTS('',1,(#1260,#1261),.UNSPECIFIED.,.F.,
  .F.,(2,2),(-2.445434574947,-2.),.PIECEWISE_BEZIER_KNOTS.);
#1260 = CARTESIAN_POINT('',(1.845244309851,-1.195434574947,
    6.435788713738E-02));
#1261 = CARTESIAN_POINT('',(1.845244309851,-0.75,6.435788713738E-02));
#1262 = B_SPLINE_SURFACE_WITH_KNOTS('',1,1,(
    (#1263,#1264)
    ,(#1265,#1266
    )),.UNSPECIFIED.,.F.,.F.,.F.,(2,2),(2,2),(-0.907812286965,
    -5.456542505346E-02),(-2.445434574947,-5.456542505346E-02),
  .PIECEWISE_BEZIER_KNOTS.);
#1263 = CARTESIAN_POINT('',(1.770878945854,-1.195434574947,
    0.914357887137));
#1264 = CARTESIAN_POINT('',(1.770878945854,1.195434574947,0.914357887137
    ));
#1265 = CARTESIAN_POINT('',(1.845244309851,-1.195434574947,
    6.435788713738E-02));
#1266 = CARTESIAN_POINT('',(1.845244309851,1.195434574947,
    6.435788713738E-02));
#1267 = ADVANCED_FACE('',(#1268),#1284,.T.);
#1268 = FACE_BOUND('',#1269,.T.);
#1269 = EDGE_LOOP('',(#1270,#1271,#1277,#1278));
#1270 = ORIENTED_EDGE('',*,*,#151,.F.);
#1271 = ORIENTED_EDGE('',*,*,#1272,.T.);
#1272 = EDGE_CURVE('',#144,#1210,#1273,.T.);
#1273 = ( BOUNDED_CURVE() B_SPLINE_CURVE(2,(#1274,#1275,#1276),
.UNSPECIFIED.,.F.,.F.) B_SPLINE_CURVE_WITH_KNOTS((3,3),(3.14159265359,
3.22885911619),.PIECEWISE_BEZIER_KNOTS.) CURVE() 
GEOMETRIC_REPRESENTATION_ITEM() RATIONAL_B_SPLINE_CURVE((1.,
0.999048221582,1.)) REPRESENTATION_ITEM('') );
#1274 = CARTESIAN_POINT('',(1.845434574947,-0.75,6.00001E-02));
#1275 = CARTESIAN_POINT('',(1.845434574947,-0.75,6.218314714543E-02));
#1276 = CARTESIAN_POINT('',(1.845244309851,-0.75,6.435788713738E-02));
#1277 = ORIENTED_EDGE('',*,*,#1258,.F.);
#1278 = ORIENTED_EDGE('',*,*,#1279,.T.);
#1279 = EDGE_CURVE('',#1252,#152,#1280,.T.);
#1280 = ( BOUNDED_CURVE() B_SPLINE_CURVE(2,(#1281,#1282,#1283),
.UNSPECIFIED.,.F.,.F.) B_SPLINE_CURVE_WITH_KNOTS((3,3),(6.19591884458,
6.28318530718),.PIECEWISE_BEZIER_KNOTS.) CURVE() 
GEOMETRIC_REPRESENTATION_ITEM() RATIONAL_B_SPLINE_CURVE((1.,
0.999048221582,1.)) REPRESENTATION_ITEM('') );
#1281 = CARTESIAN_POINT('',(1.845244309851,-1.195434574947,
    6.435788713738E-02));
#1282 = CARTESIAN_POINT('',(1.845434574947,-1.195434574947,
    6.218314714543E-02));
#1283 = CARTESIAN_POINT('',(1.845434574947,-1.195434574947,6.00001E-02)
  );
#1284 = ( BOUNDED_SURFACE() B_SPLINE_SURFACE(2,1,(
    (#1285,#1286)
    ,(#1287,#1288)
    ,(#1289,#1290
)),.UNSPECIFIED.,.F.,.F.,.F.) B_SPLINE_SURFACE_WITH_KNOTS((3,3),(2,2),(
    0.,8.726646259972E-02),(2.,2.445434574947),
.PIECEWISE_BEZIER_KNOTS.) GEOMETRIC_REPRESENTATION_ITEM() 
RATIONAL_B_SPLINE_SURFACE((
    (1.,1.)
    ,(0.999048221582,0.999048221582)
,(1.,1.))) REPRESENTATION_ITEM('') SURFACE() );
#1285 = CARTESIAN_POINT('',(1.845434574947,-0.75,6.00001E-02));
#1286 = CARTESIAN_POINT('',(1.845434574947,-1.195434574947,6.00001E-02)
  );
#1287 = CARTESIAN_POINT('',(1.845434574947,-0.75,6.218314714543E-02));
#1288 = CARTESIAN_POINT('',(1.845434574947,-1.195434574947,
    6.218314714543E-02));
#1289 = CARTESIAN_POINT('',(1.845244309851,-0.75,6.435788713738E-02));
#1290 = CARTESIAN_POINT('',(1.845244309851,-1.195434574947,
    6.435788713738E-02));
#1291 = ADVANCED_FACE('',(#1292),#1308,.T.);
#1292 = FACE_BOUND('',#1293,.T.);
#1293 = EDGE_LOOP('',(#1294,#1295,#1301,#1302));
#1294 = ORIENTED_EDGE('',*,*,#111,.F.);
#1295 = ORIENTED_EDGE('',*,*,#1296,.F.);
#1296 = EDGE_CURVE('',#1231,#102,#1297,.T.);
#1297 = ( BOUNDED_CURVE() B_SPLINE_CURVE(2,(#1298,#1299,#1300),
.UNSPECIFIED.,.F.,.F.) B_SPLINE_CURVE_WITH_KNOTS((3,3),(1.483529864195,
1.570796326795),.PIECEWISE_BEZIER_KNOTS.) CURVE() 
GEOMETRIC_REPRESENTATION_ITEM() RATIONAL_B_SPLINE_CURVE((1.,
0.999048221582,1.)) REPRESENTATION_ITEM('') );
#1298 = CARTESIAN_POINT('',(1.845244309851,1.195434574947,
    6.435788713738E-02));
#1299 = CARTESIAN_POINT('',(1.845434574947,1.195434574947,
    6.218314714543E-02));
#1300 = CARTESIAN_POINT('',(1.845434574947,1.195434574947,6.00001E-02));
#1301 = ORIENTED_EDGE('',*,*,#1230,.F.);
#1302 = ORIENTED_EDGE('',*,*,#1303,.T.);
#1303 = EDGE_CURVE('',#1224,#112,#1304,.T.);
#1304 = ( BOUNDED_CURVE() B_SPLINE_CURVE(2,(#1305,#1306,#1307),
.UNSPECIFIED.,.F.,.F.) B_SPLINE_CURVE_WITH_KNOTS((3,3),(6.19591884458,
6.28318530718),.PIECEWISE_BEZIER_KNOTS.) CURVE() 
GEOMETRIC_REPRESENTATION_ITEM() RATIONAL_B_SPLINE_CURVE((1.,
0.999048221582,1.)) REPRESENTATION_ITEM('') );
#1305 = CARTESIAN_POINT('',(1.845244309851,0.75,6.435788713738E-02));
#1306 = CARTESIAN_POINT('',(1.845434574947,0.75,6.218314714543E-02));
#1307 = CARTESIAN_POINT('',(1.845434574947,0.75,6.00001E-02));
#1308 = ( BOUNDED_SURFACE() B_SPLINE_SURFACE(2,1,(
    (#1309,#1310)
    ,(#1311,#1312)
    ,(#1313,#1314
)),.UNSPECIFIED.,.F.,.F.,.F.) B_SPLINE_SURFACE_WITH_KNOTS((3,3),(2,2),(
    0.,8.726646259972E-02),(5.456542505346E-02,0.5),
.PIECEWISE_BEZIER_KNOTS.) GEOMETRIC_REPRESENTATION_ITEM() 
RATIONAL_B_SPLINE_SURFACE((
    (1.,1.)
    ,(0.999048221582,0.999048221582)
,(1.,1.))) REPRESENTATION_ITEM('') SURFACE() );
#1309 = CARTESIAN_POINT('',(1.845434574947,1.195434574947,6.00001E-02));
#1310 = CARTESIAN_POINT('',(1.845434574947,0.75,6.00001E-02));
#1311 = CARTESIAN_POINT('',(1.845434574947,1.195434574947,
    6.218314714543E-02));
#1312 = CARTESIAN_POINT('',(1.845434574947,0.75,6.218314714543E-02));
#1313 = CARTESIAN_POINT('',(1.845244309851,1.195434574947,
    6.435788713738E-02));
#1314 = CARTESIAN_POINT('',(1.845244309851,0.75,6.435788713738E-02));
#1315 = ADVANCED_FACE('',(#1316),#1340,.T.);
#1316 = FACE_BOUND('',#1317,.T.);
#1317 = EDGE_LOOP('',(#1318,#1319,#1327,#1334));
#1318 = ORIENTED_EDGE('',*,*,#71,.F.);
#1319 = ORIENTED_EDGE('',*,*,#1320,.F.);
#1320 = EDGE_CURVE('',#1321,#62,#1323,.T.);
#1321 = VERTEX_POINT('',#1322);
#1322 = CARTESIAN_POINT('',(-1.845244309851,0.75,6.435788713738E-02));
#1323 = ( BOUNDED_CURVE() B_SPLINE_CURVE(2,(#1324,#1325,#1326),
.UNSPECIFIED.,.F.,.F.) B_SPLINE_CURVE_WITH_KNOTS((3,3),(6.19591884458,
6.28318530718),.PIECEWISE_BEZIER_KNOTS.) CURVE() 
GEOMETRIC_REPRESENTATION_ITEM() RATIONAL_B_SPLINE_CURVE((1.,
0.999048221582,1.)) REPRESENTATION_ITEM('') );
#1324 = CARTESIAN_POINT('',(-1.845244309851,0.75,6.435788713738E-02));
#1325 = CARTESIAN_POINT('',(-1.845434574947,0.75,6.218314714542E-02));
#1326 = CARTESIAN_POINT('',(-1.845434574947,0.75,6.00001E-02));
#1327 = ORIENTED_EDGE('',*,*,#1328,.F.);
#1328 = EDGE_CURVE('',#1329,#1321,#1331,.T.);
#1329 = VERTEX_POINT('',#1330);
#1330 = CARTESIAN_POINT('',(-1.845244309851,1.195434574947,
    6.435788713738E-02));
#1331 = B_SPLINE_CURVE_WITH_KNOTS('',1,(#1332,#1333),.UNSPECIFIED.,.F.,
  .F.,(2,2),(5.456542505346E-02,0.5),.PIECEWISE_BEZIER_KNOTS.);
#1332 = CARTESIAN_POINT('',(-1.845244309851,1.195434574947,
    6.435788713738E-02));
#1333 = CARTESIAN_POINT('',(-1.845244309851,0.75,6.435788713738E-02));
#1334 = ORIENTED_EDGE('',*,*,#1335,.F.);
#1335 = EDGE_CURVE('',#72,#1329,#1336,.T.);
#1336 = ( BOUNDED_CURVE() B_SPLINE_CURVE(2,(#1337,#1338,#1339),
.UNSPECIFIED.,.F.,.F.) B_SPLINE_CURVE_WITH_KNOTS((3,3),(4.712388980385,
4.799655442984),.PIECEWISE_BEZIER_KNOTS.) CURVE() 
GEOMETRIC_REPRESENTATION_ITEM() RATIONAL_B_SPLINE_CURVE((1.,
0.999048221582,1.)) REPRESENTATION_ITEM('') );
#1337 = CARTESIAN_POINT('',(-1.845434574947,1.195434574947,6.00001E-02)
  );
#1338 = CARTESIAN_POINT('',(-1.845434574947,1.195434574947,
    6.218314714543E-02));
#1339 = CARTESIAN_POINT('',(-1.845244309851,1.195434574947,
    6.435788713738E-02));
#1340 = ( BOUNDED_SURFACE() B_SPLINE_SURFACE(2,1,(
    (#1341,#1342)
    ,(#1343,#1344)
    ,(#1345,#1346
)),.UNSPECIFIED.,.F.,.F.,.F.) B_SPLINE_SURFACE_WITH_KNOTS((3,3),(2,2),(
    0.,8.726646259972E-02),(-0.5,-5.456542505346E-02),
.PIECEWISE_BEZIER_KNOTS.) GEOMETRIC_REPRESENTATION_ITEM() 
RATIONAL_B_SPLINE_SURFACE((
    (1.,1.)
    ,(0.999048221582,0.999048221582)
,(1.,1.))) REPRESENTATION_ITEM('') SURFACE() );
#1341 = CARTESIAN_POINT('',(-1.845434574947,0.75,6.00001E-02));
#1342 = CARTESIAN_POINT('',(-1.845434574947,1.195434574947,6.00001E-02)
  );
#1343 = CARTESIAN_POINT('',(-1.845434574947,0.75,6.218314714543E-02));
#1344 = CARTESIAN_POINT('',(-1.845434574947,1.195434574947,
    6.218314714543E-02));
#1345 = CARTESIAN_POINT('',(-1.845244309851,0.75,6.435788713738E-02));
#1346 = CARTESIAN_POINT('',(-1.845244309851,1.195434574947,
    6.435788713738E-02));
#1347 = ADVANCED_FACE('',(#1348),#1378,.T.);
#1348 = FACE_BOUND('',#1349,.T.);
#1349 = EDGE_LOOP('',(#1350,#1359,#1366,#1373));
#1350 = ORIENTED_EDGE('',*,*,#1351,.F.);
#1351 = EDGE_CURVE('',#1352,#1354,#1356,.T.);
#1352 = VERTEX_POINT('',#1353);
#1353 = CARTESIAN_POINT('',(-1.399593400214,1.12106921095,0.9600001));
#1354 = VERTEX_POINT('',#1355);
#1355 = CARTESIAN_POINT('',(-1.399593400214,-1.12106921095,0.9600001));
#1356 = B_SPLINE_CURVE_WITH_KNOTS('',1,(#1357,#1358),.UNSPECIFIED.,.F.,
  .F.,(2,2),(0.636389822123,2.878528244022),.PIECEWISE_BEZIER_KNOTS.);
#1357 = CARTESIAN_POINT('',(-1.399593400214,1.12106921095,0.9600001));
#1358 = CARTESIAN_POINT('',(-1.399593400214,-1.12106921095,0.9600001));
#1359 = ORIENTED_EDGE('',*,*,#1360,.T.);
#1360 = EDGE_CURVE('',#1352,#1361,#1363,.T.);
#1361 = VERTEX_POINT('',#1362);
#1362 = CARTESIAN_POINT('',(-1.516547212278,1.12106921095,0.9600001));
#1363 = B_SPLINE_CURVE_WITH_KNOTS('',1,(#1364,#1365),.UNSPECIFIED.,.F.,
  .F.,(2,2),(-0.367292369436,-0.250338557372),.PIECEWISE_BEZIER_KNOTS.);
#1364 = CARTESIAN_POINT('',(-1.399593400214,1.12106921095,0.9600001));
#1365 = CARTESIAN_POINT('',(-1.516547212278,1.12106921095,0.9600001));
#1366 = ORIENTED_EDGE('',*,*,#1367,.F.);
#1367 = EDGE_CURVE('',#1368,#1361,#1370,.T.);
#1368 = VERTEX_POINT('',#1369);
#1369 = CARTESIAN_POINT('',(-1.516547212278,-1.12106921095,0.9600001));
#1370 = B_SPLINE_CURVE_WITH_KNOTS('',1,(#1371,#1372),.UNSPECIFIED.,.F.,
  .F.,(2,2),(-2.878528244022,-0.636389822123),.PIECEWISE_BEZIER_KNOTS.);
#1371 = CARTESIAN_POINT('',(-1.516547212278,-1.12106921095,0.9600001));
#1372 = CARTESIAN_POINT('',(-1.516547212278,1.12106921095,0.9600001));
#1373 = ORIENTED_EDGE('',*,*,#1374,.T.);
#1374 = EDGE_CURVE('',#1368,#1354,#1375,.T.);
#1375 = B_SPLINE_CURVE_WITH_KNOTS('',1,(#1376,#1377),.UNSPECIFIED.,.F.,
  .F.,(2,2),(-3.283432981929,-3.166479169865),.PIECEWISE_BEZIER_KNOTS.);
#1376 = CARTESIAN_POINT('',(-1.516547212278,-1.12106921095,0.9600001));
#1377 = CARTESIAN_POINT('',(-1.399593400214,-1.12106921095,0.9600001));
#1378 = B_SPLINE_SURFACE_WITH_KNOTS('',1,1,(
    (#1379,#1380)
    ,(#1381,#1382
    )),.UNSPECIFIED.,.F.,.F.,.F.,(2,2),(2,2),(-1.516547212278,
    -1.399593400214),(-1.12106921095,1.12106921095),
  .PIECEWISE_BEZIER_KNOTS.);
#1379 = CARTESIAN_POINT('',(-1.516547212278,-1.12106921095,0.9600001));
#1380 = CARTESIAN_POINT('',(-1.516547212278,1.12106921095,0.9600001));
#1381 = CARTESIAN_POINT('',(-1.399593400214,-1.12106921095,0.9600001));
#1382 = CARTESIAN_POINT('',(-1.399593400214,1.12106921095,0.9600001));
#1383 = ADVANCED_FACE('',(#1384),#1414,.T.);
#1384 = FACE_BOUND('',#1385,.T.);
#1385 = EDGE_LOOP('',(#1386,#1395,#1402,#1409));
#1386 = ORIENTED_EDGE('',*,*,#1387,.F.);
#1387 = EDGE_CURVE('',#1388,#1390,#1392,.T.);
#1388 = VERTEX_POINT('',#1389);
#1389 = CARTESIAN_POINT('',(-1.599593400214,1.12106921095,0.9600001));
#1390 = VERTEX_POINT('',#1391);
#1391 = CARTESIAN_POINT('',(-1.599593400214,-1.12106921095,0.9600001));
#1392 = B_SPLINE_CURVE_WITH_KNOTS('',1,(#1393,#1394),.UNSPECIFIED.,.F.,
  .F.,(2,2),(0.636389822123,2.878528244022),.PIECEWISE_BEZIER_KNOTS.);
#1393 = CARTESIAN_POINT('',(-1.599593400214,1.12106921095,0.9600001));
#1394 = CARTESIAN_POINT('',(-1.599593400214,-1.12106921095,0.9600001));
#1395 = ORIENTED_EDGE('',*,*,#1396,.T.);
#1396 = EDGE_CURVE('',#1388,#1397,#1399,.T.);
#1397 = VERTEX_POINT('',#1398);
#1398 = CARTESIAN_POINT('',(-1.72106921095,1.12106921095,0.9600001));
#1399 = B_SPLINE_CURVE_WITH_KNOTS('',1,(#1400,#1401),.UNSPECIFIED.,.F.,
  .F.,(2,2),(-0.167292369436,-4.581655870087E-02),
  .PIECEWISE_BEZIER_KNOTS.);
#1400 = CARTESIAN_POINT('',(-1.599593400214,1.12106921095,0.9600001));
#1401 = CARTESIAN_POINT('',(-1.72106921095,1.12106921095,0.9600001));
#1402 = ORIENTED_EDGE('',*,*,#1403,.T.);
#1403 = EDGE_CURVE('',#1397,#1404,#1406,.T.);
#1404 = VERTEX_POINT('',#1405);
#1405 = CARTESIAN_POINT('',(-1.72106921095,-1.12106921095,0.9600001));
#1406 = B_SPLINE_CURVE_WITH_KNOTS('',1,(#1407,#1408),.UNSPECIFIED.,.F.,
  .F.,(2,2),(-2.2879549806,-4.581655870087E-02),
  .PIECEWISE_BEZIER_KNOTS.);
#1407 = CARTESIAN_POINT('',(-1.72106921095,1.12106921095,0.9600001));
#1408 = CARTESIAN_POINT('',(-1.72106921095,-1.12106921095,0.9600001));
#1409 = ORIENTED_EDGE('',*,*,#1410,.T.);
#1410 = EDGE_CURVE('',#1404,#1390,#1411,.T.);
#1411 = B_SPLINE_CURVE_WITH_KNOTS('',1,(#1412,#1413),.UNSPECIFIED.,.F.,
  .F.,(2,2),(-3.4879549806,-3.366479169865),.PIECEWISE_BEZIER_KNOTS.);
#1412 = CARTESIAN_POINT('',(-1.72106921095,-1.12106921095,0.9600001));
#1413 = CARTESIAN_POINT('',(-1.599593400214,-1.12106921095,0.9600001));
#1414 = B_SPLINE_SURFACE_WITH_KNOTS('',1,1,(
    (#1415,#1416)
    ,(#1417,#1418
    )),.UNSPECIFIED.,.F.,.F.,.F.,(2,2),(2,2),(-1.72106921095,
    -1.599593400214),(-1.12106921095,1.12106921095),
  .PIECEWISE_BEZIER_KNOTS.);
#1415 = CARTESIAN_POINT('',(-1.72106921095,-1.12106921095,0.9600001));
#1416 = CARTESIAN_POINT('',(-1.72106921095,1.12106921095,0.9600001));
#1417 = CARTESIAN_POINT('',(-1.599593400214,-1.12106921095,0.9600001));
#1418 = CARTESIAN_POINT('',(-1.599593400214,1.12106921095,0.9600001));
#1419 = ADVANCED_FACE('',(#1420),#1450,.T.);
#1420 = FACE_BOUND('',#1421,.T.);
#1421 = EDGE_LOOP('',(#1422,#1431,#1438,#1445));
#1422 = ORIENTED_EDGE('',*,*,#1423,.T.);
#1423 = EDGE_CURVE('',#1424,#1426,#1428,.T.);
#1424 = VERTEX_POINT('',#1425);
#1425 = CARTESIAN_POINT('',(-1.72106921095,1.170878945854,0.914357887137
    ));
#1426 = VERTEX_POINT('',#1427);
#1427 = CARTESIAN_POINT('',(1.72106921095,1.170878945854,0.914357887137)
  );
#1428 = B_SPLINE_CURVE_WITH_KNOTS('',1,(#1429,#1430),.UNSPECIFIED.,.F.,
  .F.,(2,2),(-3.4879549806,-4.581655870087E-02),
  .PIECEWISE_BEZIER_KNOTS.);
#1429 = CARTESIAN_POINT('',(-1.72106921095,1.170878945854,0.914357887137
    ));
#1430 = CARTESIAN_POINT('',(1.72106921095,1.170878945854,0.914357887137)
  );
#1431 = ORIENTED_EDGE('',*,*,#1432,.T.);
#1432 = EDGE_CURVE('',#1426,#1433,#1435,.T.);
#1433 = VERTEX_POINT('',#1434);
#1434 = CARTESIAN_POINT('',(1.795434574947,1.245244309851,
    6.435788713738E-02));
#1435 = B_SPLINE_CURVE_WITH_KNOTS('',1,(#1436,#1437),.UNSPECIFIED.,.F.,
  .F.,(2,2),(-0.594320103442,0.26216131184),.PIECEWISE_BEZIER_KNOTS.);
#1436 = CARTESIAN_POINT('',(1.72106921095,1.170878945854,0.914357887137)
  );
#1437 = CARTESIAN_POINT('',(1.795434574947,1.245244309851,
    6.435788713738E-02));
#1438 = ORIENTED_EDGE('',*,*,#1439,.T.);
#1439 = EDGE_CURVE('',#1433,#1440,#1442,.T.);
#1440 = VERTEX_POINT('',#1441);
#1441 = CARTESIAN_POINT('',(-1.795434574947,1.245244309851,
    6.435788713738E-02));
#1442 = B_SPLINE_CURVE_WITH_KNOTS('',1,(#1443,#1444),.UNSPECIFIED.,.F.,
  .F.,(2,2),(-3.645434574947,-5.456542505346E-02),
  .PIECEWISE_BEZIER_KNOTS.);
#1443 = CARTESIAN_POINT('',(1.795434574947,1.245244309851,
    6.435788713738E-02));
#1444 = CARTESIAN_POINT('',(-1.795434574947,1.245244309851,
    6.435788713738E-02));
#1445 = ORIENTED_EDGE('',*,*,#1446,.T.);
#1446 = EDGE_CURVE('',#1440,#1424,#1447,.T.);
#1447 = B_SPLINE_CURVE_WITH_KNOTS('',1,(#1448,#1449),.UNSPECIFIED.,.F.,
  .F.,(2,2),(5.909708545724E-02,0.91557850074),
  .PIECEWISE_BEZIER_KNOTS.);
#1448 = CARTESIAN_POINT('',(-1.795434574947,1.245244309851,
    6.435788713738E-02));
#1449 = CARTESIAN_POINT('',(-1.72106921095,1.170878945854,0.914357887137
    ));
#1450 = B_SPLINE_SURFACE_WITH_KNOTS('',1,1,(
    (#1451,#1452)
    ,(#1453,#1454
    )),.UNSPECIFIED.,.F.,.F.,.F.,(2,2),(2,2),(5.456542505346E-02,
    0.907812286965),(5.456542505346E-02,3.645434574947),
  .PIECEWISE_BEZIER_KNOTS.);
#1451 = CARTESIAN_POINT('',(-1.795434574947,1.245244309851,
    6.435788713738E-02));
#1452 = CARTESIAN_POINT('',(1.795434574947,1.245244309851,
    6.435788713738E-02));
#1453 = CARTESIAN_POINT('',(-1.795434574947,1.170878945854,
    0.914357887137));
#1454 = CARTESIAN_POINT('',(1.795434574947,1.170878945854,0.914357887137
    ));
#1455 = ADVANCED_FACE('',(#1456),#1506,.T.);
#1456 = FACE_BOUND('',#1457,.T.);
#1457 = EDGE_LOOP('',(#1458,#1459,#1466,#1473,#1480,#1487,#1494,#1501));
#1458 = ORIENTED_EDGE('',*,*,#1328,.T.);
#1459 = ORIENTED_EDGE('',*,*,#1460,.T.);
#1460 = EDGE_CURVE('',#1321,#1461,#1463,.T.);
#1461 = VERTEX_POINT('',#1462);
#1462 = CARTESIAN_POINT('',(-1.835126927201,0.75,0.1800001));
#1463 = B_SPLINE_CURVE_WITH_KNOTS('',1,(#1464,#1465),.UNSPECIFIED.,.F.,
  .F.,(2,2),(5.456542505346E-02,0.170649372382),
  .PIECEWISE_BEZIER_KNOTS.);
#1464 = CARTESIAN_POINT('',(-1.845244309851,0.75,6.435788713738E-02));
#1465 = CARTESIAN_POINT('',(-1.835126927201,0.75,0.1800001));
#1466 = ORIENTED_EDGE('',*,*,#1467,.F.);
#1467 = EDGE_CURVE('',#1468,#1461,#1470,.T.);
#1468 = VERTEX_POINT('',#1469);
#1469 = CARTESIAN_POINT('',(-1.835126927201,-0.75,0.1800001));
#1470 = B_SPLINE_CURVE_WITH_KNOTS('',1,(#1471,#1472),.UNSPECIFIED.,.F.,
  .F.,(2,2),(-2.,-0.5),.PIECEWISE_BEZIER_KNOTS.);
#1471 = CARTESIAN_POINT('',(-1.835126927201,-0.75,0.1800001));
#1472 = CARTESIAN_POINT('',(-1.835126927201,0.75,0.1800001));
#1473 = ORIENTED_EDGE('',*,*,#1474,.T.);
#1474 = EDGE_CURVE('',#1468,#1475,#1477,.T.);
#1475 = VERTEX_POINT('',#1476);
#1476 = CARTESIAN_POINT('',(-1.845244309851,-0.75,6.435788713738E-02));
#1477 = B_SPLINE_CURVE_WITH_KNOTS('',1,(#1478,#1479),.UNSPECIFIED.,.F.,
  .F.,(2,2),(-0.170649372382,-5.456542505346E-02),
  .PIECEWISE_BEZIER_KNOTS.);
#1478 = CARTESIAN_POINT('',(-1.835126927201,-0.75,0.1800001));
#1479 = CARTESIAN_POINT('',(-1.845244309851,-0.75,6.435788713738E-02));
#1480 = ORIENTED_EDGE('',*,*,#1481,.T.);
#1481 = EDGE_CURVE('',#1475,#1482,#1484,.T.);
#1482 = VERTEX_POINT('',#1483);
#1483 = CARTESIAN_POINT('',(-1.845244309851,-1.195434574947,
    6.435788713738E-02));
#1484 = B_SPLINE_CURVE_WITH_KNOTS('',1,(#1485,#1486),.UNSPECIFIED.,.F.,
  .F.,(2,2),(2.,2.445434574947),.PIECEWISE_BEZIER_KNOTS.);
#1485 = CARTESIAN_POINT('',(-1.845244309851,-0.75,6.435788713738E-02));
#1486 = CARTESIAN_POINT('',(-1.845244309851,-1.195434574947,
    6.435788713738E-02));
#1487 = ORIENTED_EDGE('',*,*,#1488,.T.);
#1488 = EDGE_CURVE('',#1482,#1489,#1491,.T.);
#1489 = VERTEX_POINT('',#1490);
#1490 = CARTESIAN_POINT('',(-1.770878945854,-1.12106921095,
    0.914357887137));
#1491 = B_SPLINE_CURVE_WITH_KNOTS('',1,(#1492,#1493),.UNSPECIFIED.,.F.,
  .F.,(2,2),(-0.157969399203,0.698512016079),.PIECEWISE_BEZIER_KNOTS.);
#1492 = CARTESIAN_POINT('',(-1.845244309851,-1.195434574947,
    6.435788713738E-02));
#1493 = CARTESIAN_POINT('',(-1.770878945854,-1.12106921095,
    0.914357887137));
#1494 = ORIENTED_EDGE('',*,*,#1495,.T.);
#1495 = EDGE_CURVE('',#1489,#1496,#1498,.T.);
#1496 = VERTEX_POINT('',#1497);
#1497 = CARTESIAN_POINT('',(-1.770878945854,1.12106921095,0.914357887137
    ));
#1498 = B_SPLINE_CURVE_WITH_KNOTS('',1,(#1499,#1500),.UNSPECIFIED.,.F.,
  .F.,(2,2),(-2.2879549806,-4.581655870087E-02),
  .PIECEWISE_BEZIER_KNOTS.);
#1499 = CARTESIAN_POINT('',(-1.770878945854,-1.12106921095,
    0.914357887137));
#1500 = CARTESIAN_POINT('',(-1.770878945854,1.12106921095,0.914357887137
    ));
#1501 = ORIENTED_EDGE('',*,*,#1502,.T.);
#1502 = EDGE_CURVE('',#1496,#1329,#1503,.T.);
#1503 = B_SPLINE_CURVE_WITH_KNOTS('',1,(#1504,#1505),.UNSPECIFIED.,.F.,
  .F.,(2,2),(-0.91557850074,-5.909708545724E-02),
  .PIECEWISE_BEZIER_KNOTS.);
#1504 = CARTESIAN_POINT('',(-1.770878945854,1.12106921095,0.914357887137
    ));
#1505 = CARTESIAN_POINT('',(-1.845244309851,1.195434574947,
    6.435788713738E-02));
#1506 = B_SPLINE_SURFACE_WITH_KNOTS('',1,1,(
    (#1507,#1508)
    ,(#1509,#1510
    )),.UNSPECIFIED.,.F.,.F.,.F.,(2,2),(2,2),(5.456542505346E-02,
    0.907812286965),(-2.445434574947,-5.456542505346E-02),
  .PIECEWISE_BEZIER_KNOTS.);
#1507 = CARTESIAN_POINT('',(-1.845244309851,-1.195434574947,
    6.435788713738E-02));
#1508 = CARTESIAN_POINT('',(-1.845244309851,1.195434574947,
    6.435788713738E-02));
#1509 = CARTESIAN_POINT('',(-1.770878945854,-1.195434574947,
    0.914357887137));
#1510 = CARTESIAN_POINT('',(-1.770878945854,1.195434574947,
    0.914357887137));
#1511 = ADVANCED_FACE('',(#1512),#1542,.T.);
#1512 = FACE_BOUND('',#1513,.T.);
#1513 = EDGE_LOOP('',(#1514,#1523,#1530,#1537));
#1514 = ORIENTED_EDGE('',*,*,#1515,.T.);
#1515 = EDGE_CURVE('',#1516,#1518,#1520,.T.);
#1516 = VERTEX_POINT('',#1517);
#1517 = CARTESIAN_POINT('',(-1.795434574947,-1.245244309851,
    6.435788713738E-02));
#1518 = VERTEX_POINT('',#1519);
#1519 = CARTESIAN_POINT('',(1.795434574947,-1.245244309851,
    6.435788713738E-02));
#1520 = B_SPLINE_CURVE_WITH_KNOTS('',1,(#1521,#1522),.UNSPECIFIED.,.F.,
  .F.,(2,2),(5.456542505346E-02,3.645434574947),
  .PIECEWISE_BEZIER_KNOTS.);
#1521 = CARTESIAN_POINT('',(-1.795434574947,-1.245244309851,
    6.435788713738E-02));
#1522 = CARTESIAN_POINT('',(1.795434574947,-1.245244309851,
    6.435788713738E-02));
#1523 = ORIENTED_EDGE('',*,*,#1524,.T.);
#1524 = EDGE_CURVE('',#1518,#1525,#1527,.T.);
#1525 = VERTEX_POINT('',#1526);
#1526 = CARTESIAN_POINT('',(1.72106921095,-1.170878945854,0.914357887137
    ));
#1527 = B_SPLINE_CURVE_WITH_KNOTS('',1,(#1528,#1529),.UNSPECIFIED.,.F.,
  .F.,(2,2),(-0.26216131184,0.594320103442),.PIECEWISE_BEZIER_KNOTS.);
#1528 = CARTESIAN_POINT('',(1.795434574947,-1.245244309851,
    6.435788713738E-02));
#1529 = CARTESIAN_POINT('',(1.72106921095,-1.170878945854,0.914357887137
    ));
#1530 = ORIENTED_EDGE('',*,*,#1531,.T.);
#1531 = EDGE_CURVE('',#1525,#1532,#1534,.T.);
#1532 = VERTEX_POINT('',#1533);
#1533 = CARTESIAN_POINT('',(-1.72106921095,-1.170878945854,
    0.914357887137));
#1534 = B_SPLINE_CURVE_WITH_KNOTS('',1,(#1535,#1536),.UNSPECIFIED.,.F.,
  .F.,(2,2),(-3.4879549806,-4.581655870087E-02),
  .PIECEWISE_BEZIER_KNOTS.);
#1535 = CARTESIAN_POINT('',(1.72106921095,-1.170878945854,0.914357887137
    ));
#1536 = CARTESIAN_POINT('',(-1.72106921095,-1.170878945854,
    0.914357887137));
#1537 = ORIENTED_EDGE('',*,*,#1538,.T.);
#1538 = EDGE_CURVE('',#1532,#1516,#1539,.T.);
#1539 = B_SPLINE_CURVE_WITH_KNOTS('',1,(#1540,#1541),.UNSPECIFIED.,.F.,
  .F.,(2,2),(-0.91557850074,-5.909708545724E-02),
  .PIECEWISE_BEZIER_KNOTS.);
#1540 = CARTESIAN_POINT('',(-1.72106921095,-1.170878945854,
    0.914357887137));
#1541 = CARTESIAN_POINT('',(-1.795434574947,-1.245244309851,
    6.435788713738E-02));
#1542 = B_SPLINE_SURFACE_WITH_KNOTS('',1,1,(
    (#1543,#1544)
    ,(#1545,#1546
    )),.UNSPECIFIED.,.F.,.F.,.F.,(2,2),(2,2),(-0.907812286965,
    -5.456542505346E-02),(5.456542505346E-02,3.645434574947),
  .PIECEWISE_BEZIER_KNOTS.);
#1543 = CARTESIAN_POINT('',(-1.795434574947,-1.170878945854,
    0.914357887137));
#1544 = CARTESIAN_POINT('',(1.795434574947,-1.170878945854,
    0.914357887137));
#1545 = CARTESIAN_POINT('',(-1.795434574947,-1.245244309851,
    6.435788713738E-02));
#1546 = CARTESIAN_POINT('',(1.795434574947,-1.245244309851,
    6.435788713738E-02));
#1547 = ADVANCED_FACE('',(#1548),#1578,.T.);
#1548 = FACE_BOUND('',#1549,.T.);
#1549 = EDGE_LOOP('',(#1550,#1559,#1566,#1573));
#1550 = ORIENTED_EDGE('',*,*,#1551,.F.);
#1551 = EDGE_CURVE('',#1552,#1554,#1556,.T.);
#1552 = VERTEX_POINT('',#1553);
#1553 = CARTESIAN_POINT('',(-1.199593400214,1.12106921095,0.9600001));
#1554 = VERTEX_POINT('',#1555);
#1555 = CARTESIAN_POINT('',(-1.199593400214,-1.12106921095,0.9600001));
#1556 = B_SPLINE_CURVE_WITH_KNOTS('',1,(#1557,#1558),.UNSPECIFIED.,.F.,
  .F.,(2,2),(0.636389822123,2.878528244022),.PIECEWISE_BEZIER_KNOTS.);
#1557 = CARTESIAN_POINT('',(-1.199593400214,1.12106921095,0.9600001));
#1558 = CARTESIAN_POINT('',(-1.199593400214,-1.12106921095,0.9600001));
#1559 = ORIENTED_EDGE('',*,*,#1560,.T.);
#1560 = EDGE_CURVE('',#1552,#1561,#1563,.T.);
#1561 = VERTEX_POINT('',#1562);
#1562 = CARTESIAN_POINT('',(-1.316547212278,1.12106921095,0.9600001));
#1563 = B_SPLINE_CURVE_WITH_KNOTS('',1,(#1564,#1565),.UNSPECIFIED.,.F.,
  .F.,(2,2),(-0.567292369436,-0.450338557372),.PIECEWISE_BEZIER_KNOTS.);
#1564 = CARTESIAN_POINT('',(-1.199593400214,1.12106921095,0.9600001));
#1565 = CARTESIAN_POINT('',(-1.316547212278,1.12106921095,0.9600001));
#1566 = ORIENTED_EDGE('',*,*,#1567,.F.);
#1567 = EDGE_CURVE('',#1568,#1561,#1570,.T.);
#1568 = VERTEX_POINT('',#1569);
#1569 = CARTESIAN_POINT('',(-1.316547212278,-1.12106921095,0.9600001));
#1570 = B_SPLINE_CURVE_WITH_KNOTS('',1,(#1571,#1572),.UNSPECIFIED.,.F.,
  .F.,(2,2),(-2.878528244022,-0.636389822123),.PIECEWISE_BEZIER_KNOTS.);
#1571 = CARTESIAN_POINT('',(-1.316547212278,-1.12106921095,0.9600001));
#1572 = CARTESIAN_POINT('',(-1.316547212278,1.12106921095,0.9600001));
#1573 = ORIENTED_EDGE('',*,*,#1574,.T.);
#1574 = EDGE_CURVE('',#1568,#1554,#1575,.T.);
#1575 = B_SPLINE_CURVE_WITH_KNOTS('',1,(#1576,#1577),.UNSPECIFIED.,.F.,
  .F.,(2,2),(-3.083432981929,-2.966479169865),.PIECEWISE_BEZIER_KNOTS.);
#1576 = CARTESIAN_POINT('',(-1.316547212278,-1.12106921095,0.9600001));
#1577 = CARTESIAN_POINT('',(-1.199593400214,-1.12106921095,0.9600001));
#1578 = B_SPLINE_SURFACE_WITH_KNOTS('',1,1,(
    (#1579,#1580)
    ,(#1581,#1582
    )),.UNSPECIFIED.,.F.,.F.,.F.,(2,2),(2,2),(-1.316547212278,
    -1.199593400214),(-1.12106921095,1.12106921095),
  .PIECEWISE_BEZIER_KNOTS.);
#1579 = CARTESIAN_POINT('',(-1.316547212278,-1.12106921095,0.9600001));
#1580 = CARTESIAN_POINT('',(-1.316547212278,1.12106921095,0.9600001));
#1581 = CARTESIAN_POINT('',(-1.199593400214,-1.12106921095,0.9600001));
#1582 = CARTESIAN_POINT('',(-1.199593400214,1.12106921095,0.9600001));
#1583 = ADVANCED_FACE('',(#1584),#1666,.T.);
#1584 = FACE_BOUND('',#1585,.T.);
#1585 = EDGE_LOOP('',(#1586,#1594,#1601,#1607,#1608,#1616,#1623,#1629,
    #1630,#1638,#1645,#1651,#1652,#1658,#1659,#1665));
#1586 = ORIENTED_EDGE('',*,*,#1587,.F.);
#1587 = EDGE_CURVE('',#1588,#182,#1590,.T.);
#1588 = VERTEX_POINT('',#1589);
#1589 = CARTESIAN_POINT('',(-1.116547212278,-1.131019085321,0.9590001));
#1590 = ( BOUNDED_CURVE() B_SPLINE_CURVE(2,(#1591,#1592,#1593),
.UNSPECIFIED.,.F.,.F.) B_SPLINE_CURVE_WITH_KNOTS((3,3),(4.512054138062,
4.712388980385),.PIECEWISE_BEZIER_KNOTS.) CURVE() 
GEOMETRIC_REPRESENTATION_ITEM() RATIONAL_B_SPLINE_CURVE((1.,
0.994987437107,1.)) REPRESENTATION_ITEM('') );
#1591 = CARTESIAN_POINT('',(-1.116547212278,-1.131019085321,0.9590001));
#1592 = CARTESIAN_POINT('',(-1.116547212278,-1.126094400026,0.9600001));
#1593 = CARTESIAN_POINT('',(-1.116547212278,-1.12106921095,0.9600001));
#1594 = ORIENTED_EDGE('',*,*,#1595,.T.);
#1595 = EDGE_CURVE('',#1588,#1596,#1598,.T.);
#1596 = VERTEX_POINT('',#1597);
#1597 = CARTESIAN_POINT('',(-1.199593400214,-1.131019085321,0.9590001));
#1598 = B_SPLINE_CURVE_WITH_KNOTS('',1,(#1599,#1600),.UNSPECIFIED.,.F.,
  .F.,(2,2),(1.116547212278,1.199593400214),.PIECEWISE_BEZIER_KNOTS.);
#1599 = CARTESIAN_POINT('',(-1.116547212278,-1.131019085321,0.9590001));
#1600 = CARTESIAN_POINT('',(-1.199593400214,-1.131019085321,0.9590001));
#1601 = ORIENTED_EDGE('',*,*,#1602,.F.);
#1602 = EDGE_CURVE('',#1554,#1596,#1603,.T.);
#1603 = ( BOUNDED_CURVE() B_SPLINE_CURVE(2,(#1604,#1605,#1606),
.UNSPECIFIED.,.F.,.F.) B_SPLINE_CURVE_WITH_KNOTS((3,3),(0.,
0.200334842323),.PIECEWISE_BEZIER_KNOTS.) CURVE() 
GEOMETRIC_REPRESENTATION_ITEM() RATIONAL_B_SPLINE_CURVE((1.,
0.994987437107,1.)) REPRESENTATION_ITEM('') );
#1604 = CARTESIAN_POINT('',(-1.199593400214,-1.12106921095,0.9600001));
#1605 = CARTESIAN_POINT('',(-1.199593400214,-1.126094400026,0.9600001));
#1606 = CARTESIAN_POINT('',(-1.199593400214,-1.131019085321,0.9590001));
#1607 = ORIENTED_EDGE('',*,*,#1574,.F.);
#1608 = ORIENTED_EDGE('',*,*,#1609,.F.);
#1609 = EDGE_CURVE('',#1610,#1568,#1612,.T.);
#1610 = VERTEX_POINT('',#1611);
#1611 = CARTESIAN_POINT('',(-1.316547212278,-1.131019085321,0.9590001));
#1612 = ( BOUNDED_CURVE() B_SPLINE_CURVE(2,(#1613,#1614,#1615),
.UNSPECIFIED.,.F.,.F.) B_SPLINE_CURVE_WITH_KNOTS((3,3),(4.512054138062,
4.712388980385),.PIECEWISE_BEZIER_KNOTS.) CURVE() 
GEOMETRIC_REPRESENTATION_ITEM() RATIONAL_B_SPLINE_CURVE((1.,
0.994987437107,1.)) REPRESENTATION_ITEM('') );
#1613 = CARTESIAN_POINT('',(-1.316547212278,-1.131019085321,0.9590001));
#1614 = CARTESIAN_POINT('',(-1.316547212278,-1.126094400026,0.9600001));
#1615 = CARTESIAN_POINT('',(-1.316547212278,-1.12106921095,0.9600001));
#1616 = ORIENTED_EDGE('',*,*,#1617,.F.);
#1617 = EDGE_CURVE('',#1618,#1610,#1620,.T.);
#1618 = VERTEX_POINT('',#1619);
#1619 = CARTESIAN_POINT('',(-1.399593400214,-1.131019085321,0.9590001));
#1620 = B_SPLINE_CURVE_WITH_KNOTS('',1,(#1621,#1622),.UNSPECIFIED.,.F.,
  .F.,(2,2),(-1.399593400214,-1.316547212278),.PIECEWISE_BEZIER_KNOTS.);
#1621 = CARTESIAN_POINT('',(-1.399593400214,-1.131019085321,0.9590001));
#1622 = CARTESIAN_POINT('',(-1.316547212278,-1.131019085321,0.9590001));
#1623 = ORIENTED_EDGE('',*,*,#1624,.F.);
#1624 = EDGE_CURVE('',#1354,#1618,#1625,.T.);
#1625 = ( BOUNDED_CURVE() B_SPLINE_CURVE(2,(#1626,#1627,#1628),
.UNSPECIFIED.,.F.,.F.) B_SPLINE_CURVE_WITH_KNOTS((3,3),(0.,
0.200334842323),.PIECEWISE_BEZIER_KNOTS.) CURVE() 
GEOMETRIC_REPRESENTATION_ITEM() RATIONAL_B_SPLINE_CURVE((1.,
0.994987437107,1.)) REPRESENTATION_ITEM('') );
#1626 = CARTESIAN_POINT('',(-1.399593400214,-1.12106921095,0.9600001));
#1627 = CARTESIAN_POINT('',(-1.399593400214,-1.126094400026,0.9600001));
#1628 = CARTESIAN_POINT('',(-1.399593400214,-1.131019085321,0.9590001));
#1629 = ORIENTED_EDGE('',*,*,#1374,.F.);
#1630 = ORIENTED_EDGE('',*,*,#1631,.F.);
#1631 = EDGE_CURVE('',#1632,#1368,#1634,.T.);
#1632 = VERTEX_POINT('',#1633);
#1633 = CARTESIAN_POINT('',(-1.516547212278,-1.131019085321,0.9590001));
#1634 = ( BOUNDED_CURVE() B_SPLINE_CURVE(2,(#1635,#1636,#1637),
.UNSPECIFIED.,.F.,.F.) B_SPLINE_CURVE_WITH_KNOTS((3,3),(4.512054138062,
4.712388980385),.PIECEWISE_BEZIER_KNOTS.) CURVE() 
GEOMETRIC_REPRESENTATION_ITEM() RATIONAL_B_SPLINE_CURVE((1.,
0.994987437107,1.)) REPRESENTATION_ITEM('') );
#1635 = CARTESIAN_POINT('',(-1.516547212278,-1.131019085321,0.9590001));
#1636 = CARTESIAN_POINT('',(-1.516547212278,-1.126094400026,0.9600001));
#1637 = CARTESIAN_POINT('',(-1.516547212278,-1.12106921095,0.9600001));
#1638 = ORIENTED_EDGE('',*,*,#1639,.F.);
#1639 = EDGE_CURVE('',#1640,#1632,#1642,.T.);
#1640 = VERTEX_POINT('',#1641);
#1641 = CARTESIAN_POINT('',(-1.599593400214,-1.131019085321,0.9590001));
#1642 = B_SPLINE_CURVE_WITH_KNOTS('',1,(#1643,#1644),.UNSPECIFIED.,.F.,
  .F.,(2,2),(-1.599593400214,-1.516547212278),.PIECEWISE_BEZIER_KNOTS.);
#1643 = CARTESIAN_POINT('',(-1.599593400214,-1.131019085321,0.9590001));
#1644 = CARTESIAN_POINT('',(-1.516547212278,-1.131019085321,0.9590001));
#1645 = ORIENTED_EDGE('',*,*,#1646,.F.);
#1646 = EDGE_CURVE('',#1390,#1640,#1647,.T.);
#1647 = ( BOUNDED_CURVE() B_SPLINE_CURVE(2,(#1648,#1649,#1650),
.UNSPECIFIED.,.F.,.F.) B_SPLINE_CURVE_WITH_KNOTS((3,3),(0.,
0.200334842323),.PIECEWISE_BEZIER_KNOTS.) CURVE() 
GEOMETRIC_REPRESENTATION_ITEM() RATIONAL_B_SPLINE_CURVE((1.,
0.994987437107,1.)) REPRESENTATION_ITEM('') );
#1648 = CARTESIAN_POINT('',(-1.599593400214,-1.12106921095,0.9600001));
#1649 = CARTESIAN_POINT('',(-1.599593400214,-1.126094400026,0.9600001));
#1650 = CARTESIAN_POINT('',(-1.599593400214,-1.131019085321,0.9590001));
#1651 = ORIENTED_EDGE('',*,*,#1410,.F.);
#1652 = ORIENTED_EDGE('',*,*,#1653,.F.);
#1653 = EDGE_CURVE('',#1532,#1404,#1654,.T.);
#1654 = ( BOUNDED_CURVE() B_SPLINE_CURVE(2,(#1655,#1656,#1657),
.UNSPECIFIED.,.F.,.F.) B_SPLINE_CURVE_WITH_KNOTS((3,3),(4.799655442984,
6.28318530718),.PIECEWISE_BEZIER_KNOTS.) CURVE() 
GEOMETRIC_REPRESENTATION_ITEM() RATIONAL_B_SPLINE_CURVE((1.,
0.73727733681,1.)) REPRESENTATION_ITEM('') );
#1655 = CARTESIAN_POINT('',(-1.72106921095,-1.170878945854,
    0.914357887137));
#1656 = CARTESIAN_POINT('',(-1.72106921095,-1.16688576965,0.9600001));
#1657 = CARTESIAN_POINT('',(-1.72106921095,-1.12106921095,0.9600001));
#1658 = ORIENTED_EDGE('',*,*,#1531,.F.);
#1659 = ORIENTED_EDGE('',*,*,#1660,.F.);
#1660 = EDGE_CURVE('',#191,#1525,#1661,.T.);
#1661 = ( BOUNDED_CURVE() B_SPLINE_CURVE(2,(#1662,#1663,#1664),
.UNSPECIFIED.,.F.,.F.) B_SPLINE_CURVE_WITH_KNOTS((3,3),(3.14159265359,
4.625122517785),.PIECEWISE_BEZIER_KNOTS.) CURVE() 
GEOMETRIC_REPRESENTATION_ITEM() RATIONAL_B_SPLINE_CURVE((1.,
0.73727733681,1.)) REPRESENTATION_ITEM('') );
#1662 = CARTESIAN_POINT('',(1.72106921095,-1.12106921095,0.9600001));
#1663 = CARTESIAN_POINT('',(1.72106921095,-1.16688576965,0.9600001));
#1664 = CARTESIAN_POINT('',(1.72106921095,-1.170878945854,0.914357887137
    ));
#1665 = ORIENTED_EDGE('',*,*,#190,.F.);
#1666 = ( BOUNDED_SURFACE() B_SPLINE_SURFACE(2,1,(
    (#1667,#1668)
    ,(#1669,#1670)
    ,(#1671,#1672
)),.UNSPECIFIED.,.F.,.F.,.F.) B_SPLINE_SURFACE_WITH_KNOTS((3,3),(2,2),(
    3.14159265359,4.625122517785),(-1.72106921095,1.72106921095),
.PIECEWISE_BEZIER_KNOTS.) GEOMETRIC_REPRESENTATION_ITEM() 
RATIONAL_B_SPLINE_SURFACE((
    (1.,1.)
    ,(0.73727733681,0.73727733681)
,(1.,1.))) REPRESENTATION_ITEM('') SURFACE() );
#1667 = CARTESIAN_POINT('',(-1.72106921095,-1.12106921095,0.9600001));
#1668 = CARTESIAN_POINT('',(1.72106921095,-1.12106921095,0.9600001));
#1669 = CARTESIAN_POINT('',(-1.72106921095,-1.16688576965,0.9600001));
#1670 = CARTESIAN_POINT('',(1.72106921095,-1.16688576965,0.9600001));
#1671 = CARTESIAN_POINT('',(-1.72106921095,-1.170878945854,
    0.914357887137));
#1672 = CARTESIAN_POINT('',(1.72106921095,-1.170878945854,0.914357887137
    ));
#1673 = ADVANCED_FACE('',(#1674),#1689,.T.);
#1674 = FACE_BOUND('',#1675,.T.);
#1675 = EDGE_LOOP('',(#1676,#1682,#1683));
#1676 = ORIENTED_EDGE('',*,*,#1677,.F.);
#1677 = EDGE_CURVE('',#191,#1245,#1678,.T.);
#1678 = ( BOUNDED_CURVE() B_SPLINE_CURVE(2,(#1679,#1680,#1681),
.UNSPECIFIED.,.F.,.F.) B_SPLINE_CURVE_WITH_KNOTS((3,3),(3.14159265359,
4.625122517785),.PIECEWISE_BEZIER_KNOTS.) CURVE() 
GEOMETRIC_REPRESENTATION_ITEM() RATIONAL_B_SPLINE_CURVE((1.,
0.73727733681,1.)) REPRESENTATION_ITEM('') );
#1679 = CARTESIAN_POINT('',(1.72106921095,-1.12106921095,0.9600001));
#1680 = CARTESIAN_POINT('',(1.76688576965,-1.12106921095,0.9600001));
#1681 = CARTESIAN_POINT('',(1.770878945854,-1.12106921095,0.914357887137
    ));
#1682 = ORIENTED_EDGE('',*,*,#1660,.T.);
#1683 = ORIENTED_EDGE('',*,*,#1684,.F.);
#1684 = EDGE_CURVE('',#1245,#1525,#1685,.T.);
#1685 = ( BOUNDED_CURVE() B_SPLINE_CURVE(2,(#1686,#1687,#1688),
.UNSPECIFIED.,.F.,.F.) B_SPLINE_CURVE_WITH_KNOTS((3,3),(4.719985176931,
6.28318530718),.PIECEWISE_BEZIER_KNOTS.) CURVE() 
GEOMETRIC_REPRESENTATION_ITEM() RATIONAL_B_SPLINE_CURVE((1.,
0.709787335578,1.)) REPRESENTATION_ITEM('') );
#1686 = CARTESIAN_POINT('',(1.770878945854,-1.12106921095,0.914357887137
    ));
#1687 = CARTESIAN_POINT('',(1.770503437365,-1.170503437365,
    0.918649968803));
#1688 = CARTESIAN_POINT('',(1.72106921095,-1.170878945854,0.914357887137
    ));
#1689 = ( BOUNDED_SURFACE() B_SPLINE_SURFACE(2,2,(
    (#1690,#1691,#1692)
    ,(#1693,#1694,#1695)
    ,(#1696,#1697,#1698
)),.UNSPECIFIED.,.F.,.F.,.F.) B_SPLINE_SURFACE_WITH_KNOTS((3,3),(3,3),(
    4.712388980385,6.19591884458),(-1.483529864195,0.),
.PIECEWISE_BEZIER_KNOTS.) GEOMETRIC_REPRESENTATION_ITEM() 
RATIONAL_B_SPLINE_SURFACE((
    (1.,0.73727733681,1.)
    ,(0.73727733681,0.543577871374,0.73727733681)
,(1.,0.73727733681,1.))) REPRESENTATION_ITEM('') SURFACE() );
#1690 = CARTESIAN_POINT('',(1.72106921095,-1.170878945854,0.914357887137
    ));
#1691 = CARTESIAN_POINT('',(1.721069210949,-1.16688576965,0.9600001));
#1692 = CARTESIAN_POINT('',(1.721069210949,-1.12106921095,0.9600001));
#1693 = CARTESIAN_POINT('',(1.725062387153,-1.170878945854,
    0.914357887137));
#1694 = CARTESIAN_POINT('',(1.76688576965,-1.16688576965,0.9600001));
#1695 = CARTESIAN_POINT('',(1.76688576965,-1.12106921095,0.9600001));
#1696 = CARTESIAN_POINT('',(1.725410415391,-1.170878945854,
    0.910379906175));
#1697 = CARTESIAN_POINT('',(1.770878945854,-1.16688576965,0.914357887137
    ));
#1698 = CARTESIAN_POINT('',(1.770878945854,-1.12106921095,0.914357887137
    ));
#1699 = ADVANCED_FACE('',(#1700),#1715,.T.);
#1700 = FACE_BOUND('',#1701,.T.);
#1701 = EDGE_LOOP('',(#1702,#1708,#1709));
#1702 = ORIENTED_EDGE('',*,*,#1703,.F.);
#1703 = EDGE_CURVE('',#1532,#1489,#1704,.T.);
#1704 = ( BOUNDED_CURVE() B_SPLINE_CURVE(2,(#1705,#1706,#1707),
.UNSPECIFIED.,.F.,.F.) B_SPLINE_CURVE_WITH_KNOTS((3,3),(1.578392523341,
3.14159265359),.PIECEWISE_BEZIER_KNOTS.) CURVE() 
GEOMETRIC_REPRESENTATION_ITEM() RATIONAL_B_SPLINE_CURVE((1.,
0.709787335578,1.)) REPRESENTATION_ITEM('') );
#1705 = CARTESIAN_POINT('',(-1.72106921095,-1.170878945854,
    0.914357887137));
#1706 = CARTESIAN_POINT('',(-1.770503437365,-1.170503437365,
    0.918649968803));
#1707 = CARTESIAN_POINT('',(-1.770878945854,-1.12106921095,
    0.914357887137));
#1708 = ORIENTED_EDGE('',*,*,#1653,.T.);
#1709 = ORIENTED_EDGE('',*,*,#1710,.F.);
#1710 = EDGE_CURVE('',#1489,#1404,#1711,.T.);
#1711 = ( BOUNDED_CURVE() B_SPLINE_CURVE(2,(#1712,#1713,#1714),
.UNSPECIFIED.,.F.,.F.) B_SPLINE_CURVE_WITH_KNOTS((3,3),(3.22885911619,
4.712388980385),.PIECEWISE_BEZIER_KNOTS.) CURVE() 
GEOMETRIC_REPRESENTATION_ITEM() RATIONAL_B_SPLINE_CURVE((1.,
0.73727733681,1.)) REPRESENTATION_ITEM('') );
#1712 = CARTESIAN_POINT('',(-1.770878945854,-1.12106921095,
    0.914357887137));
#1713 = CARTESIAN_POINT('',(-1.76688576965,-1.12106921095,0.9600001));
#1714 = CARTESIAN_POINT('',(-1.72106921095,-1.12106921095,0.9600001));
#1715 = ( BOUNDED_SURFACE() B_SPLINE_SURFACE(2,2,(
    (#1716,#1717,#1718)
    ,(#1719,#1720,#1721)
    ,(#1722,#1723,#1724
)),.UNSPECIFIED.,.F.,.F.,.F.) B_SPLINE_SURFACE_WITH_KNOTS((3,3),(3,3),(
    3.22885911619,4.712388980385),(-1.483529864195,4.440892098501E-15),
.PIECEWISE_BEZIER_KNOTS.) GEOMETRIC_REPRESENTATION_ITEM() 
RATIONAL_B_SPLINE_SURFACE((
    (1.,0.73727733681,1.)
    ,(0.73727733681,0.543577871374,0.73727733681)
,(1.,0.73727733681,1.))) REPRESENTATION_ITEM('') SURFACE() );
#1716 = CARTESIAN_POINT('',(-1.725410415391,-1.170878945854,
    0.910379906175));
#1717 = CARTESIAN_POINT('',(-1.770878945854,-1.16688576965,
    0.914357887137));
#1718 = CARTESIAN_POINT('',(-1.770878945854,-1.12106921095,
    0.914357887137));
#1719 = CARTESIAN_POINT('',(-1.725062387153,-1.170878945854,
    0.914357887137));
#1720 = CARTESIAN_POINT('',(-1.76688576965,-1.16688576965,0.9600001));
#1721 = CARTESIAN_POINT('',(-1.76688576965,-1.12106921095,0.9600001));
#1722 = CARTESIAN_POINT('',(-1.72106921095,-1.170878945854,
    0.914357887137));
#1723 = CARTESIAN_POINT('',(-1.72106921095,-1.16688576965,0.9600001));
#1724 = CARTESIAN_POINT('',(-1.72106921095,-1.12106921095,0.9600001));
#1725 = ADVANCED_FACE('',(#1726),#1737,.T.);
#1726 = FACE_BOUND('',#1727,.T.);
#1727 = EDGE_LOOP('',(#1728,#1729,#1730,#1736));
#1728 = ORIENTED_EDGE('',*,*,#1684,.T.);
#1729 = ORIENTED_EDGE('',*,*,#1524,.F.);
#1730 = ORIENTED_EDGE('',*,*,#1731,.F.);
#1731 = EDGE_CURVE('',#1252,#1518,#1732,.T.);
#1732 = ( BOUNDED_CURVE() B_SPLINE_CURVE(2,(#1733,#1734,#1735),
.UNSPECIFIED.,.F.,.F.) B_SPLINE_CURVE_WITH_KNOTS((3,3),(1.578392523341,
3.14159265359),.PIECEWISE_BEZIER_KNOTS.) CURVE() 
GEOMETRIC_REPRESENTATION_ITEM() RATIONAL_B_SPLINE_CURVE((1.,
0.709787335578,1.)) REPRESENTATION_ITEM('') );
#1733 = CARTESIAN_POINT('',(1.845244309851,-1.195434574947,
    6.435788713738E-02));
#1734 = CARTESIAN_POINT('',(1.844868801362,-1.244868801362,
    6.864996880313E-02));
#1735 = CARTESIAN_POINT('',(1.795434574947,-1.245244309851,
    6.435788713738E-02));
#1736 = ORIENTED_EDGE('',*,*,#1251,.F.);
#1737 = ( BOUNDED_SURFACE() B_SPLINE_SURFACE(2,1,(
    (#1738,#1739)
    ,(#1740,#1741)
    ,(#1742,#1743
)),.UNSPECIFIED.,.F.,.F.,.F.) B_SPLINE_SURFACE_WITH_KNOTS((3,3),(2,2),(
    3.14159265359,4.704792783838),(-0.698512016079,0.157969399203),
.PIECEWISE_BEZIER_KNOTS.) GEOMETRIC_REPRESENTATION_ITEM() 
RATIONAL_B_SPLINE_SURFACE((
    (1.,1.)
    ,(0.709787335578,0.709787335578)
,(1.,1.))) REPRESENTATION_ITEM('') SURFACE() );
#1738 = CARTESIAN_POINT('',(1.770878945854,-1.12106921095,0.914357887137
    ));
#1739 = CARTESIAN_POINT('',(1.845244309851,-1.195434574947,
    6.435788713738E-02));
#1740 = CARTESIAN_POINT('',(1.770503437365,-1.170503437365,
    0.918649968803));
#1741 = CARTESIAN_POINT('',(1.844868801362,-1.244868801362,
    6.864996880313E-02));
#1742 = CARTESIAN_POINT('',(1.72106921095,-1.170878945854,0.914357887137
    ));
#1743 = CARTESIAN_POINT('',(1.795434574947,-1.245244309851,
    6.435788713738E-02));
#1744 = ADVANCED_FACE('',(#1745),#1756,.T.);
#1745 = FACE_BOUND('',#1746,.T.);
#1746 = EDGE_LOOP('',(#1747,#1748,#1749,#1755));
#1747 = ORIENTED_EDGE('',*,*,#1677,.T.);
#1748 = ORIENTED_EDGE('',*,*,#1244,.F.);
#1749 = ORIENTED_EDGE('',*,*,#1750,.F.);
#1750 = EDGE_CURVE('',#198,#1238,#1751,.T.);
#1751 = ( BOUNDED_CURVE() B_SPLINE_CURVE(2,(#1752,#1753,#1754),
.UNSPECIFIED.,.F.,.F.) B_SPLINE_CURVE_WITH_KNOTS((3,3),(0.,
1.483529864195),.PIECEWISE_BEZIER_KNOTS.) CURVE() 
GEOMETRIC_REPRESENTATION_ITEM() RATIONAL_B_SPLINE_CURVE((1.,
0.73727733681,1.)) REPRESENTATION_ITEM('') );
#1752 = CARTESIAN_POINT('',(1.72106921095,1.12106921095,0.9600001));
#1753 = CARTESIAN_POINT('',(1.76688576965,1.12106921095,0.9600001));
#1754 = CARTESIAN_POINT('',(1.770878945854,1.12106921095,0.914357887137)
  );
#1755 = ORIENTED_EDGE('',*,*,#197,.F.);
#1756 = ( BOUNDED_SURFACE() B_SPLINE_SURFACE(2,1,(
    (#1757,#1758)
    ,(#1759,#1760)
    ,(#1761,#1762
)),.UNSPECIFIED.,.F.,.F.,.F.) B_SPLINE_SURFACE_WITH_KNOTS((3,3),(2,2),(
    1.570796326795,3.05432619099),(-1.12106921095,1.12106921095),
.PIECEWISE_BEZIER_KNOTS.) GEOMETRIC_REPRESENTATION_ITEM() 
RATIONAL_B_SPLINE_SURFACE((
    (1.,1.)
    ,(0.73727733681,0.73727733681)
,(1.,1.))) REPRESENTATION_ITEM('') SURFACE() );
#1757 = CARTESIAN_POINT('',(1.72106921095,-1.12106921095,0.9600001));
#1758 = CARTESIAN_POINT('',(1.72106921095,1.12106921095,0.9600001));
#1759 = CARTESIAN_POINT('',(1.76688576965,-1.12106921095,0.9600001));
#1760 = CARTESIAN_POINT('',(1.76688576965,1.12106921095,0.9600001));
#1761 = CARTESIAN_POINT('',(1.770878945854,-1.12106921095,0.914357887137
    ));
#1762 = CARTESIAN_POINT('',(1.770878945854,1.12106921095,0.914357887137)
  );
#1763 = ADVANCED_FACE('',(#1764),#1846,.T.);
#1764 = FACE_BOUND('',#1765,.T.);
#1765 = EDGE_LOOP('',(#1766,#1774,#1775,#1781,#1782,#1788,#1789,#1797,
    #1804,#1810,#1811,#1819,#1826,#1832,#1833,#1841));
#1766 = ORIENTED_EDGE('',*,*,#1767,.F.);
#1767 = EDGE_CURVE('',#184,#1768,#1770,.T.);
#1768 = VERTEX_POINT('',#1769);
#1769 = CARTESIAN_POINT('',(-1.116547212278,1.131019085321,0.9590001));
#1770 = ( BOUNDED_CURVE() B_SPLINE_CURVE(2,(#1771,#1772,#1773),
.UNSPECIFIED.,.F.,.F.) B_SPLINE_CURVE_WITH_KNOTS((3,3),(4.712388980385,
4.912723822708),.PIECEWISE_BEZIER_KNOTS.) CURVE() 
GEOMETRIC_REPRESENTATION_ITEM() RATIONAL_B_SPLINE_CURVE((1.,
0.994987437107,1.)) REPRESENTATION_ITEM('') );
#1771 = CARTESIAN_POINT('',(-1.116547212278,1.12106921095,0.9600001));
#1772 = CARTESIAN_POINT('',(-1.116547212278,1.126094400026,0.9600001));
#1773 = CARTESIAN_POINT('',(-1.116547212278,1.131019085321,0.9590001));
#1774 = ORIENTED_EDGE('',*,*,#204,.F.);
#1775 = ORIENTED_EDGE('',*,*,#1776,.F.);
#1776 = EDGE_CURVE('',#1426,#198,#1777,.T.);
#1777 = ( BOUNDED_CURVE() B_SPLINE_CURVE(2,(#1778,#1779,#1780),
.UNSPECIFIED.,.F.,.F.) B_SPLINE_CURVE_WITH_KNOTS((3,3),(1.658062789395,
3.14159265359),.PIECEWISE_BEZIER_KNOTS.) CURVE() 
GEOMETRIC_REPRESENTATION_ITEM() RATIONAL_B_SPLINE_CURVE((1.,
0.73727733681,1.)) REPRESENTATION_ITEM('') );
#1778 = CARTESIAN_POINT('',(1.72106921095,1.170878945854,0.914357887137)
  );
#1779 = CARTESIAN_POINT('',(1.72106921095,1.16688576965,0.9600001));
#1780 = CARTESIAN_POINT('',(1.72106921095,1.12106921095,0.9600001));
#1781 = ORIENTED_EDGE('',*,*,#1423,.F.);
#1782 = ORIENTED_EDGE('',*,*,#1783,.F.);
#1783 = EDGE_CURVE('',#1397,#1424,#1784,.T.);
#1784 = ( BOUNDED_CURVE() B_SPLINE_CURVE(2,(#1785,#1786,#1787),
.UNSPECIFIED.,.F.,.F.) B_SPLINE_CURVE_WITH_KNOTS((3,3),(1.570796326795,
3.05432619099),.PIECEWISE_BEZIER_KNOTS.) CURVE() 
GEOMETRIC_REPRESENTATION_ITEM() RATIONAL_B_SPLINE_CURVE((1.,
0.73727733681,1.)) REPRESENTATION_ITEM('') );
#1785 = CARTESIAN_POINT('',(-1.72106921095,1.12106921095,0.9600001));
#1786 = CARTESIAN_POINT('',(-1.72106921095,1.16688576965,0.9600001));
#1787 = CARTESIAN_POINT('',(-1.72106921095,1.170878945854,0.914357887137
    ));
#1788 = ORIENTED_EDGE('',*,*,#1396,.F.);
#1789 = ORIENTED_EDGE('',*,*,#1790,.F.);
#1790 = EDGE_CURVE('',#1791,#1388,#1793,.T.);
#1791 = VERTEX_POINT('',#1792);
#1792 = CARTESIAN_POINT('',(-1.599593400214,1.131019085321,0.9590001));
#1793 = ( BOUNDED_CURVE() B_SPLINE_CURVE(2,(#1794,#1795,#1796),
.UNSPECIFIED.,.F.,.F.) B_SPLINE_CURVE_WITH_KNOTS((3,3),(6.082850464856,
6.28318530718),.PIECEWISE_BEZIER_KNOTS.) CURVE() 
GEOMETRIC_REPRESENTATION_ITEM() RATIONAL_B_SPLINE_CURVE((1.,
0.994987437107,1.)) REPRESENTATION_ITEM('') );
#1794 = CARTESIAN_POINT('',(-1.599593400214,1.131019085321,0.9590001));
#1795 = CARTESIAN_POINT('',(-1.599593400214,1.126094400026,0.9600001));
#1796 = CARTESIAN_POINT('',(-1.599593400214,1.12106921095,0.9600001));
#1797 = ORIENTED_EDGE('',*,*,#1798,.F.);
#1798 = EDGE_CURVE('',#1799,#1791,#1801,.T.);
#1799 = VERTEX_POINT('',#1800);
#1800 = CARTESIAN_POINT('',(-1.516547212278,1.131019085321,0.9590001));
#1801 = B_SPLINE_CURVE_WITH_KNOTS('',1,(#1802,#1803),.UNSPECIFIED.,.F.,
  .F.,(2,2),(1.516547212278,1.599593400214),.PIECEWISE_BEZIER_KNOTS.);
#1802 = CARTESIAN_POINT('',(-1.516547212278,1.131019085321,0.9590001));
#1803 = CARTESIAN_POINT('',(-1.599593400214,1.131019085321,0.9590001));
#1804 = ORIENTED_EDGE('',*,*,#1805,.F.);
#1805 = EDGE_CURVE('',#1361,#1799,#1806,.T.);
#1806 = ( BOUNDED_CURVE() B_SPLINE_CURVE(2,(#1807,#1808,#1809),
.UNSPECIFIED.,.F.,.F.) B_SPLINE_CURVE_WITH_KNOTS((3,3),(4.712388980385,
4.912723822708),.PIECEWISE_BEZIER_KNOTS.) CURVE() 
GEOMETRIC_REPRESENTATION_ITEM() RATIONAL_B_SPLINE_CURVE((1.,
0.994987437107,1.)) REPRESENTATION_ITEM('') );
#1807 = CARTESIAN_POINT('',(-1.516547212278,1.12106921095,0.9600001));
#1808 = CARTESIAN_POINT('',(-1.516547212278,1.126094400026,0.9600001));
#1809 = CARTESIAN_POINT('',(-1.516547212278,1.131019085321,0.9590001));
#1810 = ORIENTED_EDGE('',*,*,#1360,.F.);
#1811 = ORIENTED_EDGE('',*,*,#1812,.F.);
#1812 = EDGE_CURVE('',#1813,#1352,#1815,.T.);
#1813 = VERTEX_POINT('',#1814);
#1814 = CARTESIAN_POINT('',(-1.399593400214,1.131019085321,0.9590001));
#1815 = ( BOUNDED_CURVE() B_SPLINE_CURVE(2,(#1816,#1817,#1818),
.UNSPECIFIED.,.F.,.F.) B_SPLINE_CURVE_WITH_KNOTS((3,3),(6.082850464856,
6.28318530718),.PIECEWISE_BEZIER_KNOTS.) CURVE() 
GEOMETRIC_REPRESENTATION_ITEM() RATIONAL_B_SPLINE_CURVE((1.,
0.994987437107,1.)) REPRESENTATION_ITEM('') );
#1816 = CARTESIAN_POINT('',(-1.399593400214,1.131019085321,0.9590001));
#1817 = CARTESIAN_POINT('',(-1.399593400214,1.126094400026,0.9600001));
#1818 = CARTESIAN_POINT('',(-1.399593400214,1.12106921095,0.9600001));
#1819 = ORIENTED_EDGE('',*,*,#1820,.F.);
#1820 = EDGE_CURVE('',#1821,#1813,#1823,.T.);
#1821 = VERTEX_POINT('',#1822);
#1822 = CARTESIAN_POINT('',(-1.316547212278,1.131019085321,0.9590001));
#1823 = B_SPLINE_CURVE_WITH_KNOTS('',1,(#1824,#1825),.UNSPECIFIED.,.F.,
  .F.,(2,2),(1.316547212278,1.399593400214),.PIECEWISE_BEZIER_KNOTS.);
#1824 = CARTESIAN_POINT('',(-1.316547212278,1.131019085321,0.9590001));
#1825 = CARTESIAN_POINT('',(-1.399593400214,1.131019085321,0.9590001));
#1826 = ORIENTED_EDGE('',*,*,#1827,.F.);
#1827 = EDGE_CURVE('',#1561,#1821,#1828,.T.);
#1828 = ( BOUNDED_CURVE() B_SPLINE_CURVE(2,(#1829,#1830,#1831),
.UNSPECIFIED.,.F.,.F.) B_SPLINE_CURVE_WITH_KNOTS((3,3),(4.712388980385,
4.912723822708),.PIECEWISE_BEZIER_KNOTS.) CURVE() 
GEOMETRIC_REPRESENTATION_ITEM() RATIONAL_B_SPLINE_CURVE((1.,
0.994987437107,1.)) REPRESENTATION_ITEM('') );
#1829 = CARTESIAN_POINT('',(-1.316547212278,1.12106921095,0.9600001));
#1830 = CARTESIAN_POINT('',(-1.316547212278,1.126094400026,0.9600001));
#1831 = CARTESIAN_POINT('',(-1.316547212278,1.131019085321,0.9590001));
#1832 = ORIENTED_EDGE('',*,*,#1560,.F.);
#1833 = ORIENTED_EDGE('',*,*,#1834,.F.);
#1834 = EDGE_CURVE('',#1835,#1552,#1837,.T.);
#1835 = VERTEX_POINT('',#1836);
#1836 = CARTESIAN_POINT('',(-1.199593400214,1.131019085321,0.9590001));
#1837 = ( BOUNDED_CURVE() B_SPLINE_CURVE(2,(#1838,#1839,#1840),
.UNSPECIFIED.,.F.,.F.) B_SPLINE_CURVE_WITH_KNOTS((3,3),(6.082850464856,
6.28318530718),.PIECEWISE_BEZIER_KNOTS.) CURVE() 
GEOMETRIC_REPRESENTATION_ITEM() RATIONAL_B_SPLINE_CURVE((1.,
0.994987437107,1.)) REPRESENTATION_ITEM('') );
#1838 = CARTESIAN_POINT('',(-1.199593400214,1.131019085321,0.9590001));
#1839 = CARTESIAN_POINT('',(-1.199593400214,1.126094400026,0.9600001));
#1840 = CARTESIAN_POINT('',(-1.199593400214,1.12106921095,0.9600001));
#1841 = ORIENTED_EDGE('',*,*,#1842,.T.);
#1842 = EDGE_CURVE('',#1835,#1768,#1843,.T.);
#1843 = B_SPLINE_CURVE_WITH_KNOTS('',1,(#1844,#1845),.UNSPECIFIED.,.F.,
  .F.,(2,2),(-1.199593400214,-1.116547212278),.PIECEWISE_BEZIER_KNOTS.);
#1844 = CARTESIAN_POINT('',(-1.199593400214,1.131019085321,0.9590001));
#1845 = CARTESIAN_POINT('',(-1.116547212278,1.131019085321,0.9590001));
#1846 = ( BOUNDED_SURFACE() B_SPLINE_SURFACE(2,1,(
    (#1847,#1848)
    ,(#1849,#1850)
    ,(#1851,#1852
)),.UNSPECIFIED.,.F.,.F.,.F.) B_SPLINE_SURFACE_WITH_KNOTS((3,3),(2,2),(
    0.,1.483529864195),(-1.72106921095,1.72106921095),
.PIECEWISE_BEZIER_KNOTS.) GEOMETRIC_REPRESENTATION_ITEM() 
RATIONAL_B_SPLINE_SURFACE((
    (1.,1.)
    ,(0.73727733681,0.73727733681)
,(1.,1.))) REPRESENTATION_ITEM('') SURFACE() );
#1847 = CARTESIAN_POINT('',(1.72106921095,1.12106921095,0.9600001));
#1848 = CARTESIAN_POINT('',(-1.72106921095,1.12106921095,0.9600001));
#1849 = CARTESIAN_POINT('',(1.72106921095,1.16688576965,0.9600001));
#1850 = CARTESIAN_POINT('',(-1.72106921095,1.16688576965,0.9600001));
#1851 = CARTESIAN_POINT('',(1.72106921095,1.170878945854,0.914357887137)
  );
#1852 = CARTESIAN_POINT('',(-1.72106921095,1.170878945854,0.914357887137
    ));
#1853 = ADVANCED_FACE('',(#1854),#1865,.T.);
#1854 = FACE_BOUND('',#1855,.T.);
#1855 = EDGE_LOOP('',(#1856,#1857,#1858,#1864));
#1856 = ORIENTED_EDGE('',*,*,#1710,.T.);
#1857 = ORIENTED_EDGE('',*,*,#1403,.F.);
#1858 = ORIENTED_EDGE('',*,*,#1859,.F.);
#1859 = EDGE_CURVE('',#1496,#1397,#1860,.T.);
#1860 = ( BOUNDED_CURVE() B_SPLINE_CURVE(2,(#1861,#1862,#1863),
.UNSPECIFIED.,.F.,.F.) B_SPLINE_CURVE_WITH_KNOTS((3,3),(4.799655442984,
6.28318530718),.PIECEWISE_BEZIER_KNOTS.) CURVE() 
GEOMETRIC_REPRESENTATION_ITEM() RATIONAL_B_SPLINE_CURVE((1.,
0.73727733681,1.)) REPRESENTATION_ITEM('') );
#1861 = CARTESIAN_POINT('',(-1.770878945854,1.12106921095,0.914357887137
    ));
#1862 = CARTESIAN_POINT('',(-1.76688576965,1.12106921095,0.9600001));
#1863 = CARTESIAN_POINT('',(-1.72106921095,1.12106921095,0.9600001));
#1864 = ORIENTED_EDGE('',*,*,#1495,.F.);
#1865 = ( BOUNDED_SURFACE() B_SPLINE_SURFACE(2,1,(
    (#1866,#1867)
    ,(#1868,#1869)
    ,(#1870,#1871
)),.UNSPECIFIED.,.F.,.F.,.F.) B_SPLINE_SURFACE_WITH_KNOTS((3,3),(2,2),(
    1.570796326795,3.05432619099),(-1.12106921095,1.12106921095),
.PIECEWISE_BEZIER_KNOTS.) GEOMETRIC_REPRESENTATION_ITEM() 
RATIONAL_B_SPLINE_SURFACE((
    (1.,1.)
    ,(0.73727733681,0.73727733681)
,(1.,1.))) REPRESENTATION_ITEM('') SURFACE() );
#1866 = CARTESIAN_POINT('',(-1.72106921095,1.12106921095,0.9600001));
#1867 = CARTESIAN_POINT('',(-1.72106921095,-1.12106921095,0.9600001));
#1868 = CARTESIAN_POINT('',(-1.76688576965,1.12106921095,0.9600001));
#1869 = CARTESIAN_POINT('',(-1.76688576965,-1.12106921095,0.9600001));
#1870 = CARTESIAN_POINT('',(-1.770878945854,1.12106921095,0.914357887137
    ));
#1871 = CARTESIAN_POINT('',(-1.770878945854,-1.12106921095,
    0.914357887137));
#1872 = ADVANCED_FACE('',(#1873),#1884,.T.);
#1873 = FACE_BOUND('',#1874,.T.);
#1874 = EDGE_LOOP('',(#1875,#1876,#1877,#1883));
#1875 = ORIENTED_EDGE('',*,*,#1703,.T.);
#1876 = ORIENTED_EDGE('',*,*,#1488,.F.);
#1877 = ORIENTED_EDGE('',*,*,#1878,.F.);
#1878 = EDGE_CURVE('',#1516,#1482,#1879,.T.);
#1879 = ( BOUNDED_CURVE() B_SPLINE_CURVE(2,(#1880,#1881,#1882),
.UNSPECIFIED.,.F.,.F.) B_SPLINE_CURVE_WITH_KNOTS((3,3),(4.719985176931,
6.28318530718),.PIECEWISE_BEZIER_KNOTS.) CURVE() 
GEOMETRIC_REPRESENTATION_ITEM() RATIONAL_B_SPLINE_CURVE((1.,
0.709787335578,1.)) REPRESENTATION_ITEM('') );
#1880 = CARTESIAN_POINT('',(-1.795434574947,-1.245244309851,
    6.435788713738E-02));
#1881 = CARTESIAN_POINT('',(-1.844868801362,-1.244868801362,
    6.864996880313E-02));
#1882 = CARTESIAN_POINT('',(-1.845244309851,-1.195434574947,
    6.435788713738E-02));
#1883 = ORIENTED_EDGE('',*,*,#1538,.F.);
#1884 = ( BOUNDED_SURFACE() B_SPLINE_SURFACE(2,1,(
    (#1885,#1886)
    ,(#1887,#1888)
    ,(#1889,#1890
)),.UNSPECIFIED.,.F.,.F.,.F.) B_SPLINE_SURFACE_WITH_KNOTS((3,3),(2,2),(
    3.14159265359,4.704792783838),(-0.91557850074,-5.909708545724E-02),
.PIECEWISE_BEZIER_KNOTS.) GEOMETRIC_REPRESENTATION_ITEM() 
RATIONAL_B_SPLINE_SURFACE((
    (1.,1.)
    ,(0.709787335578,0.709787335578)
,(1.,1.))) REPRESENTATION_ITEM('') SURFACE() );
#1885 = CARTESIAN_POINT('',(-1.72106921095,-1.170878945854,
    0.914357887137));
#1886 = CARTESIAN_POINT('',(-1.795434574947,-1.245244309851,
    6.435788713738E-02));
#1887 = CARTESIAN_POINT('',(-1.770503437365,-1.170503437365,
    0.918649968803));
#1888 = CARTESIAN_POINT('',(-1.844868801362,-1.244868801362,
    6.864996880313E-02));
#1889 = CARTESIAN_POINT('',(-1.770878945854,-1.12106921095,
    0.914357887137));
#1890 = CARTESIAN_POINT('',(-1.845244309851,-1.195434574947,
    6.435788713738E-02));
#1891 = ADVANCED_FACE('',(#1892),#1924,.T.);
#1892 = FACE_BOUND('',#1893,.T.);
#1893 = EDGE_LOOP('',(#1894,#1902,#1903,#1911,#1917,#1918));
#1894 = ORIENTED_EDGE('',*,*,#1895,.F.);
#1895 = EDGE_CURVE('',#1518,#1896,#1898,.T.);
#1896 = VERTEX_POINT('',#1897);
#1897 = CARTESIAN_POINT('',(1.795434574947,-1.245434574947,6.00001E-02)
  );
#1898 = ( BOUNDED_CURVE() B_SPLINE_CURVE(2,(#1899,#1900,#1901),
.UNSPECIFIED.,.F.,.F.) B_SPLINE_CURVE_WITH_KNOTS((3,3),(4.625122517785,
4.712388980385),.PIECEWISE_BEZIER_KNOTS.) CURVE() 
GEOMETRIC_REPRESENTATION_ITEM() RATIONAL_B_SPLINE_CURVE((1.,
0.999048221582,1.)) REPRESENTATION_ITEM('') );
#1899 = CARTESIAN_POINT('',(1.795434574947,-1.245244309851,
    6.435788713738E-02));
#1900 = CARTESIAN_POINT('',(1.795434574947,-1.245434574947,
    6.218314714543E-02));
#1901 = CARTESIAN_POINT('',(1.795434574947,-1.245434574947,6.00001E-02)
  );
#1902 = ORIENTED_EDGE('',*,*,#1515,.F.);
#1903 = ORIENTED_EDGE('',*,*,#1904,.F.);
#1904 = EDGE_CURVE('',#1905,#1516,#1907,.T.);
#1905 = VERTEX_POINT('',#1906);
#1906 = CARTESIAN_POINT('',(-1.795434574947,-1.245434574947,6.00001E-02)
  );
#1907 = ( BOUNDED_CURVE() B_SPLINE_CURVE(2,(#1908,#1909,#1910),
.UNSPECIFIED.,.F.,.F.) B_SPLINE_CURVE_WITH_KNOTS((3,3),(4.712388980385,
4.799655442984),.PIECEWISE_BEZIER_KNOTS.) CURVE() 
GEOMETRIC_REPRESENTATION_ITEM() RATIONAL_B_SPLINE_CURVE((1.,
0.999048221582,1.)) REPRESENTATION_ITEM('') );
#1908 = CARTESIAN_POINT('',(-1.795434574947,-1.245434574947,6.00001E-02)
  );
#1909 = CARTESIAN_POINT('',(-1.795434574947,-1.245434574947,
    6.218314714543E-02));
#1910 = CARTESIAN_POINT('',(-1.795434574947,-1.245244309851,
    6.435788713738E-02));
#1911 = ORIENTED_EDGE('',*,*,#1912,.F.);
#1912 = EDGE_CURVE('',#22,#1905,#1913,.T.);
#1913 = ( BOUNDED_CURVE() B_SPLINE_CURVE(2,(#1914,#1915,#1916),
.UNSPECIFIED.,.F.,.F.) B_SPLINE_CURVE_WITH_KNOTS((3,3),(3.14159265359,
4.712388980385),.PIECEWISE_BEZIER_KNOTS.) CURVE() 
GEOMETRIC_REPRESENTATION_ITEM() RATIONAL_B_SPLINE_CURVE((1.,
0.707106781187,1.)) REPRESENTATION_ITEM('') );
#1914 = CARTESIAN_POINT('',(-1.795434574947,-1.195434574947,1.00001E-02)
  );
#1915 = CARTESIAN_POINT('',(-1.795434574947,-1.245434574947,1.00001E-02)
  );
#1916 = CARTESIAN_POINT('',(-1.795434574947,-1.245434574947,6.00001E-02)
  );
#1917 = ORIENTED_EDGE('',*,*,#967,.F.);
#1918 = ORIENTED_EDGE('',*,*,#1919,.F.);
#1919 = EDGE_CURVE('',#1896,#159,#1920,.T.);
#1920 = ( BOUNDED_CURVE() B_SPLINE_CURVE(2,(#1921,#1922,#1923),
.UNSPECIFIED.,.F.,.F.) B_SPLINE_CURVE_WITH_KNOTS((3,3),(4.712388980385,
6.28318530718),.PIECEWISE_BEZIER_KNOTS.) CURVE() 
GEOMETRIC_REPRESENTATION_ITEM() RATIONAL_B_SPLINE_CURVE((1.,
0.707106781187,1.)) REPRESENTATION_ITEM('') );
#1921 = CARTESIAN_POINT('',(1.795434574947,-1.245434574947,6.00001E-02)
  );
#1922 = CARTESIAN_POINT('',(1.795434574947,-1.245434574947,1.00001E-02)
  );
#1923 = CARTESIAN_POINT('',(1.795434574947,-1.195434574947,1.00001E-02)
  );
#1924 = ( BOUNDED_SURFACE() B_SPLINE_SURFACE(2,1,(
    (#1925,#1926)
    ,(#1927,#1928)
    ,(#1929,#1930
)),.UNSPECIFIED.,.F.,.F.,.F.) B_SPLINE_SURFACE_WITH_KNOTS((3,3),(2,2),(
    3.14159265359,4.799655442984),(-3.645434574947,-5.456542505346E-02),
.PIECEWISE_BEZIER_KNOTS.) GEOMETRIC_REPRESENTATION_ITEM() 
RATIONAL_B_SPLINE_SURFACE((
    (1.,1.)
    ,(0.675590207616,0.675590207616)
,(1.,1.))) REPRESENTATION_ITEM('') SURFACE() );
#1925 = CARTESIAN_POINT('',(1.795434574947,-1.195434574947,1.00001E-02)
  );
#1926 = CARTESIAN_POINT('',(-1.795434574947,-1.195434574947,1.00001E-02)
  );
#1927 = CARTESIAN_POINT('',(1.795434574947,-1.25,1.00001E-02));
#1928 = CARTESIAN_POINT('',(-1.795434574947,-1.25,1.00001E-02));
#1929 = CARTESIAN_POINT('',(1.795434574947,-1.245244309851,
    6.435788713738E-02));
#1930 = CARTESIAN_POINT('',(-1.795434574947,-1.245244309851,
    6.435788713738E-02));
#1931 = ADVANCED_FACE('',(#1932),#1939,.T.);
#1932 = FACE_BOUND('',#1933,.T.);
#1933 = EDGE_LOOP('',(#1934,#1935,#1936,#1937,#1938));
#1934 = ORIENTED_EDGE('',*,*,#1731,.T.);
#1935 = ORIENTED_EDGE('',*,*,#1895,.T.);
#1936 = ORIENTED_EDGE('',*,*,#1919,.T.);
#1937 = ORIENTED_EDGE('',*,*,#158,.F.);
#1938 = ORIENTED_EDGE('',*,*,#1279,.F.);
#1939 = ( BOUNDED_SURFACE() B_SPLINE_SURFACE(2,2,(
    (#1940,#1941,#1942)
    ,(#1943,#1944,#1945)
    ,(#1946,#1947,#1948)
    ,(#1949,#1950,#1951)
    ,(#1952,#1953,#1954
)),.UNSPECIFIED.,.F.,.F.,.F.) B_SPLINE_SURFACE_WITH_KNOTS((3,2,3),(3,3),
  (-1.570796326795,2.22044604925E-16,1.570796326795),(-1.570796326795,0.
),.PIECEWISE_BEZIER_KNOTS.) GEOMETRIC_REPRESENTATION_ITEM() 
RATIONAL_B_SPLINE_SURFACE((
    (1.,0.707106781187,1.)
    ,(0.707106781187,0.5,0.707106781187)
    ,(1.,0.707106781187,1.)
    ,(0.707106781187,0.5,0.707106781187)
,(1.,0.707106781187,1.))) REPRESENTATION_ITEM('') SURFACE() );
#1940 = CARTESIAN_POINT('',(1.795434574947,-1.245434574947,6.00001E-02)
  );
#1941 = CARTESIAN_POINT('',(1.795434574947,-1.245434574947,0.1100001));
#1942 = CARTESIAN_POINT('',(1.795434574947,-1.195434574947,0.1100001));
#1943 = CARTESIAN_POINT('',(1.795434574947,-1.245434574947,6.00001E-02)
  );
#1944 = CARTESIAN_POINT('',(1.845434574947,-1.245434574947,0.1100001));
#1945 = CARTESIAN_POINT('',(1.845434574947,-1.195434574947,0.1100001));
#1946 = CARTESIAN_POINT('',(1.795434574947,-1.245434574947,6.00001E-02)
  );
#1947 = CARTESIAN_POINT('',(1.845434574947,-1.245434574947,6.00001E-02)
  );
#1948 = CARTESIAN_POINT('',(1.845434574947,-1.195434574947,6.00001E-02)
  );
#1949 = CARTESIAN_POINT('',(1.795434574947,-1.245434574947,6.00001E-02)
  );
#1950 = CARTESIAN_POINT('',(1.845434574947,-1.245434574947,1.00001E-02)
  );
#1951 = CARTESIAN_POINT('',(1.845434574947,-1.195434574947,1.00001E-02)
  );
#1952 = CARTESIAN_POINT('',(1.795434574947,-1.245434574947,6.00001E-02)
  );
#1953 = CARTESIAN_POINT('',(1.795434574947,-1.245434574947,1.00001E-02)
  );
#1954 = CARTESIAN_POINT('',(1.795434574947,-1.195434574947,1.00001E-02)
  );
#1955 = ADVANCED_FACE('',(#1956),#1966,.T.);
#1956 = FACE_BOUND('',#1957,.T.);
#1957 = EDGE_LOOP('',(#1958,#1959,#1960));
#1958 = ORIENTED_EDGE('',*,*,#1776,.T.);
#1959 = ORIENTED_EDGE('',*,*,#1750,.T.);
#1960 = ORIENTED_EDGE('',*,*,#1961,.F.);
#1961 = EDGE_CURVE('',#1426,#1238,#1962,.T.);
#1962 = ( BOUNDED_CURVE() B_SPLINE_CURVE(2,(#1963,#1964,#1965),
.UNSPECIFIED.,.F.,.F.) B_SPLINE_CURVE_WITH_KNOTS((3,3),(4.719985176931,
6.28318530718),.PIECEWISE_BEZIER_KNOTS.) CURVE() 
GEOMETRIC_REPRESENTATION_ITEM() RATIONAL_B_SPLINE_CURVE((1.,
0.709787335578,1.)) REPRESENTATION_ITEM('') );
#1963 = CARTESIAN_POINT('',(1.72106921095,1.170878945854,0.914357887137)
  );
#1964 = CARTESIAN_POINT('',(1.770503437365,1.170503437365,0.918649968803
    ));
#1965 = CARTESIAN_POINT('',(1.770878945854,1.12106921095,0.914357887137)
  );
#1966 = ( BOUNDED_SURFACE() B_SPLINE_SURFACE(2,2,(
    (#1967,#1968,#1969)
    ,(#1970,#1971,#1972)
    ,(#1973,#1974,#1975
)),.UNSPECIFIED.,.F.,.F.,.F.) B_SPLINE_SURFACE_WITH_KNOTS((3,3),(3,3),(
    4.712388980385,6.19591884458),(0.,1.483529864195),
.PIECEWISE_BEZIER_KNOTS.) GEOMETRIC_REPRESENTATION_ITEM() 
RATIONAL_B_SPLINE_SURFACE((
    (1.,0.73727733681,1.)
    ,(0.73727733681,0.543577871374,0.73727733681)
,(1.,0.73727733681,1.))) REPRESENTATION_ITEM('') SURFACE() );
#1967 = CARTESIAN_POINT('',(1.72106921095,1.12106921095,0.9600001));
#1968 = CARTESIAN_POINT('',(1.72106921095,1.16688576965,0.9600001));
#1969 = CARTESIAN_POINT('',(1.72106921095,1.170878945854,0.914357887137)
  );
#1970 = CARTESIAN_POINT('',(1.76688576965,1.12106921095,0.9600001));
#1971 = CARTESIAN_POINT('',(1.76688576965,1.16688576965,0.9600001));
#1972 = CARTESIAN_POINT('',(1.725062387153,1.170878945854,0.914357887137
    ));
#1973 = CARTESIAN_POINT('',(1.770878945854,1.12106921095,0.914357887137)
  );
#1974 = CARTESIAN_POINT('',(1.770878945854,1.16688576965,0.914357887137)
  );
#1975 = CARTESIAN_POINT('',(1.725410415391,1.170878945854,0.910379906175
    ));
#1976 = ADVANCED_FACE('',(#1977),#1987,.T.);
#1977 = FACE_BOUND('',#1978,.T.);
#1978 = EDGE_LOOP('',(#1979,#1980,#1981));
#1979 = ORIENTED_EDGE('',*,*,#1859,.T.);
#1980 = ORIENTED_EDGE('',*,*,#1783,.T.);
#1981 = ORIENTED_EDGE('',*,*,#1982,.F.);
#1982 = EDGE_CURVE('',#1496,#1424,#1983,.T.);
#1983 = ( BOUNDED_CURVE() B_SPLINE_CURVE(2,(#1984,#1985,#1986),
.UNSPECIFIED.,.F.,.F.) B_SPLINE_CURVE_WITH_KNOTS((3,3),(3.14159265359,
4.704792783838),.PIECEWISE_BEZIER_KNOTS.) CURVE() 
GEOMETRIC_REPRESENTATION_ITEM() RATIONAL_B_SPLINE_CURVE((1.,
0.709787335578,1.)) REPRESENTATION_ITEM('') );
#1984 = CARTESIAN_POINT('',(-1.770878945854,1.12106921095,0.914357887137
    ));
#1985 = CARTESIAN_POINT('',(-1.770503437365,1.170503437365,
    0.918649968803));
#1986 = CARTESIAN_POINT('',(-1.72106921095,1.170878945854,0.914357887137
    ));
#1987 = ( BOUNDED_SURFACE() B_SPLINE_SURFACE(2,2,(
    (#1988,#1989,#1990)
    ,(#1991,#1992,#1993)
    ,(#1994,#1995,#1996
)),.UNSPECIFIED.,.F.,.F.,.F.) B_SPLINE_SURFACE_WITH_KNOTS((3,3),(3,3),(
    3.22885911619,4.712388980385),(-4.440892098501E-15,1.483529864195),
.PIECEWISE_BEZIER_KNOTS.) GEOMETRIC_REPRESENTATION_ITEM() 
RATIONAL_B_SPLINE_SURFACE((
    (1.,0.73727733681,1.)
    ,(0.73727733681,0.543577871374,0.73727733681)
,(1.,0.73727733681,1.))) REPRESENTATION_ITEM('') SURFACE() );
#1988 = CARTESIAN_POINT('',(-1.770878945854,1.12106921095,0.914357887137
    ));
#1989 = CARTESIAN_POINT('',(-1.770878945854,1.16688576965,0.914357887137
    ));
#1990 = CARTESIAN_POINT('',(-1.725410415391,1.170878945854,
    0.910379906175));
#1991 = CARTESIAN_POINT('',(-1.76688576965,1.12106921095,0.9600001));
#1992 = CARTESIAN_POINT('',(-1.76688576965,1.16688576965,0.9600001));
#1993 = CARTESIAN_POINT('',(-1.725062387153,1.170878945854,
    0.914357887137));
#1994 = CARTESIAN_POINT('',(-1.721069210949,1.12106921095,0.9600001));
#1995 = CARTESIAN_POINT('',(-1.721069210949,1.16688576965,0.9600001));
#1996 = CARTESIAN_POINT('',(-1.72106921095,1.170878945854,0.914357887137
    ));
#1997 = ADVANCED_FACE('',(#1998),#2010,.T.);
#1998 = FACE_BOUND('',#1999,.T.);
#1999 = EDGE_LOOP('',(#2000,#2001,#2002,#2003,#2009));
#2000 = ORIENTED_EDGE('',*,*,#1912,.T.);
#2001 = ORIENTED_EDGE('',*,*,#1904,.T.);
#2002 = ORIENTED_EDGE('',*,*,#1878,.T.);
#2003 = ORIENTED_EDGE('',*,*,#2004,.F.);
#2004 = EDGE_CURVE('',#24,#1482,#2005,.T.);
#2005 = ( BOUNDED_CURVE() B_SPLINE_CURVE(2,(#2006,#2007,#2008),
.UNSPECIFIED.,.F.,.F.) B_SPLINE_CURVE_WITH_KNOTS((3,3),(1.570796326795,
1.658062789395),.PIECEWISE_BEZIER_KNOTS.) CURVE() 
GEOMETRIC_REPRESENTATION_ITEM() RATIONAL_B_SPLINE_CURVE((1.,
0.999048221582,1.)) REPRESENTATION_ITEM('') );
#2006 = CARTESIAN_POINT('',(-1.845434574947,-1.195434574947,6.00001E-02)
  );
#2007 = CARTESIAN_POINT('',(-1.845434574947,-1.195434574947,
    6.218314714543E-02));
#2008 = CARTESIAN_POINT('',(-1.845244309851,-1.195434574947,
    6.435788713738E-02));
#2009 = ORIENTED_EDGE('',*,*,#21,.F.);
#2010 = ( BOUNDED_SURFACE() B_SPLINE_SURFACE(2,2,(
    (#2011,#2012,#2013)
    ,(#2014,#2015,#2016)
    ,(#2017,#2018,#2019)
    ,(#2020,#2021,#2022)
    ,(#2023,#2024,#2025
)),.UNSPECIFIED.,.F.,.F.,.F.) B_SPLINE_SURFACE_WITH_KNOTS((3,2,3),(3,3),
  (1.570796326795,3.14159265359,4.712388980385),(-1.570796326795,
    4.440892098501E-15),.PIECEWISE_BEZIER_KNOTS.) 
GEOMETRIC_REPRESENTATION_ITEM() RATIONAL_B_SPLINE_SURFACE((
    (1.,0.707106781187,1.)
    ,(0.707106781187,0.5,0.707106781187)
    ,(1.,0.707106781187,1.)
    ,(0.707106781187,0.5,0.707106781187)
,(1.,0.707106781187,1.))) REPRESENTATION_ITEM('') SURFACE() );
#2011 = CARTESIAN_POINT('',(-1.795434574947,-1.245434574947,6.00001E-02)
  );
#2012 = CARTESIAN_POINT('',(-1.795434574947,-1.245434574947,1.00001E-02)
  );
#2013 = CARTESIAN_POINT('',(-1.795434574947,-1.195434574947,1.00001E-02)
  );
#2014 = CARTESIAN_POINT('',(-1.795434574947,-1.245434574947,6.00001E-02)
  );
#2015 = CARTESIAN_POINT('',(-1.845434574947,-1.245434574947,1.00001E-02)
  );
#2016 = CARTESIAN_POINT('',(-1.845434574947,-1.195434574947,1.00001E-02)
  );
#2017 = CARTESIAN_POINT('',(-1.795434574947,-1.245434574947,6.00001E-02)
  );
#2018 = CARTESIAN_POINT('',(-1.845434574947,-1.245434574947,6.00001E-02)
  );
#2019 = CARTESIAN_POINT('',(-1.845434574947,-1.195434574947,6.00001E-02)
  );
#2020 = CARTESIAN_POINT('',(-1.795434574947,-1.245434574947,6.00001E-02)
  );
#2021 = CARTESIAN_POINT('',(-1.845434574947,-1.245434574947,0.1100001));
#2022 = CARTESIAN_POINT('',(-1.845434574947,-1.195434574947,0.1100001));
#2023 = CARTESIAN_POINT('',(-1.795434574947,-1.245434574947,6.00001E-02)
  );
#2024 = CARTESIAN_POINT('',(-1.795434574947,-1.245434574947,0.1100001));
#2025 = CARTESIAN_POINT('',(-1.795434574947,-1.195434574947,0.1100001));
#2026 = ADVANCED_FACE('',(#2027),#2038,.T.);
#2027 = FACE_BOUND('',#2028,.T.);
#2028 = EDGE_LOOP('',(#2029,#2030,#2031,#2037));
#2029 = ORIENTED_EDGE('',*,*,#1961,.T.);
#2030 = ORIENTED_EDGE('',*,*,#1237,.F.);
#2031 = ORIENTED_EDGE('',*,*,#2032,.F.);
#2032 = EDGE_CURVE('',#1433,#1231,#2033,.T.);
#2033 = ( BOUNDED_CURVE() B_SPLINE_CURVE(2,(#2034,#2035,#2036),
.UNSPECIFIED.,.F.,.F.) B_SPLINE_CURVE_WITH_KNOTS((3,3),(1.578392523341,
3.14159265359),.PIECEWISE_BEZIER_KNOTS.) CURVE() 
GEOMETRIC_REPRESENTATION_ITEM() RATIONAL_B_SPLINE_CURVE((1.,
0.709787335578,1.)) REPRESENTATION_ITEM('') );
#2034 = CARTESIAN_POINT('',(1.795434574947,1.245244309851,
    6.435788713738E-02));
#2035 = CARTESIAN_POINT('',(1.844868801362,1.244868801362,
    6.864996880313E-02));
#2036 = CARTESIAN_POINT('',(1.845244309851,1.195434574947,
    6.435788713738E-02));
#2037 = ORIENTED_EDGE('',*,*,#1432,.F.);
#2038 = ( BOUNDED_SURFACE() B_SPLINE_SURFACE(2,1,(
    (#2039,#2040)
    ,(#2041,#2042)
    ,(#2043,#2044
)),.UNSPECIFIED.,.F.,.F.,.F.) B_SPLINE_SURFACE_WITH_KNOTS((3,3),(2,2),(
    0.,1.563200130248),(-0.594320103442,0.26216131184),
.PIECEWISE_BEZIER_KNOTS.) GEOMETRIC_REPRESENTATION_ITEM() 
RATIONAL_B_SPLINE_SURFACE((
    (1.,1.)
    ,(0.709787335578,0.709787335578)
,(1.,1.))) REPRESENTATION_ITEM('') SURFACE() );
#2039 = CARTESIAN_POINT('',(1.72106921095,1.170878945854,0.914357887137)
  );
#2040 = CARTESIAN_POINT('',(1.795434574947,1.245244309851,
    6.435788713738E-02));
#2041 = CARTESIAN_POINT('',(1.770503437365,1.170503437365,0.918649968803
    ));
#2042 = CARTESIAN_POINT('',(1.844868801362,1.244868801362,
    6.864996880313E-02));
#2043 = CARTESIAN_POINT('',(1.770878945854,1.12106921095,0.914357887137)
  );
#2044 = CARTESIAN_POINT('',(1.845244309851,1.195434574947,
    6.435788713738E-02));
#2045 = ADVANCED_FACE('',(#2046),#2057,.T.);
#2046 = FACE_BOUND('',#2047,.T.);
#2047 = EDGE_LOOP('',(#2048,#2049,#2050,#2056));
#2048 = ORIENTED_EDGE('',*,*,#1982,.T.);
#2049 = ORIENTED_EDGE('',*,*,#1446,.F.);
#2050 = ORIENTED_EDGE('',*,*,#2051,.F.);
#2051 = EDGE_CURVE('',#1329,#1440,#2052,.T.);
#2052 = ( BOUNDED_CURVE() B_SPLINE_CURVE(2,(#2053,#2054,#2055),
.UNSPECIFIED.,.F.,.F.) B_SPLINE_CURVE_WITH_KNOTS((3,3),(0.,
1.563200130248),.PIECEWISE_BEZIER_KNOTS.) CURVE() 
GEOMETRIC_REPRESENTATION_ITEM() RATIONAL_B_SPLINE_CURVE((1.,
0.709787335578,1.)) REPRESENTATION_ITEM('') );
#2053 = CARTESIAN_POINT('',(-1.845244309851,1.195434574947,
    6.435788713738E-02));
#2054 = CARTESIAN_POINT('',(-1.844868801362,1.244868801362,
    6.864996880313E-02));
#2055 = CARTESIAN_POINT('',(-1.795434574947,1.245244309851,
    6.435788713738E-02));
#2056 = ORIENTED_EDGE('',*,*,#1502,.F.);
#2057 = ( BOUNDED_SURFACE() B_SPLINE_SURFACE(2,1,(
    (#2058,#2059)
    ,(#2060,#2061)
    ,(#2062,#2063
)),.UNSPECIFIED.,.F.,.F.,.F.) B_SPLINE_SURFACE_WITH_KNOTS((3,3),(2,2),(
    0.,1.563200130248),(-0.91557850074,-5.909708545724E-02),
.PIECEWISE_BEZIER_KNOTS.) GEOMETRIC_REPRESENTATION_ITEM() 
RATIONAL_B_SPLINE_SURFACE((
    (1.,1.)
    ,(0.709787335578,0.709787335578)
,(1.,1.))) REPRESENTATION_ITEM('') SURFACE() );
#2058 = CARTESIAN_POINT('',(-1.770878945854,1.12106921095,0.914357887137
    ));
#2059 = CARTESIAN_POINT('',(-1.845244309851,1.195434574947,
    6.435788713738E-02));
#2060 = CARTESIAN_POINT('',(-1.770503437365,1.170503437365,
    0.918649968803));
#2061 = CARTESIAN_POINT('',(-1.844868801362,1.244868801362,
    6.864996880313E-02));
#2062 = CARTESIAN_POINT('',(-1.72106921095,1.170878945854,0.914357887137
    ));
#2063 = CARTESIAN_POINT('',(-1.795434574947,1.245244309851,
    6.435788713738E-02));
#2064 = ADVANCED_FACE('',(#2065),#2076,.T.);
#2065 = FACE_BOUND('',#2066,.T.);
#2066 = EDGE_LOOP('',(#2067,#2068,#2069,#2070));
#2067 = ORIENTED_EDGE('',*,*,#31,.F.);
#2068 = ORIENTED_EDGE('',*,*,#2004,.T.);
#2069 = ORIENTED_EDGE('',*,*,#1481,.F.);
#2070 = ORIENTED_EDGE('',*,*,#2071,.F.);
#2071 = EDGE_CURVE('',#32,#1475,#2072,.T.);
#2072 = ( BOUNDED_CURVE() B_SPLINE_CURVE(2,(#2073,#2074,#2075),
.UNSPECIFIED.,.F.,.F.) B_SPLINE_CURVE_WITH_KNOTS((3,3),(3.14159265359,
3.22885911619),.PIECEWISE_BEZIER_KNOTS.) CURVE() 
GEOMETRIC_REPRESENTATION_ITEM() RATIONAL_B_SPLINE_CURVE((1.,
0.999048221582,1.)) REPRESENTATION_ITEM('') );
#2073 = CARTESIAN_POINT('',(-1.845434574947,-0.75,6.00001E-02));
#2074 = CARTESIAN_POINT('',(-1.845434574947,-0.75,6.218314714543E-02));
#2075 = CARTESIAN_POINT('',(-1.845244309851,-0.75,6.435788713738E-02));
#2076 = ( BOUNDED_SURFACE() B_SPLINE_SURFACE(2,1,(
    (#2077,#2078)
    ,(#2079,#2080)
    ,(#2081,#2082
)),.UNSPECIFIED.,.F.,.F.,.F.) B_SPLINE_SURFACE_WITH_KNOTS((3,3),(2,2),(
    0.,8.726646259973E-02),(-2.445434574947,-2.),
.PIECEWISE_BEZIER_KNOTS.) GEOMETRIC_REPRESENTATION_ITEM() 
RATIONAL_B_SPLINE_SURFACE((
    (1.,1.)
    ,(0.999048221582,0.999048221582)
,(1.,1.))) REPRESENTATION_ITEM('') SURFACE() );
#2077 = CARTESIAN_POINT('',(-1.845434574947,-1.195434574947,6.00001E-02)
  );
#2078 = CARTESIAN_POINT('',(-1.845434574947,-0.75,6.00001E-02));
#2079 = CARTESIAN_POINT('',(-1.845434574947,-1.195434574947,
    6.218314714543E-02));
#2080 = CARTESIAN_POINT('',(-1.845434574947,-0.75,6.218314714543E-02));
#2081 = CARTESIAN_POINT('',(-1.845244309851,-1.195434574947,
    6.435788713738E-02));
#2082 = CARTESIAN_POINT('',(-1.845244309851,-0.75,6.435788713738E-02));
#2083 = ADVANCED_FACE('',(#2084),#2103,.T.);
#2084 = FACE_BOUND('',#2085,.T.);
#2085 = EDGE_LOOP('',(#2086,#2087,#2088,#2089,#2097));
#2086 = ORIENTED_EDGE('',*,*,#2032,.T.);
#2087 = ORIENTED_EDGE('',*,*,#1296,.T.);
#2088 = ORIENTED_EDGE('',*,*,#101,.T.);
#2089 = ORIENTED_EDGE('',*,*,#2090,.F.);
#2090 = EDGE_CURVE('',#2091,#104,#2093,.T.);
#2091 = VERTEX_POINT('',#2092);
#2092 = CARTESIAN_POINT('',(1.795434574947,1.245434574947,6.00001E-02));
#2093 = ( BOUNDED_CURVE() B_SPLINE_CURVE(2,(#2094,#2095,#2096),
.UNSPECIFIED.,.F.,.F.) B_SPLINE_CURVE_WITH_KNOTS((3,3),(4.712388980385,
6.28318530718),.PIECEWISE_BEZIER_KNOTS.) CURVE() 
GEOMETRIC_REPRESENTATION_ITEM() RATIONAL_B_SPLINE_CURVE((1.,
0.707106781187,1.)) REPRESENTATION_ITEM('') );
#2094 = CARTESIAN_POINT('',(1.795434574947,1.245434574947,6.00001E-02));
#2095 = CARTESIAN_POINT('',(1.795434574947,1.245434574947,1.00001E-02));
#2096 = CARTESIAN_POINT('',(1.795434574947,1.195434574947,1.00001E-02));
#2097 = ORIENTED_EDGE('',*,*,#2098,.F.);
#2098 = EDGE_CURVE('',#1433,#2091,#2099,.T.);
#2099 = ( BOUNDED_CURVE() B_SPLINE_CURVE(2,(#2100,#2101,#2102),
.UNSPECIFIED.,.F.,.F.) B_SPLINE_CURVE_WITH_KNOTS((3,3),(4.625122517785,
4.712388980385),.PIECEWISE_BEZIER_KNOTS.) CURVE() 
GEOMETRIC_REPRESENTATION_ITEM() RATIONAL_B_SPLINE_CURVE((1.,
0.999048221582,1.)) REPRESENTATION_ITEM('') );
#2100 = CARTESIAN_POINT('',(1.795434574947,1.245244309851,
    6.435788713738E-02));
#2101 = CARTESIAN_POINT('',(1.795434574947,1.245434574947,
    6.218314714543E-02));
#2102 = CARTESIAN_POINT('',(1.795434574947,1.245434574947,6.00001E-02));
#2103 = ( BOUNDED_SURFACE() B_SPLINE_SURFACE(2,2,(
    (#2104,#2105,#2106)
    ,(#2107,#2108,#2109)
    ,(#2110,#2111,#2112)
    ,(#2113,#2114,#2115)
    ,(#2116,#2117,#2118
)),.UNSPECIFIED.,.F.,.F.,.F.) B_SPLINE_SURFACE_WITH_KNOTS((3,2,3),(3,3),
  (4.712388980385,6.28318530718,7.853981633974),(0.,1.570796326795),
.PIECEWISE_BEZIER_KNOTS.) GEOMETRIC_REPRESENTATION_ITEM() 
RATIONAL_B_SPLINE_SURFACE((
    (1.,0.707106781187,1.)
    ,(0.707106781187,0.5,0.707106781187)
    ,(1.,0.707106781187,1.)
    ,(0.707106781187,0.5,0.707106781187)
,(1.,0.707106781187,1.))) REPRESENTATION_ITEM('') SURFACE() );
#2104 = CARTESIAN_POINT('',(1.795434574947,1.195434574947,0.1100001));
#2105 = CARTESIAN_POINT('',(1.795434574947,1.245434574947,0.1100001));
#2106 = CARTESIAN_POINT('',(1.795434574947,1.245434574947,6.00001E-02));
#2107 = CARTESIAN_POINT('',(1.845434574947,1.195434574947,0.1100001));
#2108 = CARTESIAN_POINT('',(1.845434574947,1.245434574947,0.1100001));
#2109 = CARTESIAN_POINT('',(1.795434574947,1.245434574947,6.00001E-02));
#2110 = CARTESIAN_POINT('',(1.845434574947,1.195434574947,6.00001E-02));
#2111 = CARTESIAN_POINT('',(1.845434574947,1.245434574947,6.00001E-02));
#2112 = CARTESIAN_POINT('',(1.795434574947,1.245434574947,6.00001E-02));
#2113 = CARTESIAN_POINT('',(1.845434574947,1.195434574947,1.00001E-02));
#2114 = CARTESIAN_POINT('',(1.845434574947,1.245434574947,1.00001E-02));
#2115 = CARTESIAN_POINT('',(1.795434574947,1.245434574947,6.00001E-02));
#2116 = CARTESIAN_POINT('',(1.795434574947,1.195434574947,1.00001E-02));
#2117 = CARTESIAN_POINT('',(1.795434574947,1.245434574947,1.00001E-02));
#2118 = CARTESIAN_POINT('',(1.795434574947,1.245434574947,6.00001E-02));
#2119 = ADVANCED_FACE('',(#2120),#2139,.T.);
#2120 = FACE_BOUND('',#2121,.T.);
#2121 = EDGE_LOOP('',(#2122,#2123,#2124,#2125,#2133));
#2122 = ORIENTED_EDGE('',*,*,#78,.T.);
#2123 = ORIENTED_EDGE('',*,*,#1335,.T.);
#2124 = ORIENTED_EDGE('',*,*,#2051,.T.);
#2125 = ORIENTED_EDGE('',*,*,#2126,.F.);
#2126 = EDGE_CURVE('',#2127,#1440,#2129,.T.);
#2127 = VERTEX_POINT('',#2128);
#2128 = CARTESIAN_POINT('',(-1.795434574947,1.245434574947,6.00001E-02)
  );
#2129 = ( BOUNDED_CURVE() B_SPLINE_CURVE(2,(#2130,#2131,#2132),
.UNSPECIFIED.,.F.,.F.) B_SPLINE_CURVE_WITH_KNOTS((3,3),(4.712388980385,
4.799655442984),.PIECEWISE_BEZIER_KNOTS.) CURVE() 
GEOMETRIC_REPRESENTATION_ITEM() RATIONAL_B_SPLINE_CURVE((1.,
0.999048221582,1.)) REPRESENTATION_ITEM('') );
#2130 = CARTESIAN_POINT('',(-1.795434574947,1.245434574947,6.00001E-02)
  );
#2131 = CARTESIAN_POINT('',(-1.795434574947,1.245434574947,
    6.218314714543E-02));
#2132 = CARTESIAN_POINT('',(-1.795434574947,1.245244309851,
    6.435788713738E-02));
#2133 = ORIENTED_EDGE('',*,*,#2134,.F.);
#2134 = EDGE_CURVE('',#79,#2127,#2135,.T.);
#2135 = ( BOUNDED_CURVE() B_SPLINE_CURVE(2,(#2136,#2137,#2138),
.UNSPECIFIED.,.F.,.F.) B_SPLINE_CURVE_WITH_KNOTS((3,3),(3.14159265359,
4.712388980385),.PIECEWISE_BEZIER_KNOTS.) CURVE() 
GEOMETRIC_REPRESENTATION_ITEM() RATIONAL_B_SPLINE_CURVE((1.,
0.707106781187,1.)) REPRESENTATION_ITEM('') );
#2136 = CARTESIAN_POINT('',(-1.795434574947,1.195434574947,1.00001E-02)
  );
#2137 = CARTESIAN_POINT('',(-1.795434574947,1.245434574947,1.00001E-02)
  );
#2138 = CARTESIAN_POINT('',(-1.795434574947,1.245434574947,6.00001E-02)
  );
#2139 = ( BOUNDED_SURFACE() B_SPLINE_SURFACE(2,2,(
    (#2140,#2141,#2142)
    ,(#2143,#2144,#2145)
    ,(#2146,#2147,#2148)
    ,(#2149,#2150,#2151)
    ,(#2152,#2153,#2154
)),.UNSPECIFIED.,.F.,.F.,.F.) B_SPLINE_SURFACE_WITH_KNOTS((3,2,3),(3,3),
  (1.570796326795,3.14159265359,4.712388980385),(0.,1.570796326795),
.PIECEWISE_BEZIER_KNOTS.) GEOMETRIC_REPRESENTATION_ITEM() 
RATIONAL_B_SPLINE_SURFACE((
    (1.,0.707106781187,1.)
    ,(0.707106781187,0.5,0.707106781187)
    ,(1.,0.707106781187,1.)
    ,(0.707106781187,0.5,0.707106781187)
,(1.,0.707106781187,1.))) REPRESENTATION_ITEM('') SURFACE() );
#2140 = CARTESIAN_POINT('',(-1.795434574947,1.195434574947,1.00001E-02)
  );
#2141 = CARTESIAN_POINT('',(-1.795434574947,1.245434574947,1.00001E-02)
  );
#2142 = CARTESIAN_POINT('',(-1.795434574947,1.245434574947,6.00001E-02)
  );
#2143 = CARTESIAN_POINT('',(-1.845434574947,1.195434574947,1.00001E-02)
  );
#2144 = CARTESIAN_POINT('',(-1.845434574947,1.245434574947,1.00001E-02)
  );
#2145 = CARTESIAN_POINT('',(-1.795434574947,1.245434574947,6.00001E-02)
  );
#2146 = CARTESIAN_POINT('',(-1.845434574947,1.195434574947,6.00001E-02)
  );
#2147 = CARTESIAN_POINT('',(-1.845434574947,1.245434574947,6.00001E-02)
  );
#2148 = CARTESIAN_POINT('',(-1.795434574947,1.245434574947,6.00001E-02)
  );
#2149 = CARTESIAN_POINT('',(-1.845434574947,1.195434574947,0.1100001));
#2150 = CARTESIAN_POINT('',(-1.845434574947,1.245434574947,0.1100001));
#2151 = CARTESIAN_POINT('',(-1.795434574947,1.245434574947,6.00001E-02)
  );
#2152 = CARTESIAN_POINT('',(-1.795434574947,1.195434574947,0.1100001));
#2153 = CARTESIAN_POINT('',(-1.795434574947,1.245434574947,0.1100001));
#2154 = CARTESIAN_POINT('',(-1.795434574947,1.245434574947,6.00001E-02)
  );
#2155 = ADVANCED_FACE('',(#2156),#2164,.T.);
#2156 = FACE_BOUND('',#2157,.T.);
#2157 = EDGE_LOOP('',(#2158,#2159,#2160,#2161,#2162,#2163));
#2158 = ORIENTED_EDGE('',*,*,#2090,.T.);
#2159 = ORIENTED_EDGE('',*,*,#993,.F.);
#2160 = ORIENTED_EDGE('',*,*,#2134,.T.);
#2161 = ORIENTED_EDGE('',*,*,#2126,.T.);
#2162 = ORIENTED_EDGE('',*,*,#1439,.F.);
#2163 = ORIENTED_EDGE('',*,*,#2098,.T.);
#2164 = ( BOUNDED_SURFACE() B_SPLINE_SURFACE(2,1,(
    (#2165,#2166)
    ,(#2167,#2168)
    ,(#2169,#2170
)),.UNSPECIFIED.,.F.,.F.,.F.) B_SPLINE_SURFACE_WITH_KNOTS((3,3),(2,2),(
    0.,1.658062789395),(5.456542505346E-02,3.645434574947),
.PIECEWISE_BEZIER_KNOTS.) GEOMETRIC_REPRESENTATION_ITEM() 
RATIONAL_B_SPLINE_SURFACE((
    (1.,1.)
    ,(0.675590207616,0.675590207616)
,(1.,1.))) REPRESENTATION_ITEM('') SURFACE() );
#2165 = CARTESIAN_POINT('',(-1.795434574947,1.195434574947,1.00001E-02)
  );
#2166 = CARTESIAN_POINT('',(1.795434574947,1.195434574947,1.00001E-02));
#2167 = CARTESIAN_POINT('',(-1.795434574947,1.25,1.00001E-02));
#2168 = CARTESIAN_POINT('',(1.795434574947,1.25,1.00001E-02));
#2169 = CARTESIAN_POINT('',(-1.795434574947,1.245244309851,
    6.435788713738E-02));
#2170 = CARTESIAN_POINT('',(1.795434574947,1.245244309851,
    6.435788713738E-02));
#2171 = ADVANCED_FACE('',(#2172),#2182,.F.);
#2172 = FACE_BOUND('',#2173,.T.);
#2173 = EDGE_LOOP('',(#2174,#2175,#2180,#2181));
#2174 = ORIENTED_EDGE('',*,*,#1646,.T.);
#2175 = ORIENTED_EDGE('',*,*,#2176,.F.);
#2176 = EDGE_CURVE('',#1791,#1640,#2177,.T.);
#2177 = B_SPLINE_CURVE_WITH_KNOTS('',1,(#2178,#2179),.UNSPECIFIED.,.F.,
  .F.,(2,2),(0.626439947752,2.888478118393),.PIECEWISE_BEZIER_KNOTS.);
#2178 = CARTESIAN_POINT('',(-1.599593400214,1.131019085321,0.9590001));
#2179 = CARTESIAN_POINT('',(-1.599593400214,-1.131019085321,0.9590001));
#2180 = ORIENTED_EDGE('',*,*,#1790,.T.);
#2181 = ORIENTED_EDGE('',*,*,#1387,.T.);
#2182 = B_SPLINE_SURFACE_WITH_KNOTS('',1,1,(
    (#2183,#2184)
    ,(#2185,#2186
    )),.UNSPECIFIED.,.F.,.F.,.F.,(2,2),(2,2),(0.,1.E-03),(
    -2.888478118393,-0.626439947752),.PIECEWISE_BEZIER_KNOTS.);
#2183 = CARTESIAN_POINT('',(-1.599593400214,-1.131019085321,0.9590001));
#2184 = CARTESIAN_POINT('',(-1.599593400214,1.131019085321,0.9590001));
#2185 = CARTESIAN_POINT('',(-1.599593400214,-1.131019085321,0.9600001));
#2186 = CARTESIAN_POINT('',(-1.599593400214,1.131019085321,0.9600001));
#2187 = ADVANCED_FACE('',(#2188),#2198,.F.);
#2188 = FACE_BOUND('',#2189,.T.);
#2189 = EDGE_LOOP('',(#2190,#2191,#2192,#2193));
#2190 = ORIENTED_EDGE('',*,*,#1631,.T.);
#2191 = ORIENTED_EDGE('',*,*,#1367,.T.);
#2192 = ORIENTED_EDGE('',*,*,#1805,.T.);
#2193 = ORIENTED_EDGE('',*,*,#2194,.F.);
#2194 = EDGE_CURVE('',#1632,#1799,#2195,.T.);
#2195 = B_SPLINE_CURVE_WITH_KNOTS('',1,(#2196,#2197),.UNSPECIFIED.,.F.,
  .F.,(2,2),(-2.888478118393,-0.626439947752),.PIECEWISE_BEZIER_KNOTS.);
#2196 = CARTESIAN_POINT('',(-1.516547212278,-1.131019085321,0.9590001));
#2197 = CARTESIAN_POINT('',(-1.516547212278,1.131019085321,0.9590001));
#2198 = B_SPLINE_SURFACE_WITH_KNOTS('',1,1,(
    (#2199,#2200)
    ,(#2201,#2202
    )),.UNSPECIFIED.,.F.,.F.,.F.,(2,2),(2,2),(-2.888478118393,
    -0.626439947752),(-1.595945597899E-16,1.E-03),
  .PIECEWISE_BEZIER_KNOTS.);
#2199 = CARTESIAN_POINT('',(-1.516547212278,-1.131019085321,0.9590001));
#2200 = CARTESIAN_POINT('',(-1.516547212278,-1.131019085321,0.9600001));
#2201 = CARTESIAN_POINT('',(-1.516547212278,1.131019085321,0.9590001));
#2202 = CARTESIAN_POINT('',(-1.516547212278,1.131019085321,0.9600001));
#2203 = ADVANCED_FACE('',(#2204),#2210,.F.);
#2204 = FACE_BOUND('',#2205,.T.);
#2205 = EDGE_LOOP('',(#2206,#2207,#2208,#2209));
#2206 = ORIENTED_EDGE('',*,*,#1639,.T.);
#2207 = ORIENTED_EDGE('',*,*,#2194,.T.);
#2208 = ORIENTED_EDGE('',*,*,#1798,.T.);
#2209 = ORIENTED_EDGE('',*,*,#2176,.T.);
#2210 = B_SPLINE_SURFACE_WITH_KNOTS('',1,1,(
    (#2211,#2212)
    ,(#2213,#2214
    )),.UNSPECIFIED.,.F.,.F.,.F.,(2,2),(2,2),(1.516547212278,
    1.599593400214),(-1.131019085321,1.131019085321),
  .PIECEWISE_BEZIER_KNOTS.);
#2211 = CARTESIAN_POINT('',(-1.516547212278,-1.131019085321,0.9590001));
#2212 = CARTESIAN_POINT('',(-1.516547212278,1.131019085321,0.9590001));
#2213 = CARTESIAN_POINT('',(-1.599593400214,-1.131019085321,0.9590001));
#2214 = CARTESIAN_POINT('',(-1.599593400214,1.131019085321,0.9590001));
#2215 = ADVANCED_FACE('',(#2216),#2226,.F.);
#2216 = FACE_BOUND('',#2217,.T.);
#2217 = EDGE_LOOP('',(#2218,#2219,#2224,#2225));
#2218 = ORIENTED_EDGE('',*,*,#1624,.T.);
#2219 = ORIENTED_EDGE('',*,*,#2220,.F.);
#2220 = EDGE_CURVE('',#1813,#1618,#2221,.T.);
#2221 = B_SPLINE_CURVE_WITH_KNOTS('',1,(#2222,#2223),.UNSPECIFIED.,.F.,
  .F.,(2,2),(0.626439947752,2.888478118393),.PIECEWISE_BEZIER_KNOTS.);
#2222 = CARTESIAN_POINT('',(-1.399593400214,1.131019085321,0.9590001));
#2223 = CARTESIAN_POINT('',(-1.399593400214,-1.131019085321,0.9590001));
#2224 = ORIENTED_EDGE('',*,*,#1812,.T.);
#2225 = ORIENTED_EDGE('',*,*,#1351,.T.);
#2226 = B_SPLINE_SURFACE_WITH_KNOTS('',1,1,(
    (#2227,#2228)
    ,(#2229,#2230
    )),.UNSPECIFIED.,.F.,.F.,.F.,(2,2),(2,2),(0.,1.E-03),(
    -2.888478118393,-0.626439947752),.PIECEWISE_BEZIER_KNOTS.);
#2227 = CARTESIAN_POINT('',(-1.399593400214,-1.131019085321,0.9590001));
#2228 = CARTESIAN_POINT('',(-1.399593400214,1.131019085321,0.9590001));
#2229 = CARTESIAN_POINT('',(-1.399593400214,-1.131019085321,0.9600001));
#2230 = CARTESIAN_POINT('',(-1.399593400214,1.131019085321,0.9600001));
#2231 = ADVANCED_FACE('',(#2232),#2242,.F.);
#2232 = FACE_BOUND('',#2233,.T.);
#2233 = EDGE_LOOP('',(#2234,#2235,#2236,#2237));
#2234 = ORIENTED_EDGE('',*,*,#1609,.T.);
#2235 = ORIENTED_EDGE('',*,*,#1567,.T.);
#2236 = ORIENTED_EDGE('',*,*,#1827,.T.);
#2237 = ORIENTED_EDGE('',*,*,#2238,.F.);
#2238 = EDGE_CURVE('',#1610,#1821,#2239,.T.);
#2239 = B_SPLINE_CURVE_WITH_KNOTS('',1,(#2240,#2241),.UNSPECIFIED.,.F.,
  .F.,(2,2),(-2.888478118393,-0.626439947752),.PIECEWISE_BEZIER_KNOTS.);
#2240 = CARTESIAN_POINT('',(-1.316547212278,-1.131019085321,0.9590001));
#2241 = CARTESIAN_POINT('',(-1.316547212278,1.131019085321,0.9590001));
#2242 = B_SPLINE_SURFACE_WITH_KNOTS('',1,1,(
    (#2243,#2244)
    ,(#2245,#2246
    )),.UNSPECIFIED.,.F.,.F.,.F.,(2,2),(2,2),(-2.888478118393,
    -0.626439947752),(-1.179611963664E-16,1.E-03),
  .PIECEWISE_BEZIER_KNOTS.);
#2243 = CARTESIAN_POINT('',(-1.316547212278,-1.131019085321,0.9590001));
#2244 = CARTESIAN_POINT('',(-1.316547212278,-1.131019085321,0.9600001));
#2245 = CARTESIAN_POINT('',(-1.316547212278,1.131019085321,0.9590001));
#2246 = CARTESIAN_POINT('',(-1.316547212278,1.131019085321,0.9600001));
#2247 = ADVANCED_FACE('',(#2248),#2254,.F.);
#2248 = FACE_BOUND('',#2249,.T.);
#2249 = EDGE_LOOP('',(#2250,#2251,#2252,#2253));
#2250 = ORIENTED_EDGE('',*,*,#1617,.T.);
#2251 = ORIENTED_EDGE('',*,*,#2238,.T.);
#2252 = ORIENTED_EDGE('',*,*,#1820,.T.);
#2253 = ORIENTED_EDGE('',*,*,#2220,.T.);
#2254 = B_SPLINE_SURFACE_WITH_KNOTS('',1,1,(
    (#2255,#2256)
    ,(#2257,#2258
    )),.UNSPECIFIED.,.F.,.F.,.F.,(2,2),(2,2),(1.316547212278,
    1.399593400214),(-1.131019085321,1.131019085321),
  .PIECEWISE_BEZIER_KNOTS.);
#2255 = CARTESIAN_POINT('',(-1.316547212278,-1.131019085321,0.9590001));
#2256 = CARTESIAN_POINT('',(-1.316547212278,1.131019085321,0.9590001));
#2257 = CARTESIAN_POINT('',(-1.399593400214,-1.131019085321,0.9590001));
#2258 = CARTESIAN_POINT('',(-1.399593400214,1.131019085321,0.9590001));
#2259 = ADVANCED_FACE('',(#2260),#2270,.F.);
#2260 = FACE_BOUND('',#2261,.T.);
#2261 = EDGE_LOOP('',(#2262,#2263,#2264,#2265));
#2262 = ORIENTED_EDGE('',*,*,#1587,.T.);
#2263 = ORIENTED_EDGE('',*,*,#181,.T.);
#2264 = ORIENTED_EDGE('',*,*,#1767,.T.);
#2265 = ORIENTED_EDGE('',*,*,#2266,.F.);
#2266 = EDGE_CURVE('',#1588,#1768,#2267,.T.);
#2267 = B_SPLINE_CURVE_WITH_KNOTS('',1,(#2268,#2269),.UNSPECIFIED.,.F.,
  .F.,(2,2),(-2.888478118393,-0.626439947752),.PIECEWISE_BEZIER_KNOTS.);
#2268 = CARTESIAN_POINT('',(-1.116547212278,-1.131019085321,0.9590001));
#2269 = CARTESIAN_POINT('',(-1.116547212278,1.131019085321,0.9590001));
#2270 = B_SPLINE_SURFACE_WITH_KNOTS('',1,1,(
    (#2271,#2272)
    ,(#2273,#2274
    )),.UNSPECIFIED.,.F.,.F.,.F.,(2,2),(2,2),(-2.888478118393,
    -0.626439947752),(-1.040834085586E-16,1.E-03),
  .PIECEWISE_BEZIER_KNOTS.);
#2271 = CARTESIAN_POINT('',(-1.116547212278,-1.131019085321,0.9590001));
#2272 = CARTESIAN_POINT('',(-1.116547212278,-1.131019085321,0.9600001));
#2273 = CARTESIAN_POINT('',(-1.116547212278,1.131019085321,0.9590001));
#2274 = CARTESIAN_POINT('',(-1.116547212278,1.131019085321,0.9600001));
#2275 = ADVANCED_FACE('',(#2276),#2286,.F.);
#2276 = FACE_BOUND('',#2277,.T.);
#2277 = EDGE_LOOP('',(#2278,#2279,#2284,#2285));
#2278 = ORIENTED_EDGE('',*,*,#1602,.T.);
#2279 = ORIENTED_EDGE('',*,*,#2280,.F.);
#2280 = EDGE_CURVE('',#1835,#1596,#2281,.T.);
#2281 = B_SPLINE_CURVE_WITH_KNOTS('',1,(#2282,#2283),.UNSPECIFIED.,.F.,
  .F.,(2,2),(0.626439947752,2.888478118393),.PIECEWISE_BEZIER_KNOTS.);
#2282 = CARTESIAN_POINT('',(-1.199593400214,1.131019085321,0.9590001));
#2283 = CARTESIAN_POINT('',(-1.199593400214,-1.131019085321,0.9590001));
#2284 = ORIENTED_EDGE('',*,*,#1834,.T.);
#2285 = ORIENTED_EDGE('',*,*,#1551,.T.);
#2286 = B_SPLINE_SURFACE_WITH_KNOTS('',1,1,(
    (#2287,#2288)
    ,(#2289,#2290
    )),.UNSPECIFIED.,.F.,.F.,.F.,(2,2),(2,2),(0.,1.E-03),(
    -2.888478118393,-0.626439947752),.PIECEWISE_BEZIER_KNOTS.);
#2287 = CARTESIAN_POINT('',(-1.199593400214,-1.131019085321,0.9590001));
#2288 = CARTESIAN_POINT('',(-1.199593400214,1.131019085321,0.9590001));
#2289 = CARTESIAN_POINT('',(-1.199593400214,-1.131019085321,0.9600001));
#2290 = CARTESIAN_POINT('',(-1.199593400214,1.131019085321,0.9600001));
#2291 = ADVANCED_FACE('',(#2292),#2298,.T.);
#2292 = FACE_BOUND('',#2293,.T.);
#2293 = EDGE_LOOP('',(#2294,#2295,#2296,#2297));
#2294 = ORIENTED_EDGE('',*,*,#2266,.T.);
#2295 = ORIENTED_EDGE('',*,*,#1842,.F.);
#2296 = ORIENTED_EDGE('',*,*,#2280,.T.);
#2297 = ORIENTED_EDGE('',*,*,#1595,.F.);
#2298 = B_SPLINE_SURFACE_WITH_KNOTS('',1,1,(
    (#2299,#2300)
    ,(#2301,#2302
    )),.UNSPECIFIED.,.F.,.F.,.F.,(2,2),(2,2),(-1.199593400214,
    -1.116547212278),(-1.131019085321,1.131019085321),
  .PIECEWISE_BEZIER_KNOTS.);
#2299 = CARTESIAN_POINT('',(-1.199593400214,-1.131019085321,0.9590001));
#2300 = CARTESIAN_POINT('',(-1.199593400214,1.131019085321,0.9590001));
#2301 = CARTESIAN_POINT('',(-1.116547212278,-1.131019085321,0.9590001));
#2302 = CARTESIAN_POINT('',(-1.116547212278,1.131019085321,0.9590001));
#2303 = ADVANCED_FACE('',(#2304),#2326,.F.);
#2304 = FACE_BOUND('',#2305,.T.);
#2305 = EDGE_LOOP('',(#2306,#2313,#2314,#2321));
#2306 = ORIENTED_EDGE('',*,*,#2307,.F.);
#2307 = EDGE_CURVE('',#1468,#2308,#2310,.T.);
#2308 = VERTEX_POINT('',#2309);
#2309 = CARTESIAN_POINT('',(-2.35,-0.75,0.1800001));
#2310 = B_SPLINE_CURVE_WITH_KNOTS('',1,(#2311,#2312),.UNSPECIFIED.,.F.,
  .F.,(2,2),(-0.514873072799,0.),.PIECEWISE_BEZIER_KNOTS.);
#2311 = CARTESIAN_POINT('',(-1.835126927201,-0.75,0.1800001));
#2312 = CARTESIAN_POINT('',(-2.35,-0.75,0.1800001));
#2313 = ORIENTED_EDGE('',*,*,#1467,.T.);
#2314 = ORIENTED_EDGE('',*,*,#2315,.F.);
#2315 = EDGE_CURVE('',#2316,#1461,#2318,.T.);
#2316 = VERTEX_POINT('',#2317);
#2317 = CARTESIAN_POINT('',(-2.35,0.75,0.1800001));
#2318 = B_SPLINE_CURVE_WITH_KNOTS('',1,(#2319,#2320),.UNSPECIFIED.,.F.,
  .F.,(2,2),(0.,0.514873072799),.PIECEWISE_BEZIER_KNOTS.);
#2319 = CARTESIAN_POINT('',(-2.35,0.75,0.1800001));
#2320 = CARTESIAN_POINT('',(-1.835126927201,0.75,0.1800001));
#2321 = ORIENTED_EDGE('',*,*,#2322,.F.);
#2322 = EDGE_CURVE('',#2308,#2316,#2323,.T.);
#2323 = B_SPLINE_CURVE_WITH_KNOTS('',1,(#2324,#2325),.UNSPECIFIED.,.F.,
  .F.,(2,2),(0.,1.5),.PIECEWISE_BEZIER_KNOTS.);
#2324 = CARTESIAN_POINT('',(-2.35,-0.75,0.1800001));
#2325 = CARTESIAN_POINT('',(-2.35,0.75,0.1800001));
#2326 = B_SPLINE_SURFACE_WITH_KNOTS('',1,1,(
    (#2327,#2328)
    ,(#2329,#2330
    )),.UNSPECIFIED.,.F.,.F.,.F.,(2,2),(2,2),(1.835126927201,2.35),(
    -0.75,0.75),.PIECEWISE_BEZIER_KNOTS.);
#2327 = CARTESIAN_POINT('',(-1.835126927201,-0.75,0.1800001));
#2328 = CARTESIAN_POINT('',(-1.835126927201,0.75,0.1800001));
#2329 = CARTESIAN_POINT('',(-2.35,-0.75,0.1800001));
#2330 = CARTESIAN_POINT('',(-2.35,0.75,0.1800001));
#2331 = ADVANCED_FACE('',(#2332),#2354,.T.);
#2332 = FACE_BOUND('',#2333,.T.);
#2333 = EDGE_LOOP('',(#2334,#2335,#2342,#2349));
#2334 = ORIENTED_EDGE('',*,*,#980,.F.);
#2335 = ORIENTED_EDGE('',*,*,#2336,.T.);
#2336 = EDGE_CURVE('',#974,#2337,#2339,.T.);
#2337 = VERTEX_POINT('',#2338);
#2338 = CARTESIAN_POINT('',(-1.6,-0.75,1.000000000081E-07));
#2339 = B_SPLINE_CURVE_WITH_KNOTS('',1,(#2340,#2341),.UNSPECIFIED.,.F.,
  .F.,(2,2),(0.17,0.18),.PIECEWISE_BEZIER_KNOTS.);
#2340 = CARTESIAN_POINT('',(-1.6,-0.75,1.00001E-02));
#2341 = CARTESIAN_POINT('',(-1.6,-0.75,9.999999999941E-08));
#2342 = ORIENTED_EDGE('',*,*,#2343,.F.);
#2343 = EDGE_CURVE('',#2344,#2337,#2346,.T.);
#2344 = VERTEX_POINT('',#2345);
#2345 = CARTESIAN_POINT('',(-1.6,0.75,1.000000000081E-07));
#2346 = B_SPLINE_CURVE_WITH_KNOTS('',1,(#2347,#2348),.UNSPECIFIED.,.F.,
  .F.,(2,2),(-1.5,0.),.PIECEWISE_BEZIER_KNOTS.);
#2347 = CARTESIAN_POINT('',(-1.6,0.75,1.000000000081E-07));
#2348 = CARTESIAN_POINT('',(-1.6,-0.75,1.000000000081E-07));
#2349 = ORIENTED_EDGE('',*,*,#2350,.F.);
#2350 = EDGE_CURVE('',#981,#2344,#2351,.T.);
#2351 = B_SPLINE_CURVE_WITH_KNOTS('',1,(#2352,#2353),.UNSPECIFIED.,.F.,
  .F.,(2,2),(0.17,0.18),.PIECEWISE_BEZIER_KNOTS.);
#2352 = CARTESIAN_POINT('',(-1.6,0.75,1.00001E-02));
#2353 = CARTESIAN_POINT('',(-1.6,0.75,9.999999999941E-08));
#2354 = B_SPLINE_SURFACE_WITH_KNOTS('',1,1,(
    (#2355,#2356)
    ,(#2357,#2358
    )),.UNSPECIFIED.,.F.,.F.,.F.,(2,2),(2,2),(0.,1.5),(-0.18,-0.17),
  .PIECEWISE_BEZIER_KNOTS.);
#2355 = CARTESIAN_POINT('',(-1.6,-0.75,9.999999999941E-08));
#2356 = CARTESIAN_POINT('',(-1.6,-0.75,1.00001E-02));
#2357 = CARTESIAN_POINT('',(-1.6,0.75,9.999999999941E-08));
#2358 = CARTESIAN_POINT('',(-1.6,0.75,1.00001E-02));
#2359 = ADVANCED_FACE('',(#2360),#2380,.T.);
#2360 = FACE_BOUND('',#2361,.T.);
#2361 = EDGE_LOOP('',(#2362,#2363,#2364,#2365,#2366,#2367,#2374,#2379));
#2362 = ORIENTED_EDGE('',*,*,#1460,.F.);
#2363 = ORIENTED_EDGE('',*,*,#1320,.T.);
#2364 = ORIENTED_EDGE('',*,*,#61,.T.);
#2365 = ORIENTED_EDGE('',*,*,#987,.F.);
#2366 = ORIENTED_EDGE('',*,*,#2350,.T.);
#2367 = ORIENTED_EDGE('',*,*,#2368,.F.);
#2368 = EDGE_CURVE('',#2369,#2344,#2371,.T.);
#2369 = VERTEX_POINT('',#2370);
#2370 = CARTESIAN_POINT('',(-2.35,0.75,1.000000000081E-07));
#2371 = B_SPLINE_CURVE_WITH_KNOTS('',1,(#2372,#2373),.UNSPECIFIED.,.F.,
  .F.,(2,2),(0.,0.75),.PIECEWISE_BEZIER_KNOTS.);
#2372 = CARTESIAN_POINT('',(-2.35,0.75,1.000000000081E-07));
#2373 = CARTESIAN_POINT('',(-1.6,0.75,1.000000000081E-07));
#2374 = ORIENTED_EDGE('',*,*,#2375,.F.);
#2375 = EDGE_CURVE('',#2316,#2369,#2376,.T.);
#2376 = B_SPLINE_CURVE_WITH_KNOTS('',1,(#2377,#2378),.UNSPECIFIED.,.F.,
  .F.,(2,2),(0.,0.18),.PIECEWISE_BEZIER_KNOTS.);
#2377 = CARTESIAN_POINT('',(-2.35,0.75,0.1800001));
#2378 = CARTESIAN_POINT('',(-2.35,0.75,9.999999999941E-08));
#2379 = ORIENTED_EDGE('',*,*,#2315,.T.);
#2380 = B_SPLINE_SURFACE_WITH_KNOTS('',1,1,(
    (#2381,#2382)
    ,(#2383,#2384
    )),.UNSPECIFIED.,.F.,.F.,.F.,(2,2),(2,2),(-0.75,0.),(-0.18,0.),
  .PIECEWISE_BEZIER_KNOTS.);
#2381 = CARTESIAN_POINT('',(-1.6,0.75,9.999999999941E-08));
#2382 = CARTESIAN_POINT('',(-1.6,0.75,0.1800001));
#2383 = CARTESIAN_POINT('',(-2.35,0.75,9.999999999941E-08));
#2384 = CARTESIAN_POINT('',(-2.35,0.75,0.1800001));
#2385 = ADVANCED_FACE('',(#2386),#2406,.T.);
#2386 = FACE_BOUND('',#2387,.T.);
#2387 = EDGE_LOOP('',(#2388,#2389,#2390,#2397,#2402,#2403,#2404,#2405));
#2388 = ORIENTED_EDGE('',*,*,#1474,.F.);
#2389 = ORIENTED_EDGE('',*,*,#2307,.T.);
#2390 = ORIENTED_EDGE('',*,*,#2391,.T.);
#2391 = EDGE_CURVE('',#2308,#2392,#2394,.T.);
#2392 = VERTEX_POINT('',#2393);
#2393 = CARTESIAN_POINT('',(-2.35,-0.75,1.000000000081E-07));
#2394 = B_SPLINE_CURVE_WITH_KNOTS('',1,(#2395,#2396),.UNSPECIFIED.,.F.,
  .F.,(2,2),(0.,0.18),.PIECEWISE_BEZIER_KNOTS.);
#2395 = CARTESIAN_POINT('',(-2.35,-0.75,0.1800001));
#2396 = CARTESIAN_POINT('',(-2.35,-0.75,9.999999999941E-08));
#2397 = ORIENTED_EDGE('',*,*,#2398,.F.);
#2398 = EDGE_CURVE('',#2337,#2392,#2399,.T.);
#2399 = B_SPLINE_CURVE_WITH_KNOTS('',1,(#2400,#2401),.UNSPECIFIED.,.F.,
  .F.,(2,2),(-0.75,0.),.PIECEWISE_BEZIER_KNOTS.);
#2400 = CARTESIAN_POINT('',(-1.6,-0.75,1.000000000081E-07));
#2401 = CARTESIAN_POINT('',(-2.35,-0.75,1.000000000081E-07));
#2402 = ORIENTED_EDGE('',*,*,#2336,.F.);
#2403 = ORIENTED_EDGE('',*,*,#973,.F.);
#2404 = ORIENTED_EDGE('',*,*,#38,.T.);
#2405 = ORIENTED_EDGE('',*,*,#2071,.T.);
#2406 = B_SPLINE_SURFACE_WITH_KNOTS('',1,1,(
    (#2407,#2408)
    ,(#2409,#2410
    )),.UNSPECIFIED.,.F.,.F.,.F.,(2,2),(2,2),(0.,0.75),(-0.18,0.),
  .PIECEWISE_BEZIER_KNOTS.);
#2407 = CARTESIAN_POINT('',(-2.35,-0.75,9.999999999941E-08));
#2408 = CARTESIAN_POINT('',(-2.35,-0.75,0.1800001));
#2409 = CARTESIAN_POINT('',(-1.6,-0.75,9.999999999941E-08));
#2410 = CARTESIAN_POINT('',(-1.6,-0.75,0.1800001));
#2411 = ADVANCED_FACE('',(#2412),#2422,.T.);
#2412 = FACE_BOUND('',#2413,.T.);
#2413 = EDGE_LOOP('',(#2414,#2415,#2420,#2421));
#2414 = ORIENTED_EDGE('',*,*,#2375,.T.);
#2415 = ORIENTED_EDGE('',*,*,#2416,.F.);
#2416 = EDGE_CURVE('',#2392,#2369,#2417,.T.);
#2417 = B_SPLINE_CURVE_WITH_KNOTS('',1,(#2418,#2419),.UNSPECIFIED.,.F.,
  .F.,(2,2),(0.,1.5),.PIECEWISE_BEZIER_KNOTS.);
#2418 = CARTESIAN_POINT('',(-2.35,-0.75,1.000000000081E-07));
#2419 = CARTESIAN_POINT('',(-2.35,0.75,1.000000000081E-07));
#2420 = ORIENTED_EDGE('',*,*,#2391,.F.);
#2421 = ORIENTED_EDGE('',*,*,#2322,.T.);
#2422 = B_SPLINE_SURFACE_WITH_KNOTS('',1,1,(
    (#2423,#2424)
    ,(#2425,#2426
    )),.UNSPECIFIED.,.F.,.F.,.F.,(2,2),(2,2),(-0.18,0.),(0.,1.5),
  .PIECEWISE_BEZIER_KNOTS.);
#2423 = CARTESIAN_POINT('',(-2.35,-0.75,9.999999999941E-08));
#2424 = CARTESIAN_POINT('',(-2.35,0.75,9.999999999941E-08));
#2425 = CARTESIAN_POINT('',(-2.35,-0.75,0.1800001));
#2426 = CARTESIAN_POINT('',(-2.35,0.75,0.1800001));
#2427 = ADVANCED_FACE('',(#2428),#2434,.T.);
#2428 = FACE_BOUND('',#2429,.T.);
#2429 = EDGE_LOOP('',(#2430,#2431,#2432,#2433));
#2430 = ORIENTED_EDGE('',*,*,#2343,.T.);
#2431 = ORIENTED_EDGE('',*,*,#2398,.T.);
#2432 = ORIENTED_EDGE('',*,*,#2416,.T.);
#2433 = ORIENTED_EDGE('',*,*,#2368,.T.);
#2434 = B_SPLINE_SURFACE_WITH_KNOTS('',1,1,(
    (#2435,#2436)
    ,(#2437,#2438
    )),.UNSPECIFIED.,.F.,.F.,.F.,(2,2),(2,2),(1.6,2.35),(-0.75,0.75),
  .PIECEWISE_BEZIER_KNOTS.);
#2435 = CARTESIAN_POINT('',(-1.6,-0.75,1.000000000081E-07));
#2436 = CARTESIAN_POINT('',(-1.6,0.75,1.000000000081E-07));
#2437 = CARTESIAN_POINT('',(-2.35,-0.75,1.000000000081E-07));
#2438 = CARTESIAN_POINT('',(-2.35,0.75,1.000000000081E-07));
#2439 = ADVANCED_FACE('',(#2440),#2462,.F.);
#2440 = FACE_BOUND('',#2441,.T.);
#2441 = EDGE_LOOP('',(#2442,#2449,#2450,#2457));
#2442 = ORIENTED_EDGE('',*,*,#2443,.T.);
#2443 = EDGE_CURVE('',#2444,#1217,#2446,.T.);
#2444 = VERTEX_POINT('',#2445);
#2445 = CARTESIAN_POINT('',(2.35,0.75,0.1800001));
#2446 = B_SPLINE_CURVE_WITH_KNOTS('',1,(#2447,#2448),.UNSPECIFIED.,.F.,
  .F.,(2,2),(0.,0.514873072799),.PIECEWISE_BEZIER_KNOTS.);
#2447 = CARTESIAN_POINT('',(2.35,0.75,0.1800001));
#2448 = CARTESIAN_POINT('',(1.835126927201,0.75,0.1800001));
#2449 = ORIENTED_EDGE('',*,*,#1216,.T.);
#2450 = ORIENTED_EDGE('',*,*,#2451,.T.);
#2451 = EDGE_CURVE('',#1208,#2452,#2454,.T.);
#2452 = VERTEX_POINT('',#2453);
#2453 = CARTESIAN_POINT('',(2.35,-0.75,0.1800001));
#2454 = B_SPLINE_CURVE_WITH_KNOTS('',1,(#2455,#2456),.UNSPECIFIED.,.F.,
  .F.,(2,2),(-0.514873072799,0.),.PIECEWISE_BEZIER_KNOTS.);
#2455 = CARTESIAN_POINT('',(1.835126927201,-0.75,0.1800001));
#2456 = CARTESIAN_POINT('',(2.35,-0.75,0.1800001));
#2457 = ORIENTED_EDGE('',*,*,#2458,.T.);
#2458 = EDGE_CURVE('',#2452,#2444,#2459,.T.);
#2459 = B_SPLINE_CURVE_WITH_KNOTS('',1,(#2460,#2461),.UNSPECIFIED.,.F.,
  .F.,(2,2),(0.,1.5),.PIECEWISE_BEZIER_KNOTS.);
#2460 = CARTESIAN_POINT('',(2.35,-0.75,0.1800001));
#2461 = CARTESIAN_POINT('',(2.35,0.75,0.1800001));
#2462 = B_SPLINE_SURFACE_WITH_KNOTS('',1,1,(
    (#2463,#2464)
    ,(#2465,#2466
    )),.UNSPECIFIED.,.F.,.F.,.F.,(2,2),(2,2),(1.835126927201,2.35),(
    -0.75,0.75),.PIECEWISE_BEZIER_KNOTS.);
#2463 = CARTESIAN_POINT('',(1.835126927201,0.75,0.1800001));
#2464 = CARTESIAN_POINT('',(1.835126927201,-0.75,0.1800001));
#2465 = CARTESIAN_POINT('',(2.35,0.75,0.1800001));
#2466 = CARTESIAN_POINT('',(2.35,-0.75,0.1800001));
#2467 = ADVANCED_FACE('',(#2468),#2490,.F.);
#2468 = FACE_BOUND('',#2469,.T.);
#2469 = EDGE_LOOP('',(#2470,#2477,#2478,#2485));
#2470 = ORIENTED_EDGE('',*,*,#2471,.F.);
#2471 = EDGE_CURVE('',#960,#2472,#2474,.T.);
#2472 = VERTEX_POINT('',#2473);
#2473 = CARTESIAN_POINT('',(1.6,-0.75,1.000000000081E-07));
#2474 = B_SPLINE_CURVE_WITH_KNOTS('',1,(#2475,#2476),.UNSPECIFIED.,.F.,
  .F.,(2,2),(0.17,0.18),.PIECEWISE_BEZIER_KNOTS.);
#2475 = CARTESIAN_POINT('',(1.6,-0.75,1.00001E-02));
#2476 = CARTESIAN_POINT('',(1.6,-0.75,9.999999999941E-08));
#2477 = ORIENTED_EDGE('',*,*,#1006,.T.);
#2478 = ORIENTED_EDGE('',*,*,#2479,.T.);
#2479 = EDGE_CURVE('',#1000,#2480,#2482,.T.);
#2480 = VERTEX_POINT('',#2481);
#2481 = CARTESIAN_POINT('',(1.6,0.75,1.000000000081E-07));
#2482 = B_SPLINE_CURVE_WITH_KNOTS('',1,(#2483,#2484),.UNSPECIFIED.,.F.,
  .F.,(2,2),(0.17,0.18),.PIECEWISE_BEZIER_KNOTS.);
#2483 = CARTESIAN_POINT('',(1.6,0.75,1.00001E-02));
#2484 = CARTESIAN_POINT('',(1.6,0.75,9.999999999941E-08));
#2485 = ORIENTED_EDGE('',*,*,#2486,.T.);
#2486 = EDGE_CURVE('',#2480,#2472,#2487,.T.);
#2487 = B_SPLINE_CURVE_WITH_KNOTS('',1,(#2488,#2489),.UNSPECIFIED.,.F.,
  .F.,(2,2),(-1.5,0.),.PIECEWISE_BEZIER_KNOTS.);
#2488 = CARTESIAN_POINT('',(1.6,0.75,1.000000000081E-07));
#2489 = CARTESIAN_POINT('',(1.6,-0.75,1.000000000081E-07));
#2490 = B_SPLINE_SURFACE_WITH_KNOTS('',1,1,(
    (#2491,#2492)
    ,(#2493,#2494
    )),.UNSPECIFIED.,.F.,.F.,.F.,(2,2),(2,2),(0.,1.5),(-0.18,-0.17),
  .PIECEWISE_BEZIER_KNOTS.);
#2491 = CARTESIAN_POINT('',(1.6,-0.75,9.999999999941E-08));
#2492 = CARTESIAN_POINT('',(1.6,-0.75,1.00001E-02));
#2493 = CARTESIAN_POINT('',(1.6,0.75,9.999999999941E-08));
#2494 = CARTESIAN_POINT('',(1.6,0.75,1.00001E-02));
#2495 = ADVANCED_FACE('',(#2496),#2516,.F.);
#2496 = FACE_BOUND('',#2497,.T.);
#2497 = EDGE_LOOP('',(#2498,#2499,#2500,#2501,#2502,#2503,#2504,#2511));
#2498 = ORIENTED_EDGE('',*,*,#2451,.F.);
#2499 = ORIENTED_EDGE('',*,*,#1207,.T.);
#2500 = ORIENTED_EDGE('',*,*,#1272,.F.);
#2501 = ORIENTED_EDGE('',*,*,#141,.F.);
#2502 = ORIENTED_EDGE('',*,*,#959,.T.);
#2503 = ORIENTED_EDGE('',*,*,#2471,.T.);
#2504 = ORIENTED_EDGE('',*,*,#2505,.T.);
#2505 = EDGE_CURVE('',#2472,#2506,#2508,.T.);
#2506 = VERTEX_POINT('',#2507);
#2507 = CARTESIAN_POINT('',(2.35,-0.75,1.000000000081E-07));
#2508 = B_SPLINE_CURVE_WITH_KNOTS('',1,(#2509,#2510),.UNSPECIFIED.,.F.,
  .F.,(2,2),(-0.75,0.),.PIECEWISE_BEZIER_KNOTS.);
#2509 = CARTESIAN_POINT('',(1.6,-0.75,1.000000000081E-07));
#2510 = CARTESIAN_POINT('',(2.35,-0.75,1.000000000081E-07));
#2511 = ORIENTED_EDGE('',*,*,#2512,.F.);
#2512 = EDGE_CURVE('',#2452,#2506,#2513,.T.);
#2513 = B_SPLINE_CURVE_WITH_KNOTS('',1,(#2514,#2515),.UNSPECIFIED.,.F.,
  .F.,(2,2),(0.,0.18),.PIECEWISE_BEZIER_KNOTS.);
#2514 = CARTESIAN_POINT('',(2.35,-0.75,0.1800001));
#2515 = CARTESIAN_POINT('',(2.35,-0.75,9.999999999941E-08));
#2516 = B_SPLINE_SURFACE_WITH_KNOTS('',1,1,(
    (#2517,#2518)
    ,(#2519,#2520
    )),.UNSPECIFIED.,.F.,.F.,.F.,(2,2),(2,2),(0.,0.75),(-0.18,0.),
  .PIECEWISE_BEZIER_KNOTS.);
#2517 = CARTESIAN_POINT('',(2.35,-0.75,9.999999999941E-08));
#2518 = CARTESIAN_POINT('',(2.35,-0.75,0.1800001));
#2519 = CARTESIAN_POINT('',(1.6,-0.75,9.999999999941E-08));
#2520 = CARTESIAN_POINT('',(1.6,-0.75,0.1800001));
#2521 = ADVANCED_FACE('',(#2522),#2542,.F.);
#2522 = FACE_BOUND('',#2523,.T.);
#2523 = EDGE_LOOP('',(#2524,#2525,#2526,#2527,#2534,#2539,#2540,#2541));
#2524 = ORIENTED_EDGE('',*,*,#1303,.F.);
#2525 = ORIENTED_EDGE('',*,*,#1223,.T.);
#2526 = ORIENTED_EDGE('',*,*,#2443,.F.);
#2527 = ORIENTED_EDGE('',*,*,#2528,.T.);
#2528 = EDGE_CURVE('',#2444,#2529,#2531,.T.);
#2529 = VERTEX_POINT('',#2530);
#2530 = CARTESIAN_POINT('',(2.35,0.75,1.000000000081E-07));
#2531 = B_SPLINE_CURVE_WITH_KNOTS('',1,(#2532,#2533),.UNSPECIFIED.,.F.,
  .F.,(2,2),(0.,0.18),.PIECEWISE_BEZIER_KNOTS.);
#2532 = CARTESIAN_POINT('',(2.35,0.75,0.1800001));
#2533 = CARTESIAN_POINT('',(2.35,0.75,9.999999999941E-08));
#2534 = ORIENTED_EDGE('',*,*,#2535,.T.);
#2535 = EDGE_CURVE('',#2529,#2480,#2536,.T.);
#2536 = B_SPLINE_CURVE_WITH_KNOTS('',1,(#2537,#2538),.UNSPECIFIED.,.F.,
  .F.,(2,2),(0.,0.75),.PIECEWISE_BEZIER_KNOTS.);
#2537 = CARTESIAN_POINT('',(2.35,0.75,1.000000000081E-07));
#2538 = CARTESIAN_POINT('',(1.6,0.75,1.000000000081E-07));
#2539 = ORIENTED_EDGE('',*,*,#2479,.F.);
#2540 = ORIENTED_EDGE('',*,*,#999,.T.);
#2541 = ORIENTED_EDGE('',*,*,#118,.F.);
#2542 = B_SPLINE_SURFACE_WITH_KNOTS('',1,1,(
    (#2543,#2544)
    ,(#2545,#2546
    )),.UNSPECIFIED.,.F.,.F.,.F.,(2,2),(2,2),(-0.75,0.),(-0.18,0.),
  .PIECEWISE_BEZIER_KNOTS.);
#2543 = CARTESIAN_POINT('',(1.6,0.75,9.999999999941E-08));
#2544 = CARTESIAN_POINT('',(1.6,0.75,0.1800001));
#2545 = CARTESIAN_POINT('',(2.35,0.75,9.999999999941E-08));
#2546 = CARTESIAN_POINT('',(2.35,0.75,0.1800001));
#2547 = ADVANCED_FACE('',(#2548),#2558,.F.);
#2548 = FACE_BOUND('',#2549,.T.);
#2549 = EDGE_LOOP('',(#2550,#2551,#2556,#2557));
#2550 = ORIENTED_EDGE('',*,*,#2512,.T.);
#2551 = ORIENTED_EDGE('',*,*,#2552,.T.);
#2552 = EDGE_CURVE('',#2506,#2529,#2553,.T.);
#2553 = B_SPLINE_CURVE_WITH_KNOTS('',1,(#2554,#2555),.UNSPECIFIED.,.F.,
  .F.,(2,2),(0.,1.5),.PIECEWISE_BEZIER_KNOTS.);
#2554 = CARTESIAN_POINT('',(2.35,-0.75,1.000000000081E-07));
#2555 = CARTESIAN_POINT('',(2.35,0.75,1.000000000081E-07));
#2556 = ORIENTED_EDGE('',*,*,#2528,.F.);
#2557 = ORIENTED_EDGE('',*,*,#2458,.F.);
#2558 = B_SPLINE_SURFACE_WITH_KNOTS('',1,1,(
    (#2559,#2560)
    ,(#2561,#2562
    )),.UNSPECIFIED.,.F.,.F.,.F.,(2,2),(2,2),(-0.18,0.),(0.,1.5),
  .PIECEWISE_BEZIER_KNOTS.);
#2559 = CARTESIAN_POINT('',(2.35,-0.75,9.999999999941E-08));
#2560 = CARTESIAN_POINT('',(2.35,0.75,9.999999999941E-08));
#2561 = CARTESIAN_POINT('',(2.35,-0.75,0.1800001));
#2562 = CARTESIAN_POINT('',(2.35,0.75,0.1800001));
#2563 = ADVANCED_FACE('',(#2564),#2570,.T.);
#2564 = FACE_BOUND('',#2565,.T.);
#2565 = EDGE_LOOP('',(#2566,#2567,#2568,#2569));
#2566 = ORIENTED_EDGE('',*,*,#2486,.F.);
#2567 = ORIENTED_EDGE('',*,*,#2535,.F.);
#2568 = ORIENTED_EDGE('',*,*,#2552,.F.);
#2569 = ORIENTED_EDGE('',*,*,#2505,.F.);
#2570 = B_SPLINE_SURFACE_WITH_KNOTS('',1,1,(
    (#2571,#2572)
    ,(#2573,#2574
    )),.UNSPECIFIED.,.F.,.F.,.F.,(2,2),(2,2),(1.6,2.35),(-0.75,0.75),
  .PIECEWISE_BEZIER_KNOTS.);
#2571 = CARTESIAN_POINT('',(1.6,0.75,1.000000000081E-07));
#2572 = CARTESIAN_POINT('',(1.6,-0.75,1.000000000081E-07));
#2573 = CARTESIAN_POINT('',(2.35,0.75,1.000000000081E-07));
#2574 = CARTESIAN_POINT('',(2.35,-0.75,1.000000000081E-07));
#2575 = ADVANCED_FACE('',(#2576),#2598,.T.);
#2576 = FACE_BOUND('',#2577,.T.);
#2577 = EDGE_LOOP('',(#2578,#2579,#2586,#2593));
#2578 = ORIENTED_EDGE('',*,*,#1013,.F.);
#2579 = ORIENTED_EDGE('',*,*,#2580,.F.);
#2580 = EDGE_CURVE('',#2581,#1014,#2583,.T.);
#2581 = VERTEX_POINT('',#2582);
#2582 = CARTESIAN_POINT('',(-0.384655122323,0.115876670815,1.10001E-02)
  );
#2583 = B_SPLINE_CURVE_WITH_KNOTS('',1,(#2584,#2585),.UNSPECIFIED.,.F.,
  .F.,(2,2),(-0.,1.E-03),.PIECEWISE_BEZIER_KNOTS.);
#2584 = CARTESIAN_POINT('',(-0.384655122323,0.115876670815,1.10001E-02)
  );
#2585 = CARTESIAN_POINT('',(-0.384655122323,0.115876670815,1.00001E-02)
  );
#2586 = ORIENTED_EDGE('',*,*,#2587,.T.);
#2587 = EDGE_CURVE('',#2581,#2588,#2590,.T.);
#2588 = VERTEX_POINT('',#2589);
#2589 = CARTESIAN_POINT('',(-0.462703902811,-8.412332918469E-02,
    1.10001E-02));
#2590 = B_SPLINE_CURVE_WITH_KNOTS('',1,(#2591,#2592),.UNSPECIFIED.,.F.,
  .F.,(2,2),(0.,0.214689571558),.PIECEWISE_BEZIER_KNOTS.);
#2591 = CARTESIAN_POINT('',(-0.384655122323,0.115876670815,1.10001E-02)
  );
#2592 = CARTESIAN_POINT('',(-0.462703902811,-8.412332918469E-02,
    1.10001E-02));
#2593 = ORIENTED_EDGE('',*,*,#2594,.T.);
#2594 = EDGE_CURVE('',#2588,#1016,#2595,.T.);
#2595 = B_SPLINE_CURVE_WITH_KNOTS('',1,(#2596,#2597),.UNSPECIFIED.,.F.,
  .F.,(2,2),(-0.,1.E-03),.PIECEWISE_BEZIER_KNOTS.);
#2596 = CARTESIAN_POINT('',(-0.462703902811,-8.412332918469E-02,
    1.10001E-02));
#2597 = CARTESIAN_POINT('',(-0.462703902811,-8.412332918469E-02,
    1.00001E-02));
#2598 = B_SPLINE_SURFACE_WITH_KNOTS('',1,1,(
    (#2599,#2600)
    ,(#2601,#2602
    )),.UNSPECIFIED.,.F.,.F.,.F.,(2,2),(2,2),(-0.214689571558,0.),(
    -1.E-03,0.),.PIECEWISE_BEZIER_KNOTS.);
#2599 = CARTESIAN_POINT('',(-0.462703902811,-8.412332918469E-02,
    1.00001E-02));
#2600 = CARTESIAN_POINT('',(-0.462703902811,-8.412332918469E-02,
    1.10001E-02));
#2601 = CARTESIAN_POINT('',(-0.384655122323,0.115876670815,1.00001E-02)
  );
#2602 = CARTESIAN_POINT('',(-0.384655122323,0.115876670815,1.10001E-02)
  );
#2603 = ADVANCED_FACE('',(#2604),#2620,.T.);
#2604 = FACE_BOUND('',#2605,.T.);
#2605 = EDGE_LOOP('',(#2606,#2607,#2608,#2615));
#2606 = ORIENTED_EDGE('',*,*,#1022,.F.);
#2607 = ORIENTED_EDGE('',*,*,#2594,.F.);
#2608 = ORIENTED_EDGE('',*,*,#2609,.T.);
#2609 = EDGE_CURVE('',#2588,#2610,#2612,.T.);
#2610 = VERTEX_POINT('',#2611);
#2611 = CARTESIAN_POINT('',(-0.433435610128,-8.412332918469E-02,
    1.10001E-02));
#2612 = B_SPLINE_CURVE_WITH_KNOTS('',1,(#2613,#2614),.UNSPECIFIED.,.F.,
  .F.,(2,2),(0.,2.926829268293E-02),.PIECEWISE_BEZIER_KNOTS.);
#2613 = CARTESIAN_POINT('',(-0.462703902811,-8.412332918469E-02,
    1.10001E-02));
#2614 = CARTESIAN_POINT('',(-0.433435610128,-8.412332918469E-02,
    1.10001E-02));
#2615 = ORIENTED_EDGE('',*,*,#2616,.T.);
#2616 = EDGE_CURVE('',#2610,#1023,#2617,.T.);
#2617 = B_SPLINE_CURVE_WITH_KNOTS('',1,(#2618,#2619),.UNSPECIFIED.,.F.,
  .F.,(2,2),(-0.,1.E-03),.PIECEWISE_BEZIER_KNOTS.);
#2618 = CARTESIAN_POINT('',(-0.433435610128,-8.412332918469E-02,
    1.10001E-02));
#2619 = CARTESIAN_POINT('',(-0.433435610128,-8.412332918469E-02,
    1.00001E-02));
#2620 = B_SPLINE_SURFACE_WITH_KNOTS('',1,1,(
    (#2621,#2622)
    ,(#2623,#2624
    )),.UNSPECIFIED.,.F.,.F.,.F.,(2,2),(2,2),(-1.E-03,0.),(0.,
    2.926829268293E-02),.PIECEWISE_BEZIER_KNOTS.);
#2621 = CARTESIAN_POINT('',(-0.462703902811,-8.412332918469E-02,
    1.00001E-02));
#2622 = CARTESIAN_POINT('',(-0.433435610128,-8.412332918469E-02,
    1.00001E-02));
#2623 = CARTESIAN_POINT('',(-0.462703902811,-8.412332918469E-02,
    1.10001E-02));
#2624 = CARTESIAN_POINT('',(-0.433435610128,-8.412332918469E-02,
    1.10001E-02));
#2625 = ADVANCED_FACE('',(#2626),#2642,.T.);
#2626 = FACE_BOUND('',#2627,.T.);
#2627 = EDGE_LOOP('',(#2628,#2629,#2630,#2637));
#2628 = ORIENTED_EDGE('',*,*,#1029,.F.);
#2629 = ORIENTED_EDGE('',*,*,#2616,.F.);
#2630 = ORIENTED_EDGE('',*,*,#2631,.T.);
#2631 = EDGE_CURVE('',#2610,#2632,#2634,.T.);
#2632 = VERTEX_POINT('',#2633);
#2633 = CARTESIAN_POINT('',(-0.41319932964,-2.802576820908E-02,
    1.10001E-02));
#2634 = B_SPLINE_CURVE_WITH_KNOTS('',1,(#2635,#2636),.UNSPECIFIED.,.F.,
  .F.,(2,2),(0.,5.963592369867E-02),.PIECEWISE_BEZIER_KNOTS.);
#2635 = CARTESIAN_POINT('',(-0.433435610128,-8.412332918469E-02,
    1.10001E-02));
#2636 = CARTESIAN_POINT('',(-0.41319932964,-2.802576820908E-02,
    1.10001E-02));
#2637 = ORIENTED_EDGE('',*,*,#2638,.T.);
#2638 = EDGE_CURVE('',#2632,#1030,#2639,.T.);
#2639 = B_SPLINE_CURVE_WITH_KNOTS('',1,(#2640,#2641),.UNSPECIFIED.,.F.,
  .F.,(2,2),(-0.,1.E-03),.PIECEWISE_BEZIER_KNOTS.);
#2640 = CARTESIAN_POINT('',(-0.41319932964,-2.802576820908E-02,
    1.10001E-02));
#2641 = CARTESIAN_POINT('',(-0.41319932964,-2.802576820908E-02,
    1.00001E-02));
#2642 = B_SPLINE_SURFACE_WITH_KNOTS('',1,1,(
    (#2643,#2644)
    ,(#2645,#2646
    )),.UNSPECIFIED.,.F.,.F.,.F.,(2,2),(2,2),(-5.963592369867E-02,0.),(
    -1.E-03,0.),.PIECEWISE_BEZIER_KNOTS.);
#2643 = CARTESIAN_POINT('',(-0.41319932964,-2.802576820908E-02,
    1.00001E-02));
#2644 = CARTESIAN_POINT('',(-0.41319932964,-2.802576820908E-02,
    1.10001E-02));
#2645 = CARTESIAN_POINT('',(-0.433435610128,-8.412332918469E-02,
    1.00001E-02));
#2646 = CARTESIAN_POINT('',(-0.433435610128,-8.412332918469E-02,
    1.10001E-02));
#2647 = ADVANCED_FACE('',(#2648),#2664,.T.);
#2648 = FACE_BOUND('',#2649,.T.);
#2649 = EDGE_LOOP('',(#2650,#2651,#2652,#2659));
#2650 = ORIENTED_EDGE('',*,*,#1036,.F.);
#2651 = ORIENTED_EDGE('',*,*,#2638,.F.);
#2652 = ORIENTED_EDGE('',*,*,#2653,.T.);
#2653 = EDGE_CURVE('',#2632,#2654,#2656,.T.);
#2654 = VERTEX_POINT('',#2655);
#2655 = CARTESIAN_POINT('',(-0.33057737842,-2.802576820908E-02,
    1.10001E-02));
#2656 = B_SPLINE_CURVE_WITH_KNOTS('',1,(#2657,#2658),.UNSPECIFIED.,.F.,
  .F.,(2,2),(0.,8.262195121951E-02),.PIECEWISE_BEZIER_KNOTS.);
#2657 = CARTESIAN_POINT('',(-0.41319932964,-2.802576820908E-02,
    1.10001E-02));
#2658 = CARTESIAN_POINT('',(-0.33057737842,-2.802576820908E-02,
    1.10001E-02));
#2659 = ORIENTED_EDGE('',*,*,#2660,.T.);
#2660 = EDGE_CURVE('',#2654,#1037,#2661,.T.);
#2661 = B_SPLINE_CURVE_WITH_KNOTS('',1,(#2662,#2663),.UNSPECIFIED.,.F.,
  .F.,(2,2),(-0.,1.E-03),.PIECEWISE_BEZIER_KNOTS.);
#2662 = CARTESIAN_POINT('',(-0.33057737842,-2.802576820908E-02,
    1.10001E-02));
#2663 = CARTESIAN_POINT('',(-0.33057737842,-2.802576820908E-02,
    1.00001E-02));
#2664 = B_SPLINE_SURFACE_WITH_KNOTS('',1,1,(
    (#2665,#2666)
    ,(#2667,#2668
    )),.UNSPECIFIED.,.F.,.F.,.F.,(2,2),(2,2),(-1.E-03,0.),(0.,
    8.262195121951E-02),.PIECEWISE_BEZIER_KNOTS.);
#2665 = CARTESIAN_POINT('',(-0.41319932964,-2.802576820908E-02,
    1.00001E-02));
#2666 = CARTESIAN_POINT('',(-0.33057737842,-2.802576820908E-02,
    1.00001E-02));
#2667 = CARTESIAN_POINT('',(-0.41319932964,-2.802576820908E-02,
    1.10001E-02));
#2668 = CARTESIAN_POINT('',(-0.33057737842,-2.802576820908E-02,
    1.10001E-02));
#2669 = ADVANCED_FACE('',(#2670),#2686,.T.);
#2670 = FACE_BOUND('',#2671,.T.);
#2671 = EDGE_LOOP('',(#2672,#2673,#2674,#2681));
#2672 = ORIENTED_EDGE('',*,*,#1043,.F.);
#2673 = ORIENTED_EDGE('',*,*,#2660,.F.);
#2674 = ORIENTED_EDGE('',*,*,#2675,.T.);
#2675 = EDGE_CURVE('',#2654,#2676,#2678,.T.);
#2676 = VERTEX_POINT('',#2677);
#2677 = CARTESIAN_POINT('',(-0.311484390615,-8.412332918469E-02,
    1.10001E-02));
#2678 = B_SPLINE_CURVE_WITH_KNOTS('',1,(#2679,#2680),.UNSPECIFIED.,.F.,
  .F.,(2,2),(0.,5.925772971292E-02),.PIECEWISE_BEZIER_KNOTS.);
#2679 = CARTESIAN_POINT('',(-0.33057737842,-2.802576820908E-02,
    1.10001E-02));
#2680 = CARTESIAN_POINT('',(-0.311484390615,-8.412332918469E-02,
    1.10001E-02));
#2681 = ORIENTED_EDGE('',*,*,#2682,.T.);
#2682 = EDGE_CURVE('',#2676,#1044,#2683,.T.);
#2683 = B_SPLINE_CURVE_WITH_KNOTS('',1,(#2684,#2685),.UNSPECIFIED.,.F.,
  .F.,(2,2),(-0.,1.E-03),.PIECEWISE_BEZIER_KNOTS.);
#2684 = CARTESIAN_POINT('',(-0.311484390615,-8.412332918469E-02,
    1.10001E-02));
#2685 = CARTESIAN_POINT('',(-0.311484390615,-8.412332918469E-02,
    1.00001E-02));
#2686 = B_SPLINE_SURFACE_WITH_KNOTS('',1,1,(
    (#2687,#2688)
    ,(#2689,#2690
    )),.UNSPECIFIED.,.F.,.F.,.F.,(2,2),(2,2),(-5.925772971292E-02,0.),(
    -1.E-03,0.),.PIECEWISE_BEZIER_KNOTS.);
#2687 = CARTESIAN_POINT('',(-0.311484390615,-8.412332918469E-02,
    1.00001E-02));
#2688 = CARTESIAN_POINT('',(-0.311484390615,-8.412332918469E-02,
    1.10001E-02));
#2689 = CARTESIAN_POINT('',(-0.33057737842,-2.802576820908E-02,
    1.00001E-02));
#2690 = CARTESIAN_POINT('',(-0.33057737842,-2.802576820908E-02,
    1.10001E-02));
#2691 = ADVANCED_FACE('',(#2692),#2708,.T.);
#2692 = FACE_BOUND('',#2693,.T.);
#2693 = EDGE_LOOP('',(#2694,#2695,#2696,#2703));
#2694 = ORIENTED_EDGE('',*,*,#1050,.F.);
#2695 = ORIENTED_EDGE('',*,*,#2682,.F.);
#2696 = ORIENTED_EDGE('',*,*,#2697,.T.);
#2697 = EDGE_CURVE('',#2676,#2698,#2700,.T.);
#2698 = VERTEX_POINT('',#2699);
#2699 = CARTESIAN_POINT('',(-0.282216097933,-8.412332918469E-02,
    1.10001E-02));
#2700 = B_SPLINE_CURVE_WITH_KNOTS('',1,(#2701,#2702),.UNSPECIFIED.,.F.,
  .F.,(2,2),(0.,2.926829268293E-02),.PIECEWISE_BEZIER_KNOTS.);
#2701 = CARTESIAN_POINT('',(-0.311484390615,-8.412332918469E-02,
    1.10001E-02));
#2702 = CARTESIAN_POINT('',(-0.282216097933,-8.412332918469E-02,
    1.10001E-02));
#2703 = ORIENTED_EDGE('',*,*,#2704,.T.);
#2704 = EDGE_CURVE('',#2698,#1051,#2705,.T.);
#2705 = B_SPLINE_CURVE_WITH_KNOTS('',1,(#2706,#2707),.UNSPECIFIED.,.F.,
  .F.,(2,2),(-0.,1.E-03),.PIECEWISE_BEZIER_KNOTS.);
#2706 = CARTESIAN_POINT('',(-0.282216097933,-8.412332918469E-02,
    1.10001E-02));
#2707 = CARTESIAN_POINT('',(-0.282216097933,-8.412332918469E-02,
    1.00001E-02));
#2708 = B_SPLINE_SURFACE_WITH_KNOTS('',1,1,(
    (#2709,#2710)
    ,(#2711,#2712
    )),.UNSPECIFIED.,.F.,.F.,.F.,(2,2),(2,2),(-1.E-03,0.),(0.,
    2.926829268293E-02),.PIECEWISE_BEZIER_KNOTS.);
#2709 = CARTESIAN_POINT('',(-0.311484390615,-8.412332918469E-02,
    1.00001E-02));
#2710 = CARTESIAN_POINT('',(-0.282216097933,-8.412332918469E-02,
    1.00001E-02));
#2711 = CARTESIAN_POINT('',(-0.311484390615,-8.412332918469E-02,
    1.10001E-02));
#2712 = CARTESIAN_POINT('',(-0.282216097933,-8.412332918469E-02,
    1.10001E-02));
#2713 = ADVANCED_FACE('',(#2714),#2730,.T.);
#2714 = FACE_BOUND('',#2715,.T.);
#2715 = EDGE_LOOP('',(#2716,#2717,#2718,#2725));
#2716 = ORIENTED_EDGE('',*,*,#1057,.F.);
#2717 = ORIENTED_EDGE('',*,*,#2704,.F.);
#2718 = ORIENTED_EDGE('',*,*,#2719,.T.);
#2719 = EDGE_CURVE('',#2698,#2720,#2722,.T.);
#2720 = VERTEX_POINT('',#2721);
#2721 = CARTESIAN_POINT('',(-0.35782585403,0.115876670815,1.10001E-02));
#2722 = B_SPLINE_CURVE_WITH_KNOTS('',1,(#2723,#2724),.UNSPECIFIED.,.F.,
  .F.,(2,2),(0.,0.213814955551),.PIECEWISE_BEZIER_KNOTS.);
#2723 = CARTESIAN_POINT('',(-0.282216097933,-8.412332918469E-02,
    1.10001E-02));
#2724 = CARTESIAN_POINT('',(-0.35782585403,0.115876670815,1.10001E-02));
#2725 = ORIENTED_EDGE('',*,*,#2726,.T.);
#2726 = EDGE_CURVE('',#2720,#1058,#2727,.T.);
#2727 = B_SPLINE_CURVE_WITH_KNOTS('',1,(#2728,#2729),.UNSPECIFIED.,.F.,
  .F.,(2,2),(-0.,1.E-03),.PIECEWISE_BEZIER_KNOTS.);
#2728 = CARTESIAN_POINT('',(-0.35782585403,0.115876670815,1.10001E-02));
#2729 = CARTESIAN_POINT('',(-0.35782585403,0.115876670815,1.00001E-02));
#2730 = B_SPLINE_SURFACE_WITH_KNOTS('',1,1,(
    (#2731,#2732)
    ,(#2733,#2734
    )),.UNSPECIFIED.,.F.,.F.,.F.,(2,2),(2,2),(-0.213814955551,0.),(
    -1.E-03,0.),.PIECEWISE_BEZIER_KNOTS.);
#2731 = CARTESIAN_POINT('',(-0.35782585403,0.115876670815,1.00001E-02));
#2732 = CARTESIAN_POINT('',(-0.35782585403,0.115876670815,1.10001E-02));
#2733 = CARTESIAN_POINT('',(-0.282216097933,-8.412332918469E-02,
    1.00001E-02));
#2734 = CARTESIAN_POINT('',(-0.282216097933,-8.412332918469E-02,
    1.10001E-02));
#2735 = ADVANCED_FACE('',(#2736),#2746,.T.);
#2736 = FACE_BOUND('',#2737,.T.);
#2737 = EDGE_LOOP('',(#2738,#2739,#2740,#2745));
#2738 = ORIENTED_EDGE('',*,*,#1064,.F.);
#2739 = ORIENTED_EDGE('',*,*,#2726,.F.);
#2740 = ORIENTED_EDGE('',*,*,#2741,.T.);
#2741 = EDGE_CURVE('',#2720,#2581,#2742,.T.);
#2742 = B_SPLINE_CURVE_WITH_KNOTS('',1,(#2743,#2744),.UNSPECIFIED.,.F.,
  .F.,(2,2),(0.,2.682926829268E-02),.PIECEWISE_BEZIER_KNOTS.);
#2743 = CARTESIAN_POINT('',(-0.35782585403,0.115876670815,1.10001E-02));
#2744 = CARTESIAN_POINT('',(-0.384655122323,0.115876670815,1.10001E-02)
  );
#2745 = ORIENTED_EDGE('',*,*,#2580,.T.);
#2746 = B_SPLINE_SURFACE_WITH_KNOTS('',1,1,(
    (#2747,#2748)
    ,(#2749,#2750)),.UNSPECIFIED.,.F.,.F.,.F.,(2,2),(2,2),(0.,1.E-03),(
    -2.682926829268E-02,0.),.PIECEWISE_BEZIER_KNOTS.);
#2747 = CARTESIAN_POINT('',(-0.384655122323,0.115876670815,1.10001E-02)
  );
#2748 = CARTESIAN_POINT('',(-0.35782585403,0.115876670815,1.10001E-02));
#2749 = CARTESIAN_POINT('',(-0.384655122323,0.115876670815,1.00001E-02)
  );
#2750 = CARTESIAN_POINT('',(-0.35782585403,0.115876670815,1.00001E-02));
#2751 = ADVANCED_FACE('',(#2752,#2806),#2816,.F.);
#2752 = FACE_BOUND('',#2753,.T.);
#2753 = EDGE_LOOP('',(#2754,#2763,#2770,#2782,#2789,#2801));
#2754 = ORIENTED_EDGE('',*,*,#2755,.F.);
#2755 = EDGE_CURVE('',#2756,#2758,#2760,.T.);
#2756 = VERTEX_POINT('',#2757);
#2757 = CARTESIAN_POINT('',(-0.33732280525,-6.074548696883E-03,
    1.10001E-02));
#2758 = VERTEX_POINT('',#2759);
#2759 = CARTESIAN_POINT('',(-0.404205427201,-6.074548696883E-03,
    1.10001E-02));
#2760 = B_SPLINE_CURVE_WITH_KNOTS('',1,(#2761,#2762),.UNSPECIFIED.,.F.,
  .F.,(2,2),(0.,6.688262195122E-02),.PIECEWISE_BEZIER_KNOTS.);
#2761 = CARTESIAN_POINT('',(-0.33732280525,-6.074548696883E-03,
    1.10001E-02));
#2762 = CARTESIAN_POINT('',(-0.404205427201,-6.074548696883E-03,
    1.10001E-02));
#2763 = ORIENTED_EDGE('',*,*,#2764,.F.);
#2764 = EDGE_CURVE('',#2765,#2756,#2767,.T.);
#2765 = VERTEX_POINT('',#2766);
#2766 = CARTESIAN_POINT('',(-0.367162744274,7.746203666897E-02,
    1.10001E-02));
#2767 = B_SPLINE_CURVE_WITH_KNOTS('',1,(#2768,#2769),.UNSPECIFIED.,.F.,
  .F.,(2,2),(0.,8.870616131682E-02),.PIECEWISE_BEZIER_KNOTS.);
#2768 = CARTESIAN_POINT('',(-0.367162744274,7.746203666897E-02,
    1.10001E-02));
#2769 = CARTESIAN_POINT('',(-0.33732280525,-6.074548696883E-03,
    1.10001E-02));
#2770 = ORIENTED_EDGE('',*,*,#2771,.F.);
#2771 = EDGE_CURVE('',#2772,#2765,#2774,.T.);
#2772 = VERTEX_POINT('',#2773);
#2773 = CARTESIAN_POINT('',(-0.370363963786,9.148642691287E-02,
    1.10001E-02));
#2774 = B_SPLINE_CURVE_WITH_KNOTS('',3,(#2775,#2776,#2777,#2778,#2779,
    #2780,#2781),.UNSPECIFIED.,.F.,.F.,(4,1,1,1,4),(0.,0.300541113159,
    0.567747146484,0.800033613737,1.),.UNSPECIFIED.);
#2775 = CARTESIAN_POINT('',(-0.370363963786,9.148642691287E-02,
    1.10001E-02));
#2776 = CARTESIAN_POINT('',(-0.370130747292,9.006224845523E-02,
    1.10001E-02));
#2777 = CARTESIAN_POINT('',(-0.369690181947,8.7371856958E-02,1.10001E-02
    ));
#2778 = CARTESIAN_POINT('',(-0.368946484305,8.360206146655E-02,
    1.10001E-02));
#2779 = CARTESIAN_POINT('',(-0.368118456187,8.034409922188E-02,
    1.10001E-02));
#2780 = CARTESIAN_POINT('',(-0.36746502906,7.837361227032E-02,
    1.10001E-02));
#2781 = CARTESIAN_POINT('',(-0.367162744274,7.746203666897E-02,
    1.10001E-02));
#2782 = ORIENTED_EDGE('',*,*,#2783,.F.);
#2783 = EDGE_CURVE('',#2784,#2772,#2786,.T.);
#2784 = VERTEX_POINT('',#2785);
#2785 = CARTESIAN_POINT('',(-0.37101182964,9.148642691287E-02,
    1.10001E-02));
#2786 = B_SPLINE_CURVE_WITH_KNOTS('',1,(#2787,#2788),.UNSPECIFIED.,.F.,
  .F.,(2,2),(0.,6.478658536586E-04),.PIECEWISE_BEZIER_KNOTS.);
#2787 = CARTESIAN_POINT('',(-0.37101182964,9.148642691287E-02,
    1.10001E-02));
#2788 = CARTESIAN_POINT('',(-0.370363963786,9.148642691287E-02,
    1.10001E-02));
#2789 = ORIENTED_EDGE('',*,*,#2790,.F.);
#2790 = EDGE_CURVE('',#2791,#2784,#2793,.T.);
#2791 = VERTEX_POINT('',#2792);
#2792 = CARTESIAN_POINT('',(-0.374098719884,7.746203666897E-02,
    1.10001E-02));
#2793 = B_SPLINE_CURVE_WITH_KNOTS('',3,(#2794,#2795,#2796,#2797,#2798,
    #2799,#2800),.UNSPECIFIED.,.F.,.F.,(4,1,1,1,4),(0.,0.174481715317,
    0.398285759128,0.673897847399,1.),.UNSPECIFIED.);
#2794 = CARTESIAN_POINT('',(-0.374098719884,7.746203666897E-02,
    1.10001E-02));
#2795 = CARTESIAN_POINT('',(-0.373849138859,7.826000355959E-02,
    1.10001E-02));
#2796 = CARTESIAN_POINT('',(-0.373279425479,8.008150587697E-02,
    1.10001E-02));
#2797 = CARTESIAN_POINT('',(-0.372532863885,8.322531779174E-02,
    1.10001E-02));
#2798 = CARTESIAN_POINT('',(-0.371800907095,8.711204818759E-02,
    1.10001E-02));
#2799 = CARTESIAN_POINT('',(-0.37128916884,8.994895211867E-02,
    1.10001E-02));
#2800 = CARTESIAN_POINT('',(-0.37101182964,9.148642691287E-02,
    1.10001E-02));
#2801 = ORIENTED_EDGE('',*,*,#2802,.F.);
#2802 = EDGE_CURVE('',#2758,#2791,#2803,.T.);
#2803 = B_SPLINE_CURVE_WITH_KNOTS('',1,(#2804,#2805),.UNSPECIFIED.,.F.,
  .F.,(2,2),(0.,8.879625510157E-02),.PIECEWISE_BEZIER_KNOTS.);
#2804 = CARTESIAN_POINT('',(-0.404205427201,-6.074548696883E-03,
    1.10001E-02));
#2805 = CARTESIAN_POINT('',(-0.374098719884,7.746203666897E-02,
    1.10001E-02));
#2806 = FACE_BOUND('',#2807,.T.);
#2807 = EDGE_LOOP('',(#2808,#2809,#2810,#2811,#2812,#2813,#2814,#2815));
#2808 = ORIENTED_EDGE('',*,*,#2587,.F.);
#2809 = ORIENTED_EDGE('',*,*,#2741,.F.);
#2810 = ORIENTED_EDGE('',*,*,#2719,.F.);
#2811 = ORIENTED_EDGE('',*,*,#2697,.F.);
#2812 = ORIENTED_EDGE('',*,*,#2675,.F.);
#2813 = ORIENTED_EDGE('',*,*,#2653,.F.);
#2814 = ORIENTED_EDGE('',*,*,#2631,.F.);
#2815 = ORIENTED_EDGE('',*,*,#2609,.F.);
#2816 = B_SPLINE_SURFACE_WITH_KNOTS('',1,1,(
    (#2817,#2818)
    ,(#2819,#2820
    )),.UNSPECIFIED.,.F.,.F.,.F.,(2,2),(2,2),(-0.462703902811,
    -0.282216097933),(-8.412332918469E-02,0.115876670815),
  .PIECEWISE_BEZIER_KNOTS.);
#2817 = CARTESIAN_POINT('',(-0.462703902811,-8.412332918469E-02,
    1.10001E-02));
#2818 = CARTESIAN_POINT('',(-0.462703902811,0.115876670815,1.10001E-02)
  );
#2819 = CARTESIAN_POINT('',(-0.282216097933,-8.412332918469E-02,
    1.10001E-02));
#2820 = CARTESIAN_POINT('',(-0.282216097933,0.115876670815,1.10001E-02)
  );
#2821 = ADVANCED_FACE('',(#2822),#2844,.T.);
#2822 = FACE_BOUND('',#2823,.T.);
#2823 = EDGE_LOOP('',(#2824,#2833,#2838,#2839));
#2824 = ORIENTED_EDGE('',*,*,#2825,.F.);
#2825 = EDGE_CURVE('',#2826,#2828,#2830,.T.);
#2826 = VERTEX_POINT('',#2827);
#2827 = CARTESIAN_POINT('',(-0.33732280525,-6.074548696883E-03,
    1.00001E-02));
#2828 = VERTEX_POINT('',#2829);
#2829 = CARTESIAN_POINT('',(-0.404205427201,-6.074548696883E-03,
    1.00001E-02));
#2830 = B_SPLINE_CURVE_WITH_KNOTS('',1,(#2831,#2832),.UNSPECIFIED.,.F.,
  .F.,(2,2),(0.,6.688262195122E-02),.PIECEWISE_BEZIER_KNOTS.);
#2831 = CARTESIAN_POINT('',(-0.33732280525,-6.074548696883E-03,
    1.00001E-02));
#2832 = CARTESIAN_POINT('',(-0.404205427201,-6.074548696883E-03,
    1.00001E-02));
#2833 = ORIENTED_EDGE('',*,*,#2834,.F.);
#2834 = EDGE_CURVE('',#2756,#2826,#2835,.T.);
#2835 = B_SPLINE_CURVE_WITH_KNOTS('',1,(#2836,#2837),.UNSPECIFIED.,.F.,
  .F.,(2,2),(-0.,1.E-03),.PIECEWISE_BEZIER_KNOTS.);
#2836 = CARTESIAN_POINT('',(-0.33732280525,-6.074548696883E-03,
    1.10001E-02));
#2837 = CARTESIAN_POINT('',(-0.33732280525,-6.074548696883E-03,
    1.00001E-02));
#2838 = ORIENTED_EDGE('',*,*,#2755,.T.);
#2839 = ORIENTED_EDGE('',*,*,#2840,.T.);
#2840 = EDGE_CURVE('',#2758,#2828,#2841,.T.);
#2841 = B_SPLINE_CURVE_WITH_KNOTS('',1,(#2842,#2843),.UNSPECIFIED.,.F.,
  .F.,(2,2),(-0.,1.E-03),.PIECEWISE_BEZIER_KNOTS.);
#2842 = CARTESIAN_POINT('',(-0.404205427201,-6.074548696883E-03,
    1.10001E-02));
#2843 = CARTESIAN_POINT('',(-0.404205427201,-6.074548696883E-03,
    1.00001E-02));
#2844 = B_SPLINE_SURFACE_WITH_KNOTS('',1,1,(
    (#2845,#2846)
    ,(#2847,#2848)),.UNSPECIFIED.,.F.,.F.,.F.,(2,2),(2,2),(0.,1.E-03),(
    -6.688262195122E-02,0.),.PIECEWISE_BEZIER_KNOTS.);
#2845 = CARTESIAN_POINT('',(-0.404205427201,-6.074548696883E-03,
    1.10001E-02));
#2846 = CARTESIAN_POINT('',(-0.33732280525,-6.074548696883E-03,
    1.10001E-02));
#2847 = CARTESIAN_POINT('',(-0.404205427201,-6.074548696883E-03,
    1.00001E-02));
#2848 = CARTESIAN_POINT('',(-0.33732280525,-6.074548696883E-03,
    1.00001E-02));
#2849 = ADVANCED_FACE('',(#2850),#2866,.T.);
#2850 = FACE_BOUND('',#2851,.T.);
#2851 = EDGE_LOOP('',(#2852,#2859,#2864,#2865));
#2852 = ORIENTED_EDGE('',*,*,#2853,.F.);
#2853 = EDGE_CURVE('',#2854,#2826,#2856,.T.);
#2854 = VERTEX_POINT('',#2855);
#2855 = CARTESIAN_POINT('',(-0.367162744274,7.746203666897E-02,
    1.00001E-02));
#2856 = B_SPLINE_CURVE_WITH_KNOTS('',1,(#2857,#2858),.UNSPECIFIED.,.F.,
  .F.,(2,2),(0.,8.870616131682E-02),.PIECEWISE_BEZIER_KNOTS.);
#2857 = CARTESIAN_POINT('',(-0.367162744274,7.746203666897E-02,
    1.00001E-02));
#2858 = CARTESIAN_POINT('',(-0.33732280525,-6.074548696883E-03,
    1.00001E-02));
#2859 = ORIENTED_EDGE('',*,*,#2860,.F.);
#2860 = EDGE_CURVE('',#2765,#2854,#2861,.T.);
#2861 = B_SPLINE_CURVE_WITH_KNOTS('',1,(#2862,#2863),.UNSPECIFIED.,.F.,
  .F.,(2,2),(-0.,1.E-03),.PIECEWISE_BEZIER_KNOTS.);
#2862 = CARTESIAN_POINT('',(-0.367162744274,7.746203666897E-02,
    1.10001E-02));
#2863 = CARTESIAN_POINT('',(-0.367162744274,7.746203666897E-02,
    1.00001E-02));
#2864 = ORIENTED_EDGE('',*,*,#2764,.T.);
#2865 = ORIENTED_EDGE('',*,*,#2834,.T.);
#2866 = B_SPLINE_SURFACE_WITH_KNOTS('',1,1,(
    (#2867,#2868)
    ,(#2869,#2870
    )),.UNSPECIFIED.,.F.,.F.,.F.,(2,2),(2,2),(-8.870616131682E-02,0.),(
    -1.E-03,0.),.PIECEWISE_BEZIER_KNOTS.);
#2867 = CARTESIAN_POINT('',(-0.33732280525,-6.074548696883E-03,
    1.00001E-02));
#2868 = CARTESIAN_POINT('',(-0.33732280525,-6.074548696883E-03,
    1.10001E-02));
#2869 = CARTESIAN_POINT('',(-0.367162744274,7.746203666897E-02,
    1.00001E-02));
#2870 = CARTESIAN_POINT('',(-0.367162744274,7.746203666897E-02,
    1.10001E-02));
#2871 = ADVANCED_FACE('',(#2872),#2893,.T.);
#2872 = FACE_BOUND('',#2873,.T.);
#2873 = EDGE_LOOP('',(#2874,#2886,#2891,#2892));
#2874 = ORIENTED_EDGE('',*,*,#2875,.F.);
#2875 = EDGE_CURVE('',#2876,#2854,#2878,.T.);
#2876 = VERTEX_POINT('',#2877);
#2877 = CARTESIAN_POINT('',(-0.370363963786,9.148642691287E-02,
    1.00001E-02));
#2878 = B_SPLINE_CURVE_WITH_KNOTS('',3,(#2879,#2880,#2881,#2882,#2883,
    #2884,#2885),.UNSPECIFIED.,.F.,.F.,(4,1,1,1,4),(0.,0.300541113159,
    0.567747146484,0.800033613737,1.),.UNSPECIFIED.);
#2879 = CARTESIAN_POINT('',(-0.370363963786,9.148642691287E-02,
    1.00001E-02));
#2880 = CARTESIAN_POINT('',(-0.370130747292,9.006224845523E-02,
    1.00001E-02));
#2881 = CARTESIAN_POINT('',(-0.369690181947,8.7371856958E-02,1.00001E-02
    ));
#2882 = CARTESIAN_POINT('',(-0.368946484305,8.360206146655E-02,
    1.00001E-02));
#2883 = CARTESIAN_POINT('',(-0.368118456187,8.034409922188E-02,
    1.00001E-02));
#2884 = CARTESIAN_POINT('',(-0.36746502906,7.837361227032E-02,
    1.00001E-02));
#2885 = CARTESIAN_POINT('',(-0.367162744274,7.746203666897E-02,
    1.00001E-02));
#2886 = ORIENTED_EDGE('',*,*,#2887,.F.);
#2887 = EDGE_CURVE('',#2772,#2876,#2888,.T.);
#2888 = B_SPLINE_CURVE_WITH_KNOTS('',1,(#2889,#2890),.UNSPECIFIED.,.F.,
  .F.,(2,2),(-0.,1.E-03),.PIECEWISE_BEZIER_KNOTS.);
#2889 = CARTESIAN_POINT('',(-0.370363963786,9.148642691287E-02,
    1.10001E-02));
#2890 = CARTESIAN_POINT('',(-0.370363963786,9.148642691287E-02,
    1.00001E-02));
#2891 = ORIENTED_EDGE('',*,*,#2771,.T.);
#2892 = ORIENTED_EDGE('',*,*,#2860,.T.);
#2893 = B_SPLINE_SURFACE_WITH_KNOTS('',3,1,(
    (#2894,#2895)
    ,(#2896,#2897)
    ,(#2898,#2899)
    ,(#2900,#2901)
    ,(#2902,#2903)
    ,(#2904,#2905)
    ,(#2906,#2907
    )),.UNSPECIFIED.,.F.,.F.,.F.,(4,1,1,1,4),(2,2),(0.,0.300541113159,
    0.567747146484,0.800033613737,1.),(0.,1.),.UNSPECIFIED.);
#2894 = CARTESIAN_POINT('',(-0.370363963786,9.148642691287E-02,
    1.10001E-02));
#2895 = CARTESIAN_POINT('',(-0.370363963786,9.148642691287E-02,
    1.00001E-02));
#2896 = CARTESIAN_POINT('',(-0.370130747292,9.006224845523E-02,
    1.10001E-02));
#2897 = CARTESIAN_POINT('',(-0.370130747292,9.006224845523E-02,
    1.00001E-02));
#2898 = CARTESIAN_POINT('',(-0.369690181947,8.7371856958E-02,1.10001E-02
    ));
#2899 = CARTESIAN_POINT('',(-0.369690181947,8.7371856958E-02,1.00001E-02
    ));
#2900 = CARTESIAN_POINT('',(-0.368946484305,8.360206146655E-02,
    1.10001E-02));
#2901 = CARTESIAN_POINT('',(-0.368946484305,8.360206146655E-02,
    1.00001E-02));
#2902 = CARTESIAN_POINT('',(-0.368118456187,8.034409922188E-02,
    1.10001E-02));
#2903 = CARTESIAN_POINT('',(-0.368118456187,8.034409922188E-02,
    1.00001E-02));
#2904 = CARTESIAN_POINT('',(-0.36746502906,7.837361227032E-02,
    1.10001E-02));
#2905 = CARTESIAN_POINT('',(-0.36746502906,7.837361227032E-02,
    1.00001E-02));
#2906 = CARTESIAN_POINT('',(-0.367162744274,7.746203666897E-02,
    1.10001E-02));
#2907 = CARTESIAN_POINT('',(-0.367162744274,7.746203666897E-02,
    1.00001E-02));
#2908 = ADVANCED_FACE('',(#2909),#2925,.T.);
#2909 = FACE_BOUND('',#2910,.T.);
#2910 = EDGE_LOOP('',(#2911,#2918,#2923,#2924));
#2911 = ORIENTED_EDGE('',*,*,#2912,.F.);
#2912 = EDGE_CURVE('',#2913,#2876,#2915,.T.);
#2913 = VERTEX_POINT('',#2914);
#2914 = CARTESIAN_POINT('',(-0.37101182964,9.148642691287E-02,
    1.00001E-02));
#2915 = B_SPLINE_CURVE_WITH_KNOTS('',1,(#2916,#2917),.UNSPECIFIED.,.F.,
  .F.,(2,2),(0.,6.478658536586E-04),.PIECEWISE_BEZIER_KNOTS.);
#2916 = CARTESIAN_POINT('',(-0.37101182964,9.148642691287E-02,
    1.00001E-02));
#2917 = CARTESIAN_POINT('',(-0.370363963786,9.148642691287E-02,
    1.00001E-02));
#2918 = ORIENTED_EDGE('',*,*,#2919,.F.);
#2919 = EDGE_CURVE('',#2784,#2913,#2920,.T.);
#2920 = B_SPLINE_CURVE_WITH_KNOTS('',1,(#2921,#2922),.UNSPECIFIED.,.F.,
  .F.,(2,2),(-0.,1.E-03),.PIECEWISE_BEZIER_KNOTS.);
#2921 = CARTESIAN_POINT('',(-0.37101182964,9.148642691287E-02,
    1.10001E-02));
#2922 = CARTESIAN_POINT('',(-0.37101182964,9.148642691287E-02,
    1.00001E-02));
#2923 = ORIENTED_EDGE('',*,*,#2783,.T.);
#2924 = ORIENTED_EDGE('',*,*,#2887,.T.);
#2925 = B_SPLINE_SURFACE_WITH_KNOTS('',1,1,(
    (#2926,#2927)
    ,(#2928,#2929
    )),.UNSPECIFIED.,.F.,.F.,.F.,(2,2),(2,2),(-1.E-03,0.),(0.,
    6.478658536586E-04),.PIECEWISE_BEZIER_KNOTS.);
#2926 = CARTESIAN_POINT('',(-0.37101182964,9.148642691287E-02,
    1.00001E-02));
#2927 = CARTESIAN_POINT('',(-0.370363963786,9.148642691287E-02,
    1.00001E-02));
#2928 = CARTESIAN_POINT('',(-0.37101182964,9.148642691287E-02,
    1.10001E-02));
#2929 = CARTESIAN_POINT('',(-0.370363963786,9.148642691287E-02,
    1.10001E-02));
#2930 = ADVANCED_FACE('',(#2931),#2952,.T.);
#2931 = FACE_BOUND('',#2932,.T.);
#2932 = EDGE_LOOP('',(#2933,#2945,#2950,#2951));
#2933 = ORIENTED_EDGE('',*,*,#2934,.F.);
#2934 = EDGE_CURVE('',#2935,#2913,#2937,.T.);
#2935 = VERTEX_POINT('',#2936);
#2936 = CARTESIAN_POINT('',(-0.374098719884,7.746203666897E-02,
    1.00001E-02));
#2937 = B_SPLINE_CURVE_WITH_KNOTS('',3,(#2938,#2939,#2940,#2941,#2942,
    #2943,#2944),.UNSPECIFIED.,.F.,.F.,(4,1,1,1,4),(0.,0.174481715317,
    0.398285759128,0.673897847399,1.),.UNSPECIFIED.);
#2938 = CARTESIAN_POINT('',(-0.374098719884,7.746203666897E-02,
    1.00001E-02));
#2939 = CARTESIAN_POINT('',(-0.373849138859,7.826000355959E-02,
    1.00001E-02));
#2940 = CARTESIAN_POINT('',(-0.373279425479,8.008150587697E-02,
    1.00001E-02));
#2941 = CARTESIAN_POINT('',(-0.372532863885,8.322531779174E-02,
    1.00001E-02));
#2942 = CARTESIAN_POINT('',(-0.371800907095,8.711204818759E-02,
    1.00001E-02));
#2943 = CARTESIAN_POINT('',(-0.37128916884,8.994895211867E-02,
    1.00001E-02));
#2944 = CARTESIAN_POINT('',(-0.37101182964,9.148642691287E-02,
    1.00001E-02));
#2945 = ORIENTED_EDGE('',*,*,#2946,.F.);
#2946 = EDGE_CURVE('',#2791,#2935,#2947,.T.);
#2947 = B_SPLINE_CURVE_WITH_KNOTS('',1,(#2948,#2949),.UNSPECIFIED.,.F.,
  .F.,(2,2),(0.,1.E-03),.PIECEWISE_BEZIER_KNOTS.);
#2948 = CARTESIAN_POINT('',(-0.374098719884,7.746203666897E-02,
    1.10001E-02));
#2949 = CARTESIAN_POINT('',(-0.374098719884,7.746203666897E-02,
    1.00001E-02));
#2950 = ORIENTED_EDGE('',*,*,#2790,.T.);
#2951 = ORIENTED_EDGE('',*,*,#2919,.T.);
#2952 = B_SPLINE_SURFACE_WITH_KNOTS('',3,1,(
    (#2953,#2954)
    ,(#2955,#2956)
    ,(#2957,#2958)
    ,(#2959,#2960)
    ,(#2961,#2962)
    ,(#2963,#2964)
    ,(#2965,#2966
    )),.UNSPECIFIED.,.F.,.F.,.F.,(4,1,1,1,4),(2,2),(0.,0.174481715317,
    0.398285759128,0.673897847399,1.),(0.,1.),.UNSPECIFIED.);
#2953 = CARTESIAN_POINT('',(-0.374098719884,7.746203666897E-02,
    1.10001E-02));
#2954 = CARTESIAN_POINT('',(-0.374098719884,7.746203666897E-02,
    1.00001E-02));
#2955 = CARTESIAN_POINT('',(-0.373849138859,7.826000355959E-02,
    1.10001E-02));
#2956 = CARTESIAN_POINT('',(-0.373849138859,7.826000355959E-02,
    1.00001E-02));
#2957 = CARTESIAN_POINT('',(-0.373279425479,8.008150587697E-02,
    1.10001E-02));
#2958 = CARTESIAN_POINT('',(-0.373279425479,8.008150587697E-02,
    1.00001E-02));
#2959 = CARTESIAN_POINT('',(-0.372532863885,8.322531779174E-02,
    1.10001E-02));
#2960 = CARTESIAN_POINT('',(-0.372532863885,8.322531779174E-02,
    1.00001E-02));
#2961 = CARTESIAN_POINT('',(-0.371800907095,8.711204818759E-02,
    1.10001E-02));
#2962 = CARTESIAN_POINT('',(-0.371800907095,8.711204818759E-02,
    1.00001E-02));
#2963 = CARTESIAN_POINT('',(-0.37128916884,8.994895211867E-02,
    1.10001E-02));
#2964 = CARTESIAN_POINT('',(-0.37128916884,8.994895211867E-02,
    1.00001E-02));
#2965 = CARTESIAN_POINT('',(-0.37101182964,9.148642691287E-02,
    1.10001E-02));
#2966 = CARTESIAN_POINT('',(-0.37101182964,9.148642691287E-02,
    1.00001E-02));
#2967 = ADVANCED_FACE('',(#2968),#2978,.T.);
#2968 = FACE_BOUND('',#2969,.T.);
#2969 = EDGE_LOOP('',(#2970,#2975,#2976,#2977));
#2970 = ORIENTED_EDGE('',*,*,#2971,.F.);
#2971 = EDGE_CURVE('',#2828,#2935,#2972,.T.);
#2972 = B_SPLINE_CURVE_WITH_KNOTS('',1,(#2973,#2974),.UNSPECIFIED.,.F.,
  .F.,(2,2),(-1.882126651672E-17,8.879625510157E-02),
  .PIECEWISE_BEZIER_KNOTS.);
#2973 = CARTESIAN_POINT('',(-0.404205427201,-6.074548696883E-03,
    1.00001E-02));
#2974 = CARTESIAN_POINT('',(-0.374098719884,7.746203666897E-02,
    1.00001E-02));
#2975 = ORIENTED_EDGE('',*,*,#2840,.F.);
#2976 = ORIENTED_EDGE('',*,*,#2802,.T.);
#2977 = ORIENTED_EDGE('',*,*,#2946,.T.);
#2978 = B_SPLINE_SURFACE_WITH_KNOTS('',1,1,(
    (#2979,#2980)
    ,(#2981,#2982
    )),.UNSPECIFIED.,.F.,.F.,.F.,(2,2),(2,2),(-8.879625510157E-02,
    1.882126651672E-17),(-1.E-03,0.),.PIECEWISE_BEZIER_KNOTS.);
#2979 = CARTESIAN_POINT('',(-0.374098719884,7.746203666897E-02,
    1.00001E-02));
#2980 = CARTESIAN_POINT('',(-0.374098719884,7.746203666897E-02,
    1.10001E-02));
#2981 = CARTESIAN_POINT('',(-0.404205427201,-6.074548696883E-03,
    1.00001E-02));
#2982 = CARTESIAN_POINT('',(-0.404205427201,-6.074548696883E-03,
    1.10001E-02));
#2983 = ADVANCED_FACE('',(#2984),#3006,.T.);
#2984 = FACE_BOUND('',#2985,.T.);
#2985 = EDGE_LOOP('',(#2986,#2987,#2994,#3001));
#2986 = ORIENTED_EDGE('',*,*,#888,.F.);
#2987 = ORIENTED_EDGE('',*,*,#2988,.F.);
#2988 = EDGE_CURVE('',#2989,#889,#2991,.T.);
#2989 = VERTEX_POINT('',#2990);
#2990 = CARTESIAN_POINT('',(-0.160988963786,-8.412332918469E-02,
    1.10001E-02));
#2991 = B_SPLINE_CURVE_WITH_KNOTS('',1,(#2992,#2993),.UNSPECIFIED.,.F.,
  .F.,(2,2),(-0.,1.E-03),.PIECEWISE_BEZIER_KNOTS.);
#2992 = CARTESIAN_POINT('',(-0.160988963786,-8.412332918469E-02,
    1.10001E-02));
#2993 = CARTESIAN_POINT('',(-0.160988963786,-8.412332918469E-02,
    1.00001E-02));
#2994 = ORIENTED_EDGE('',*,*,#2995,.T.);
#2995 = EDGE_CURVE('',#2989,#2996,#2998,.T.);
#2996 = VERTEX_POINT('',#2997);
#2997 = CARTESIAN_POINT('',(-0.106606341835,-8.412332918469E-02,
    1.10001E-02));
#2998 = B_SPLINE_CURVE_WITH_KNOTS('',1,(#2999,#3000),.UNSPECIFIED.,.F.,
  .F.,(2,2),(0.,5.438262195122E-02),.PIECEWISE_BEZIER_KNOTS.);
#2999 = CARTESIAN_POINT('',(-0.160988963786,-8.412332918469E-02,
    1.10001E-02));
#3000 = CARTESIAN_POINT('',(-0.106606341835,-8.412332918469E-02,
    1.10001E-02));
#3001 = ORIENTED_EDGE('',*,*,#3002,.T.);
#3002 = EDGE_CURVE('',#2996,#891,#3003,.T.);
#3003 = B_SPLINE_CURVE_WITH_KNOTS('',1,(#3004,#3005),.UNSPECIFIED.,.F.,
  .F.,(2,2),(-0.,1.E-03),.PIECEWISE_BEZIER_KNOTS.);
#3004 = CARTESIAN_POINT('',(-0.106606341835,-8.412332918469E-02,
    1.10001E-02));
#3005 = CARTESIAN_POINT('',(-0.106606341835,-8.412332918469E-02,
    1.00001E-02));
#3006 = B_SPLINE_SURFACE_WITH_KNOTS('',1,1,(
    (#3007,#3008)
    ,(#3009,#3010
    )),.UNSPECIFIED.,.F.,.F.,.F.,(2,2),(2,2),(-1.E-03,0.),(0.,
    5.438262195122E-02),.PIECEWISE_BEZIER_KNOTS.);
#3007 = CARTESIAN_POINT('',(-0.160988963786,-8.412332918469E-02,
    1.00001E-02));
#3008 = CARTESIAN_POINT('',(-0.106606341835,-8.412332918469E-02,
    1.00001E-02));
#3009 = CARTESIAN_POINT('',(-0.160988963786,-8.412332918469E-02,
    1.10001E-02));
#3010 = CARTESIAN_POINT('',(-0.106606341835,-8.412332918469E-02,
    1.10001E-02));
#3011 = ADVANCED_FACE('',(#3012),#3028,.T.);
#3012 = FACE_BOUND('',#3013,.T.);
#3013 = EDGE_LOOP('',(#3014,#3015,#3016,#3023));
#3014 = ORIENTED_EDGE('',*,*,#897,.F.);
#3015 = ORIENTED_EDGE('',*,*,#3002,.F.);
#3016 = ORIENTED_EDGE('',*,*,#3017,.T.);
#3017 = EDGE_CURVE('',#2996,#3018,#3020,.T.);
#3018 = VERTEX_POINT('',#3019);
#3019 = CARTESIAN_POINT('',(-0.106606341835,0.115876670815,1.10001E-02)
  );
#3020 = B_SPLINE_CURVE_WITH_KNOTS('',1,(#3021,#3022),.UNSPECIFIED.,.F.,
  .F.,(2,2),(0.,0.2),.PIECEWISE_BEZIER_KNOTS.);
#3021 = CARTESIAN_POINT('',(-0.106606341835,-8.412332918469E-02,
    1.10001E-02));
#3022 = CARTESIAN_POINT('',(-0.106606341835,0.115876670815,1.10001E-02)
  );
#3023 = ORIENTED_EDGE('',*,*,#3024,.T.);
#3024 = EDGE_CURVE('',#3018,#898,#3025,.T.);
#3025 = B_SPLINE_CURVE_WITH_KNOTS('',1,(#3026,#3027),.UNSPECIFIED.,.F.,
  .F.,(2,2),(-0.,1.E-03),.PIECEWISE_BEZIER_KNOTS.);
#3026 = CARTESIAN_POINT('',(-0.106606341835,0.115876670815,1.10001E-02)
  );
#3027 = CARTESIAN_POINT('',(-0.106606341835,0.115876670815,1.00001E-02)
  );
#3028 = B_SPLINE_SURFACE_WITH_KNOTS('',1,1,(
    (#3029,#3030)
    ,(#3031,#3032
    )),.UNSPECIFIED.,.F.,.F.,.F.,(2,2),(2,2),(-1.E-03,0.),(0.,0.2),
  .PIECEWISE_BEZIER_KNOTS.);
#3029 = CARTESIAN_POINT('',(-0.106606341835,-8.412332918469E-02,
    1.00001E-02));
#3030 = CARTESIAN_POINT('',(-0.106606341835,0.115876670815,1.00001E-02)
  );
#3031 = CARTESIAN_POINT('',(-0.106606341835,-8.412332918469E-02,
    1.10001E-02));
#3032 = CARTESIAN_POINT('',(-0.106606341835,0.115876670815,1.10001E-02)
  );
#3033 = ADVANCED_FACE('',(#3034),#3050,.T.);
#3034 = FACE_BOUND('',#3035,.T.);
#3035 = EDGE_LOOP('',(#3036,#3037,#3038,#3045));
#3036 = ORIENTED_EDGE('',*,*,#904,.F.);
#3037 = ORIENTED_EDGE('',*,*,#3024,.F.);
#3038 = ORIENTED_EDGE('',*,*,#3039,.T.);
#3039 = EDGE_CURVE('',#3018,#3040,#3042,.T.);
#3040 = VERTEX_POINT('',#3041);
#3041 = CARTESIAN_POINT('',(-0.163046890615,0.115876670815,1.10001E-02)
  );
#3042 = B_SPLINE_CURVE_WITH_KNOTS('',1,(#3043,#3044),.UNSPECIFIED.,.F.,
  .F.,(2,2),(0.,5.644054878049E-02),.PIECEWISE_BEZIER_KNOTS.);
#3043 = CARTESIAN_POINT('',(-0.106606341835,0.115876670815,1.10001E-02)
  );
#3044 = CARTESIAN_POINT('',(-0.163046890615,0.115876670815,1.10001E-02)
  );
#3045 = ORIENTED_EDGE('',*,*,#3046,.T.);
#3046 = EDGE_CURVE('',#3040,#905,#3047,.T.);
#3047 = B_SPLINE_CURVE_WITH_KNOTS('',1,(#3048,#3049),.UNSPECIFIED.,.F.,
  .F.,(2,2),(-0.,1.E-03),.PIECEWISE_BEZIER_KNOTS.);
#3048 = CARTESIAN_POINT('',(-0.163046890615,0.115876670815,1.10001E-02)
  );
#3049 = CARTESIAN_POINT('',(-0.163046890615,0.115876670815,1.00001E-02)
  );
#3050 = B_SPLINE_SURFACE_WITH_KNOTS('',1,1,(
    (#3051,#3052)
    ,(#3053,#3054)),.UNSPECIFIED.,.F.,.F.,.F.,(2,2),(2,2),(0.,1.E-03),(
    -5.644054878049E-02,0.),.PIECEWISE_BEZIER_KNOTS.);
#3051 = CARTESIAN_POINT('',(-0.163046890615,0.115876670815,1.10001E-02)
  );
#3052 = CARTESIAN_POINT('',(-0.106606341835,0.115876670815,1.10001E-02)
  );
#3053 = CARTESIAN_POINT('',(-0.163046890615,0.115876670815,1.00001E-02)
  );
#3054 = CARTESIAN_POINT('',(-0.106606341835,0.115876670815,1.00001E-02)
  );
#3055 = ADVANCED_FACE('',(#3056),#3089,.T.);
#3056 = FACE_BOUND('',#3057,.T.);
#3057 = EDGE_LOOP('',(#3058,#3059,#3060,#3084));
#3058 = ORIENTED_EDGE('',*,*,#911,.F.);
#3059 = ORIENTED_EDGE('',*,*,#3046,.F.);
#3060 = ORIENTED_EDGE('',*,*,#3061,.T.);
#3061 = EDGE_CURVE('',#3040,#3062,#3064,.T.);
#3062 = VERTEX_POINT('',#3063);
#3063 = CARTESIAN_POINT('',(-0.267581951591,1.839191471775E-02,
    1.10001E-02));
#3064 = B_SPLINE_CURVE_WITH_KNOTS('',3,(#3065,#3066,#3067,#3068,#3069,
    #3070,#3071,#3072,#3073,#3074,#3075,#3076,#3077,#3078,#3079,#3080,
    #3081,#3082,#3083),.UNSPECIFIED.,.F.,.F.,(4,1,1,1,1,1,1,1,1,1,1,1,1,
    1,1,1,4),(0.,6.86311786766E-02,0.134566466039,0.198328154011,
    0.260789766641,0.321999151484,0.382721746503,0.443537474036,
    0.505133429485,0.566213874765,0.626105864618,0.685349322161,
    0.744995870348,0.805415841815,0.867636266346,0.932307782302,1.),
  .UNSPECIFIED.);
#3065 = CARTESIAN_POINT('',(-0.163046890615,0.115876670815,1.10001E-02)
  );
#3066 = CARTESIAN_POINT('',(-0.166721263429,0.115794772425,1.10001E-02)
  );
#3067 = CARTESIAN_POINT('',(-0.173925676553,0.115634192682,1.10001E-02)
  );
#3068 = CARTESIAN_POINT('',(-0.18449050539,0.114414401634,1.10001E-02));
#3069 = CARTESIAN_POINT('',(-0.194569673992,0.112297667672,1.10001E-02)
  );
#3070 = CARTESIAN_POINT('',(-0.204190899398,0.109409967926,1.10001E-02)
  );
#3071 = CARTESIAN_POINT('',(-0.213365326208,0.105720963017,1.10001E-02)
  );
#3072 = CARTESIAN_POINT('',(-0.222006523769,0.101099624672,1.10001E-02)
  );
#3073 = CARTESIAN_POINT('',(-0.23020930458,9.570656695235E-02,
    1.10001E-02));
#3074 = CARTESIAN_POINT('',(-0.237866927073,8.953009329558E-02,
    1.10001E-02));
#3075 = CARTESIAN_POINT('',(-0.244846582185,8.266246239801E-02,
    1.10001E-02));
#3076 = CARTESIAN_POINT('',(-0.250931006367,7.515152766541E-02,
    1.10001E-02));
#3077 = CARTESIAN_POINT('',(-0.256140218435,6.709774674482E-02,
    1.10001E-02));
#3078 = CARTESIAN_POINT('',(-0.260332263293,5.843743917416E-02,
    1.10001E-02));
#3079 = CARTESIAN_POINT('',(-0.263587260983,4.921726668996E-02,
    1.10001E-02));
#3080 = CARTESIAN_POINT('',(-0.265892223813,3.944391510053E-02,
    1.10001E-02));
#3081 = CARTESIAN_POINT('',(-0.267346013353,2.910631488315E-02,
    1.10001E-02));
#3082 = CARTESIAN_POINT('',(-0.267502118012,2.201730803195E-02,
    1.10001E-02));
#3083 = CARTESIAN_POINT('',(-0.267581951591,1.839191471775E-02,
    1.10001E-02));
#3084 = ORIENTED_EDGE('',*,*,#3085,.T.);
#3085 = EDGE_CURVE('',#3062,#912,#3086,.T.);
#3086 = B_SPLINE_CURVE_WITH_KNOTS('',1,(#3087,#3088),.UNSPECIFIED.,.F.,
  .F.,(2,2),(-0.,1.E-03),.PIECEWISE_BEZIER_KNOTS.);
#3087 = CARTESIAN_POINT('',(-0.267581951591,1.839191471775E-02,
    1.10001E-02));
#3088 = CARTESIAN_POINT('',(-0.267581951591,1.839191471775E-02,
    1.00001E-02));
#3089 = B_SPLINE_SURFACE_WITH_KNOTS('',3,1,(
    (#3090,#3091)
    ,(#3092,#3093)
    ,(#3094,#3095)
    ,(#3096,#3097)
    ,(#3098,#3099)
    ,(#3100,#3101)
    ,(#3102,#3103)
    ,(#3104,#3105)
    ,(#3106,#3107)
    ,(#3108,#3109)
    ,(#3110,#3111)
    ,(#3112,#3113)
    ,(#3114,#3115)
    ,(#3116,#3117)
    ,(#3118,#3119)
    ,(#3120,#3121)
    ,(#3122,#3123)
    ,(#3124,#3125)
    ,(#3126,#3127
    )),.UNSPECIFIED.,.F.,.F.,.F.,(4,1,1,1,1,1,1,1,1,1,1,1,1,1,1,1,4),(2,
    2),(0.,6.86311786766E-02,0.134566466039,0.198328154011,
    0.260789766641,0.321999151484,0.382721746503,0.443537474036,
    0.505133429485,0.566213874765,0.626105864618,0.685349322161,
    0.744995870348,0.805415841815,0.867636266346,0.932307782302,1.),(0.,
    1.),.UNSPECIFIED.);
#3090 = CARTESIAN_POINT('',(-0.163046890615,0.115876670815,1.10001E-02)
  );
#3091 = CARTESIAN_POINT('',(-0.163046890615,0.115876670815,1.00001E-02)
  );
#3092 = CARTESIAN_POINT('',(-0.166721263429,0.115794772425,1.10001E-02)
  );
#3093 = CARTESIAN_POINT('',(-0.166721263429,0.115794772425,1.00001E-02)
  );
#3094 = CARTESIAN_POINT('',(-0.173925676553,0.115634192682,1.10001E-02)
  );
#3095 = CARTESIAN_POINT('',(-0.173925676553,0.115634192682,1.00001E-02)
  );
#3096 = CARTESIAN_POINT('',(-0.18449050539,0.114414401634,1.10001E-02));
#3097 = CARTESIAN_POINT('',(-0.18449050539,0.114414401634,1.00001E-02));
#3098 = CARTESIAN_POINT('',(-0.194569673992,0.112297667672,1.10001E-02)
  );
#3099 = CARTESIAN_POINT('',(-0.194569673992,0.112297667672,1.00001E-02)
  );
#3100 = CARTESIAN_POINT('',(-0.204190899398,0.109409967926,1.10001E-02)
  );
#3101 = CARTESIAN_POINT('',(-0.204190899398,0.109409967926,1.00001E-02)
  );
#3102 = CARTESIAN_POINT('',(-0.213365326208,0.105720963017,1.10001E-02)
  );
#3103 = CARTESIAN_POINT('',(-0.213365326208,0.105720963017,1.00001E-02)
  );
#3104 = CARTESIAN_POINT('',(-0.222006523769,0.101099624672,1.10001E-02)
  );
#3105 = CARTESIAN_POINT('',(-0.222006523769,0.101099624672,1.00001E-02)
  );
#3106 = CARTESIAN_POINT('',(-0.23020930458,9.570656695235E-02,
    1.10001E-02));
#3107 = CARTESIAN_POINT('',(-0.23020930458,9.570656695235E-02,
    1.00001E-02));
#3108 = CARTESIAN_POINT('',(-0.237866927073,8.953009329558E-02,
    1.10001E-02));
#3109 = CARTESIAN_POINT('',(-0.237866927073,8.953009329558E-02,
    1.00001E-02));
#3110 = CARTESIAN_POINT('',(-0.244846582185,8.266246239801E-02,
    1.10001E-02));
#3111 = CARTESIAN_POINT('',(-0.244846582185,8.266246239801E-02,
    1.00001E-02));
#3112 = CARTESIAN_POINT('',(-0.250931006367,7.515152766541E-02,
    1.10001E-02));
#3113 = CARTESIAN_POINT('',(-0.250931006367,7.515152766541E-02,
    1.00001E-02));
#3114 = CARTESIAN_POINT('',(-0.256140218435,6.709774674482E-02,
    1.10001E-02));
#3115 = CARTESIAN_POINT('',(-0.256140218435,6.709774674482E-02,
    1.00001E-02));
#3116 = CARTESIAN_POINT('',(-0.260332263293,5.843743917416E-02,
    1.10001E-02));
#3117 = CARTESIAN_POINT('',(-0.260332263293,5.843743917416E-02,
    1.00001E-02));
#3118 = CARTESIAN_POINT('',(-0.263587260983,4.921726668996E-02,
    1.10001E-02));
#3119 = CARTESIAN_POINT('',(-0.263587260983,4.921726668996E-02,
    1.00001E-02));
#3120 = CARTESIAN_POINT('',(-0.265892223813,3.944391510053E-02,
    1.10001E-02));
#3121 = CARTESIAN_POINT('',(-0.265892223813,3.944391510053E-02,
    1.00001E-02));
#3122 = CARTESIAN_POINT('',(-0.267346013353,2.910631488315E-02,
    1.10001E-02));
#3123 = CARTESIAN_POINT('',(-0.267346013353,2.910631488315E-02,
    1.00001E-02));
#3124 = CARTESIAN_POINT('',(-0.267502118012,2.201730803195E-02,
    1.10001E-02));
#3125 = CARTESIAN_POINT('',(-0.267502118012,2.201730803195E-02,
    1.00001E-02));
#3126 = CARTESIAN_POINT('',(-0.267581951591,1.839191471775E-02,
    1.10001E-02));
#3127 = CARTESIAN_POINT('',(-0.267581951591,1.839191471775E-02,
    1.00001E-02));
#3128 = ADVANCED_FACE('',(#3129),#3156,.T.);
#3129 = FACE_BOUND('',#3130,.T.);
#3130 = EDGE_LOOP('',(#3131,#3132,#3133,#3155));
#3131 = ORIENTED_EDGE('',*,*,#935,.F.);
#3132 = ORIENTED_EDGE('',*,*,#3085,.F.);
#3133 = ORIENTED_EDGE('',*,*,#3134,.T.);
#3134 = EDGE_CURVE('',#3062,#2989,#3135,.T.);
#3135 = B_SPLINE_CURVE_WITH_KNOTS('',3,(#3136,#3137,#3138,#3139,#3140,
    #3141,#3142,#3143,#3144,#3145,#3146,#3147,#3148,#3149,#3150,#3151,
    #3152,#3153,#3154),.UNSPECIFIED.,.F.,.F.,(4,1,1,1,1,1,1,1,1,1,1,1,1,
    1,1,1,4),(0.,6.806869584499E-02,0.133427432819,0.196146033813,
    0.257048592449,0.316882663159,0.376187208666,0.435960335364,
    0.496535236863,0.557465343481,0.61768686341,0.677943640697,
    0.738805284806,0.800949336767,0.86481466747,0.931024781079,1.),
  .UNSPECIFIED.);
#3136 = CARTESIAN_POINT('',(-0.267581951591,1.839191471775E-02,
    1.10001E-02));
#3137 = CARTESIAN_POINT('',(-0.267501178151,1.461439781648E-02,
    1.10001E-02));
#3138 = CARTESIAN_POINT('',(-0.267342847031,7.20975495812E-03,
    1.10001E-02));
#3139 = CARTESIAN_POINT('',(-0.265895691305,-3.596684057626E-03,
    1.10001E-02));
#3140 = CARTESIAN_POINT('',(-0.263585552088,-1.383609064608E-02,
    1.10001E-02));
#3141 = CARTESIAN_POINT('',(-0.260342799716,-2.350264761383E-02,
    1.10001E-02));
#3142 = CARTESIAN_POINT('',(-0.256144382494,-3.258938268372E-02,
    1.10001E-02));
#3143 = CARTESIAN_POINT('',(-0.250938970561,-4.106309808838E-02,
    1.10001E-02));
#3144 = CARTESIAN_POINT('',(-0.244866860473,-4.898840310792E-02,
    1.10001E-02));
#3145 = CARTESIAN_POINT('',(-0.23788645056,-5.625671456153E-02,
    1.10001E-02));
#3146 = CARTESIAN_POINT('',(-0.230166620246,-6.276182739125E-02,
    1.10001E-02));
#3147 = CARTESIAN_POINT('',(-0.22191165299,-6.854718984324E-02,
    1.10001E-02));
#3148 = CARTESIAN_POINT('',(-0.213050617538,-7.335405497566E-02,
    1.10001E-02));
#3149 = CARTESIAN_POINT('',(-0.203659195846,-7.728149249828E-02,
    1.10001E-02));
#3150 = CARTESIAN_POINT('',(-0.193753813531,-8.039964311093E-02,
    1.10001E-02));
#3151 = CARTESIAN_POINT('',(-0.183291541984,-8.252263880215E-02,
    1.10001E-02));
#3152 = CARTESIAN_POINT('',(-0.172319929877,-8.391832252383E-02,
    1.10001E-02));
#3153 = CARTESIAN_POINT('',(-0.164817107182,-8.405406810946E-02,
    1.10001E-02));
#3154 = CARTESIAN_POINT('',(-0.160988963786,-8.412332918469E-02,
    1.10001E-02));
#3155 = ORIENTED_EDGE('',*,*,#2988,.T.);
#3156 = B_SPLINE_SURFACE_WITH_KNOTS('',3,1,(
    (#3157,#3158)
    ,(#3159,#3160)
    ,(#3161,#3162)
    ,(#3163,#3164)
    ,(#3165,#3166)
    ,(#3167,#3168)
    ,(#3169,#3170)
    ,(#3171,#3172)
    ,(#3173,#3174)
    ,(#3175,#3176)
    ,(#3177,#3178)
    ,(#3179,#3180)
    ,(#3181,#3182)
    ,(#3183,#3184)
    ,(#3185,#3186)
    ,(#3187,#3188)
    ,(#3189,#3190)
    ,(#3191,#3192)
    ,(#3193,#3194
    )),.UNSPECIFIED.,.F.,.F.,.F.,(4,1,1,1,1,1,1,1,1,1,1,1,1,1,1,1,4),(2,
    2),(0.,6.806869584499E-02,0.133427432819,0.196146033813,
    0.257048592449,0.316882663159,0.376187208666,0.435960335364,
    0.496535236863,0.557465343481,0.61768686341,0.677943640697,
    0.738805284806,0.800949336767,0.86481466747,0.931024781079,1.),(0.,
    1.),.UNSPECIFIED.);
#3157 = CARTESIAN_POINT('',(-0.267581951591,1.839191471775E-02,
    1.10001E-02));
#3158 = CARTESIAN_POINT('',(-0.267581951591,1.839191471775E-02,
    1.00001E-02));
#3159 = CARTESIAN_POINT('',(-0.267501178151,1.461439781648E-02,
    1.10001E-02));
#3160 = CARTESIAN_POINT('',(-0.267501178151,1.461439781648E-02,
    1.00001E-02));
#3161 = CARTESIAN_POINT('',(-0.267342847031,7.20975495812E-03,
    1.10001E-02));
#3162 = CARTESIAN_POINT('',(-0.267342847031,7.20975495812E-03,
    1.00001E-02));
#3163 = CARTESIAN_POINT('',(-0.265895691305,-3.596684057626E-03,
    1.10001E-02));
#3164 = CARTESIAN_POINT('',(-0.265895691305,-3.596684057626E-03,
    1.00001E-02));
#3165 = CARTESIAN_POINT('',(-0.263585552088,-1.383609064608E-02,
    1.10001E-02));
#3166 = CARTESIAN_POINT('',(-0.263585552088,-1.383609064608E-02,
    1.00001E-02));
#3167 = CARTESIAN_POINT('',(-0.260342799716,-2.350264761383E-02,
    1.10001E-02));
#3168 = CARTESIAN_POINT('',(-0.260342799716,-2.350264761383E-02,
    1.00001E-02));
#3169 = CARTESIAN_POINT('',(-0.256144382494,-3.258938268372E-02,
    1.10001E-02));
#3170 = CARTESIAN_POINT('',(-0.256144382494,-3.258938268372E-02,
    1.00001E-02));
#3171 = CARTESIAN_POINT('',(-0.250938970561,-4.106309808838E-02,
    1.10001E-02));
#3172 = CARTESIAN_POINT('',(-0.250938970561,-4.106309808838E-02,
    1.00001E-02));
#3173 = CARTESIAN_POINT('',(-0.244866860473,-4.898840310792E-02,
    1.10001E-02));
#3174 = CARTESIAN_POINT('',(-0.244866860473,-4.898840310792E-02,
    1.00001E-02));
#3175 = CARTESIAN_POINT('',(-0.23788645056,-5.625671456153E-02,
    1.10001E-02));
#3176 = CARTESIAN_POINT('',(-0.23788645056,-5.625671456153E-02,
    1.00001E-02));
#3177 = CARTESIAN_POINT('',(-0.230166620246,-6.276182739125E-02,
    1.10001E-02));
#3178 = CARTESIAN_POINT('',(-0.230166620246,-6.276182739125E-02,
    1.00001E-02));
#3179 = CARTESIAN_POINT('',(-0.22191165299,-6.854718984324E-02,
    1.10001E-02));
#3180 = CARTESIAN_POINT('',(-0.22191165299,-6.854718984324E-02,
    1.00001E-02));
#3181 = CARTESIAN_POINT('',(-0.213050617538,-7.335405497566E-02,
    1.10001E-02));
#3182 = CARTESIAN_POINT('',(-0.213050617538,-7.335405497566E-02,
    1.00001E-02));
#3183 = CARTESIAN_POINT('',(-0.203659195846,-7.728149249828E-02,
    1.10001E-02));
#3184 = CARTESIAN_POINT('',(-0.203659195846,-7.728149249828E-02,
    1.00001E-02));
#3185 = CARTESIAN_POINT('',(-0.193753813531,-8.039964311093E-02,
    1.10001E-02));
#3186 = CARTESIAN_POINT('',(-0.193753813531,-8.039964311093E-02,
    1.00001E-02));
#3187 = CARTESIAN_POINT('',(-0.183291541984,-8.252263880215E-02,
    1.10001E-02));
#3188 = CARTESIAN_POINT('',(-0.183291541984,-8.252263880215E-02,
    1.00001E-02));
#3189 = CARTESIAN_POINT('',(-0.172319929877,-8.391832252383E-02,
    1.10001E-02));
#3190 = CARTESIAN_POINT('',(-0.172319929877,-8.391832252383E-02,
    1.00001E-02));
#3191 = CARTESIAN_POINT('',(-0.164817107182,-8.405406810946E-02,
    1.10001E-02));
#3192 = CARTESIAN_POINT('',(-0.164817107182,-8.405406810946E-02,
    1.00001E-02));
#3193 = CARTESIAN_POINT('',(-0.160988963786,-8.412332918469E-02,
    1.10001E-02));
#3194 = CARTESIAN_POINT('',(-0.160988963786,-8.412332918469E-02,
    1.00001E-02));
#3195 = ADVANCED_FACE('',(#3196,#3267),#3274,.T.);
#3196 = FACE_BOUND('',#3197,.T.);
#3197 = EDGE_LOOP('',(#3198,#3224,#3248,#3255,#3262));
#3198 = ORIENTED_EDGE('',*,*,#3199,.F.);
#3199 = EDGE_CURVE('',#3200,#3202,#3204,.T.);
#3200 = VERTEX_POINT('',#3201);
#3201 = CARTESIAN_POINT('',(-0.240752683298,1.782026837629E-02,
    1.10001E-02));
#3202 = VERTEX_POINT('',#3203);
#3203 = CARTESIAN_POINT('',(-0.162932561347,9.392545130312E-02,
    1.10001E-02));
#3204 = B_SPLINE_CURVE_WITH_KNOTS('',3,(#3205,#3206,#3207,#3208,#3209,
    #3210,#3211,#3212,#3213,#3214,#3215,#3216,#3217,#3218,#3219,#3220,
    #3221,#3222,#3223),.UNSPECIFIED.,.F.,.F.,(4,1,1,1,1,1,1,1,1,1,1,1,1,
    1,1,1,4),(0.,7.430379644282E-02,0.144393610364,0.210499496103,
    0.273542606503,0.333824744579,0.392529672409,0.4500874546,
    0.507820611556,0.565464912777,0.623148722334,0.681297192791,
    0.740913498157,0.801855752196,0.865241237721,0.930941657047,1.),
  .UNSPECIFIED.);
#3205 = CARTESIAN_POINT('',(-0.240752683298,1.782026837629E-02,
    1.10001E-02));
#3206 = CARTESIAN_POINT('',(-0.240687127182,2.088444540379E-02,
    1.10001E-02));
#3207 = CARTESIAN_POINT('',(-0.240559732825,2.683902114526E-02,
    1.10001E-02));
#3208 = CARTESIAN_POINT('',(-0.239568489985,3.54752227187E-02,
    1.10001E-02));
#3209 = CARTESIAN_POINT('',(-0.237907292976,4.353261774586E-02,
    1.10001E-02));
#3210 = CARTESIAN_POINT('',(-0.235545530841,5.099236710766E-02,
    1.10001E-02));
#3211 = CARTESIAN_POINT('',(-0.232531024769,5.788323509717E-02,
    1.10001E-02));
#3212 = CARTESIAN_POINT('',(-0.228819058469,6.416574078299E-02,
    1.10001E-02));
#3213 = CARTESIAN_POINT('',(-0.224438405058,6.987068413603E-02,
    1.10001E-02));
#3214 = CARTESIAN_POINT('',(-0.219389695373,7.493259861558E-02,
    1.10001E-02));
#3215 = CARTESIAN_POINT('',(-0.213796890405,7.938275197362E-02,
    1.10001E-02));
#3216 = CARTESIAN_POINT('',(-0.207797491514,8.329910600391E-02,
    1.10001E-02));
#3217 = CARTESIAN_POINT('',(-0.201339455609,8.658743407407E-02,
    1.10001E-02));
#3218 = CARTESIAN_POINT('',(-0.194473369232,8.928961928122E-02,
    1.10001E-02));
#3219 = CARTESIAN_POINT('',(-0.187175994676,9.139812999452E-02,
    1.10001E-02));
#3220 = CARTESIAN_POINT('',(-0.179469719856,9.286165018193E-02,
    1.10001E-02));
#3221 = CARTESIAN_POINT('',(-0.171337651689,9.375250413746E-02,
    1.10001E-02));
#3222 = CARTESIAN_POINT('',(-0.165780416588,9.38668524693E-02,
    1.10001E-02));
#3223 = CARTESIAN_POINT('',(-0.162932561347,9.392545130312E-02,
    1.10001E-02));
#3224 = ORIENTED_EDGE('',*,*,#3225,.F.);
#3225 = EDGE_CURVE('',#3226,#3200,#3228,.T.);
#3226 = VERTEX_POINT('',#3227);
#3227 = CARTESIAN_POINT('',(-0.16182737842,-6.217210967249E-02,
    1.10001E-02));
#3228 = B_SPLINE_CURVE_WITH_KNOTS('',3,(#3229,#3230,#3231,#3232,#3233,
    #3234,#3235,#3236,#3237,#3238,#3239,#3240,#3241,#3242,#3243,#3244,
    #3245,#3246,#3247),.UNSPECIFIED.,.F.,.F.,(4,1,1,1,1,1,1,1,1,1,1,1,1,
    1,1,1,4),(0.,7.082657255516E-02,0.13816903328,0.202475331534,
    0.263973754414,0.323380320598,0.381797622713,0.439390074519,
    0.496902724546,0.554662169609,0.612741878492,0.671538836391,
    0.73165572209,0.794297811614,0.859482204979,0.927681325453,1.),
  .UNSPECIFIED.);
#3229 = CARTESIAN_POINT('',(-0.16182737842,-6.217210967249E-02,
    1.10001E-02));
#3230 = CARTESIAN_POINT('',(-0.164840892175,-6.210696788913E-02,
    1.10001E-02));
#3231 = CARTESIAN_POINT('',(-0.170719678444,-6.197988878721E-02,
    1.10001E-02));
#3232 = CARTESIAN_POINT('',(-0.179286989752,-6.097072846462E-02,
    1.10001E-02));
#3233 = CARTESIAN_POINT('',(-0.187350362781,-5.935020956133E-02,
    1.10001E-02));
#3234 = CARTESIAN_POINT('',(-0.194910865307,-5.70801105962E-02,
    1.10001E-02));
#3235 = CARTESIAN_POINT('',(-0.201935742703,-5.407098645437E-02,
    1.10001E-02));
#3236 = CARTESIAN_POINT('',(-0.208481665289,-5.045986675911E-02,
    1.10001E-02));
#3237 = CARTESIAN_POINT('',(-0.214503671672,-4.61627029166E-02,
    1.10001E-02));
#3238 = CARTESIAN_POINT('',(-0.219977350643,-4.122769077417E-02,
    1.10001E-02));
#3239 = CARTESIAN_POINT('',(-0.224856299421,-3.567940463043E-02,
    1.10001E-02));
#3240 = CARTESIAN_POINT('',(-0.229160772594,-2.960463595881E-02,
    1.10001E-02));
#3241 = CARTESIAN_POINT('',(-0.232737074626,-2.296077686058E-02,
    1.10001E-02));
#3242 = CARTESIAN_POINT('',(-0.235698572669,-1.581371899158E-02,
    1.10001E-02));
#3243 = CARTESIAN_POINT('',(-0.237961576435,-8.131966971102E-03,
    1.10001E-02));
#3244 = CARTESIAN_POINT('',(-0.239602031906,5.370567318573E-05,
    1.10001E-02));
#3245 = CARTESIAN_POINT('',(-0.240549545517,8.765993399073E-03,
    1.10001E-02));
#3246 = CARTESIAN_POINT('',(-0.240683660094,1.474376007549E-02,
    1.10001E-02));
#3247 = CARTESIAN_POINT('',(-0.240752683298,1.782026837629E-02,
    1.10001E-02));
#3248 = ORIENTED_EDGE('',*,*,#3249,.F.);
#3249 = EDGE_CURVE('',#3250,#3226,#3252,.T.);
#3250 = VERTEX_POINT('',#3251);
#3251 = CARTESIAN_POINT('',(-0.133435610128,-6.217210967249E-02,
    1.10001E-02));
#3252 = B_SPLINE_CURVE_WITH_KNOTS('',1,(#3253,#3254),.UNSPECIFIED.,.F.,
  .F.,(2,2),(0.,2.839176829268E-02),.PIECEWISE_BEZIER_KNOTS.);
#3253 = CARTESIAN_POINT('',(-0.133435610128,-6.217210967249E-02,
    1.10001E-02));
#3254 = CARTESIAN_POINT('',(-0.16182737842,-6.217210967249E-02,
    1.10001E-02));
#3255 = ORIENTED_EDGE('',*,*,#3256,.F.);
#3256 = EDGE_CURVE('',#3257,#3250,#3259,.T.);
#3257 = VERTEX_POINT('',#3258);
#3258 = CARTESIAN_POINT('',(-0.133435610128,9.392545130312E-02,
    1.10001E-02));
#3259 = B_SPLINE_CURVE_WITH_KNOTS('',1,(#3260,#3261),.UNSPECIFIED.,.F.,
  .F.,(2,2),(0.,0.156097560976),.PIECEWISE_BEZIER_KNOTS.);
#3260 = CARTESIAN_POINT('',(-0.133435610128,9.392545130312E-02,
    1.10001E-02));
#3261 = CARTESIAN_POINT('',(-0.133435610128,-6.217210967249E-02,
    1.10001E-02));
#3262 = ORIENTED_EDGE('',*,*,#3263,.F.);
#3263 = EDGE_CURVE('',#3202,#3257,#3264,.T.);
#3264 = B_SPLINE_CURVE_WITH_KNOTS('',1,(#3265,#3266),.UNSPECIFIED.,.F.,
  .F.,(2,2),(0.,2.949695121951E-02),.PIECEWISE_BEZIER_KNOTS.);
#3265 = CARTESIAN_POINT('',(-0.162932561347,9.392545130312E-02,
    1.10001E-02));
#3266 = CARTESIAN_POINT('',(-0.133435610128,9.392545130312E-02,
    1.10001E-02));
#3267 = FACE_BOUND('',#3268,.T.);
#3268 = EDGE_LOOP('',(#3269,#3270,#3271,#3272,#3273));
#3269 = ORIENTED_EDGE('',*,*,#2995,.F.);
#3270 = ORIENTED_EDGE('',*,*,#3134,.F.);
#3271 = ORIENTED_EDGE('',*,*,#3061,.F.);
#3272 = ORIENTED_EDGE('',*,*,#3039,.F.);
#3273 = ORIENTED_EDGE('',*,*,#3017,.F.);
#3274 = B_SPLINE_SURFACE_WITH_KNOTS('',1,1,(
    (#3275,#3276)
    ,(#3277,#3278
    )),.UNSPECIFIED.,.F.,.F.,.F.,(2,2),(2,2),(-0.130555917521,
    3.041969223555E-02),(-0.174060140086,2.593985991413E-02),
  .PIECEWISE_BEZIER_KNOTS.);
#3275 = CARTESIAN_POINT('',(-0.106606341835,-8.412332918469E-02,
    1.10001E-02));
#3276 = CARTESIAN_POINT('',(-0.106606341835,0.115876670815,1.10001E-02)
  );
#3277 = CARTESIAN_POINT('',(-0.267581951591,-8.412332918469E-02,
    1.10001E-02));
#3278 = CARTESIAN_POINT('',(-0.267581951591,0.115876670815,1.10001E-02)
  );
#3279 = ADVANCED_FACE('',(#3280),#3302,.T.);
#3280 = FACE_BOUND('',#3281,.T.);
#3281 = EDGE_LOOP('',(#3282,#3291,#3296,#3297));
#3282 = ORIENTED_EDGE('',*,*,#3283,.F.);
#3283 = EDGE_CURVE('',#3284,#3286,#3288,.T.);
#3284 = VERTEX_POINT('',#3285);
#3285 = CARTESIAN_POINT('',(-0.162932561347,9.392545130312E-02,
    1.00001E-02));
#3286 = VERTEX_POINT('',#3287);
#3287 = CARTESIAN_POINT('',(-0.133435610128,9.392545130312E-02,
    1.00001E-02));
#3288 = B_SPLINE_CURVE_WITH_KNOTS('',1,(#3289,#3290),.UNSPECIFIED.,.F.,
  .F.,(2,2),(0.,2.949695121951E-02),.PIECEWISE_BEZIER_KNOTS.);
#3289 = CARTESIAN_POINT('',(-0.162932561347,9.392545130312E-02,
    1.00001E-02));
#3290 = CARTESIAN_POINT('',(-0.133435610128,9.392545130312E-02,
    1.00001E-02));
#3291 = ORIENTED_EDGE('',*,*,#3292,.F.);
#3292 = EDGE_CURVE('',#3202,#3284,#3293,.T.);
#3293 = B_SPLINE_CURVE_WITH_KNOTS('',1,(#3294,#3295),.UNSPECIFIED.,.F.,
  .F.,(2,2),(-0.,1.E-03),.PIECEWISE_BEZIER_KNOTS.);
#3294 = CARTESIAN_POINT('',(-0.162932561347,9.392545130312E-02,
    1.10001E-02));
#3295 = CARTESIAN_POINT('',(-0.162932561347,9.392545130312E-02,
    1.00001E-02));
#3296 = ORIENTED_EDGE('',*,*,#3263,.T.);
#3297 = ORIENTED_EDGE('',*,*,#3298,.T.);
#3298 = EDGE_CURVE('',#3257,#3286,#3299,.T.);
#3299 = B_SPLINE_CURVE_WITH_KNOTS('',1,(#3300,#3301),.UNSPECIFIED.,.F.,
  .F.,(2,2),(-0.,1.E-03),.PIECEWISE_BEZIER_KNOTS.);
#3300 = CARTESIAN_POINT('',(-0.133435610128,9.392545130312E-02,
    1.10001E-02));
#3301 = CARTESIAN_POINT('',(-0.133435610128,9.392545130312E-02,
    1.00001E-02));
#3302 = B_SPLINE_SURFACE_WITH_KNOTS('',1,1,(
    (#3303,#3304)
    ,(#3305,#3306
    )),.UNSPECIFIED.,.F.,.F.,.F.,(2,2),(2,2),(-1.E-03,0.),(0.,
    2.949695121951E-02),.PIECEWISE_BEZIER_KNOTS.);
#3303 = CARTESIAN_POINT('',(-0.162932561347,9.392545130312E-02,
    1.00001E-02));
#3304 = CARTESIAN_POINT('',(-0.133435610128,9.392545130312E-02,
    1.00001E-02));
#3305 = CARTESIAN_POINT('',(-0.162932561347,9.392545130312E-02,
    1.10001E-02));
#3306 = CARTESIAN_POINT('',(-0.133435610128,9.392545130312E-02,
    1.10001E-02));
#3307 = ADVANCED_FACE('',(#3308),#3341,.T.);
#3308 = FACE_BOUND('',#3309,.T.);
#3309 = EDGE_LOOP('',(#3310,#3334,#3339,#3340));
#3310 = ORIENTED_EDGE('',*,*,#3311,.F.);
#3311 = EDGE_CURVE('',#3312,#3284,#3314,.T.);
#3312 = VERTEX_POINT('',#3313);
#3313 = CARTESIAN_POINT('',(-0.240752683298,1.782026837629E-02,
    1.00001E-02));
#3314 = B_SPLINE_CURVE_WITH_KNOTS('',3,(#3315,#3316,#3317,#3318,#3319,
    #3320,#3321,#3322,#3323,#3324,#3325,#3326,#3327,#3328,#3329,#3330,
    #3331,#3332,#3333),.UNSPECIFIED.,.F.,.F.,(4,1,1,1,1,1,1,1,1,1,1,1,1,
    1,1,1,4),(0.,7.430379644282E-02,0.144393610364,0.210499496103,
    0.273542606503,0.333824744579,0.392529672409,0.4500874546,
    0.507820611556,0.565464912777,0.623148722334,0.681297192791,
    0.740913498157,0.801855752196,0.865241237721,0.930941657047,1.),
  .UNSPECIFIED.);
#3315 = CARTESIAN_POINT('',(-0.240752683298,1.782026837629E-02,
    1.00001E-02));
#3316 = CARTESIAN_POINT('',(-0.240687127182,2.088444540379E-02,
    1.00001E-02));
#3317 = CARTESIAN_POINT('',(-0.240559732825,2.683902114526E-02,
    1.00001E-02));
#3318 = CARTESIAN_POINT('',(-0.239568489985,3.54752227187E-02,
    1.00001E-02));
#3319 = CARTESIAN_POINT('',(-0.237907292976,4.353261774586E-02,
    1.00001E-02));
#3320 = CARTESIAN_POINT('',(-0.235545530841,5.099236710766E-02,
    1.00001E-02));
#3321 = CARTESIAN_POINT('',(-0.232531024769,5.788323509717E-02,
    1.00001E-02));
#3322 = CARTESIAN_POINT('',(-0.228819058469,6.416574078299E-02,
    1.00001E-02));
#3323 = CARTESIAN_POINT('',(-0.224438405058,6.987068413603E-02,
    1.00001E-02));
#3324 = CARTESIAN_POINT('',(-0.219389695373,7.493259861558E-02,
    1.00001E-02));
#3325 = CARTESIAN_POINT('',(-0.213796890405,7.938275197362E-02,
    1.00001E-02));
#3326 = CARTESIAN_POINT('',(-0.207797491514,8.329910600391E-02,
    1.00001E-02));
#3327 = CARTESIAN_POINT('',(-0.201339455609,8.658743407407E-02,
    1.00001E-02));
#3328 = CARTESIAN_POINT('',(-0.194473369232,8.928961928122E-02,
    1.00001E-02));
#3329 = CARTESIAN_POINT('',(-0.187175994676,9.139812999452E-02,
    1.00001E-02));
#3330 = CARTESIAN_POINT('',(-0.179469719856,9.286165018193E-02,
    1.00001E-02));
#3331 = CARTESIAN_POINT('',(-0.171337651689,9.375250413746E-02,
    1.00001E-02));
#3332 = CARTESIAN_POINT('',(-0.165780416588,9.38668524693E-02,
    1.00001E-02));
#3333 = CARTESIAN_POINT('',(-0.162932561347,9.392545130312E-02,
    1.00001E-02));
#3334 = ORIENTED_EDGE('',*,*,#3335,.F.);
#3335 = EDGE_CURVE('',#3200,#3312,#3336,.T.);
#3336 = B_SPLINE_CURVE_WITH_KNOTS('',1,(#3337,#3338),.UNSPECIFIED.,.F.,
  .F.,(2,2),(-0.,1.E-03),.PIECEWISE_BEZIER_KNOTS.);
#3337 = CARTESIAN_POINT('',(-0.240752683298,1.782026837629E-02,
    1.10001E-02));
#3338 = CARTESIAN_POINT('',(-0.240752683298,1.782026837629E-02,
    1.00001E-02));
#3339 = ORIENTED_EDGE('',*,*,#3199,.T.);
#3340 = ORIENTED_EDGE('',*,*,#3292,.T.);
#3341 = B_SPLINE_SURFACE_WITH_KNOTS('',3,1,(
    (#3342,#3343)
    ,(#3344,#3345)
    ,(#3346,#3347)
    ,(#3348,#3349)
    ,(#3350,#3351)
    ,(#3352,#3353)
    ,(#3354,#3355)
    ,(#3356,#3357)
    ,(#3358,#3359)
    ,(#3360,#3361)
    ,(#3362,#3363)
    ,(#3364,#3365)
    ,(#3366,#3367)
    ,(#3368,#3369)
    ,(#3370,#3371)
    ,(#3372,#3373)
    ,(#3374,#3375)
    ,(#3376,#3377)
    ,(#3378,#3379
    )),.UNSPECIFIED.,.F.,.F.,.F.,(4,1,1,1,1,1,1,1,1,1,1,1,1,1,1,1,4),(2,
    2),(0.,7.430379644282E-02,0.144393610364,0.210499496103,
    0.273542606503,0.333824744579,0.392529672409,0.4500874546,
    0.507820611556,0.565464912777,0.623148722334,0.681297192791,
    0.740913498157,0.801855752196,0.865241237721,0.930941657047,1.),(0.,
    1.),.UNSPECIFIED.);
#3342 = CARTESIAN_POINT('',(-0.240752683298,1.782026837629E-02,
    1.10001E-02));
#3343 = CARTESIAN_POINT('',(-0.240752683298,1.782026837629E-02,
    1.00001E-02));
#3344 = CARTESIAN_POINT('',(-0.240687127182,2.088444540379E-02,
    1.10001E-02));
#3345 = CARTESIAN_POINT('',(-0.240687127182,2.088444540379E-02,
    1.00001E-02));
#3346 = CARTESIAN_POINT('',(-0.240559732825,2.683902114526E-02,
    1.10001E-02));
#3347 = CARTESIAN_POINT('',(-0.240559732825,2.683902114526E-02,
    1.00001E-02));
#3348 = CARTESIAN_POINT('',(-0.239568489985,3.54752227187E-02,
    1.10001E-02));
#3349 = CARTESIAN_POINT('',(-0.239568489985,3.54752227187E-02,
    1.00001E-02));
#3350 = CARTESIAN_POINT('',(-0.237907292976,4.353261774586E-02,
    1.10001E-02));
#3351 = CARTESIAN_POINT('',(-0.237907292976,4.353261774586E-02,
    1.00001E-02));
#3352 = CARTESIAN_POINT('',(-0.235545530841,5.099236710766E-02,
    1.10001E-02));
#3353 = CARTESIAN_POINT('',(-0.235545530841,5.099236710766E-02,
    1.00001E-02));
#3354 = CARTESIAN_POINT('',(-0.232531024769,5.788323509717E-02,
    1.10001E-02));
#3355 = CARTESIAN_POINT('',(-0.232531024769,5.788323509717E-02,
    1.00001E-02));
#3356 = CARTESIAN_POINT('',(-0.228819058469,6.416574078299E-02,
    1.10001E-02));
#3357 = CARTESIAN_POINT('',(-0.228819058469,6.416574078299E-02,
    1.00001E-02));
#3358 = CARTESIAN_POINT('',(-0.224438405058,6.987068413603E-02,
    1.10001E-02));
#3359 = CARTESIAN_POINT('',(-0.224438405058,6.987068413603E-02,
    1.00001E-02));
#3360 = CARTESIAN_POINT('',(-0.219389695373,7.493259861558E-02,
    1.10001E-02));
#3361 = CARTESIAN_POINT('',(-0.219389695373,7.493259861558E-02,
    1.00001E-02));
#3362 = CARTESIAN_POINT('',(-0.213796890405,7.938275197362E-02,
    1.10001E-02));
#3363 = CARTESIAN_POINT('',(-0.213796890405,7.938275197362E-02,
    1.00001E-02));
#3364 = CARTESIAN_POINT('',(-0.207797491514,8.329910600391E-02,
    1.10001E-02));
#3365 = CARTESIAN_POINT('',(-0.207797491514,8.329910600391E-02,
    1.00001E-02));
#3366 = CARTESIAN_POINT('',(-0.201339455609,8.658743407407E-02,
    1.10001E-02));
#3367 = CARTESIAN_POINT('',(-0.201339455609,8.658743407407E-02,
    1.00001E-02));
#3368 = CARTESIAN_POINT('',(-0.194473369232,8.928961928122E-02,
    1.10001E-02));
#3369 = CARTESIAN_POINT('',(-0.194473369232,8.928961928122E-02,
    1.00001E-02));
#3370 = CARTESIAN_POINT('',(-0.187175994676,9.139812999452E-02,
    1.10001E-02));
#3371 = CARTESIAN_POINT('',(-0.187175994676,9.139812999452E-02,
    1.00001E-02));
#3372 = CARTESIAN_POINT('',(-0.179469719856,9.286165018193E-02,
    1.10001E-02));
#3373 = CARTESIAN_POINT('',(-0.179469719856,9.286165018193E-02,
    1.00001E-02));
#3374 = CARTESIAN_POINT('',(-0.171337651689,9.375250413746E-02,
    1.10001E-02));
#3375 = CARTESIAN_POINT('',(-0.171337651689,9.375250413746E-02,
    1.00001E-02));
#3376 = CARTESIAN_POINT('',(-0.165780416588,9.38668524693E-02,
    1.10001E-02));
#3377 = CARTESIAN_POINT('',(-0.165780416588,9.38668524693E-02,
    1.00001E-02));
#3378 = CARTESIAN_POINT('',(-0.162932561347,9.392545130312E-02,
    1.10001E-02));
#3379 = CARTESIAN_POINT('',(-0.162932561347,9.392545130312E-02,
    1.00001E-02));
#3380 = ADVANCED_FACE('',(#3381),#3414,.T.);
#3381 = FACE_BOUND('',#3382,.T.);
#3382 = EDGE_LOOP('',(#3383,#3407,#3412,#3413));
#3383 = ORIENTED_EDGE('',*,*,#3384,.F.);
#3384 = EDGE_CURVE('',#3385,#3312,#3387,.T.);
#3385 = VERTEX_POINT('',#3386);
#3386 = CARTESIAN_POINT('',(-0.16182737842,-6.217210967249E-02,
    1.00001E-02));
#3387 = B_SPLINE_CURVE_WITH_KNOTS('',3,(#3388,#3389,#3390,#3391,#3392,
    #3393,#3394,#3395,#3396,#3397,#3398,#3399,#3400,#3401,#3402,#3403,
    #3404,#3405,#3406),.UNSPECIFIED.,.F.,.F.,(4,1,1,1,1,1,1,1,1,1,1,1,1,
    1,1,1,4),(0.,7.082657255516E-02,0.13816903328,0.202475331534,
    0.263973754414,0.323380320598,0.381797622713,0.439390074519,
    0.496902724546,0.554662169609,0.612741878492,0.671538836391,
    0.73165572209,0.794297811614,0.859482204979,0.927681325453,1.),
  .UNSPECIFIED.);
#3388 = CARTESIAN_POINT('',(-0.16182737842,-6.217210967249E-02,
    1.00001E-02));
#3389 = CARTESIAN_POINT('',(-0.164840892175,-6.210696788913E-02,
    1.00001E-02));
#3390 = CARTESIAN_POINT('',(-0.170719678444,-6.197988878721E-02,
    1.00001E-02));
#3391 = CARTESIAN_POINT('',(-0.179286989752,-6.097072846462E-02,
    1.00001E-02));
#3392 = CARTESIAN_POINT('',(-0.187350362781,-5.935020956133E-02,
    1.00001E-02));
#3393 = CARTESIAN_POINT('',(-0.194910865307,-5.70801105962E-02,
    1.00001E-02));
#3394 = CARTESIAN_POINT('',(-0.201935742703,-5.407098645437E-02,
    1.00001E-02));
#3395 = CARTESIAN_POINT('',(-0.208481665289,-5.045986675911E-02,
    1.00001E-02));
#3396 = CARTESIAN_POINT('',(-0.214503671672,-4.61627029166E-02,
    1.00001E-02));
#3397 = CARTESIAN_POINT('',(-0.219977350643,-4.122769077417E-02,
    1.00001E-02));
#3398 = CARTESIAN_POINT('',(-0.224856299421,-3.567940463043E-02,
    1.00001E-02));
#3399 = CARTESIAN_POINT('',(-0.229160772594,-2.960463595881E-02,
    1.00001E-02));
#3400 = CARTESIAN_POINT('',(-0.232737074626,-2.296077686058E-02,
    1.00001E-02));
#3401 = CARTESIAN_POINT('',(-0.235698572669,-1.581371899158E-02,
    1.00001E-02));
#3402 = CARTESIAN_POINT('',(-0.237961576435,-8.131966971102E-03,
    1.00001E-02));
#3403 = CARTESIAN_POINT('',(-0.239602031906,5.370567318573E-05,
    1.00001E-02));
#3404 = CARTESIAN_POINT('',(-0.240549545517,8.765993399073E-03,
    1.00001E-02));
#3405 = CARTESIAN_POINT('',(-0.240683660094,1.474376007549E-02,
    1.00001E-02));
#3406 = CARTESIAN_POINT('',(-0.240752683298,1.782026837629E-02,
    1.00001E-02));
#3407 = ORIENTED_EDGE('',*,*,#3408,.F.);
#3408 = EDGE_CURVE('',#3226,#3385,#3409,.T.);
#3409 = B_SPLINE_CURVE_WITH_KNOTS('',1,(#3410,#3411),.UNSPECIFIED.,.F.,
  .F.,(2,2),(-0.,1.E-03),.PIECEWISE_BEZIER_KNOTS.);
#3410 = CARTESIAN_POINT('',(-0.16182737842,-6.217210967249E-02,
    1.10001E-02));
#3411 = CARTESIAN_POINT('',(-0.16182737842,-6.217210967249E-02,
    1.00001E-02));
#3412 = ORIENTED_EDGE('',*,*,#3225,.T.);
#3413 = ORIENTED_EDGE('',*,*,#3335,.T.);
#3414 = B_SPLINE_SURFACE_WITH_KNOTS('',3,1,(
    (#3415,#3416)
    ,(#3417,#3418)
    ,(#3419,#3420)
    ,(#3421,#3422)
    ,(#3423,#3424)
    ,(#3425,#3426)
    ,(#3427,#3428)
    ,(#3429,#3430)
    ,(#3431,#3432)
    ,(#3433,#3434)
    ,(#3435,#3436)
    ,(#3437,#3438)
    ,(#3439,#3440)
    ,(#3441,#3442)
    ,(#3443,#3444)
    ,(#3445,#3446)
    ,(#3447,#3448)
    ,(#3449,#3450)
    ,(#3451,#3452
    )),.UNSPECIFIED.,.F.,.F.,.F.,(4,1,1,1,1,1,1,1,1,1,1,1,1,1,1,1,4),(2,
    2),(0.,7.082657255516E-02,0.13816903328,0.202475331534,
    0.263973754414,0.323380320598,0.381797622713,0.439390074519,
    0.496902724546,0.554662169609,0.612741878492,0.671538836391,
    0.73165572209,0.794297811614,0.859482204979,0.927681325453,1.),(0.,
    1.),.UNSPECIFIED.);
#3415 = CARTESIAN_POINT('',(-0.16182737842,-6.217210967249E-02,
    1.10001E-02));
#3416 = CARTESIAN_POINT('',(-0.16182737842,-6.217210967249E-02,
    1.00001E-02));
#3417 = CARTESIAN_POINT('',(-0.164840892175,-6.210696788913E-02,
    1.10001E-02));
#3418 = CARTESIAN_POINT('',(-0.164840892175,-6.210696788913E-02,
    1.00001E-02));
#3419 = CARTESIAN_POINT('',(-0.170719678444,-6.197988878721E-02,
    1.10001E-02));
#3420 = CARTESIAN_POINT('',(-0.170719678444,-6.197988878721E-02,
    1.00001E-02));
#3421 = CARTESIAN_POINT('',(-0.179286989752,-6.097072846462E-02,
    1.10001E-02));
#3422 = CARTESIAN_POINT('',(-0.179286989752,-6.097072846462E-02,
    1.00001E-02));
#3423 = CARTESIAN_POINT('',(-0.187350362781,-5.935020956133E-02,
    1.10001E-02));
#3424 = CARTESIAN_POINT('',(-0.187350362781,-5.935020956133E-02,
    1.00001E-02));
#3425 = CARTESIAN_POINT('',(-0.194910865307,-5.70801105962E-02,
    1.10001E-02));
#3426 = CARTESIAN_POINT('',(-0.194910865307,-5.70801105962E-02,
    1.00001E-02));
#3427 = CARTESIAN_POINT('',(-0.201935742703,-5.407098645437E-02,
    1.10001E-02));
#3428 = CARTESIAN_POINT('',(-0.201935742703,-5.407098645437E-02,
    1.00001E-02));
#3429 = CARTESIAN_POINT('',(-0.208481665289,-5.045986675911E-02,
    1.10001E-02));
#3430 = CARTESIAN_POINT('',(-0.208481665289,-5.045986675911E-02,
    1.00001E-02));
#3431 = CARTESIAN_POINT('',(-0.214503671672,-4.61627029166E-02,
    1.10001E-02));
#3432 = CARTESIAN_POINT('',(-0.214503671672,-4.61627029166E-02,
    1.00001E-02));
#3433 = CARTESIAN_POINT('',(-0.219977350643,-4.122769077417E-02,
    1.10001E-02));
#3434 = CARTESIAN_POINT('',(-0.219977350643,-4.122769077417E-02,
    1.00001E-02));
#3435 = CARTESIAN_POINT('',(-0.224856299421,-3.567940463043E-02,
    1.10001E-02));
#3436 = CARTESIAN_POINT('',(-0.224856299421,-3.567940463043E-02,
    1.00001E-02));
#3437 = CARTESIAN_POINT('',(-0.229160772594,-2.960463595881E-02,
    1.10001E-02));
#3438 = CARTESIAN_POINT('',(-0.229160772594,-2.960463595881E-02,
    1.00001E-02));
#3439 = CARTESIAN_POINT('',(-0.232737074626,-2.296077686058E-02,
    1.10001E-02));
#3440 = CARTESIAN_POINT('',(-0.232737074626,-2.296077686058E-02,
    1.00001E-02));
#3441 = CARTESIAN_POINT('',(-0.235698572669,-1.581371899158E-02,
    1.10001E-02));
#3442 = CARTESIAN_POINT('',(-0.235698572669,-1.581371899158E-02,
    1.00001E-02));
#3443 = CARTESIAN_POINT('',(-0.237961576435,-8.131966971102E-03,
    1.10001E-02));
#3444 = CARTESIAN_POINT('',(-0.237961576435,-8.131966971102E-03,
    1.00001E-02));
#3445 = CARTESIAN_POINT('',(-0.239602031906,5.370567318573E-05,
    1.10001E-02));
#3446 = CARTESIAN_POINT('',(-0.239602031906,5.370567318573E-05,
    1.00001E-02));
#3447 = CARTESIAN_POINT('',(-0.240549545517,8.765993399073E-03,
    1.10001E-02));
#3448 = CARTESIAN_POINT('',(-0.240549545517,8.765993399073E-03,
    1.00001E-02));
#3449 = CARTESIAN_POINT('',(-0.240683660094,1.474376007549E-02,
    1.10001E-02));
#3450 = CARTESIAN_POINT('',(-0.240683660094,1.474376007549E-02,
    1.00001E-02));
#3451 = CARTESIAN_POINT('',(-0.240752683298,1.782026837629E-02,
    1.10001E-02));
#3452 = CARTESIAN_POINT('',(-0.240752683298,1.782026837629E-02,
    1.00001E-02));
#3453 = ADVANCED_FACE('',(#3454),#3470,.T.);
#3454 = FACE_BOUND('',#3455,.T.);
#3455 = EDGE_LOOP('',(#3456,#3463,#3468,#3469));
#3456 = ORIENTED_EDGE('',*,*,#3457,.F.);
#3457 = EDGE_CURVE('',#3458,#3385,#3460,.T.);
#3458 = VERTEX_POINT('',#3459);
#3459 = CARTESIAN_POINT('',(-0.133435610128,-6.217210967249E-02,
    1.00001E-02));
#3460 = B_SPLINE_CURVE_WITH_KNOTS('',1,(#3461,#3462),.UNSPECIFIED.,.F.,
  .F.,(2,2),(0.,2.839176829268E-02),.PIECEWISE_BEZIER_KNOTS.);
#3461 = CARTESIAN_POINT('',(-0.133435610128,-6.217210967249E-02,
    1.00001E-02));
#3462 = CARTESIAN_POINT('',(-0.16182737842,-6.217210967249E-02,
    1.00001E-02));
#3463 = ORIENTED_EDGE('',*,*,#3464,.F.);
#3464 = EDGE_CURVE('',#3250,#3458,#3465,.T.);
#3465 = B_SPLINE_CURVE_WITH_KNOTS('',1,(#3466,#3467),.UNSPECIFIED.,.F.,
  .F.,(2,2),(-0.,1.E-03),.PIECEWISE_BEZIER_KNOTS.);
#3466 = CARTESIAN_POINT('',(-0.133435610128,-6.217210967249E-02,
    1.10001E-02));
#3467 = CARTESIAN_POINT('',(-0.133435610128,-6.217210967249E-02,
    1.00001E-02));
#3468 = ORIENTED_EDGE('',*,*,#3249,.T.);
#3469 = ORIENTED_EDGE('',*,*,#3408,.T.);
#3470 = B_SPLINE_SURFACE_WITH_KNOTS('',1,1,(
    (#3471,#3472)
    ,(#3473,#3474)),.UNSPECIFIED.,.F.,.F.,.F.,(2,2),(2,2),(0.,1.E-03),(
    -2.839176829268E-02,0.),.PIECEWISE_BEZIER_KNOTS.);
#3471 = CARTESIAN_POINT('',(-0.16182737842,-6.217210967249E-02,
    1.10001E-02));
#3472 = CARTESIAN_POINT('',(-0.133435610128,-6.217210967249E-02,
    1.10001E-02));
#3473 = CARTESIAN_POINT('',(-0.16182737842,-6.217210967249E-02,
    1.00001E-02));
#3474 = CARTESIAN_POINT('',(-0.133435610128,-6.217210967249E-02,
    1.00001E-02));
#3475 = ADVANCED_FACE('',(#3476),#3486,.T.);
#3476 = FACE_BOUND('',#3477,.T.);
#3477 = EDGE_LOOP('',(#3478,#3483,#3484,#3485));
#3478 = ORIENTED_EDGE('',*,*,#3479,.F.);
#3479 = EDGE_CURVE('',#3286,#3458,#3480,.T.);
#3480 = B_SPLINE_CURVE_WITH_KNOTS('',1,(#3481,#3482),.UNSPECIFIED.,.F.,
  .F.,(2,2),(0.,0.156097560976),.PIECEWISE_BEZIER_KNOTS.);
#3481 = CARTESIAN_POINT('',(-0.133435610128,9.392545130312E-02,
    1.00001E-02));
#3482 = CARTESIAN_POINT('',(-0.133435610128,-6.217210967249E-02,
    1.00001E-02));
#3483 = ORIENTED_EDGE('',*,*,#3298,.F.);
#3484 = ORIENTED_EDGE('',*,*,#3256,.T.);
#3485 = ORIENTED_EDGE('',*,*,#3464,.T.);
#3486 = B_SPLINE_SURFACE_WITH_KNOTS('',1,1,(
    (#3487,#3488)
    ,(#3489,#3490
    )),.UNSPECIFIED.,.F.,.F.,.F.,(2,2),(2,2),(0.,1.E-03),(
    -0.156097560976,0.),.PIECEWISE_BEZIER_KNOTS.);
#3487 = CARTESIAN_POINT('',(-0.133435610128,-6.217210967249E-02,
    1.10001E-02));
#3488 = CARTESIAN_POINT('',(-0.133435610128,9.392545130312E-02,
    1.10001E-02));
#3489 = CARTESIAN_POINT('',(-0.133435610128,-6.217210967249E-02,
    1.00001E-02));
#3490 = CARTESIAN_POINT('',(-0.133435610128,9.392545130312E-02,
    1.00001E-02));
#3491 = ADVANCED_FACE('',(#3492),#3514,.T.);
#3492 = FACE_BOUND('',#3493,.T.);
#3493 = EDGE_LOOP('',(#3494,#3495,#3502,#3509));
#3494 = ORIENTED_EDGE('',*,*,#1071,.F.);
#3495 = ORIENTED_EDGE('',*,*,#3496,.F.);
#3496 = EDGE_CURVE('',#3497,#1072,#3499,.T.);
#3497 = VERTEX_POINT('',#3498);
#3498 = CARTESIAN_POINT('',(-6.758195159109E-02,-6.217210967249E-02,
    1.10001E-02));
#3499 = B_SPLINE_CURVE_WITH_KNOTS('',1,(#3500,#3501),.UNSPECIFIED.,.F.,
  .F.,(2,2),(-0.,1.E-03),.PIECEWISE_BEZIER_KNOTS.);
#3500 = CARTESIAN_POINT('',(-6.758195159109E-02,-6.217210967249E-02,
    1.10001E-02));
#3501 = CARTESIAN_POINT('',(-6.758195159109E-02,-6.217210967249E-02,
    1.00001E-02));
#3502 = ORIENTED_EDGE('',*,*,#3503,.T.);
#3503 = EDGE_CURVE('',#3497,#3504,#3506,.T.);
#3504 = VERTEX_POINT('',#3505);
#3505 = CARTESIAN_POINT('',(-6.758195159109E-02,-8.412332918469E-02,
    1.10001E-02));
#3506 = B_SPLINE_CURVE_WITH_KNOTS('',1,(#3507,#3508),.UNSPECIFIED.,.F.,
  .F.,(2,2),(0.,2.19512195122E-02),.PIECEWISE_BEZIER_KNOTS.);
#3507 = CARTESIAN_POINT('',(-6.758195159109E-02,-6.217210967249E-02,
    1.10001E-02));
#3508 = CARTESIAN_POINT('',(-6.758195159109E-02,-8.412332918469E-02,
    1.10001E-02));
#3509 = ORIENTED_EDGE('',*,*,#3510,.T.);
#3510 = EDGE_CURVE('',#3504,#1074,#3511,.T.);
#3511 = B_SPLINE_CURVE_WITH_KNOTS('',1,(#3512,#3513),.UNSPECIFIED.,.F.,
  .F.,(2,2),(-0.,1.E-03),.PIECEWISE_BEZIER_KNOTS.);
#3512 = CARTESIAN_POINT('',(-6.758195159109E-02,-8.412332918469E-02,
    1.10001E-02));
#3513 = CARTESIAN_POINT('',(-6.758195159109E-02,-8.412332918469E-02,
    1.00001E-02));
#3514 = B_SPLINE_SURFACE_WITH_KNOTS('',1,1,(
    (#3515,#3516)
    ,(#3517,#3518
    )),.UNSPECIFIED.,.F.,.F.,.F.,(2,2),(2,2),(0.,1.E-03),(
    -2.19512195122E-02,0.),.PIECEWISE_BEZIER_KNOTS.);
#3515 = CARTESIAN_POINT('',(-6.758195159109E-02,-8.412332918469E-02,
    1.10001E-02));
#3516 = CARTESIAN_POINT('',(-6.758195159109E-02,-6.217210967249E-02,
    1.10001E-02));
#3517 = CARTESIAN_POINT('',(-6.758195159109E-02,-8.412332918469E-02,
    1.00001E-02));
#3518 = CARTESIAN_POINT('',(-6.758195159109E-02,-6.217210967249E-02,
    1.00001E-02));
#3519 = ADVANCED_FACE('',(#3520),#3536,.T.);
#3520 = FACE_BOUND('',#3521,.T.);
#3521 = EDGE_LOOP('',(#3522,#3523,#3524,#3531));
#3522 = ORIENTED_EDGE('',*,*,#1080,.F.);
#3523 = ORIENTED_EDGE('',*,*,#3510,.F.);
#3524 = ORIENTED_EDGE('',*,*,#3525,.T.);
#3525 = EDGE_CURVE('',#3504,#3526,#3528,.T.);
#3526 = VERTEX_POINT('',#3527);
#3527 = CARTESIAN_POINT('',(3.973512157964E-02,-8.412332918469E-02,
    1.10001E-02));
#3528 = B_SPLINE_CURVE_WITH_KNOTS('',1,(#3529,#3530),.UNSPECIFIED.,.F.,
  .F.,(2,2),(0.,0.107317073171),.PIECEWISE_BEZIER_KNOTS.);
#3529 = CARTESIAN_POINT('',(-6.758195159109E-02,-8.412332918469E-02,
    1.10001E-02));
#3530 = CARTESIAN_POINT('',(3.973512157964E-02,-8.412332918469E-02,
    1.10001E-02));
#3531 = ORIENTED_EDGE('',*,*,#3532,.T.);
#3532 = EDGE_CURVE('',#3526,#1081,#3533,.T.);
#3533 = B_SPLINE_CURVE_WITH_KNOTS('',1,(#3534,#3535),.UNSPECIFIED.,.F.,
  .F.,(2,2),(-0.,1.E-03),.PIECEWISE_BEZIER_KNOTS.);
#3534 = CARTESIAN_POINT('',(3.973512157964E-02,-8.412332918469E-02,
    1.10001E-02));
#3535 = CARTESIAN_POINT('',(3.973512157964E-02,-8.412332918469E-02,
    1.00001E-02));
#3536 = B_SPLINE_SURFACE_WITH_KNOTS('',1,1,(
    (#3537,#3538)
    ,(#3539,#3540
    )),.UNSPECIFIED.,.F.,.F.,.F.,(2,2),(2,2),(-1.E-03,0.),(0.,
    0.107317073171),.PIECEWISE_BEZIER_KNOTS.);
#3537 = CARTESIAN_POINT('',(-6.758195159109E-02,-8.412332918469E-02,
    1.00001E-02));
#3538 = CARTESIAN_POINT('',(3.973512157964E-02,-8.412332918469E-02,
    1.00001E-02));
#3539 = CARTESIAN_POINT('',(-6.758195159109E-02,-8.412332918469E-02,
    1.10001E-02));
#3540 = CARTESIAN_POINT('',(3.973512157964E-02,-8.412332918469E-02,
    1.10001E-02));
#3541 = ADVANCED_FACE('',(#3542),#3558,.T.);
#3542 = FACE_BOUND('',#3543,.T.);
#3543 = EDGE_LOOP('',(#3544,#3545,#3546,#3553));
#3544 = ORIENTED_EDGE('',*,*,#1087,.F.);
#3545 = ORIENTED_EDGE('',*,*,#3532,.F.);
#3546 = ORIENTED_EDGE('',*,*,#3547,.T.);
#3547 = EDGE_CURVE('',#3526,#3548,#3550,.T.);
#3548 = VERTEX_POINT('',#3549);
#3549 = CARTESIAN_POINT('',(3.973512157964E-02,0.115876670815,
    1.10001E-02));
#3550 = B_SPLINE_CURVE_WITH_KNOTS('',1,(#3551,#3552),.UNSPECIFIED.,.F.,
  .F.,(2,2),(0.,0.2),.PIECEWISE_BEZIER_KNOTS.);
#3551 = CARTESIAN_POINT('',(3.973512157964E-02,-8.412332918469E-02,
    1.10001E-02));
#3552 = CARTESIAN_POINT('',(3.973512157964E-02,0.115876670815,
    1.10001E-02));
#3553 = ORIENTED_EDGE('',*,*,#3554,.T.);
#3554 = EDGE_CURVE('',#3548,#1088,#3555,.T.);
#3555 = B_SPLINE_CURVE_WITH_KNOTS('',1,(#3556,#3557),.UNSPECIFIED.,.F.,
  .F.,(2,2),(-0.,1.E-03),.PIECEWISE_BEZIER_KNOTS.);
#3556 = CARTESIAN_POINT('',(3.973512157964E-02,0.115876670815,
    1.10001E-02));
#3557 = CARTESIAN_POINT('',(3.973512157964E-02,0.115876670815,
    1.00001E-02));
#3558 = B_SPLINE_SURFACE_WITH_KNOTS('',1,1,(
    (#3559,#3560)
    ,(#3561,#3562
    )),.UNSPECIFIED.,.F.,.F.,.F.,(2,2),(2,2),(-1.E-03,0.),(0.,0.2),
  .PIECEWISE_BEZIER_KNOTS.);
#3559 = CARTESIAN_POINT('',(3.973512157964E-02,-8.412332918469E-02,
    1.00001E-02));
#3560 = CARTESIAN_POINT('',(3.973512157964E-02,0.115876670815,
    1.00001E-02));
#3561 = CARTESIAN_POINT('',(3.973512157964E-02,-8.412332918469E-02,
    1.10001E-02));
#3562 = CARTESIAN_POINT('',(3.973512157964E-02,0.115876670815,
    1.10001E-02));
#3563 = ADVANCED_FACE('',(#3564),#3580,.T.);
#3564 = FACE_BOUND('',#3565,.T.);
#3565 = EDGE_LOOP('',(#3566,#3567,#3568,#3575));
#3566 = ORIENTED_EDGE('',*,*,#1094,.F.);
#3567 = ORIENTED_EDGE('',*,*,#3554,.F.);
#3568 = ORIENTED_EDGE('',*,*,#3569,.T.);
#3569 = EDGE_CURVE('',#3548,#3570,#3572,.T.);
#3570 = VERTEX_POINT('',#3571);
#3571 = CARTESIAN_POINT('',(-6.27039028106E-02,0.115876670815,
    1.10001E-02));
#3572 = B_SPLINE_CURVE_WITH_KNOTS('',1,(#3573,#3574),.UNSPECIFIED.,.F.,
  .F.,(2,2),(0.,0.10243902439),.PIECEWISE_BEZIER_KNOTS.);
#3573 = CARTESIAN_POINT('',(3.973512157964E-02,0.115876670815,
    1.10001E-02));
#3574 = CARTESIAN_POINT('',(-6.27039028106E-02,0.115876670815,
    1.10001E-02));
#3575 = ORIENTED_EDGE('',*,*,#3576,.T.);
#3576 = EDGE_CURVE('',#3570,#1095,#3577,.T.);
#3577 = B_SPLINE_CURVE_WITH_KNOTS('',1,(#3578,#3579),.UNSPECIFIED.,.F.,
  .F.,(2,2),(-0.,1.E-03),.PIECEWISE_BEZIER_KNOTS.);
#3578 = CARTESIAN_POINT('',(-6.27039028106E-02,0.115876670815,
    1.10001E-02));
#3579 = CARTESIAN_POINT('',(-6.27039028106E-02,0.115876670815,
    1.00001E-02));
#3580 = B_SPLINE_SURFACE_WITH_KNOTS('',1,1,(
    (#3581,#3582)
    ,(#3583,#3584
    )),.UNSPECIFIED.,.F.,.F.,.F.,(2,2),(2,2),(0.,1.E-03),(-0.10243902439
    ,0.),.PIECEWISE_BEZIER_KNOTS.);
#3581 = CARTESIAN_POINT('',(-6.27039028106E-02,0.115876670815,
    1.10001E-02));
#3582 = CARTESIAN_POINT('',(3.973512157964E-02,0.115876670815,
    1.10001E-02));
#3583 = CARTESIAN_POINT('',(-6.27039028106E-02,0.115876670815,
    1.00001E-02));
#3584 = CARTESIAN_POINT('',(3.973512157964E-02,0.115876670815,
    1.00001E-02));
#3585 = ADVANCED_FACE('',(#3586),#3602,.T.);
#3586 = FACE_BOUND('',#3587,.T.);
#3587 = EDGE_LOOP('',(#3588,#3589,#3590,#3597));
#3588 = ORIENTED_EDGE('',*,*,#1101,.F.);
#3589 = ORIENTED_EDGE('',*,*,#3576,.F.);
#3590 = ORIENTED_EDGE('',*,*,#3591,.T.);
#3591 = EDGE_CURVE('',#3570,#3592,#3594,.T.);
#3592 = VERTEX_POINT('',#3593);
#3593 = CARTESIAN_POINT('',(-6.27039028106E-02,9.392545130312E-02,
    1.10001E-02));
#3594 = B_SPLINE_CURVE_WITH_KNOTS('',1,(#3595,#3596),.UNSPECIFIED.,.F.,
  .F.,(2,2),(0.,2.19512195122E-02),.PIECEWISE_BEZIER_KNOTS.);
#3595 = CARTESIAN_POINT('',(-6.27039028106E-02,0.115876670815,
    1.10001E-02));
#3596 = CARTESIAN_POINT('',(-6.27039028106E-02,9.392545130312E-02,
    1.10001E-02));
#3597 = ORIENTED_EDGE('',*,*,#3598,.T.);
#3598 = EDGE_CURVE('',#3592,#1102,#3599,.T.);
#3599 = B_SPLINE_CURVE_WITH_KNOTS('',1,(#3600,#3601),.UNSPECIFIED.,.F.,
  .F.,(2,2),(-0.,1.E-03),.PIECEWISE_BEZIER_KNOTS.);
#3600 = CARTESIAN_POINT('',(-6.27039028106E-02,9.392545130312E-02,
    1.10001E-02));
#3601 = CARTESIAN_POINT('',(-6.27039028106E-02,9.392545130312E-02,
    1.00001E-02));
#3602 = B_SPLINE_SURFACE_WITH_KNOTS('',1,1,(
    (#3603,#3604)
    ,(#3605,#3606
    )),.UNSPECIFIED.,.F.,.F.,.F.,(2,2),(2,2),(0.,1.E-03),(
    -2.19512195122E-02,0.),.PIECEWISE_BEZIER_KNOTS.);
#3603 = CARTESIAN_POINT('',(-6.27039028106E-02,9.392545130312E-02,
    1.10001E-02));
#3604 = CARTESIAN_POINT('',(-6.27039028106E-02,0.115876670815,
    1.10001E-02));
#3605 = CARTESIAN_POINT('',(-6.27039028106E-02,9.392545130312E-02,
    1.00001E-02));
#3606 = CARTESIAN_POINT('',(-6.27039028106E-02,0.115876670815,
    1.00001E-02));
#3607 = ADVANCED_FACE('',(#3608),#3624,.T.);
#3608 = FACE_BOUND('',#3609,.T.);
#3609 = EDGE_LOOP('',(#3610,#3611,#3612,#3619));
#3610 = ORIENTED_EDGE('',*,*,#1108,.F.);
#3611 = ORIENTED_EDGE('',*,*,#3598,.F.);
#3612 = ORIENTED_EDGE('',*,*,#3613,.T.);
#3613 = EDGE_CURVE('',#3592,#3614,#3616,.T.);
#3614 = VERTEX_POINT('',#3615);
#3615 = CARTESIAN_POINT('',(1.290585328696E-02,9.392545130312E-02,
    1.10001E-02));
#3616 = B_SPLINE_CURVE_WITH_KNOTS('',1,(#3617,#3618),.UNSPECIFIED.,.F.,
  .F.,(2,2),(0.,7.560975609756E-02),.PIECEWISE_BEZIER_KNOTS.);
#3617 = CARTESIAN_POINT('',(-6.27039028106E-02,9.392545130312E-02,
    1.10001E-02));
#3618 = CARTESIAN_POINT('',(1.290585328696E-02,9.392545130312E-02,
    1.10001E-02));
#3619 = ORIENTED_EDGE('',*,*,#3620,.T.);
#3620 = EDGE_CURVE('',#3614,#1109,#3621,.T.);
#3621 = B_SPLINE_CURVE_WITH_KNOTS('',1,(#3622,#3623),.UNSPECIFIED.,.F.,
  .F.,(2,2),(-0.,1.E-03),.PIECEWISE_BEZIER_KNOTS.);
#3622 = CARTESIAN_POINT('',(1.290585328696E-02,9.392545130312E-02,
    1.10001E-02));
#3623 = CARTESIAN_POINT('',(1.290585328696E-02,9.392545130312E-02,
    1.00001E-02));
#3624 = B_SPLINE_SURFACE_WITH_KNOTS('',1,1,(
    (#3625,#3626)
    ,(#3627,#3628
    )),.UNSPECIFIED.,.F.,.F.,.F.,(2,2),(2,2),(-1.E-03,0.),(0.,
    7.560975609756E-02),.PIECEWISE_BEZIER_KNOTS.);
#3625 = CARTESIAN_POINT('',(-6.27039028106E-02,9.392545130312E-02,
    1.00001E-02));
#3626 = CARTESIAN_POINT('',(1.290585328696E-02,9.392545130312E-02,
    1.00001E-02));
#3627 = CARTESIAN_POINT('',(-6.27039028106E-02,9.392545130312E-02,
    1.10001E-02));
#3628 = CARTESIAN_POINT('',(1.290585328696E-02,9.392545130312E-02,
    1.10001E-02));
#3629 = ADVANCED_FACE('',(#3630),#3646,.T.);
#3630 = FACE_BOUND('',#3631,.T.);
#3631 = EDGE_LOOP('',(#3632,#3633,#3634,#3641));
#3632 = ORIENTED_EDGE('',*,*,#1115,.F.);
#3633 = ORIENTED_EDGE('',*,*,#3620,.F.);
#3634 = ORIENTED_EDGE('',*,*,#3635,.T.);
#3635 = EDGE_CURVE('',#3614,#3636,#3638,.T.);
#3636 = VERTEX_POINT('',#3637);
#3637 = CARTESIAN_POINT('',(1.290585328696E-02,2.807179276653E-02,
    1.10001E-02));
#3638 = B_SPLINE_CURVE_WITH_KNOTS('',1,(#3639,#3640),.UNSPECIFIED.,.F.,
  .F.,(2,2),(0.,6.585365853659E-02),.PIECEWISE_BEZIER_KNOTS.);
#3639 = CARTESIAN_POINT('',(1.290585328696E-02,9.392545130312E-02,
    1.10001E-02));
#3640 = CARTESIAN_POINT('',(1.290585328696E-02,2.807179276653E-02,
    1.10001E-02));
#3641 = ORIENTED_EDGE('',*,*,#3642,.T.);
#3642 = EDGE_CURVE('',#3636,#1116,#3643,.T.);
#3643 = B_SPLINE_CURVE_WITH_KNOTS('',1,(#3644,#3645),.UNSPECIFIED.,.F.,
  .F.,(2,2),(-0.,1.E-03),.PIECEWISE_BEZIER_KNOTS.);
#3644 = CARTESIAN_POINT('',(1.290585328696E-02,2.807179276653E-02,
    1.10001E-02));
#3645 = CARTESIAN_POINT('',(1.290585328696E-02,2.807179276653E-02,
    1.00001E-02));
#3646 = B_SPLINE_SURFACE_WITH_KNOTS('',1,1,(
    (#3647,#3648)
    ,(#3649,#3650)),.UNSPECIFIED.,.F.,.F.,.F.,(2,2),(2,2),(0.,1.E-03),(
    -6.585365853659E-02,0.),.PIECEWISE_BEZIER_KNOTS.);
#3647 = CARTESIAN_POINT('',(1.290585328696E-02,2.807179276653E-02,
    1.10001E-02));
#3648 = CARTESIAN_POINT('',(1.290585328696E-02,9.392545130312E-02,
    1.10001E-02));
#3649 = CARTESIAN_POINT('',(1.290585328696E-02,2.807179276653E-02,
    1.00001E-02));
#3650 = CARTESIAN_POINT('',(1.290585328696E-02,9.392545130312E-02,
    1.00001E-02));
#3651 = ADVANCED_FACE('',(#3652),#3668,.T.);
#3652 = FACE_BOUND('',#3653,.T.);
#3653 = EDGE_LOOP('',(#3654,#3655,#3656,#3663));
#3654 = ORIENTED_EDGE('',*,*,#1122,.F.);
#3655 = ORIENTED_EDGE('',*,*,#3642,.F.);
#3656 = ORIENTED_EDGE('',*,*,#3657,.T.);
#3657 = EDGE_CURVE('',#3636,#3658,#3660,.T.);
#3658 = VERTEX_POINT('',#3659);
#3659 = CARTESIAN_POINT('',(-5.782585403012E-02,2.807179276653E-02,
    1.10001E-02));
#3660 = B_SPLINE_CURVE_WITH_KNOTS('',1,(#3661,#3662),.UNSPECIFIED.,.F.,
  .F.,(2,2),(0.,7.073170731707E-02),.PIECEWISE_BEZIER_KNOTS.);
#3661 = CARTESIAN_POINT('',(1.290585328696E-02,2.807179276653E-02,
    1.10001E-02));
#3662 = CARTESIAN_POINT('',(-5.782585403012E-02,2.807179276653E-02,
    1.10001E-02));
#3663 = ORIENTED_EDGE('',*,*,#3664,.T.);
#3664 = EDGE_CURVE('',#3658,#1123,#3665,.T.);
#3665 = B_SPLINE_CURVE_WITH_KNOTS('',1,(#3666,#3667),.UNSPECIFIED.,.F.,
  .F.,(2,2),(-0.,1.E-03),.PIECEWISE_BEZIER_KNOTS.);
#3666 = CARTESIAN_POINT('',(-5.782585403012E-02,2.807179276653E-02,
    1.10001E-02));
#3667 = CARTESIAN_POINT('',(-5.782585403012E-02,2.807179276653E-02,
    1.00001E-02));
#3668 = B_SPLINE_SURFACE_WITH_KNOTS('',1,1,(
    (#3669,#3670)
    ,(#3671,#3672)),.UNSPECIFIED.,.F.,.F.,.F.,(2,2),(2,2),(0.,1.E-03),(
    -7.073170731707E-02,0.),.PIECEWISE_BEZIER_KNOTS.);
#3669 = CARTESIAN_POINT('',(-5.782585403012E-02,2.807179276653E-02,
    1.10001E-02));
#3670 = CARTESIAN_POINT('',(1.290585328696E-02,2.807179276653E-02,
    1.10001E-02));
#3671 = CARTESIAN_POINT('',(-5.782585403012E-02,2.807179276653E-02,
    1.00001E-02));
#3672 = CARTESIAN_POINT('',(1.290585328696E-02,2.807179276653E-02,
    1.00001E-02));
#3673 = ADVANCED_FACE('',(#3674),#3690,.T.);
#3674 = FACE_BOUND('',#3675,.T.);
#3675 = EDGE_LOOP('',(#3676,#3677,#3678,#3685));
#3676 = ORIENTED_EDGE('',*,*,#1129,.F.);
#3677 = ORIENTED_EDGE('',*,*,#3664,.F.);
#3678 = ORIENTED_EDGE('',*,*,#3679,.T.);
#3679 = EDGE_CURVE('',#3658,#3680,#3682,.T.);
#3680 = VERTEX_POINT('',#3681);
#3681 = CARTESIAN_POINT('',(-5.782585403012E-02,6.120573254337E-03,
    1.10001E-02));
#3682 = B_SPLINE_CURVE_WITH_KNOTS('',1,(#3683,#3684),.UNSPECIFIED.,.F.,
  .F.,(2,2),(0.,2.19512195122E-02),.PIECEWISE_BEZIER_KNOTS.);
#3683 = CARTESIAN_POINT('',(-5.782585403012E-02,2.807179276653E-02,
    1.10001E-02));
#3684 = CARTESIAN_POINT('',(-5.782585403012E-02,6.120573254337E-03,
    1.10001E-02));
#3685 = ORIENTED_EDGE('',*,*,#3686,.T.);
#3686 = EDGE_CURVE('',#3680,#1130,#3687,.T.);
#3687 = B_SPLINE_CURVE_WITH_KNOTS('',1,(#3688,#3689),.UNSPECIFIED.,.F.,
  .F.,(2,2),(-0.,1.E-03),.PIECEWISE_BEZIER_KNOTS.);
#3688 = CARTESIAN_POINT('',(-5.782585403012E-02,6.120573254337E-03,
    1.10001E-02));
#3689 = CARTESIAN_POINT('',(-5.782585403012E-02,6.120573254337E-03,
    1.00001E-02));
#3690 = B_SPLINE_SURFACE_WITH_KNOTS('',1,1,(
    (#3691,#3692)
    ,(#3693,#3694
    )),.UNSPECIFIED.,.F.,.F.,.F.,(2,2),(2,2),(0.,1.E-03),(
    -2.19512195122E-02,0.),.PIECEWISE_BEZIER_KNOTS.);
#3691 = CARTESIAN_POINT('',(-5.782585403012E-02,6.120573254337E-03,
    1.10001E-02));
#3692 = CARTESIAN_POINT('',(-5.782585403012E-02,2.807179276653E-02,
    1.10001E-02));
#3693 = CARTESIAN_POINT('',(-5.782585403012E-02,6.120573254337E-03,
    1.00001E-02));
#3694 = CARTESIAN_POINT('',(-5.782585403012E-02,2.807179276653E-02,
    1.00001E-02));
#3695 = ADVANCED_FACE('',(#3696),#3712,.T.);
#3696 = FACE_BOUND('',#3697,.T.);
#3697 = EDGE_LOOP('',(#3698,#3699,#3700,#3707));
#3698 = ORIENTED_EDGE('',*,*,#1136,.F.);
#3699 = ORIENTED_EDGE('',*,*,#3686,.F.);
#3700 = ORIENTED_EDGE('',*,*,#3701,.T.);
#3701 = EDGE_CURVE('',#3680,#3702,#3704,.T.);
#3702 = VERTEX_POINT('',#3703);
#3703 = CARTESIAN_POINT('',(1.290585328696E-02,6.120573254337E-03,
    1.10001E-02));
#3704 = B_SPLINE_CURVE_WITH_KNOTS('',1,(#3705,#3706),.UNSPECIFIED.,.F.,
  .F.,(2,2),(0.,7.073170731707E-02),.PIECEWISE_BEZIER_KNOTS.);
#3705 = CARTESIAN_POINT('',(-5.782585403012E-02,6.120573254337E-03,
    1.10001E-02));
#3706 = CARTESIAN_POINT('',(1.290585328696E-02,6.120573254337E-03,
    1.10001E-02));
#3707 = ORIENTED_EDGE('',*,*,#3708,.T.);
#3708 = EDGE_CURVE('',#3702,#1137,#3709,.T.);
#3709 = B_SPLINE_CURVE_WITH_KNOTS('',1,(#3710,#3711),.UNSPECIFIED.,.F.,
  .F.,(2,2),(-0.,1.E-03),.PIECEWISE_BEZIER_KNOTS.);
#3710 = CARTESIAN_POINT('',(1.290585328696E-02,6.120573254337E-03,
    1.10001E-02));
#3711 = CARTESIAN_POINT('',(1.290585328696E-02,6.120573254337E-03,
    1.00001E-02));
#3712 = B_SPLINE_SURFACE_WITH_KNOTS('',1,1,(
    (#3713,#3714)
    ,(#3715,#3716
    )),.UNSPECIFIED.,.F.,.F.,.F.,(2,2),(2,2),(-1.E-03,0.),(0.,
    7.073170731707E-02),.PIECEWISE_BEZIER_KNOTS.);
#3713 = CARTESIAN_POINT('',(-5.782585403012E-02,6.120573254337E-03,
    1.00001E-02));
#3714 = CARTESIAN_POINT('',(1.290585328696E-02,6.120573254337E-03,
    1.00001E-02));
#3715 = CARTESIAN_POINT('',(-5.782585403012E-02,6.120573254337E-03,
    1.10001E-02));
#3716 = CARTESIAN_POINT('',(1.290585328696E-02,6.120573254337E-03,
    1.10001E-02));
#3717 = ADVANCED_FACE('',(#3718),#3734,.T.);
#3718 = FACE_BOUND('',#3719,.T.);
#3719 = EDGE_LOOP('',(#3720,#3721,#3722,#3729));
#3720 = ORIENTED_EDGE('',*,*,#1143,.F.);
#3721 = ORIENTED_EDGE('',*,*,#3708,.F.);
#3722 = ORIENTED_EDGE('',*,*,#3723,.T.);
#3723 = EDGE_CURVE('',#3702,#3724,#3726,.T.);
#3724 = VERTEX_POINT('',#3725);
#3725 = CARTESIAN_POINT('',(1.290585328696E-02,-6.217210967249E-02,
    1.10001E-02));
#3726 = B_SPLINE_CURVE_WITH_KNOTS('',1,(#3727,#3728),.UNSPECIFIED.,.F.,
  .F.,(2,2),(0.,6.829268292683E-02),.PIECEWISE_BEZIER_KNOTS.);
#3727 = CARTESIAN_POINT('',(1.290585328696E-02,6.120573254337E-03,
    1.10001E-02));
#3728 = CARTESIAN_POINT('',(1.290585328696E-02,-6.217210967249E-02,
    1.10001E-02));
#3729 = ORIENTED_EDGE('',*,*,#3730,.T.);
#3730 = EDGE_CURVE('',#3724,#1144,#3731,.T.);
#3731 = B_SPLINE_CURVE_WITH_KNOTS('',1,(#3732,#3733),.UNSPECIFIED.,.F.,
  .F.,(2,2),(-0.,1.E-03),.PIECEWISE_BEZIER_KNOTS.);
#3732 = CARTESIAN_POINT('',(1.290585328696E-02,-6.217210967249E-02,
    1.10001E-02));
#3733 = CARTESIAN_POINT('',(1.290585328696E-02,-6.217210967249E-02,
    1.00001E-02));
#3734 = B_SPLINE_SURFACE_WITH_KNOTS('',1,1,(
    (#3735,#3736)
    ,(#3737,#3738)),.UNSPECIFIED.,.F.,.F.,.F.,(2,2),(2,2),(0.,1.E-03),(
    -6.829268292683E-02,0.),.PIECEWISE_BEZIER_KNOTS.);
#3735 = CARTESIAN_POINT('',(1.290585328696E-02,-6.217210967249E-02,
    1.10001E-02));
#3736 = CARTESIAN_POINT('',(1.290585328696E-02,6.120573254337E-03,
    1.10001E-02));
#3737 = CARTESIAN_POINT('',(1.290585328696E-02,-6.217210967249E-02,
    1.00001E-02));
#3738 = CARTESIAN_POINT('',(1.290585328696E-02,6.120573254337E-03,
    1.00001E-02));
#3739 = ADVANCED_FACE('',(#3740),#3750,.T.);
#3740 = FACE_BOUND('',#3741,.T.);
#3741 = EDGE_LOOP('',(#3742,#3743,#3744,#3749));
#3742 = ORIENTED_EDGE('',*,*,#1150,.F.);
#3743 = ORIENTED_EDGE('',*,*,#3730,.F.);
#3744 = ORIENTED_EDGE('',*,*,#3745,.T.);
#3745 = EDGE_CURVE('',#3724,#3497,#3746,.T.);
#3746 = B_SPLINE_CURVE_WITH_KNOTS('',1,(#3747,#3748),.UNSPECIFIED.,.F.,
  .F.,(2,2),(0.,8.048780487805E-02),.PIECEWISE_BEZIER_KNOTS.);
#3747 = CARTESIAN_POINT('',(1.290585328696E-02,-6.217210967249E-02,
    1.10001E-02));
#3748 = CARTESIAN_POINT('',(-6.758195159109E-02,-6.217210967249E-02,
    1.10001E-02));
#3749 = ORIENTED_EDGE('',*,*,#3496,.T.);
#3750 = B_SPLINE_SURFACE_WITH_KNOTS('',1,1,(
    (#3751,#3752)
    ,(#3753,#3754)),.UNSPECIFIED.,.F.,.F.,.F.,(2,2),(2,2),(0.,1.E-03),(
    -8.048780487805E-02,0.),.PIECEWISE_BEZIER_KNOTS.);
#3751 = CARTESIAN_POINT('',(-6.758195159109E-02,-6.217210967249E-02,
    1.10001E-02));
#3752 = CARTESIAN_POINT('',(1.290585328696E-02,-6.217210967249E-02,
    1.10001E-02));
#3753 = CARTESIAN_POINT('',(-6.758195159109E-02,-6.217210967249E-02,
    1.00001E-02));
#3754 = CARTESIAN_POINT('',(1.290585328696E-02,-6.217210967249E-02,
    1.00001E-02));
#3755 = ADVANCED_FACE('',(#3756),#3770,.F.);
#3756 = FACE_BOUND('',#3757,.T.);
#3757 = EDGE_LOOP('',(#3758,#3759,#3760,#3761,#3762,#3763,#3764,#3765,
    #3766,#3767,#3768,#3769));
#3758 = ORIENTED_EDGE('',*,*,#3503,.F.);
#3759 = ORIENTED_EDGE('',*,*,#3745,.F.);
#3760 = ORIENTED_EDGE('',*,*,#3723,.F.);
#3761 = ORIENTED_EDGE('',*,*,#3701,.F.);
#3762 = ORIENTED_EDGE('',*,*,#3679,.F.);
#3763 = ORIENTED_EDGE('',*,*,#3657,.F.);
#3764 = ORIENTED_EDGE('',*,*,#3635,.F.);
#3765 = ORIENTED_EDGE('',*,*,#3613,.F.);
#3766 = ORIENTED_EDGE('',*,*,#3591,.F.);
#3767 = ORIENTED_EDGE('',*,*,#3569,.F.);
#3768 = ORIENTED_EDGE('',*,*,#3547,.F.);
#3769 = ORIENTED_EDGE('',*,*,#3525,.F.);
#3770 = B_SPLINE_SURFACE_WITH_KNOTS('',1,1,(
    (#3771,#3772)
    ,(#3773,#3774
    )),.UNSPECIFIED.,.F.,.F.,.F.,(2,2),(2,2),(-6.758195159109E-02,
    3.973512157964E-02),(-8.412332918469E-02,0.115876670815),
  .PIECEWISE_BEZIER_KNOTS.);
#3771 = CARTESIAN_POINT('',(-6.758195159109E-02,-8.412332918469E-02,
    1.10001E-02));
#3772 = CARTESIAN_POINT('',(-6.758195159109E-02,0.115876670815,
    1.10001E-02));
#3773 = CARTESIAN_POINT('',(3.973512157964E-02,-8.412332918469E-02,
    1.10001E-02));
#3774 = CARTESIAN_POINT('',(3.973512157964E-02,0.115876670815,
    1.10001E-02));
#3775 = ADVANCED_FACE('',(#3776),#3798,.T.);
#3776 = FACE_BOUND('',#3777,.T.);
#3777 = EDGE_LOOP('',(#3778,#3779,#3786,#3793));
#3778 = ORIENTED_EDGE('',*,*,#712,.F.);
#3779 = ORIENTED_EDGE('',*,*,#3780,.F.);
#3780 = EDGE_CURVE('',#3781,#713,#3783,.T.);
#3781 = VERTEX_POINT('',#3782);
#3782 = CARTESIAN_POINT('',(7.875951182354E-02,-5.180625601396E-02,
    1.10001E-02));
#3783 = B_SPLINE_CURVE_WITH_KNOTS('',1,(#3784,#3785),.UNSPECIFIED.,.F.,
  .F.,(2,2),(-0.,1.E-03),.PIECEWISE_BEZIER_KNOTS.);
#3784 = CARTESIAN_POINT('',(7.875951182354E-02,-5.180625601396E-02,
    1.10001E-02));
#3785 = CARTESIAN_POINT('',(7.875951182354E-02,-5.180625601396E-02,
    1.00001E-02));
#3786 = ORIENTED_EDGE('',*,*,#3787,.T.);
#3787 = EDGE_CURVE('',#3781,#3788,#3790,.T.);
#3788 = VERTEX_POINT('',#3789);
#3789 = CARTESIAN_POINT('',(7.875951182354E-02,-7.375747552615E-02,
    1.10001E-02));
#3790 = B_SPLINE_CURVE_WITH_KNOTS('',1,(#3791,#3792),.UNSPECIFIED.,.F.,
  .F.,(2,2),(0.,2.19512195122E-02),.PIECEWISE_BEZIER_KNOTS.);
#3791 = CARTESIAN_POINT('',(7.875951182354E-02,-5.180625601396E-02,
    1.10001E-02));
#3792 = CARTESIAN_POINT('',(7.875951182354E-02,-7.375747552615E-02,
    1.10001E-02));
#3793 = ORIENTED_EDGE('',*,*,#3794,.T.);
#3794 = EDGE_CURVE('',#3788,#715,#3795,.T.);
#3795 = B_SPLINE_CURVE_WITH_KNOTS('',1,(#3796,#3797),.UNSPECIFIED.,.F.,
  .F.,(2,2),(-0.,1.E-03),.PIECEWISE_BEZIER_KNOTS.);
#3796 = CARTESIAN_POINT('',(7.875951182354E-02,-7.375747552615E-02,
    1.10001E-02));
#3797 = CARTESIAN_POINT('',(7.875951182354E-02,-7.375747552615E-02,
    1.00001E-02));
#3798 = B_SPLINE_SURFACE_WITH_KNOTS('',1,1,(
    (#3799,#3800)
    ,(#3801,#3802
    )),.UNSPECIFIED.,.F.,.F.,.F.,(2,2),(2,2),(0.,1.E-03),(
    -2.19512195122E-02,0.),.PIECEWISE_BEZIER_KNOTS.);
#3799 = CARTESIAN_POINT('',(7.875951182354E-02,-7.375747552615E-02,
    1.10001E-02));
#3800 = CARTESIAN_POINT('',(7.875951182354E-02,-5.180625601396E-02,
    1.10001E-02));
#3801 = CARTESIAN_POINT('',(7.875951182354E-02,-7.375747552615E-02,
    1.00001E-02));
#3802 = CARTESIAN_POINT('',(7.875951182354E-02,-5.180625601396E-02,
    1.00001E-02));
#3803 = ADVANCED_FACE('',(#3804),#3829,.T.);
#3804 = FACE_BOUND('',#3805,.T.);
#3805 = EDGE_LOOP('',(#3806,#3807,#3808,#3824));
#3806 = ORIENTED_EDGE('',*,*,#721,.F.);
#3807 = ORIENTED_EDGE('',*,*,#3794,.F.);
#3808 = ORIENTED_EDGE('',*,*,#3809,.T.);
#3809 = EDGE_CURVE('',#3788,#3810,#3812,.T.);
#3810 = VERTEX_POINT('',#3811);
#3811 = CARTESIAN_POINT('',(0.133789999628,-8.656235357493E-02,
    1.10001E-02));
#3812 = B_SPLINE_CURVE_WITH_KNOTS('',3,(#3813,#3814,#3815,#3816,#3817,
    #3818,#3819,#3820,#3821,#3822,#3823),.UNSPECIFIED.,.F.,.F.,(4,1,1,1,
    1,1,1,1,4),(0.,0.112448389909,0.226527675213,0.344401949326,
    0.465864972487,0.591659449352,0.722168487025,0.858606387555,1.),
  .UNSPECIFIED.);
#3813 = CARTESIAN_POINT('',(7.875951182354E-02,-7.375747552615E-02,
    1.10001E-02));
#3814 = CARTESIAN_POINT('',(8.063618997854E-02,-7.479332546013E-02,
    1.10001E-02));
#3815 = CARTESIAN_POINT('',(8.441676469303E-02,-7.688004877919E-02,
    1.10001E-02));
#3816 = CARTESIAN_POINT('',(9.046269758995E-02,-7.945486680163E-02,
    1.10001E-02));
#3817 = CARTESIAN_POINT('',(9.682448417453E-02,-8.167576852369E-02,
    1.10001E-02));
#3818 = CARTESIAN_POINT('',(0.10355780667,-8.344673843596E-02,
    1.10001E-02));
#3819 = CARTESIAN_POINT('',(0.110617903933,-8.487002158578E-02,
    1.10001E-02));
#3820 = CARTESIAN_POINT('',(0.11804218578,-8.583406226313E-02,
    1.10001E-02));
#3821 = CARTESIAN_POINT('',(0.125801239566,-8.646865886541E-02,
    1.10001E-02));
#3822 = CARTESIAN_POINT('',(0.131095600902,-8.653075281285E-02,
    1.10001E-02));
#3823 = CARTESIAN_POINT('',(0.133789999628,-8.656235357493E-02,
    1.10001E-02));
#3824 = ORIENTED_EDGE('',*,*,#3825,.T.);
#3825 = EDGE_CURVE('',#3810,#722,#3826,.T.);
#3826 = B_SPLINE_CURVE_WITH_KNOTS('',1,(#3827,#3828),.UNSPECIFIED.,.F.,
  .F.,(2,2),(-0.,1.E-03),.PIECEWISE_BEZIER_KNOTS.);
#3827 = CARTESIAN_POINT('',(0.133789999628,-8.656235357493E-02,
    1.10001E-02));
#3828 = CARTESIAN_POINT('',(0.133789999628,-8.656235357493E-02,
    1.00001E-02));
#3829 = B_SPLINE_SURFACE_WITH_KNOTS('',3,1,(
    (#3830,#3831)
    ,(#3832,#3833)
    ,(#3834,#3835)
    ,(#3836,#3837)
    ,(#3838,#3839)
    ,(#3840,#3841)
    ,(#3842,#3843)
    ,(#3844,#3845)
    ,(#3846,#3847)
    ,(#3848,#3849)
    ,(#3850,#3851
  )),.UNSPECIFIED.,.F.,.F.,.F.,(4,1,1,1,1,1,1,1,4),(2,2),(0.,
    0.112448389909,0.226527675213,0.344401949326,0.465864972487,
    0.591659449352,0.722168487025,0.858606387555,1.),(0.,1.),
  .UNSPECIFIED.);
#3830 = CARTESIAN_POINT('',(7.875951182354E-02,-7.375747552615E-02,
    1.10001E-02));
#3831 = CARTESIAN_POINT('',(7.875951182354E-02,-7.375747552615E-02,
    1.00001E-02));
#3832 = CARTESIAN_POINT('',(8.063618997854E-02,-7.479332546013E-02,
    1.10001E-02));
#3833 = CARTESIAN_POINT('',(8.063618997854E-02,-7.479332546013E-02,
    1.00001E-02));
#3834 = CARTESIAN_POINT('',(8.441676469303E-02,-7.688004877919E-02,
    1.10001E-02));
#3835 = CARTESIAN_POINT('',(8.441676469303E-02,-7.688004877919E-02,
    1.00001E-02));
#3836 = CARTESIAN_POINT('',(9.046269758995E-02,-7.945486680163E-02,
    1.10001E-02));
#3837 = CARTESIAN_POINT('',(9.046269758995E-02,-7.945486680163E-02,
    1.00001E-02));
#3838 = CARTESIAN_POINT('',(9.682448417453E-02,-8.167576852369E-02,
    1.10001E-02));
#3839 = CARTESIAN_POINT('',(9.682448417453E-02,-8.167576852369E-02,
    1.00001E-02));
#3840 = CARTESIAN_POINT('',(0.10355780667,-8.344673843596E-02,
    1.10001E-02));
#3841 = CARTESIAN_POINT('',(0.10355780667,-8.344673843596E-02,
    1.00001E-02));
#3842 = CARTESIAN_POINT('',(0.110617903933,-8.487002158578E-02,
    1.10001E-02));
#3843 = CARTESIAN_POINT('',(0.110617903933,-8.487002158578E-02,
    1.00001E-02));
#3844 = CARTESIAN_POINT('',(0.11804218578,-8.583406226313E-02,
    1.10001E-02));
#3845 = CARTESIAN_POINT('',(0.11804218578,-8.583406226313E-02,
    1.00001E-02));
#3846 = CARTESIAN_POINT('',(0.125801239566,-8.646865886541E-02,
    1.10001E-02));
#3847 = CARTESIAN_POINT('',(0.125801239566,-8.646865886541E-02,
    1.00001E-02));
#3848 = CARTESIAN_POINT('',(0.131095600902,-8.653075281285E-02,
    1.10001E-02));
#3849 = CARTESIAN_POINT('',(0.131095600902,-8.653075281285E-02,
    1.00001E-02));
#3850 = CARTESIAN_POINT('',(0.133789999628,-8.656235357493E-02,
    1.10001E-02));
#3851 = CARTESIAN_POINT('',(0.133789999628,-8.656235357493E-02,
    1.00001E-02));
#3852 = ADVANCED_FACE('',(#3853),#3886,.T.);
#3853 = FACE_BOUND('',#3854,.T.);
#3854 = EDGE_LOOP('',(#3855,#3856,#3857,#3881));
#3855 = ORIENTED_EDGE('',*,*,#737,.F.);
#3856 = ORIENTED_EDGE('',*,*,#3825,.F.);
#3857 = ORIENTED_EDGE('',*,*,#3858,.T.);
#3858 = EDGE_CURVE('',#3810,#3859,#3861,.T.);
#3859 = VERTEX_POINT('',#3860);
#3860 = CARTESIAN_POINT('',(0.227539999628,1.210380496165E-02,
    1.10001E-02));
#3861 = B_SPLINE_CURVE_WITH_KNOTS('',3,(#3862,#3863,#3864,#3865,#3866,
    #3867,#3868,#3869,#3870,#3871,#3872,#3873,#3874,#3875,#3876,#3877,
    #3878,#3879,#3880),.UNSPECIFIED.,.F.,.F.,(4,1,1,1,1,1,1,1,1,1,1,1,1,
    1,1,1,4),(0.,6.783324845577E-02,0.132655536508,0.195050884051,
    0.255582933069,0.314799834147,0.373600472826,0.432545595327,
    0.492430629284,0.552671255963,0.612513044188,0.672610250357,
    0.733838369314,0.796594238568,0.861449799291,0.929198942351,1.),
  .UNSPECIFIED.);
#3862 = CARTESIAN_POINT('',(0.133789999628,-8.656235357493E-02,
    1.10001E-02));
#3863 = CARTESIAN_POINT('',(0.137261811939,-8.648492215796E-02,
    1.10001E-02));
#3864 = CARTESIAN_POINT('',(0.144051330872,-8.633349632484E-02,
    1.10001E-02));
#3865 = CARTESIAN_POINT('',(0.153969823245,-8.505978587305E-02,
    1.10001E-02));
#3866 = CARTESIAN_POINT('',(0.163353078601,-8.29332828937E-02,
    1.10001E-02));
#3867 = CARTESIAN_POINT('',(0.172197837848,-7.994546803132E-02,
    1.10001E-02));
#3868 = CARTESIAN_POINT('',(0.1805350441,-7.617005249141E-02,1.10001E-02
    ));
#3869 = CARTESIAN_POINT('',(0.188321509796,-7.15032664125E-02,
    1.10001E-02));
#3870 = CARTESIAN_POINT('',(0.195505707531,-6.590835733644E-02,
    1.10001E-02));
#3871 = CARTESIAN_POINT('',(0.202182703129,-5.961085912988E-02,
    1.10001E-02));
#3872 = CARTESIAN_POINT('',(0.208140373456,-5.256483771766E-02,
    1.10001E-02));
#3873 = CARTESIAN_POINT('',(0.213355189521,-4.494350075415E-02,
    1.10001E-02));
#3874 = CARTESIAN_POINT('',(0.217766899236,-3.677055322868E-02,
    1.10001E-02));
#3875 = CARTESIAN_POINT('',(0.221346703536,-2.804150829122E-02,
    1.10001E-02));
#3876 = CARTESIAN_POINT('',(0.22413643022,-1.877408517272E-02,
    1.10001E-02));
#3877 = CARTESIAN_POINT('',(0.226087337585,-8.959941886215E-03,
    1.10001E-02));
#3878 = CARTESIAN_POINT('',(0.227355165045,1.387152490895E-03,
    1.10001E-02));
#3879 = CARTESIAN_POINT('',(0.22747748993,8.479511822283E-03,1.10001E-02
    ));
#3880 = CARTESIAN_POINT('',(0.227539999628,1.210380496165E-02,
    1.10001E-02));
#3881 = ORIENTED_EDGE('',*,*,#3882,.T.);
#3882 = EDGE_CURVE('',#3859,#738,#3883,.T.);
#3883 = B_SPLINE_CURVE_WITH_KNOTS('',1,(#3884,#3885),.UNSPECIFIED.,.F.,
  .F.,(2,2),(-0.,1.E-03),.PIECEWISE_BEZIER_KNOTS.);
#3884 = CARTESIAN_POINT('',(0.227539999628,1.210380496165E-02,
    1.10001E-02));
#3885 = CARTESIAN_POINT('',(0.227539999628,1.210380496165E-02,
    1.00001E-02));
#3886 = B_SPLINE_SURFACE_WITH_KNOTS('',3,1,(
    (#3887,#3888)
    ,(#3889,#3890)
    ,(#3891,#3892)
    ,(#3893,#3894)
    ,(#3895,#3896)
    ,(#3897,#3898)
    ,(#3899,#3900)
    ,(#3901,#3902)
    ,(#3903,#3904)
    ,(#3905,#3906)
    ,(#3907,#3908)
    ,(#3909,#3910)
    ,(#3911,#3912)
    ,(#3913,#3914)
    ,(#3915,#3916)
    ,(#3917,#3918)
    ,(#3919,#3920)
    ,(#3921,#3922)
    ,(#3923,#3924
    )),.UNSPECIFIED.,.F.,.F.,.F.,(4,1,1,1,1,1,1,1,1,1,1,1,1,1,1,1,4),(2,
    2),(0.,6.783324845577E-02,0.132655536508,0.195050884051,
    0.255582933069,0.314799834147,0.373600472826,0.432545595327,
    0.492430629284,0.552671255963,0.612513044188,0.672610250357,
    0.733838369314,0.796594238568,0.861449799291,0.929198942351,1.),(0.,
    1.),.UNSPECIFIED.);
#3887 = CARTESIAN_POINT('',(0.133789999628,-8.656235357493E-02,
    1.10001E-02));
#3888 = CARTESIAN_POINT('',(0.133789999628,-8.656235357493E-02,
    1.00001E-02));
#3889 = CARTESIAN_POINT('',(0.137261811939,-8.648492215796E-02,
    1.10001E-02));
#3890 = CARTESIAN_POINT('',(0.137261811939,-8.648492215796E-02,
    1.00001E-02));
#3891 = CARTESIAN_POINT('',(0.144051330872,-8.633349632484E-02,
    1.10001E-02));
#3892 = CARTESIAN_POINT('',(0.144051330872,-8.633349632484E-02,
    1.00001E-02));
#3893 = CARTESIAN_POINT('',(0.153969823245,-8.505978587305E-02,
    1.10001E-02));
#3894 = CARTESIAN_POINT('',(0.153969823245,-8.505978587305E-02,
    1.00001E-02));
#3895 = CARTESIAN_POINT('',(0.163353078601,-8.29332828937E-02,
    1.10001E-02));
#3896 = CARTESIAN_POINT('',(0.163353078601,-8.29332828937E-02,
    1.00001E-02));
#3897 = CARTESIAN_POINT('',(0.172197837848,-7.994546803132E-02,
    1.10001E-02));
#3898 = CARTESIAN_POINT('',(0.172197837848,-7.994546803132E-02,
    1.00001E-02));
#3899 = CARTESIAN_POINT('',(0.1805350441,-7.617005249141E-02,1.10001E-02
    ));
#3900 = CARTESIAN_POINT('',(0.1805350441,-7.617005249141E-02,1.00001E-02
    ));
#3901 = CARTESIAN_POINT('',(0.188321509796,-7.15032664125E-02,
    1.10001E-02));
#3902 = CARTESIAN_POINT('',(0.188321509796,-7.15032664125E-02,
    1.00001E-02));
#3903 = CARTESIAN_POINT('',(0.195505707531,-6.590835733644E-02,
    1.10001E-02));
#3904 = CARTESIAN_POINT('',(0.195505707531,-6.590835733644E-02,
    1.00001E-02));
#3905 = CARTESIAN_POINT('',(0.202182703129,-5.961085912988E-02,
    1.10001E-02));
#3906 = CARTESIAN_POINT('',(0.202182703129,-5.961085912988E-02,
    1.00001E-02));
#3907 = CARTESIAN_POINT('',(0.208140373456,-5.256483771766E-02,
    1.10001E-02));
#3908 = CARTESIAN_POINT('',(0.208140373456,-5.256483771766E-02,
    1.00001E-02));
#3909 = CARTESIAN_POINT('',(0.213355189521,-4.494350075415E-02,
    1.10001E-02));
#3910 = CARTESIAN_POINT('',(0.213355189521,-4.494350075415E-02,
    1.00001E-02));
#3911 = CARTESIAN_POINT('',(0.217766899236,-3.677055322868E-02,
    1.10001E-02));
#3912 = CARTESIAN_POINT('',(0.217766899236,-3.677055322868E-02,
    1.00001E-02));
#3913 = CARTESIAN_POINT('',(0.221346703536,-2.804150829122E-02,
    1.10001E-02));
#3914 = CARTESIAN_POINT('',(0.221346703536,-2.804150829122E-02,
    1.00001E-02));
#3915 = CARTESIAN_POINT('',(0.22413643022,-1.877408517272E-02,
    1.10001E-02));
#3916 = CARTESIAN_POINT('',(0.22413643022,-1.877408517272E-02,
    1.00001E-02));
#3917 = CARTESIAN_POINT('',(0.226087337585,-8.959941886215E-03,
    1.10001E-02));
#3918 = CARTESIAN_POINT('',(0.226087337585,-8.959941886215E-03,
    1.00001E-02));
#3919 = CARTESIAN_POINT('',(0.227355165045,1.387152490895E-03,
    1.10001E-02));
#3920 = CARTESIAN_POINT('',(0.227355165045,1.387152490895E-03,
    1.00001E-02));
#3921 = CARTESIAN_POINT('',(0.22747748993,8.479511822283E-03,1.10001E-02
    ));
#3922 = CARTESIAN_POINT('',(0.22747748993,8.479511822283E-03,1.00001E-02
    ));
#3923 = CARTESIAN_POINT('',(0.227539999628,1.210380496165E-02,
    1.10001E-02));
#3924 = CARTESIAN_POINT('',(0.227539999628,1.210380496165E-02,
    1.00001E-02));
#3925 = ADVANCED_FACE('',(#3926),#3959,.T.);
#3926 = FACE_BOUND('',#3927,.T.);
#3927 = EDGE_LOOP('',(#3928,#3929,#3930,#3954));
#3928 = ORIENTED_EDGE('',*,*,#761,.F.);
#3929 = ORIENTED_EDGE('',*,*,#3882,.F.);
#3930 = ORIENTED_EDGE('',*,*,#3931,.T.);
#3931 = EDGE_CURVE('',#3859,#3932,#3934,.T.);
#3932 = VERTEX_POINT('',#3933);
#3933 = CARTESIAN_POINT('',(0.125825060604,0.118315695206,1.10001E-02));
#3934 = B_SPLINE_CURVE_WITH_KNOTS('',3,(#3935,#3936,#3937,#3938,#3939,
    #3940,#3941,#3942,#3943,#3944,#3945,#3946,#3947,#3948,#3949,#3950,
    #3951,#3952,#3953),.UNSPECIFIED.,.F.,.F.,(4,1,1,1,1,1,1,1,1,1,1,1,1,
    1,1,1,4),(0.,7.064371857535E-02,0.138256715509,0.203364124218,
    0.266324093803,0.327904761543,0.388737715173,0.449423528109,
    0.510861011459,0.572079396048,0.631734428731,0.691117210579,
    0.75036002949,0.810032900531,0.871362450829,0.934427141231,1.),
  .UNSPECIFIED.);
#3935 = CARTESIAN_POINT('',(0.227539999628,1.210380496165E-02,
    1.10001E-02));
#3936 = CARTESIAN_POINT('',(0.227452894937,1.599490718361E-02,
    1.10001E-02));
#3937 = CARTESIAN_POINT('',(0.227282422477,2.361017749733E-02,
    1.10001E-02));
#3938 = CARTESIAN_POINT('',(0.22592739934,3.474556917276E-02,1.10001E-02
    ));
#3939 = CARTESIAN_POINT('',(0.22370402766,4.53043682638E-02,1.10001E-02)
  );
#3940 = CARTESIAN_POINT('',(0.220522090792,5.527054679969E-02,
    1.10001E-02));
#3941 = CARTESIAN_POINT('',(0.216470152748,6.465757471644E-02,
    1.10001E-02));
#3942 = CARTESIAN_POINT('',(0.211544769785,7.347794229522E-02,
    1.10001E-02));
#3943 = CARTESIAN_POINT('',(0.20566590955,8.168620425268E-02,1.10001E-02
    ));
#3944 = CARTESIAN_POINT('',(0.198927194652,8.922656945674E-02,
    1.10001E-02));
#3945 = CARTESIAN_POINT('',(0.191551603708,9.606127075699E-02,
    1.10001E-02));
#3946 = CARTESIAN_POINT('',(0.183593372272,0.102025355319,1.10001E-02));
#3947 = CARTESIAN_POINT('',(0.175148496291,0.107065505096,1.10001E-02));
#3948 = CARTESIAN_POINT('',(0.166228929071,0.111214956378,1.10001E-02));
#3949 = CARTESIAN_POINT('',(0.156801880804,0.114382408951,1.10001E-02));
#3950 = CARTESIAN_POINT('',(0.146911458048,0.116657189249,1.10001E-02));
#3951 = CARTESIAN_POINT('',(0.136523598423,0.118066774927,1.10001E-02));
#3952 = CARTESIAN_POINT('',(0.129437295998,0.118231650203,1.10001E-02));
#3953 = CARTESIAN_POINT('',(0.125825060604,0.118315695206,1.10001E-02));
#3954 = ORIENTED_EDGE('',*,*,#3955,.T.);
#3955 = EDGE_CURVE('',#3932,#762,#3956,.T.);
#3956 = B_SPLINE_CURVE_WITH_KNOTS('',1,(#3957,#3958),.UNSPECIFIED.,.F.,
  .F.,(2,2),(-0.,1.E-03),.PIECEWISE_BEZIER_KNOTS.);
#3957 = CARTESIAN_POINT('',(0.125825060604,0.118315695206,1.10001E-02));
#3958 = CARTESIAN_POINT('',(0.125825060604,0.118315695206,1.00001E-02));
#3959 = B_SPLINE_SURFACE_WITH_KNOTS('',3,1,(
    (#3960,#3961)
    ,(#3962,#3963)
    ,(#3964,#3965)
    ,(#3966,#3967)
    ,(#3968,#3969)
    ,(#3970,#3971)
    ,(#3972,#3973)
    ,(#3974,#3975)
    ,(#3976,#3977)
    ,(#3978,#3979)
    ,(#3980,#3981)
    ,(#3982,#3983)
    ,(#3984,#3985)
    ,(#3986,#3987)
    ,(#3988,#3989)
    ,(#3990,#3991)
    ,(#3992,#3993)
    ,(#3994,#3995)
    ,(#3996,#3997
    )),.UNSPECIFIED.,.F.,.F.,.F.,(4,1,1,1,1,1,1,1,1,1,1,1,1,1,1,1,4),(2,
    2),(0.,7.064371857535E-02,0.138256715509,0.203364124218,
    0.266324093803,0.327904761543,0.388737715173,0.449423528109,
    0.510861011459,0.572079396048,0.631734428731,0.691117210579,
    0.75036002949,0.810032900531,0.871362450829,0.934427141231,1.),(0.,
    1.),.UNSPECIFIED.);
#3960 = CARTESIAN_POINT('',(0.227539999628,1.210380496165E-02,
    1.10001E-02));
#3961 = CARTESIAN_POINT('',(0.227539999628,1.210380496165E-02,
    1.00001E-02));
#3962 = CARTESIAN_POINT('',(0.227452894937,1.599490718361E-02,
    1.10001E-02));
#3963 = CARTESIAN_POINT('',(0.227452894937,1.599490718361E-02,
    1.00001E-02));
#3964 = CARTESIAN_POINT('',(0.227282422477,2.361017749733E-02,
    1.10001E-02));
#3965 = CARTESIAN_POINT('',(0.227282422477,2.361017749733E-02,
    1.00001E-02));
#3966 = CARTESIAN_POINT('',(0.22592739934,3.474556917276E-02,1.10001E-02
    ));
#3967 = CARTESIAN_POINT('',(0.22592739934,3.474556917276E-02,1.00001E-02
    ));
#3968 = CARTESIAN_POINT('',(0.22370402766,4.53043682638E-02,1.10001E-02)
  );
#3969 = CARTESIAN_POINT('',(0.22370402766,4.53043682638E-02,1.00001E-02)
  );
#3970 = CARTESIAN_POINT('',(0.220522090792,5.527054679969E-02,
    1.10001E-02));
#3971 = CARTESIAN_POINT('',(0.220522090792,5.527054679969E-02,
    1.00001E-02));
#3972 = CARTESIAN_POINT('',(0.216470152748,6.465757471644E-02,
    1.10001E-02));
#3973 = CARTESIAN_POINT('',(0.216470152748,6.465757471644E-02,
    1.00001E-02));
#3974 = CARTESIAN_POINT('',(0.211544769785,7.347794229522E-02,
    1.10001E-02));
#3975 = CARTESIAN_POINT('',(0.211544769785,7.347794229522E-02,
    1.00001E-02));
#3976 = CARTESIAN_POINT('',(0.20566590955,8.168620425268E-02,1.10001E-02
    ));
#3977 = CARTESIAN_POINT('',(0.20566590955,8.168620425268E-02,1.00001E-02
    ));
#3978 = CARTESIAN_POINT('',(0.198927194652,8.922656945674E-02,
    1.10001E-02));
#3979 = CARTESIAN_POINT('',(0.198927194652,8.922656945674E-02,
    1.00001E-02));
#3980 = CARTESIAN_POINT('',(0.191551603708,9.606127075699E-02,
    1.10001E-02));
#3981 = CARTESIAN_POINT('',(0.191551603708,9.606127075699E-02,
    1.00001E-02));
#3982 = CARTESIAN_POINT('',(0.183593372272,0.102025355319,1.10001E-02));
#3983 = CARTESIAN_POINT('',(0.183593372272,0.102025355319,1.00001E-02));
#3984 = CARTESIAN_POINT('',(0.175148496291,0.107065505096,1.10001E-02));
#3985 = CARTESIAN_POINT('',(0.175148496291,0.107065505096,1.00001E-02));
#3986 = CARTESIAN_POINT('',(0.166228929071,0.111214956378,1.10001E-02));
#3987 = CARTESIAN_POINT('',(0.166228929071,0.111214956378,1.00001E-02));
#3988 = CARTESIAN_POINT('',(0.156801880804,0.114382408951,1.10001E-02));
#3989 = CARTESIAN_POINT('',(0.156801880804,0.114382408951,1.00001E-02));
#3990 = CARTESIAN_POINT('',(0.146911458048,0.116657189249,1.10001E-02));
#3991 = CARTESIAN_POINT('',(0.146911458048,0.116657189249,1.00001E-02));
#3992 = CARTESIAN_POINT('',(0.136523598423,0.118066774927,1.10001E-02));
#3993 = CARTESIAN_POINT('',(0.136523598423,0.118066774927,1.00001E-02));
#3994 = CARTESIAN_POINT('',(0.129437295998,0.118231650203,1.10001E-02));
#3995 = CARTESIAN_POINT('',(0.129437295998,0.118231650203,1.00001E-02));
#3996 = CARTESIAN_POINT('',(0.125825060604,0.118315695206,1.10001E-02));
#3997 = CARTESIAN_POINT('',(0.125825060604,0.118315695206,1.00001E-02));
#3998 = ADVANCED_FACE('',(#3999),#4024,.T.);
#3999 = FACE_BOUND('',#4000,.T.);
#4000 = EDGE_LOOP('',(#4001,#4002,#4003,#4019));
#4001 = ORIENTED_EDGE('',*,*,#785,.F.);
#4002 = ORIENTED_EDGE('',*,*,#3955,.F.);
#4003 = ORIENTED_EDGE('',*,*,#4004,.T.);
#4004 = EDGE_CURVE('',#3932,#4005,#4007,.T.);
#4005 = VERTEX_POINT('',#4006);
#4006 = CARTESIAN_POINT('',(7.875951182354E-02,0.110388865937,
    1.10001E-02));
#4007 = B_SPLINE_CURVE_WITH_KNOTS('',3,(#4008,#4009,#4010,#4011,#4012,
    #4013,#4014,#4015,#4016,#4017,#4018),.UNSPECIFIED.,.F.,.F.,(4,1,1,1,
    1,1,1,1,4),(0.,0.145186866472,0.28344261092,0.416524365929,
    0.543181123535,0.665153082638,0.781360206313,0.892756655642,1.),
  .UNSPECIFIED.);
#4008 = CARTESIAN_POINT('',(0.125825060604,0.118315695206,1.10001E-02));
#4009 = CARTESIAN_POINT('',(0.123499688479,0.118299026318,1.10001E-02));
#4010 = CARTESIAN_POINT('',(0.11895995591,0.118266484305,1.10001E-02));
#4011 = CARTESIAN_POINT('',(0.112300106916,0.117858404452,1.10001E-02));
#4012 = CARTESIAN_POINT('',(0.10595065149,0.117281662709,1.10001E-02));
#4013 = CARTESIAN_POINT('',(9.990240122221E-02,0.116382338362,
    1.10001E-02));
#4014 = CARTESIAN_POINT('',(9.415566732604E-02,0.115311786483,
    1.10001E-02));
#4015 = CARTESIAN_POINT('',(8.873197793381E-02,0.113916270778,
    1.10001E-02));
#4016 = CARTESIAN_POINT('',(8.359723866693E-02,0.112352605921,
    1.10001E-02));
#4017 = CARTESIAN_POINT('',(8.035153652567E-02,0.111035103863,
    1.10001E-02));
#4018 = CARTESIAN_POINT('',(7.875951182354E-02,0.110388865937,
    1.10001E-02));
#4019 = ORIENTED_EDGE('',*,*,#4020,.T.);
#4020 = EDGE_CURVE('',#4005,#786,#4021,.T.);
#4021 = B_SPLINE_CURVE_WITH_KNOTS('',1,(#4022,#4023),.UNSPECIFIED.,.F.,
  .F.,(2,2),(-0.,1.E-03),.PIECEWISE_BEZIER_KNOTS.);
#4022 = CARTESIAN_POINT('',(7.875951182354E-02,0.110388865937,
    1.10001E-02));
#4023 = CARTESIAN_POINT('',(7.875951182354E-02,0.110388865937,
    1.00001E-02));
#4024 = B_SPLINE_SURFACE_WITH_KNOTS('',3,1,(
    (#4025,#4026)
    ,(#4027,#4028)
    ,(#4029,#4030)
    ,(#4031,#4032)
    ,(#4033,#4034)
    ,(#4035,#4036)
    ,(#4037,#4038)
    ,(#4039,#4040)
    ,(#4041,#4042)
    ,(#4043,#4044)
    ,(#4045,#4046
  )),.UNSPECIFIED.,.F.,.F.,.F.,(4,1,1,1,1,1,1,1,4),(2,2),(0.,
    0.145186866472,0.28344261092,0.416524365929,0.543181123535,
    0.665153082638,0.781360206313,0.892756655642,1.),(0.,1.),
  .UNSPECIFIED.);
#4025 = CARTESIAN_POINT('',(0.125825060604,0.118315695206,1.10001E-02));
#4026 = CARTESIAN_POINT('',(0.125825060604,0.118315695206,1.00001E-02));
#4027 = CARTESIAN_POINT('',(0.123499688479,0.118299026318,1.10001E-02));
#4028 = CARTESIAN_POINT('',(0.123499688479,0.118299026318,1.00001E-02));
#4029 = CARTESIAN_POINT('',(0.11895995591,0.118266484305,1.10001E-02));
#4030 = CARTESIAN_POINT('',(0.11895995591,0.118266484305,1.00001E-02));
#4031 = CARTESIAN_POINT('',(0.112300106916,0.117858404452,1.10001E-02));
#4032 = CARTESIAN_POINT('',(0.112300106916,0.117858404452,1.00001E-02));
#4033 = CARTESIAN_POINT('',(0.10595065149,0.117281662709,1.10001E-02));
#4034 = CARTESIAN_POINT('',(0.10595065149,0.117281662709,1.00001E-02));
#4035 = CARTESIAN_POINT('',(9.990240122221E-02,0.116382338362,
    1.10001E-02));
#4036 = CARTESIAN_POINT('',(9.990240122221E-02,0.116382338362,
    1.00001E-02));
#4037 = CARTESIAN_POINT('',(9.415566732604E-02,0.115311786483,
    1.10001E-02));
#4038 = CARTESIAN_POINT('',(9.415566732604E-02,0.115311786483,
    1.00001E-02));
#4039 = CARTESIAN_POINT('',(8.873197793381E-02,0.113916270778,
    1.10001E-02));
#4040 = CARTESIAN_POINT('',(8.873197793381E-02,0.113916270778,
    1.00001E-02));
#4041 = CARTESIAN_POINT('',(8.359723866693E-02,0.112352605921,
    1.10001E-02));
#4042 = CARTESIAN_POINT('',(8.359723866693E-02,0.112352605921,
    1.00001E-02));
#4043 = CARTESIAN_POINT('',(8.035153652567E-02,0.111035103863,
    1.10001E-02));
#4044 = CARTESIAN_POINT('',(8.035153652567E-02,0.111035103863,
    1.00001E-02));
#4045 = CARTESIAN_POINT('',(7.875951182354E-02,0.110388865937,
    1.10001E-02));
#4046 = CARTESIAN_POINT('',(7.875951182354E-02,0.110388865937,
    1.00001E-02));
#4047 = ADVANCED_FACE('',(#4048),#4064,.T.);
#4048 = FACE_BOUND('',#4049,.T.);
#4049 = EDGE_LOOP('',(#4050,#4051,#4052,#4059));
#4050 = ORIENTED_EDGE('',*,*,#801,.F.);
#4051 = ORIENTED_EDGE('',*,*,#4020,.F.);
#4052 = ORIENTED_EDGE('',*,*,#4053,.T.);
#4053 = EDGE_CURVE('',#4005,#4054,#4056,.T.);
#4054 = VERTEX_POINT('',#4055);
#4055 = CARTESIAN_POINT('',(7.875951182354E-02,8.355959764458E-02,
    1.10001E-02));
#4056 = B_SPLINE_CURVE_WITH_KNOTS('',1,(#4057,#4058),.UNSPECIFIED.,.F.,
  .F.,(2,2),(0.,2.682926829268E-02),.PIECEWISE_BEZIER_KNOTS.);
#4057 = CARTESIAN_POINT('',(7.875951182354E-02,0.110388865937,
    1.10001E-02));
#4058 = CARTESIAN_POINT('',(7.875951182354E-02,8.355959764458E-02,
    1.10001E-02));
#4059 = ORIENTED_EDGE('',*,*,#4060,.T.);
#4060 = EDGE_CURVE('',#4054,#802,#4061,.T.);
#4061 = B_SPLINE_CURVE_WITH_KNOTS('',1,(#4062,#4063),.UNSPECIFIED.,.F.,
  .F.,(2,2),(-0.,1.E-03),.PIECEWISE_BEZIER_KNOTS.);
#4062 = CARTESIAN_POINT('',(7.875951182354E-02,8.355959764458E-02,
    1.10001E-02));
#4063 = CARTESIAN_POINT('',(7.875951182354E-02,8.355959764458E-02,
    1.00001E-02));
#4064 = B_SPLINE_SURFACE_WITH_KNOTS('',1,1,(
    (#4065,#4066)
    ,(#4067,#4068)),.UNSPECIFIED.,.F.,.F.,.F.,(2,2),(2,2),(0.,1.E-03),(
    -2.682926829268E-02,0.),.PIECEWISE_BEZIER_KNOTS.);
#4065 = CARTESIAN_POINT('',(7.875951182354E-02,8.355959764458E-02,
    1.10001E-02));
#4066 = CARTESIAN_POINT('',(7.875951182354E-02,0.110388865937,
    1.10001E-02));
#4067 = CARTESIAN_POINT('',(7.875951182354E-02,8.355959764458E-02,
    1.00001E-02));
#4068 = CARTESIAN_POINT('',(7.875951182354E-02,0.110388865937,
    1.00001E-02));
#4069 = ADVANCED_FACE('',(#4070),#4095,.T.);
#4070 = FACE_BOUND('',#4071,.T.);
#4071 = EDGE_LOOP('',(#4072,#4073,#4074,#4090));
#4072 = ORIENTED_EDGE('',*,*,#808,.F.);
#4073 = ORIENTED_EDGE('',*,*,#4060,.F.);
#4074 = ORIENTED_EDGE('',*,*,#4075,.T.);
#4075 = EDGE_CURVE('',#4054,#4076,#4078,.T.);
#4076 = VERTEX_POINT('',#4077);
#4077 = CARTESIAN_POINT('',(0.125596402067,9.636447569336E-02,
    1.10001E-02));
#4078 = B_SPLINE_CURVE_WITH_KNOTS('',3,(#4079,#4080,#4081,#4082,#4083,
    #4084,#4085,#4086,#4087,#4088,#4089),.UNSPECIFIED.,.F.,.F.,(4,1,1,1,
    1,1,1,1,4),(0.,0.125279696736,0.249419970742,0.373356799493,
    0.496681278782,0.620202915744,0.745086320161,0.871269195019,1.),
  .UNSPECIFIED.);
#4079 = CARTESIAN_POINT('',(7.875951182354E-02,8.355959764458E-02,
    1.10001E-02));
#4080 = CARTESIAN_POINT('',(8.05355889491E-02,8.459163224288E-02,
    1.10001E-02));
#4081 = CARTESIAN_POINT('',(8.407158972363E-02,8.664631505277E-02,
    1.10001E-02));
#4082 = CARTESIAN_POINT('',(8.963307604639E-02,8.921507293799E-02,
    1.10001E-02));
#4083 = CARTESIAN_POINT('',(9.530172467658E-02,9.144310057281E-02,
    1.10001E-02));
#4084 = CARTESIAN_POINT('',(0.101117218988,9.322170073875E-02,
    1.10001E-02));
#4085 = CARTESIAN_POINT('',(0.107042957986,9.4657934023E-02,1.10001E-02)
  );
#4086 = CARTESIAN_POINT('',(0.113110015054,9.562125616556E-02,
    1.10001E-02));
#4087 = CARTESIAN_POINT('',(0.119306895268,9.626938288337E-02,
    1.10001E-02));
#4088 = CARTESIAN_POINT('',(0.123485976126,9.633256757409E-02,
    1.10001E-02));
#4089 = CARTESIAN_POINT('',(0.125596402067,9.636447569336E-02,
    1.10001E-02));
#4090 = ORIENTED_EDGE('',*,*,#4091,.T.);
#4091 = EDGE_CURVE('',#4076,#809,#4092,.T.);
#4092 = B_SPLINE_CURVE_WITH_KNOTS('',1,(#4093,#4094),.UNSPECIFIED.,.F.,
  .F.,(2,2),(-0.,1.E-03),.PIECEWISE_BEZIER_KNOTS.);
#4093 = CARTESIAN_POINT('',(0.125596402067,9.636447569336E-02,
    1.10001E-02));
#4094 = CARTESIAN_POINT('',(0.125596402067,9.636447569336E-02,
    1.00001E-02));
#4095 = B_SPLINE_SURFACE_WITH_KNOTS('',3,1,(
    (#4096,#4097)
    ,(#4098,#4099)
    ,(#4100,#4101)
    ,(#4102,#4103)
    ,(#4104,#4105)
    ,(#4106,#4107)
    ,(#4108,#4109)
    ,(#4110,#4111)
    ,(#4112,#4113)
    ,(#4114,#4115)
    ,(#4116,#4117
  )),.UNSPECIFIED.,.F.,.F.,.F.,(4,1,1,1,1,1,1,1,4),(2,2),(0.,
    0.125279696736,0.249419970742,0.373356799493,0.496681278782,
    0.620202915744,0.745086320161,0.871269195019,1.),(0.,1.),
  .UNSPECIFIED.);
#4096 = CARTESIAN_POINT('',(7.875951182354E-02,8.355959764458E-02,
    1.10001E-02));
#4097 = CARTESIAN_POINT('',(7.875951182354E-02,8.355959764458E-02,
    1.00001E-02));
#4098 = CARTESIAN_POINT('',(8.05355889491E-02,8.459163224288E-02,
    1.10001E-02));
#4099 = CARTESIAN_POINT('',(8.05355889491E-02,8.459163224288E-02,
    1.00001E-02));
#4100 = CARTESIAN_POINT('',(8.407158972363E-02,8.664631505277E-02,
    1.10001E-02));
#4101 = CARTESIAN_POINT('',(8.407158972363E-02,8.664631505277E-02,
    1.00001E-02));
#4102 = CARTESIAN_POINT('',(8.963307604639E-02,8.921507293799E-02,
    1.10001E-02));
#4103 = CARTESIAN_POINT('',(8.963307604639E-02,8.921507293799E-02,
    1.00001E-02));
#4104 = CARTESIAN_POINT('',(9.530172467658E-02,9.144310057281E-02,
    1.10001E-02));
#4105 = CARTESIAN_POINT('',(9.530172467658E-02,9.144310057281E-02,
    1.00001E-02));
#4106 = CARTESIAN_POINT('',(0.101117218988,9.322170073875E-02,
    1.10001E-02));
#4107 = CARTESIAN_POINT('',(0.101117218988,9.322170073875E-02,
    1.00001E-02));
#4108 = CARTESIAN_POINT('',(0.107042957986,9.4657934023E-02,1.10001E-02)
  );
#4109 = CARTESIAN_POINT('',(0.107042957986,9.4657934023E-02,1.00001E-02)
  );
#4110 = CARTESIAN_POINT('',(0.113110015054,9.562125616556E-02,
    1.10001E-02));
#4111 = CARTESIAN_POINT('',(0.113110015054,9.562125616556E-02,
    1.00001E-02));
#4112 = CARTESIAN_POINT('',(0.119306895268,9.626938288337E-02,
    1.10001E-02));
#4113 = CARTESIAN_POINT('',(0.119306895268,9.626938288337E-02,
    1.00001E-02));
#4114 = CARTESIAN_POINT('',(0.123485976126,9.633256757409E-02,
    1.10001E-02));
#4115 = CARTESIAN_POINT('',(0.123485976126,9.633256757409E-02,
    1.00001E-02));
#4116 = CARTESIAN_POINT('',(0.125596402067,9.636447569336E-02,
    1.10001E-02));
#4117 = CARTESIAN_POINT('',(0.125596402067,9.636447569336E-02,
    1.00001E-02));
#4118 = ADVANCED_FACE('',(#4119),#4152,.T.);
#4119 = FACE_BOUND('',#4120,.T.);
#4120 = EDGE_LOOP('',(#4121,#4122,#4123,#4147));
#4121 = ORIENTED_EDGE('',*,*,#824,.F.);
#4122 = ORIENTED_EDGE('',*,*,#4091,.F.);
#4123 = ORIENTED_EDGE('',*,*,#4124,.T.);
#4124 = EDGE_CURVE('',#4076,#4125,#4127,.T.);
#4125 = VERTEX_POINT('',#4126);
#4126 = CARTESIAN_POINT('',(0.200710731336,1.374252447385E-02,
    1.10001E-02));
#4127 = B_SPLINE_CURVE_WITH_KNOTS('',3,(#4128,#4129,#4130,#4131,#4132,
    #4133,#4134,#4135,#4136,#4137,#4138,#4139,#4140,#4141,#4142,#4143,
    #4144,#4145,#4146),.UNSPECIFIED.,.F.,.F.,(4,1,1,1,1,1,1,1,1,1,1,1,1,
    1,1,1,4),(0.,6.460397028839E-02,0.126702413963,0.186756814036,
    0.245505687365,0.30365202445,0.361503073971,0.420240222928,
    0.480033340777,0.540678134776,0.601191806381,0.662333502477,
    0.724739510297,0.789467736173,0.856504860044,0.926312095839,1.),
  .UNSPECIFIED.);
#4128 = CARTESIAN_POINT('',(0.125596402067,9.636447569336E-02,
    1.10001E-02));
#4129 = CARTESIAN_POINT('',(0.12830627444,9.630620847617E-02,1.10001E-02
    ));
#4130 = CARTESIAN_POINT('',(0.13362092259,9.619193381099E-02,1.10001E-02
    ));
#4131 = CARTESIAN_POINT('',(0.141385218133,9.50699678739E-02,1.10001E-02
    ));
#4132 = CARTESIAN_POINT('',(0.148790696769,9.339138002745E-02,
    1.10001E-02));
#4133 = CARTESIAN_POINT('',(0.155807663033,9.093463657167E-02,
    1.10001E-02));
#4134 = CARTESIAN_POINT('',(0.162428149126,8.776383050263E-02,
    1.10001E-02));
#4135 = CARTESIAN_POINT('',(0.168646413926,8.386706904021E-02,
    1.10001E-02));
#4136 = CARTESIAN_POINT('',(0.174500646137,7.93278985653E-02,1.10001E-02
    ));
#4137 = CARTESIAN_POINT('',(0.179901541437,7.408969111448E-02,
    1.10001E-02));
#4138 = CARTESIAN_POINT('',(0.184823259392,6.829707035917E-02,
    1.10001E-02));
#4139 = CARTESIAN_POINT('',(0.189047825459,6.191172822512E-02,
    1.10001E-02));
#4140 = CARTESIAN_POINT('',(0.192711165504,5.510649220756E-02,
    1.10001E-02));
#4141 = CARTESIAN_POINT('',(0.195644761088,4.776196616092E-02,
    1.10001E-02));
#4142 = CARTESIAN_POINT('',(0.197916660937,3.993450138709E-02,
    1.10001E-02));
#4143 = CARTESIAN_POINT('',(0.199556493743,3.163477845388E-02,
    1.10001E-02));
#4144 = CARTESIAN_POINT('',(0.20050659028,2.284748977005E-02,1.10001E-02
    ));
#4145 = CARTESIAN_POINT('',(0.20064146844,1.683174266241E-02,1.10001E-02
    ));
#4146 = CARTESIAN_POINT('',(0.200710731336,1.374252447385E-02,
    1.10001E-02));
#4147 = ORIENTED_EDGE('',*,*,#4148,.T.);
#4148 = EDGE_CURVE('',#4125,#825,#4149,.T.);
#4149 = B_SPLINE_CURVE_WITH_KNOTS('',1,(#4150,#4151),.UNSPECIFIED.,.F.,
  .F.,(2,2),(-0.,1.E-03),.PIECEWISE_BEZIER_KNOTS.);
#4150 = CARTESIAN_POINT('',(0.200710731336,1.374252447385E-02,
    1.10001E-02));
#4151 = CARTESIAN_POINT('',(0.200710731336,1.374252447385E-02,
    1.00001E-02));
#4152 = B_SPLINE_SURFACE_WITH_KNOTS('',3,1,(
    (#4153,#4154)
    ,(#4155,#4156)
    ,(#4157,#4158)
    ,(#4159,#4160)
    ,(#4161,#4162)
    ,(#4163,#4164)
    ,(#4165,#4166)
    ,(#4167,#4168)
    ,(#4169,#4170)
    ,(#4171,#4172)
    ,(#4173,#4174)
    ,(#4175,#4176)
    ,(#4177,#4178)
    ,(#4179,#4180)
    ,(#4181,#4182)
    ,(#4183,#4184)
    ,(#4185,#4186)
    ,(#4187,#4188)
    ,(#4189,#4190
    )),.UNSPECIFIED.,.F.,.F.,.F.,(4,1,1,1,1,1,1,1,1,1,1,1,1,1,1,1,4),(2,
    2),(0.,6.460397028839E-02,0.126702413963,0.186756814036,
    0.245505687365,0.30365202445,0.361503073971,0.420240222928,
    0.480033340777,0.540678134776,0.601191806381,0.662333502477,
    0.724739510297,0.789467736173,0.856504860044,0.926312095839,1.),(0.,
    1.),.UNSPECIFIED.);
#4153 = CARTESIAN_POINT('',(0.125596402067,9.636447569336E-02,
    1.10001E-02));
#4154 = CARTESIAN_POINT('',(0.125596402067,9.636447569336E-02,
    1.00001E-02));
#4155 = CARTESIAN_POINT('',(0.12830627444,9.630620847617E-02,1.10001E-02
    ));
#4156 = CARTESIAN_POINT('',(0.12830627444,9.630620847617E-02,1.00001E-02
    ));
#4157 = CARTESIAN_POINT('',(0.13362092259,9.619193381099E-02,1.10001E-02
    ));
#4158 = CARTESIAN_POINT('',(0.13362092259,9.619193381099E-02,1.00001E-02
    ));
#4159 = CARTESIAN_POINT('',(0.141385218133,9.50699678739E-02,1.10001E-02
    ));
#4160 = CARTESIAN_POINT('',(0.141385218133,9.50699678739E-02,1.00001E-02
    ));
#4161 = CARTESIAN_POINT('',(0.148790696769,9.339138002745E-02,
    1.10001E-02));
#4162 = CARTESIAN_POINT('',(0.148790696769,9.339138002745E-02,
    1.00001E-02));
#4163 = CARTESIAN_POINT('',(0.155807663033,9.093463657167E-02,
    1.10001E-02));
#4164 = CARTESIAN_POINT('',(0.155807663033,9.093463657167E-02,
    1.00001E-02));
#4165 = CARTESIAN_POINT('',(0.162428149126,8.776383050263E-02,
    1.10001E-02));
#4166 = CARTESIAN_POINT('',(0.162428149126,8.776383050263E-02,
    1.00001E-02));
#4167 = CARTESIAN_POINT('',(0.168646413926,8.386706904021E-02,
    1.10001E-02));
#4168 = CARTESIAN_POINT('',(0.168646413926,8.386706904021E-02,
    1.00001E-02));
#4169 = CARTESIAN_POINT('',(0.174500646137,7.93278985653E-02,1.10001E-02
    ));
#4170 = CARTESIAN_POINT('',(0.174500646137,7.93278985653E-02,1.00001E-02
    ));
#4171 = CARTESIAN_POINT('',(0.179901541437,7.408969111448E-02,
    1.10001E-02));
#4172 = CARTESIAN_POINT('',(0.179901541437,7.408969111448E-02,
    1.00001E-02));
#4173 = CARTESIAN_POINT('',(0.184823259392,6.829707035917E-02,
    1.10001E-02));
#4174 = CARTESIAN_POINT('',(0.184823259392,6.829707035917E-02,
    1.00001E-02));
#4175 = CARTESIAN_POINT('',(0.189047825459,6.191172822512E-02,
    1.10001E-02));
#4176 = CARTESIAN_POINT('',(0.189047825459,6.191172822512E-02,
    1.00001E-02));
#4177 = CARTESIAN_POINT('',(0.192711165504,5.510649220756E-02,
    1.10001E-02));
#4178 = CARTESIAN_POINT('',(0.192711165504,5.510649220756E-02,
    1.00001E-02));
#4179 = CARTESIAN_POINT('',(0.195644761088,4.776196616092E-02,
    1.10001E-02));
#4180 = CARTESIAN_POINT('',(0.195644761088,4.776196616092E-02,
    1.00001E-02));
#4181 = CARTESIAN_POINT('',(0.197916660937,3.993450138709E-02,
    1.10001E-02));
#4182 = CARTESIAN_POINT('',(0.197916660937,3.993450138709E-02,
    1.00001E-02));
#4183 = CARTESIAN_POINT('',(0.199556493743,3.163477845388E-02,
    1.10001E-02));
#4184 = CARTESIAN_POINT('',(0.199556493743,3.163477845388E-02,
    1.00001E-02));
#4185 = CARTESIAN_POINT('',(0.20050659028,2.284748977005E-02,1.10001E-02
    ));
#4186 = CARTESIAN_POINT('',(0.20050659028,2.284748977005E-02,1.00001E-02
    ));
#4187 = CARTESIAN_POINT('',(0.20064146844,1.683174266241E-02,1.10001E-02
    ));
#4188 = CARTESIAN_POINT('',(0.20064146844,1.683174266241E-02,1.00001E-02
    ));
#4189 = CARTESIAN_POINT('',(0.200710731336,1.374252447385E-02,
    1.10001E-02));
#4190 = CARTESIAN_POINT('',(0.200710731336,1.374252447385E-02,
    1.00001E-02));
#4191 = ADVANCED_FACE('',(#4192),#4225,.T.);
#4192 = FACE_BOUND('',#4193,.T.);
#4193 = EDGE_LOOP('',(#4194,#4195,#4196,#4220));
#4194 = ORIENTED_EDGE('',*,*,#848,.F.);
#4195 = ORIENTED_EDGE('',*,*,#4148,.F.);
#4196 = ORIENTED_EDGE('',*,*,#4197,.T.);
#4197 = EDGE_CURVE('',#4125,#4198,#4200,.T.);
#4198 = VERTEX_POINT('',#4199);
#4199 = CARTESIAN_POINT('',(0.130093353287,-6.461113406274E-02,
    1.10001E-02));
#4200 = B_SPLINE_CURVE_WITH_KNOTS('',3,(#4201,#4202,#4203,#4204,#4205,
    #4206,#4207,#4208,#4209,#4210,#4211,#4212,#4213,#4214,#4215,#4216,
    #4217,#4218,#4219),.UNSPECIFIED.,.F.,.F.,(4,1,1,1,1,1,1,1,1,1,1,1,1,
    1,1,1,4),(0.,7.377411937406E-02,0.144079114726,0.211348518309,
    0.27607688574,0.33852091582,0.399885116693,0.460254067465,
    0.520588964391,0.580207684563,0.638632908553,0.696364549491,
    0.75400177466,0.812805681374,0.872754425526,0.935181996978,1.),
  .UNSPECIFIED.);
#4201 = CARTESIAN_POINT('',(0.200710731336,1.374252447385E-02,
    1.10001E-02));
#4202 = CARTESIAN_POINT('',(0.200655167366,1.081828333469E-02,
    1.10001E-02));
#4203 = CARTESIAN_POINT('',(0.200546652243,5.107309375947E-03,
    1.10001E-02));
#4204 = CARTESIAN_POINT('',(0.199614334918,-3.228226208617E-03,
    1.10001E-02));
#4205 = CARTESIAN_POINT('',(0.19810408607,-1.110957057755E-02,
    1.10001E-02));
#4206 = CARTESIAN_POINT('',(0.19598161773,-1.852977681347E-02,
    1.10001E-02));
#4207 = CARTESIAN_POINT('',(0.193213996692,-2.548197802878E-02,
    1.10001E-02));
#4208 = CARTESIAN_POINT('',(0.189870807475,-3.198464619951E-02,
    1.10001E-02));
#4209 = CARTESIAN_POINT('',(0.185873603925,-3.800841652639E-02,
    1.10001E-02));
#4210 = CARTESIAN_POINT('',(0.181310623965,-4.352508837577E-02,
    1.10001E-02));
#4211 = CARTESIAN_POINT('',(0.176244514294,-4.847221879779E-02,
    1.10001E-02));
#4212 = CARTESIAN_POINT('',(0.170781362706,-5.28169108623E-02,
    1.10001E-02));
#4213 = CARTESIAN_POINT('',(0.164909266679,-5.644337622845E-02,
    1.10001E-02));
#4214 = CARTESIAN_POINT('',(0.158682982544,-5.945055640473E-02,
    1.10001E-02));
#4215 = CARTESIAN_POINT('',(0.152074378733,-6.177552144336E-02,
    1.10001E-02));
#4216 = CARTESIAN_POINT('',(0.145071084671,-6.340540347272E-02,
    1.10001E-02));
#4217 = CARTESIAN_POINT('',(0.137706603454,-6.441491733427E-02,
    1.10001E-02));
#4218 = CARTESIAN_POINT('',(0.132662688289,-6.454491444596E-02,
    1.10001E-02));
#4219 = CARTESIAN_POINT('',(0.130093353287,-6.461113406274E-02,
    1.10001E-02));
#4220 = ORIENTED_EDGE('',*,*,#4221,.T.);
#4221 = EDGE_CURVE('',#4198,#849,#4222,.T.);
#4222 = B_SPLINE_CURVE_WITH_KNOTS('',1,(#4223,#4224),.UNSPECIFIED.,.F.,
  .F.,(2,2),(-0.,1.E-03),.PIECEWISE_BEZIER_KNOTS.);
#4223 = CARTESIAN_POINT('',(0.130093353287,-6.461113406274E-02,
    1.10001E-02));
#4224 = CARTESIAN_POINT('',(0.130093353287,-6.461113406274E-02,
    1.00001E-02));
#4225 = B_SPLINE_SURFACE_WITH_KNOTS('',3,1,(
    (#4226,#4227)
    ,(#4228,#4229)
    ,(#4230,#4231)
    ,(#4232,#4233)
    ,(#4234,#4235)
    ,(#4236,#4237)
    ,(#4238,#4239)
    ,(#4240,#4241)
    ,(#4242,#4243)
    ,(#4244,#4245)
    ,(#4246,#4247)
    ,(#4248,#4249)
    ,(#4250,#4251)
    ,(#4252,#4253)
    ,(#4254,#4255)
    ,(#4256,#4257)
    ,(#4258,#4259)
    ,(#4260,#4261)
    ,(#4262,#4263
    )),.UNSPECIFIED.,.F.,.F.,.F.,(4,1,1,1,1,1,1,1,1,1,1,1,1,1,1,1,4),(2,
    2),(0.,7.377411937406E-02,0.144079114726,0.211348518309,
    0.27607688574,0.33852091582,0.399885116693,0.460254067465,
    0.520588964391,0.580207684563,0.638632908553,0.696364549491,
    0.75400177466,0.812805681374,0.872754425526,0.935181996978,1.),(0.,
    1.),.UNSPECIFIED.);
#4226 = CARTESIAN_POINT('',(0.200710731336,1.374252447385E-02,
    1.10001E-02));
#4227 = CARTESIAN_POINT('',(0.200710731336,1.374252447385E-02,
    1.00001E-02));
#4228 = CARTESIAN_POINT('',(0.200655167366,1.081828333469E-02,
    1.10001E-02));
#4229 = CARTESIAN_POINT('',(0.200655167366,1.081828333469E-02,
    1.00001E-02));
#4230 = CARTESIAN_POINT('',(0.200546652243,5.107309375947E-03,
    1.10001E-02));
#4231 = CARTESIAN_POINT('',(0.200546652243,5.107309375947E-03,
    1.00001E-02));
#4232 = CARTESIAN_POINT('',(0.199614334918,-3.228226208617E-03,
    1.10001E-02));
#4233 = CARTESIAN_POINT('',(0.199614334918,-3.228226208617E-03,
    1.00001E-02));
#4234 = CARTESIAN_POINT('',(0.19810408607,-1.110957057755E-02,
    1.10001E-02));
#4235 = CARTESIAN_POINT('',(0.19810408607,-1.110957057755E-02,
    1.00001E-02));
#4236 = CARTESIAN_POINT('',(0.19598161773,-1.852977681347E-02,
    1.10001E-02));
#4237 = CARTESIAN_POINT('',(0.19598161773,-1.852977681347E-02,
    1.00001E-02));
#4238 = CARTESIAN_POINT('',(0.193213996692,-2.548197802878E-02,
    1.10001E-02));
#4239 = CARTESIAN_POINT('',(0.193213996692,-2.548197802878E-02,
    1.00001E-02));
#4240 = CARTESIAN_POINT('',(0.189870807475,-3.198464619951E-02,
    1.10001E-02));
#4241 = CARTESIAN_POINT('',(0.189870807475,-3.198464619951E-02,
    1.00001E-02));
#4242 = CARTESIAN_POINT('',(0.185873603925,-3.800841652639E-02,
    1.10001E-02));
#4243 = CARTESIAN_POINT('',(0.185873603925,-3.800841652639E-02,
    1.00001E-02));
#4244 = CARTESIAN_POINT('',(0.181310623965,-4.352508837577E-02,
    1.10001E-02));
#4245 = CARTESIAN_POINT('',(0.181310623965,-4.352508837577E-02,
    1.00001E-02));
#4246 = CARTESIAN_POINT('',(0.176244514294,-4.847221879779E-02,
    1.10001E-02));
#4247 = CARTESIAN_POINT('',(0.176244514294,-4.847221879779E-02,
    1.00001E-02));
#4248 = CARTESIAN_POINT('',(0.170781362706,-5.28169108623E-02,
    1.10001E-02));
#4249 = CARTESIAN_POINT('',(0.170781362706,-5.28169108623E-02,
    1.00001E-02));
#4250 = CARTESIAN_POINT('',(0.164909266679,-5.644337622845E-02,
    1.10001E-02));
#4251 = CARTESIAN_POINT('',(0.164909266679,-5.644337622845E-02,
    1.00001E-02));
#4252 = CARTESIAN_POINT('',(0.158682982544,-5.945055640473E-02,
    1.10001E-02));
#4253 = CARTESIAN_POINT('',(0.158682982544,-5.945055640473E-02,
    1.00001E-02));
#4254 = CARTESIAN_POINT('',(0.152074378733,-6.177552144336E-02,
    1.10001E-02));
#4255 = CARTESIAN_POINT('',(0.152074378733,-6.177552144336E-02,
    1.00001E-02));
#4256 = CARTESIAN_POINT('',(0.145071084671,-6.340540347272E-02,
    1.10001E-02));
#4257 = CARTESIAN_POINT('',(0.145071084671,-6.340540347272E-02,
    1.00001E-02));
#4258 = CARTESIAN_POINT('',(0.137706603454,-6.441491733427E-02,
    1.10001E-02));
#4259 = CARTESIAN_POINT('',(0.137706603454,-6.441491733427E-02,
    1.00001E-02));
#4260 = CARTESIAN_POINT('',(0.132662688289,-6.454491444596E-02,
    1.10001E-02));
#4261 = CARTESIAN_POINT('',(0.132662688289,-6.454491444596E-02,
    1.00001E-02));
#4262 = CARTESIAN_POINT('',(0.130093353287,-6.461113406274E-02,
    1.10001E-02));
#4263 = CARTESIAN_POINT('',(0.130093353287,-6.461113406274E-02,
    1.00001E-02));
#4264 = ADVANCED_FACE('',(#4265),#4284,.T.);
#4265 = FACE_BOUND('',#4266,.T.);
#4266 = EDGE_LOOP('',(#4267,#4268,#4269,#4283));
#4267 = ORIENTED_EDGE('',*,*,#872,.F.);
#4268 = ORIENTED_EDGE('',*,*,#4221,.F.);
#4269 = ORIENTED_EDGE('',*,*,#4270,.T.);
#4270 = EDGE_CURVE('',#4198,#3781,#4271,.T.);
#4271 = B_SPLINE_CURVE_WITH_KNOTS('',3,(#4272,#4273,#4274,#4275,#4276,
    #4277,#4278,#4279,#4280,#4281,#4282),.UNSPECIFIED.,.F.,.F.,(4,1,1,1,
    1,1,1,1,4),(0.,0.135294604763,0.266765657925,0.394816018836,
    0.520051654434,0.642175702971,0.762651820558,0.881834004381,1.),
  .UNSPECIFIED.);
#4272 = CARTESIAN_POINT('',(0.130093353287,-6.461113406274E-02,
    1.10001E-02));
#4273 = CARTESIAN_POINT('',(0.127678269174,-6.457942595325E-02,
    1.10001E-02));
#4274 = CARTESIAN_POINT('',(0.122916353475,-6.4516905835E-02,1.10001E-02
    ));
#4275 = CARTESIAN_POINT('',(0.115893977107,-6.387531084523E-02,
    1.10001E-02));
#4276 = CARTESIAN_POINT('',(0.10909193135,-6.290966698223E-02,
    1.10001E-02));
#4277 = CARTESIAN_POINT('',(0.10253978118,-6.148832403784E-02,
    1.10001E-02));
#4278 = CARTESIAN_POINT('',(9.621506238417E-02,-5.970912346784E-02,
    1.10001E-02));
#4279 = CARTESIAN_POINT('',(9.015363178727E-02,-5.747431124636E-02,
    1.10001E-02));
#4280 = CARTESIAN_POINT('',(8.429072009629E-02,-5.492169356905E-02,
    1.10001E-02));
#4281 = CARTESIAN_POINT('',(8.059797784931E-02,-5.284176684956E-02,
    1.10001E-02));
#4282 = CARTESIAN_POINT('',(7.875951182354E-02,-5.180625601396E-02,
    1.10001E-02));
#4283 = ORIENTED_EDGE('',*,*,#3780,.T.);
#4284 = B_SPLINE_SURFACE_WITH_KNOTS('',3,1,(
    (#4285,#4286)
    ,(#4287,#4288)
    ,(#4289,#4290)
    ,(#4291,#4292)
    ,(#4293,#4294)
    ,(#4295,#4296)
    ,(#4297,#4298)
    ,(#4299,#4300)
    ,(#4301,#4302)
    ,(#4303,#4304)
    ,(#4305,#4306
  )),.UNSPECIFIED.,.F.,.F.,.F.,(4,1,1,1,1,1,1,1,4),(2,2),(0.,
    0.135294604763,0.266765657925,0.394816018836,0.520051654434,
    0.642175702971,0.762651820558,0.881834004381,1.),(0.,1.),
  .UNSPECIFIED.);
#4285 = CARTESIAN_POINT('',(0.130093353287,-6.461113406274E-02,
    1.10001E-02));
#4286 = CARTESIAN_POINT('',(0.130093353287,-6.461113406274E-02,
    1.00001E-02));
#4287 = CARTESIAN_POINT('',(0.127678269174,-6.457942595325E-02,
    1.10001E-02));
#4288 = CARTESIAN_POINT('',(0.127678269174,-6.457942595325E-02,
    1.00001E-02));
#4289 = CARTESIAN_POINT('',(0.122916353475,-6.4516905835E-02,1.10001E-02
    ));
#4290 = CARTESIAN_POINT('',(0.122916353475,-6.4516905835E-02,1.00001E-02
    ));
#4291 = CARTESIAN_POINT('',(0.115893977107,-6.387531084523E-02,
    1.10001E-02));
#4292 = CARTESIAN_POINT('',(0.115893977107,-6.387531084523E-02,
    1.00001E-02));
#4293 = CARTESIAN_POINT('',(0.10909193135,-6.290966698223E-02,
    1.10001E-02));
#4294 = CARTESIAN_POINT('',(0.10909193135,-6.290966698223E-02,
    1.00001E-02));
#4295 = CARTESIAN_POINT('',(0.10253978118,-6.148832403784E-02,
    1.10001E-02));
#4296 = CARTESIAN_POINT('',(0.10253978118,-6.148832403784E-02,
    1.00001E-02));
#4297 = CARTESIAN_POINT('',(9.621506238417E-02,-5.970912346784E-02,
    1.10001E-02));
#4298 = CARTESIAN_POINT('',(9.621506238417E-02,-5.970912346784E-02,
    1.00001E-02));
#4299 = CARTESIAN_POINT('',(9.015363178727E-02,-5.747431124636E-02,
    1.10001E-02));
#4300 = CARTESIAN_POINT('',(9.015363178727E-02,-5.747431124636E-02,
    1.00001E-02));
#4301 = CARTESIAN_POINT('',(8.429072009629E-02,-5.492169356905E-02,
    1.10001E-02));
#4302 = CARTESIAN_POINT('',(8.429072009629E-02,-5.492169356905E-02,
    1.00001E-02));
#4303 = CARTESIAN_POINT('',(8.059797784931E-02,-5.284176684956E-02,
    1.10001E-02));
#4304 = CARTESIAN_POINT('',(8.059797784931E-02,-5.284176684956E-02,
    1.00001E-02));
#4305 = CARTESIAN_POINT('',(7.875951182354E-02,-5.180625601396E-02,
    1.10001E-02));
#4306 = CARTESIAN_POINT('',(7.875951182354E-02,-5.180625601396E-02,
    1.00001E-02));
#4307 = ADVANCED_FACE('',(#4308),#4320,.T.);
#4308 = FACE_BOUND('',#4309,.T.);
#4309 = EDGE_LOOP('',(#4310,#4311,#4312,#4313,#4314,#4315,#4316,#4317,
    #4318,#4319));
#4310 = ORIENTED_EDGE('',*,*,#3787,.F.);
#4311 = ORIENTED_EDGE('',*,*,#4270,.F.);
#4312 = ORIENTED_EDGE('',*,*,#4197,.F.);
#4313 = ORIENTED_EDGE('',*,*,#4124,.F.);
#4314 = ORIENTED_EDGE('',*,*,#4075,.F.);
#4315 = ORIENTED_EDGE('',*,*,#4053,.F.);
#4316 = ORIENTED_EDGE('',*,*,#4004,.F.);
#4317 = ORIENTED_EDGE('',*,*,#3931,.F.);
#4318 = ORIENTED_EDGE('',*,*,#3858,.F.);
#4319 = ORIENTED_EDGE('',*,*,#3809,.F.);
#4320 = B_SPLINE_SURFACE_WITH_KNOTS('',1,1,(
    (#4321,#4322)
    ,(#4323,#4324
    )),.UNSPECIFIED.,.F.,.F.,.F.,(2,2),(2,2),(-0.122142879087,
    2.663760871781E-02),(-2.774533289261E-03,0.202103515491),
  .PIECEWISE_BEZIER_KNOTS.);
#4321 = CARTESIAN_POINT('',(0.227539999628,-8.656235357493E-02,
    1.10001E-02));
#4322 = CARTESIAN_POINT('',(0.227539999628,0.118315695206,1.10001E-02));
#4323 = CARTESIAN_POINT('',(7.875951182354E-02,-8.656235357493E-02,
    1.10001E-02));
#4324 = CARTESIAN_POINT('',(7.875951182354E-02,0.118315695206,
    1.10001E-02));
#4325 = ADVANCED_FACE('',(#4326),#4348,.T.);
#4326 = FACE_BOUND('',#4327,.T.);
#4327 = EDGE_LOOP('',(#4328,#4329,#4336,#4343));
#4328 = ORIENTED_EDGE('',*,*,#1157,.F.);
#4329 = ORIENTED_EDGE('',*,*,#4330,.F.);
#4330 = EDGE_CURVE('',#4331,#1158,#4333,.T.);
#4331 = VERTEX_POINT('',#4332);
#4332 = CARTESIAN_POINT('',(0.24461317036,-6.217210967249E-02,
    1.10001E-02));
#4333 = B_SPLINE_CURVE_WITH_KNOTS('',1,(#4334,#4335),.UNSPECIFIED.,.F.,
  .F.,(2,2),(-0.,1.E-03),.PIECEWISE_BEZIER_KNOTS.);
#4334 = CARTESIAN_POINT('',(0.24461317036,-6.217210967249E-02,
    1.10001E-02));
#4335 = CARTESIAN_POINT('',(0.24461317036,-6.217210967249E-02,
    1.00001E-02));
#4336 = ORIENTED_EDGE('',*,*,#4337,.T.);
#4337 = EDGE_CURVE('',#4331,#4338,#4340,.T.);
#4338 = VERTEX_POINT('',#4339);
#4339 = CARTESIAN_POINT('',(0.24461317036,-8.412332918469E-02,
    1.10001E-02));
#4340 = B_SPLINE_CURVE_WITH_KNOTS('',1,(#4341,#4342),.UNSPECIFIED.,.F.,
  .F.,(2,2),(0.,2.19512195122E-02),.PIECEWISE_BEZIER_KNOTS.);
#4341 = CARTESIAN_POINT('',(0.24461317036,-6.217210967249E-02,
    1.10001E-02));
#4342 = CARTESIAN_POINT('',(0.24461317036,-8.412332918469E-02,
    1.10001E-02));
#4343 = ORIENTED_EDGE('',*,*,#4344,.T.);
#4344 = EDGE_CURVE('',#4338,#1160,#4345,.T.);
#4345 = B_SPLINE_CURVE_WITH_KNOTS('',1,(#4346,#4347),.UNSPECIFIED.,.F.,
  .F.,(2,2),(-0.,1.E-03),.PIECEWISE_BEZIER_KNOTS.);
#4346 = CARTESIAN_POINT('',(0.24461317036,-8.412332918469E-02,
    1.10001E-02));
#4347 = CARTESIAN_POINT('',(0.24461317036,-8.412332918469E-02,
    1.00001E-02));
#4348 = B_SPLINE_SURFACE_WITH_KNOTS('',1,1,(
    (#4349,#4350)
    ,(#4351,#4352
    )),.UNSPECIFIED.,.F.,.F.,.F.,(2,2),(2,2),(0.,1.E-03),(
    -2.19512195122E-02,0.),.PIECEWISE_BEZIER_KNOTS.);
#4349 = CARTESIAN_POINT('',(0.24461317036,-8.412332918469E-02,
    1.10001E-02));
#4350 = CARTESIAN_POINT('',(0.24461317036,-6.217210967249E-02,
    1.10001E-02));
#4351 = CARTESIAN_POINT('',(0.24461317036,-8.412332918469E-02,
    1.00001E-02));
#4352 = CARTESIAN_POINT('',(0.24461317036,-6.217210967249E-02,
    1.00001E-02));
#4353 = ADVANCED_FACE('',(#4354),#4370,.T.);
#4354 = FACE_BOUND('',#4355,.T.);
#4355 = EDGE_LOOP('',(#4356,#4357,#4358,#4365));
#4356 = ORIENTED_EDGE('',*,*,#1166,.F.);
#4357 = ORIENTED_EDGE('',*,*,#4344,.F.);
#4358 = ORIENTED_EDGE('',*,*,#4359,.T.);
#4359 = EDGE_CURVE('',#4338,#4360,#4362,.T.);
#4360 = VERTEX_POINT('',#4361);
#4361 = CARTESIAN_POINT('',(0.34705219475,-8.412332918469E-02,
    1.10001E-02));
#4362 = B_SPLINE_CURVE_WITH_KNOTS('',1,(#4363,#4364),.UNSPECIFIED.,.F.,
  .F.,(2,2),(0.,0.10243902439),.PIECEWISE_BEZIER_KNOTS.);
#4363 = CARTESIAN_POINT('',(0.24461317036,-8.412332918469E-02,
    1.10001E-02));
#4364 = CARTESIAN_POINT('',(0.34705219475,-8.412332918469E-02,
    1.10001E-02));
#4365 = ORIENTED_EDGE('',*,*,#4366,.T.);
#4366 = EDGE_CURVE('',#4360,#1167,#4367,.T.);
#4367 = B_SPLINE_CURVE_WITH_KNOTS('',1,(#4368,#4369),.UNSPECIFIED.,.F.,
  .F.,(2,2),(-0.,1.E-03),.PIECEWISE_BEZIER_KNOTS.);
#4368 = CARTESIAN_POINT('',(0.34705219475,-8.412332918469E-02,
    1.10001E-02));
#4369 = CARTESIAN_POINT('',(0.34705219475,-8.412332918469E-02,
    1.00001E-02));
#4370 = B_SPLINE_SURFACE_WITH_KNOTS('',1,1,(
    (#4371,#4372)
    ,(#4373,#4374
    )),.UNSPECIFIED.,.F.,.F.,.F.,(2,2),(2,2),(-1.E-03,0.),(0.,
    0.10243902439),.PIECEWISE_BEZIER_KNOTS.);
#4371 = CARTESIAN_POINT('',(0.24461317036,-8.412332918469E-02,
    1.00001E-02));
#4372 = CARTESIAN_POINT('',(0.34705219475,-8.412332918469E-02,
    1.00001E-02));
#4373 = CARTESIAN_POINT('',(0.24461317036,-8.412332918469E-02,
    1.10001E-02));
#4374 = CARTESIAN_POINT('',(0.34705219475,-8.412332918469E-02,
    1.10001E-02));
#4375 = ADVANCED_FACE('',(#4376),#4392,.T.);
#4376 = FACE_BOUND('',#4377,.T.);
#4377 = EDGE_LOOP('',(#4378,#4379,#4380,#4387));
#4378 = ORIENTED_EDGE('',*,*,#1173,.F.);
#4379 = ORIENTED_EDGE('',*,*,#4366,.F.);
#4380 = ORIENTED_EDGE('',*,*,#4381,.T.);
#4381 = EDGE_CURVE('',#4360,#4382,#4384,.T.);
#4382 = VERTEX_POINT('',#4383);
#4383 = CARTESIAN_POINT('',(0.34705219475,0.115876670815,1.10001E-02));
#4384 = B_SPLINE_CURVE_WITH_KNOTS('',1,(#4385,#4386),.UNSPECIFIED.,.F.,
  .F.,(2,2),(0.,0.2),.PIECEWISE_BEZIER_KNOTS.);
#4385 = CARTESIAN_POINT('',(0.34705219475,-8.412332918469E-02,
    1.10001E-02));
#4386 = CARTESIAN_POINT('',(0.34705219475,0.115876670815,1.10001E-02));
#4387 = ORIENTED_EDGE('',*,*,#4388,.T.);
#4388 = EDGE_CURVE('',#4382,#1174,#4389,.T.);
#4389 = B_SPLINE_CURVE_WITH_KNOTS('',1,(#4390,#4391),.UNSPECIFIED.,.F.,
  .F.,(2,2),(-0.,1.E-03),.PIECEWISE_BEZIER_KNOTS.);
#4390 = CARTESIAN_POINT('',(0.34705219475,0.115876670815,1.10001E-02));
#4391 = CARTESIAN_POINT('',(0.34705219475,0.115876670815,1.00001E-02));
#4392 = B_SPLINE_SURFACE_WITH_KNOTS('',1,1,(
    (#4393,#4394)
    ,(#4395,#4396
    )),.UNSPECIFIED.,.F.,.F.,.F.,(2,2),(2,2),(-1.E-03,0.),(0.,0.2),
  .PIECEWISE_BEZIER_KNOTS.);
#4393 = CARTESIAN_POINT('',(0.34705219475,-8.412332918469E-02,
    1.00001E-02));
#4394 = CARTESIAN_POINT('',(0.34705219475,0.115876670815,1.00001E-02));
#4395 = CARTESIAN_POINT('',(0.34705219475,-8.412332918469E-02,
    1.10001E-02));
#4396 = CARTESIAN_POINT('',(0.34705219475,0.115876670815,1.10001E-02));
#4397 = ADVANCED_FACE('',(#4398),#4414,.T.);
#4398 = FACE_BOUND('',#4399,.T.);
#4399 = EDGE_LOOP('',(#4400,#4401,#4402,#4409));
#4400 = ORIENTED_EDGE('',*,*,#1180,.F.);
#4401 = ORIENTED_EDGE('',*,*,#4388,.F.);
#4402 = ORIENTED_EDGE('',*,*,#4403,.T.);
#4403 = EDGE_CURVE('',#4382,#4404,#4406,.T.);
#4404 = VERTEX_POINT('',#4405);
#4405 = CARTESIAN_POINT('',(0.320222926458,0.115876670815,1.10001E-02));
#4406 = B_SPLINE_CURVE_WITH_KNOTS('',1,(#4407,#4408),.UNSPECIFIED.,.F.,
  .F.,(2,2),(0.,2.682926829268E-02),.PIECEWISE_BEZIER_KNOTS.);
#4407 = CARTESIAN_POINT('',(0.34705219475,0.115876670815,1.10001E-02));
#4408 = CARTESIAN_POINT('',(0.320222926458,0.115876670815,1.10001E-02));
#4409 = ORIENTED_EDGE('',*,*,#4410,.T.);
#4410 = EDGE_CURVE('',#4404,#1181,#4411,.T.);
#4411 = B_SPLINE_CURVE_WITH_KNOTS('',1,(#4412,#4413),.UNSPECIFIED.,.F.,
  .F.,(2,2),(-0.,1.E-03),.PIECEWISE_BEZIER_KNOTS.);
#4412 = CARTESIAN_POINT('',(0.320222926458,0.115876670815,1.10001E-02));
#4413 = CARTESIAN_POINT('',(0.320222926458,0.115876670815,1.00001E-02));
#4414 = B_SPLINE_SURFACE_WITH_KNOTS('',1,1,(
    (#4415,#4416)
    ,(#4417,#4418)),.UNSPECIFIED.,.F.,.F.,.F.,(2,2),(2,2),(0.,1.E-03),(
    -2.682926829268E-02,0.),.PIECEWISE_BEZIER_KNOTS.);
#4415 = CARTESIAN_POINT('',(0.320222926458,0.115876670815,1.10001E-02));
#4416 = CARTESIAN_POINT('',(0.34705219475,0.115876670815,1.10001E-02));
#4417 = CARTESIAN_POINT('',(0.320222926458,0.115876670815,1.00001E-02));
#4418 = CARTESIAN_POINT('',(0.34705219475,0.115876670815,1.00001E-02));
#4419 = ADVANCED_FACE('',(#4420),#4436,.T.);
#4420 = FACE_BOUND('',#4421,.T.);
#4421 = EDGE_LOOP('',(#4422,#4423,#4424,#4431));
#4422 = ORIENTED_EDGE('',*,*,#1187,.F.);
#4423 = ORIENTED_EDGE('',*,*,#4410,.F.);
#4424 = ORIENTED_EDGE('',*,*,#4425,.T.);
#4425 = EDGE_CURVE('',#4404,#4426,#4428,.T.);
#4426 = VERTEX_POINT('',#4427);
#4427 = CARTESIAN_POINT('',(0.320222926458,-6.217210967249E-02,
    1.10001E-02));
#4428 = B_SPLINE_CURVE_WITH_KNOTS('',1,(#4429,#4430),.UNSPECIFIED.,.F.,
  .F.,(2,2),(0.,0.178048780488),.PIECEWISE_BEZIER_KNOTS.);
#4429 = CARTESIAN_POINT('',(0.320222926458,0.115876670815,1.10001E-02));
#4430 = CARTESIAN_POINT('',(0.320222926458,-6.217210967249E-02,
    1.10001E-02));
#4431 = ORIENTED_EDGE('',*,*,#4432,.T.);
#4432 = EDGE_CURVE('',#4426,#1188,#4433,.T.);
#4433 = B_SPLINE_CURVE_WITH_KNOTS('',1,(#4434,#4435),.UNSPECIFIED.,.F.,
  .F.,(2,2),(-0.,1.E-03),.PIECEWISE_BEZIER_KNOTS.);
#4434 = CARTESIAN_POINT('',(0.320222926458,-6.217210967249E-02,
    1.10001E-02));
#4435 = CARTESIAN_POINT('',(0.320222926458,-6.217210967249E-02,
    1.00001E-02));
#4436 = B_SPLINE_SURFACE_WITH_KNOTS('',1,1,(
    (#4437,#4438)
    ,(#4439,#4440
    )),.UNSPECIFIED.,.F.,.F.,.F.,(2,2),(2,2),(0.,1.E-03),(
    -0.178048780488,0.),.PIECEWISE_BEZIER_KNOTS.);
#4437 = CARTESIAN_POINT('',(0.320222926458,-6.217210967249E-02,
    1.10001E-02));
#4438 = CARTESIAN_POINT('',(0.320222926458,0.115876670815,1.10001E-02));
#4439 = CARTESIAN_POINT('',(0.320222926458,-6.217210967249E-02,
    1.00001E-02));
#4440 = CARTESIAN_POINT('',(0.320222926458,0.115876670815,1.00001E-02));
#4441 = ADVANCED_FACE('',(#4442),#4452,.T.);
#4442 = FACE_BOUND('',#4443,.T.);
#4443 = EDGE_LOOP('',(#4444,#4445,#4446,#4451));
#4444 = ORIENTED_EDGE('',*,*,#1194,.F.);
#4445 = ORIENTED_EDGE('',*,*,#4432,.F.);
#4446 = ORIENTED_EDGE('',*,*,#4447,.T.);
#4447 = EDGE_CURVE('',#4426,#4331,#4448,.T.);
#4448 = B_SPLINE_CURVE_WITH_KNOTS('',1,(#4449,#4450),.UNSPECIFIED.,.F.,
  .F.,(2,2),(0.,7.560975609756E-02),.PIECEWISE_BEZIER_KNOTS.);
#4449 = CARTESIAN_POINT('',(0.320222926458,-6.217210967249E-02,
    1.10001E-02));
#4450 = CARTESIAN_POINT('',(0.24461317036,-6.217210967249E-02,
    1.10001E-02));
#4451 = ORIENTED_EDGE('',*,*,#4330,.T.);
#4452 = B_SPLINE_SURFACE_WITH_KNOTS('',1,1,(
    (#4453,#4454)
    ,(#4455,#4456)),.UNSPECIFIED.,.F.,.F.,.F.,(2,2),(2,2),(0.,1.E-03),(
    -7.560975609756E-02,0.),.PIECEWISE_BEZIER_KNOTS.);
#4453 = CARTESIAN_POINT('',(0.24461317036,-6.217210967249E-02,
    1.10001E-02));
#4454 = CARTESIAN_POINT('',(0.320222926458,-6.217210967249E-02,
    1.10001E-02));
#4455 = CARTESIAN_POINT('',(0.24461317036,-6.217210967249E-02,
    1.00001E-02));
#4456 = CARTESIAN_POINT('',(0.320222926458,-6.217210967249E-02,
    1.00001E-02));
#4457 = ADVANCED_FACE('',(#4458),#4466,.F.);
#4458 = FACE_BOUND('',#4459,.T.);
#4459 = EDGE_LOOP('',(#4460,#4461,#4462,#4463,#4464,#4465));
#4460 = ORIENTED_EDGE('',*,*,#4337,.F.);
#4461 = ORIENTED_EDGE('',*,*,#4447,.F.);
#4462 = ORIENTED_EDGE('',*,*,#4425,.F.);
#4463 = ORIENTED_EDGE('',*,*,#4403,.F.);
#4464 = ORIENTED_EDGE('',*,*,#4381,.F.);
#4465 = ORIENTED_EDGE('',*,*,#4359,.F.);
#4466 = B_SPLINE_SURFACE_WITH_KNOTS('',1,1,(
    (#4467,#4468)
    ,(#4469,#4470
    )),.UNSPECIFIED.,.F.,.F.,.F.,(2,2),(2,2),(0.24461317036,
    0.34705219475),(-8.412332918469E-02,0.115876670815),
  .PIECEWISE_BEZIER_KNOTS.);
#4467 = CARTESIAN_POINT('',(0.24461317036,-8.412332918469E-02,
    1.10001E-02));
#4468 = CARTESIAN_POINT('',(0.24461317036,0.115876670815,1.10001E-02));
#4469 = CARTESIAN_POINT('',(0.34705219475,-8.412332918469E-02,
    1.10001E-02));
#4470 = CARTESIAN_POINT('',(0.34705219475,0.115876670815,1.10001E-02));
#4471 = ADVANCED_FACE('',(#4472),#4480,.F.);
#4472 = FACE_BOUND('',#4473,.T.);
#4473 = EDGE_LOOP('',(#4474,#4475,#4476,#4477,#4478,#4479));
#4474 = ORIENTED_EDGE('',*,*,#2825,.T.);
#4475 = ORIENTED_EDGE('',*,*,#2971,.T.);
#4476 = ORIENTED_EDGE('',*,*,#2934,.T.);
#4477 = ORIENTED_EDGE('',*,*,#2912,.T.);
#4478 = ORIENTED_EDGE('',*,*,#2875,.T.);
#4479 = ORIENTED_EDGE('',*,*,#2853,.T.);
#4480 = B_SPLINE_SURFACE_WITH_KNOTS('',1,1,(
    (#4481,#4482)
    ,(#4483,#4484
    )),.UNSPECIFIED.,.F.,.F.,.F.,(2,2),(2,2),(-0.404205427201,
    -0.33732280525),(-6.074548696883E-03,9.148642691287E-02),
  .PIECEWISE_BEZIER_KNOTS.);
#4481 = CARTESIAN_POINT('',(-0.404205427201,-6.074548696883E-03,
    1.00001E-02));
#4482 = CARTESIAN_POINT('',(-0.404205427201,9.148642691287E-02,
    1.00001E-02));
#4483 = CARTESIAN_POINT('',(-0.33732280525,-6.074548696883E-03,
    1.00001E-02));
#4484 = CARTESIAN_POINT('',(-0.33732280525,9.148642691287E-02,
    1.00001E-02));
#4485 = ADVANCED_FACE('',(#4486),#4493,.F.);
#4486 = FACE_BOUND('',#4487,.T.);
#4487 = EDGE_LOOP('',(#4488,#4489,#4490,#4491,#4492));
#4488 = ORIENTED_EDGE('',*,*,#3283,.T.);
#4489 = ORIENTED_EDGE('',*,*,#3479,.T.);
#4490 = ORIENTED_EDGE('',*,*,#3457,.T.);
#4491 = ORIENTED_EDGE('',*,*,#3384,.T.);
#4492 = ORIENTED_EDGE('',*,*,#3311,.T.);
#4493 = B_SPLINE_SURFACE_WITH_KNOTS('',1,1,(
    (#4494,#4495)
    ,(#4496,#4497
    )),.UNSPECIFIED.,.F.,.F.,.F.,(2,2),(2,2),(-0.240752683298,
    -0.133435610128),(-6.217210967249E-02,9.392545130312E-02),
  .PIECEWISE_BEZIER_KNOTS.);
#4494 = CARTESIAN_POINT('',(-0.240752683298,-6.217210967249E-02,
    1.00001E-02));
#4495 = CARTESIAN_POINT('',(-0.240752683298,9.392545130312E-02,
    1.00001E-02));
#4496 = CARTESIAN_POINT('',(-0.133435610128,-6.217210967249E-02,
    1.00001E-02));
#4497 = CARTESIAN_POINT('',(-0.133435610128,9.392545130312E-02,
    1.00001E-02));
#4498 = ADVANCED_FACE('',(#4499),#4521,.T.);
#4499 = FACE_BOUND('',#4500,.T.);
#4500 = EDGE_LOOP('',(#4501,#4502,#4509,#4516));
#4501 = ORIENTED_EDGE('',*,*,#237,.F.);
#4502 = ORIENTED_EDGE('',*,*,#4503,.F.);
#4503 = EDGE_CURVE('',#4504,#214,#4506,.T.);
#4504 = VERTEX_POINT('',#4505);
#4505 = CARTESIAN_POINT('',(0.63607187016,-0.260248986862,0.9590001));
#4506 = B_SPLINE_CURVE_WITH_KNOTS('',1,(#4507,#4508),.UNSPECIFIED.,.F.,
  .F.,(2,2),(0.,9.999999999998E-04),.PIECEWISE_BEZIER_KNOTS.);
#4507 = CARTESIAN_POINT('',(0.63607187016,-0.260248986862,0.9590001));
#4508 = CARTESIAN_POINT('',(0.63607187016,-0.260248986862,0.9600001));
#4509 = ORIENTED_EDGE('',*,*,#4510,.T.);
#4510 = EDGE_CURVE('',#4504,#4511,#4513,.T.);
#4511 = VERTEX_POINT('',#4512);
#4512 = CARTESIAN_POINT('',(0.48753909577,-0.260248986862,0.9590001));
#4513 = B_SPLINE_CURVE_WITH_KNOTS('',1,(#4514,#4515),.UNSPECIFIED.,.F.,
  .F.,(2,2),(0.,0.14853277439),.PIECEWISE_BEZIER_KNOTS.);
#4514 = CARTESIAN_POINT('',(0.63607187016,-0.260248986862,0.9590001));
#4515 = CARTESIAN_POINT('',(0.48753909577,-0.260248986862,0.9590001));
#4516 = ORIENTED_EDGE('',*,*,#4517,.T.);
#4517 = EDGE_CURVE('',#4511,#238,#4518,.T.);
#4518 = B_SPLINE_CURVE_WITH_KNOTS('',1,(#4519,#4520),.UNSPECIFIED.,.F.,
  .F.,(2,2),(0.,1.E-03),.PIECEWISE_BEZIER_KNOTS.);
#4519 = CARTESIAN_POINT('',(0.48753909577,-0.260248986862,0.9590001));
#4520 = CARTESIAN_POINT('',(0.48753909577,-0.260248986862,0.9600001));
#4521 = B_SPLINE_SURFACE_WITH_KNOTS('',1,1,(
    (#4522,#4523)
    ,(#4524,#4525
    )),.UNSPECIFIED.,.F.,.F.,.F.,(2,2),(2,2),(0.,1.E-03),(-0.14853277439
    ,0.),.PIECEWISE_BEZIER_KNOTS.);
#4522 = CARTESIAN_POINT('',(0.48753909577,-0.260248986862,0.9590001));
#4523 = CARTESIAN_POINT('',(0.63607187016,-0.260248986862,0.9590001));
#4524 = CARTESIAN_POINT('',(0.48753909577,-0.260248986862,0.9600001));
#4525 = CARTESIAN_POINT('',(0.63607187016,-0.260248986862,0.9600001));
#4526 = ADVANCED_FACE('',(#4527),#4543,.T.);
#4527 = FACE_BOUND('',#4528,.T.);
#4528 = EDGE_LOOP('',(#4529,#4530,#4531,#4538));
#4529 = ORIENTED_EDGE('',*,*,#244,.F.);
#4530 = ORIENTED_EDGE('',*,*,#4517,.F.);
#4531 = ORIENTED_EDGE('',*,*,#4532,.T.);
#4532 = EDGE_CURVE('',#4511,#4533,#4535,.T.);
#4533 = VERTEX_POINT('',#4534);
#4534 = CARTESIAN_POINT('',(0.48753909577,0.239751013138,0.9590001));
#4535 = B_SPLINE_CURVE_WITH_KNOTS('',1,(#4536,#4537),.UNSPECIFIED.,.F.,
  .F.,(2,2),(0.,0.5),.PIECEWISE_BEZIER_KNOTS.);
#4536 = CARTESIAN_POINT('',(0.48753909577,-0.260248986862,0.9590001));
#4537 = CARTESIAN_POINT('',(0.48753909577,0.239751013138,0.9590001));
#4538 = ORIENTED_EDGE('',*,*,#4539,.T.);
#4539 = EDGE_CURVE('',#4533,#245,#4540,.T.);
#4540 = B_SPLINE_CURVE_WITH_KNOTS('',1,(#4541,#4542),.UNSPECIFIED.,.F.,
  .F.,(2,2),(0.,1.E-03),.PIECEWISE_BEZIER_KNOTS.);
#4541 = CARTESIAN_POINT('',(0.48753909577,0.239751013138,0.9590001));
#4542 = CARTESIAN_POINT('',(0.48753909577,0.239751013138,0.9600001));
#4543 = B_SPLINE_SURFACE_WITH_KNOTS('',1,1,(
    (#4544,#4545)
    ,(#4546,#4547
    )),.UNSPECIFIED.,.F.,.F.,.F.,(2,2),(2,2),(-1.E-03,0.),(0.,0.5),
  .PIECEWISE_BEZIER_KNOTS.);
#4544 = CARTESIAN_POINT('',(0.48753909577,-0.260248986862,0.9600001));
#4545 = CARTESIAN_POINT('',(0.48753909577,0.239751013138,0.9600001));
#4546 = CARTESIAN_POINT('',(0.48753909577,-0.260248986862,0.9590001));
#4547 = CARTESIAN_POINT('',(0.48753909577,0.239751013138,0.9590001));
#4548 = ADVANCED_FACE('',(#4549),#4565,.T.);
#4549 = FACE_BOUND('',#4550,.T.);
#4550 = EDGE_LOOP('',(#4551,#4552,#4553,#4560));
#4551 = ORIENTED_EDGE('',*,*,#251,.F.);
#4552 = ORIENTED_EDGE('',*,*,#4539,.F.);
#4553 = ORIENTED_EDGE('',*,*,#4554,.T.);
#4554 = EDGE_CURVE('',#4533,#4555,#4557,.T.);
#4555 = VERTEX_POINT('',#4556);
#4556 = CARTESIAN_POINT('',(0.63197507138,0.239751013138,0.9590001));
#4557 = B_SPLINE_CURVE_WITH_KNOTS('',1,(#4558,#4559),.UNSPECIFIED.,.F.,
  .F.,(2,2),(0.,0.14443597561),.PIECEWISE_BEZIER_KNOTS.);
#4558 = CARTESIAN_POINT('',(0.48753909577,0.239751013138,0.9590001));
#4559 = CARTESIAN_POINT('',(0.63197507138,0.239751013138,0.9590001));
#4560 = ORIENTED_EDGE('',*,*,#4561,.T.);
#4561 = EDGE_CURVE('',#4555,#252,#4562,.T.);
#4562 = B_SPLINE_CURVE_WITH_KNOTS('',1,(#4563,#4564),.UNSPECIFIED.,.F.,
  .F.,(2,2),(0.,1.E-03),.PIECEWISE_BEZIER_KNOTS.);
#4563 = CARTESIAN_POINT('',(0.63197507138,0.239751013138,0.9590001));
#4564 = CARTESIAN_POINT('',(0.63197507138,0.239751013138,0.9600001));
#4565 = B_SPLINE_SURFACE_WITH_KNOTS('',1,1,(
    (#4566,#4567)
    ,(#4568,#4569
    )),.UNSPECIFIED.,.F.,.F.,.F.,(2,2),(2,2),(-1.E-03,0.),(0.,
    0.14443597561),.PIECEWISE_BEZIER_KNOTS.);
#4566 = CARTESIAN_POINT('',(0.48753909577,0.239751013138,0.9600001));
#4567 = CARTESIAN_POINT('',(0.63197507138,0.239751013138,0.9600001));
#4568 = CARTESIAN_POINT('',(0.48753909577,0.239751013138,0.9590001));
#4569 = CARTESIAN_POINT('',(0.63197507138,0.239751013138,0.9590001));
#4570 = ADVANCED_FACE('',(#4571),#4604,.T.);
#4571 = FACE_BOUND('',#4572,.T.);
#4572 = EDGE_LOOP('',(#4573,#4574,#4575,#4599));
#4573 = ORIENTED_EDGE('',*,*,#258,.F.);
#4574 = ORIENTED_EDGE('',*,*,#4561,.F.);
#4575 = ORIENTED_EDGE('',*,*,#4576,.T.);
#4576 = EDGE_CURVE('',#4555,#4577,#4579,.T.);
#4577 = VERTEX_POINT('',#4578);
#4578 = CARTESIAN_POINT('',(0.774124461624,0.124850098504,0.9590001));
#4579 = B_SPLINE_CURVE_WITH_KNOTS('',3,(#4580,#4581,#4582,#4583,#4584,
    #4585,#4586,#4587,#4588,#4589,#4590,#4591,#4592,#4593,#4594,#4595,
    #4596,#4597,#4598),.UNSPECIFIED.,.F.,.F.,(4,1,1,1,1,1,1,1,1,1,1,1,1,
    1,1,1,4),(0.,7.651635856155E-02,0.149666355681,0.219696649228,
    0.286700940848,0.351212249317,0.414049932447,0.475341941725,
    0.536070496269,0.595468362078,0.652902177123,0.709482337552,
    0.765268988499,0.821647531418,0.87876624772,0.938288775742,1.),
  .UNSPECIFIED.);
#4580 = CARTESIAN_POINT('',(0.63197507138,0.239751013138,0.9590001));
#4581 = CARTESIAN_POINT('',(0.63721981282,0.239676033652,0.9590001));
#4582 = CARTESIAN_POINT('',(0.647478551639,0.239529373428,0.9590001));
#4583 = CARTESIAN_POINT('',(0.662459105743,0.237902000208,0.9590001));
#4584 = CARTESIAN_POINT('',(0.676687542249,0.235621595342,0.9590001));
#4585 = CARTESIAN_POINT('',(0.690088583993,0.232193859857,0.9590001));
#4586 = CARTESIAN_POINT('',(0.702632082307,0.227676074247,0.9590001));
#4587 = CARTESIAN_POINT('',(0.714394593961,0.22227192543,0.9590001));
#4588 = CARTESIAN_POINT('',(0.725319452008,0.215827429546,0.9590001));
#4589 = CARTESIAN_POINT('',(0.735427885608,0.208553000282,0.9590001));
#4590 = CARTESIAN_POINT('',(0.744429251486,0.200339141381,0.9590001));
#4591 = CARTESIAN_POINT('',(0.752473988097,0.191562520658,0.9590001));
#4592 = CARTESIAN_POINT('',(0.759136533078,0.181984482627,0.9590001));
#4593 = CARTESIAN_POINT('',(0.764621434874,0.17178163375,0.9590001));
#4594 = CARTESIAN_POINT('',(0.768929707313,0.160982944931,0.9590001));
#4595 = CARTESIAN_POINT('',(0.771992114779,0.14950687631,0.9590001));
#4596 = CARTESIAN_POINT('',(0.773829214668,0.137390951249,0.9590001));
#4597 = CARTESIAN_POINT('',(0.774024868558,0.12908039436,0.9590001));
#4598 = CARTESIAN_POINT('',(0.774124461624,0.124850098504,0.9590001));
#4599 = ORIENTED_EDGE('',*,*,#4600,.T.);
#4600 = EDGE_CURVE('',#4577,#259,#4601,.T.);
#4601 = B_SPLINE_CURVE_WITH_KNOTS('',1,(#4602,#4603),.UNSPECIFIED.,.F.,
  .F.,(2,2),(0.,1.E-03),.PIECEWISE_BEZIER_KNOTS.);
#4602 = CARTESIAN_POINT('',(0.774124461624,0.124850098504,0.9590001));
#4603 = CARTESIAN_POINT('',(0.774124461624,0.124850098504,0.9600001));
#4604 = B_SPLINE_SURFACE_WITH_KNOTS('',3,1,(
    (#4605,#4606)
    ,(#4607,#4608)
    ,(#4609,#4610)
    ,(#4611,#4612)
    ,(#4613,#4614)
    ,(#4615,#4616)
    ,(#4617,#4618)
    ,(#4619,#4620)
    ,(#4621,#4622)
    ,(#4623,#4624)
    ,(#4625,#4626)
    ,(#4627,#4628)
    ,(#4629,#4630)
    ,(#4631,#4632)
    ,(#4633,#4634)
    ,(#4635,#4636)
    ,(#4637,#4638)
    ,(#4639,#4640)
    ,(#4641,#4642
    )),.UNSPECIFIED.,.F.,.F.,.F.,(4,1,1,1,1,1,1,1,1,1,1,1,1,1,1,1,4),(2,
    2),(0.,7.651635856155E-02,0.149666355681,0.219696649228,
    0.286700940848,0.351212249317,0.414049932447,0.475341941725,
    0.536070496269,0.595468362078,0.652902177123,0.709482337552,
    0.765268988499,0.821647531418,0.87876624772,0.938288775742,1.),(0.,
    1.),.UNSPECIFIED.);
#4605 = CARTESIAN_POINT('',(0.63197507138,0.239751013138,0.9590001));
#4606 = CARTESIAN_POINT('',(0.63197507138,0.239751013138,0.9600001));
#4607 = CARTESIAN_POINT('',(0.63721981282,0.239676033652,0.9590001));
#4608 = CARTESIAN_POINT('',(0.63721981282,0.239676033652,0.9600001));
#4609 = CARTESIAN_POINT('',(0.647478551639,0.239529373428,0.9590001));
#4610 = CARTESIAN_POINT('',(0.647478551639,0.239529373428,0.9600001));
#4611 = CARTESIAN_POINT('',(0.662459105743,0.237902000208,0.9590001));
#4612 = CARTESIAN_POINT('',(0.662459105743,0.237902000208,0.9600001));
#4613 = CARTESIAN_POINT('',(0.676687542249,0.235621595342,0.9590001));
#4614 = CARTESIAN_POINT('',(0.676687542249,0.235621595342,0.9600001));
#4615 = CARTESIAN_POINT('',(0.690088583993,0.232193859857,0.9590001));
#4616 = CARTESIAN_POINT('',(0.690088583993,0.232193859857,0.9600001));
#4617 = CARTESIAN_POINT('',(0.702632082307,0.227676074247,0.9590001));
#4618 = CARTESIAN_POINT('',(0.702632082307,0.227676074247,0.9600001));
#4619 = CARTESIAN_POINT('',(0.714394593961,0.22227192543,0.9590001));
#4620 = CARTESIAN_POINT('',(0.714394593961,0.22227192543,0.9600001));
#4621 = CARTESIAN_POINT('',(0.725319452008,0.215827429546,0.9590001));
#4622 = CARTESIAN_POINT('',(0.725319452008,0.215827429546,0.9600001));
#4623 = CARTESIAN_POINT('',(0.735427885608,0.208553000282,0.9590001));
#4624 = CARTESIAN_POINT('',(0.735427885608,0.208553000282,0.9600001));
#4625 = CARTESIAN_POINT('',(0.744429251486,0.200339141381,0.9590001));
#4626 = CARTESIAN_POINT('',(0.744429251486,0.200339141381,0.9600001));
#4627 = CARTESIAN_POINT('',(0.752473988097,0.191562520658,0.9590001));
#4628 = CARTESIAN_POINT('',(0.752473988097,0.191562520658,0.9600001));
#4629 = CARTESIAN_POINT('',(0.759136533078,0.181984482627,0.9590001));
#4630 = CARTESIAN_POINT('',(0.759136533078,0.181984482627,0.9600001));
#4631 = CARTESIAN_POINT('',(0.764621434874,0.17178163375,0.9590001));
#4632 = CARTESIAN_POINT('',(0.764621434874,0.17178163375,0.9600001));
#4633 = CARTESIAN_POINT('',(0.768929707313,0.160982944931,0.9590001));
#4634 = CARTESIAN_POINT('',(0.768929707313,0.160982944931,0.9600001));
#4635 = CARTESIAN_POINT('',(0.771992114779,0.14950687631,0.9590001));
#4636 = CARTESIAN_POINT('',(0.771992114779,0.14950687631,0.9600001));
#4637 = CARTESIAN_POINT('',(0.773829214668,0.137390951249,0.9590001));
#4638 = CARTESIAN_POINT('',(0.773829214668,0.137390951249,0.9600001));
#4639 = CARTESIAN_POINT('',(0.774024868558,0.12908039436,0.9590001));
#4640 = CARTESIAN_POINT('',(0.774024868558,0.12908039436,0.9600001));
#4641 = CARTESIAN_POINT('',(0.774124461624,0.124850098504,0.9590001));
#4642 = CARTESIAN_POINT('',(0.774124461624,0.124850098504,0.9600001));
#4643 = ADVANCED_FACE('',(#4644),#4677,.T.);
#4644 = FACE_BOUND('',#4645,.T.);
#4645 = EDGE_LOOP('',(#4646,#4647,#4648,#4672));
#4646 = ORIENTED_EDGE('',*,*,#282,.F.);
#4647 = ORIENTED_EDGE('',*,*,#4600,.F.);
#4648 = ORIENTED_EDGE('',*,*,#4649,.T.);
#4649 = EDGE_CURVE('',#4577,#4650,#4652,.T.);
#4650 = VERTEX_POINT('',#4651);
#4651 = CARTESIAN_POINT('',(0.687424766502,7.090952162224E-03,0.9590001)
  );
#4652 = B_SPLINE_CURVE_WITH_KNOTS('',3,(#4653,#4654,#4655,#4656,#4657,
    #4658,#4659,#4660,#4661,#4662,#4663,#4664,#4665,#4666,#4667,#4668,
    #4669,#4670,#4671),.UNSPECIFIED.,.F.,.F.,(4,1,1,1,1,1,1,1,1,1,1,1,1,
    1,1,1,4),(0.,6.501921564855E-02,0.127919782256,0.190325987944,
    0.251466748957,0.31216566133,0.373025341698,0.433657394987,
    0.495803080273,0.557636481179,0.619075044025,0.680549606032,
    0.742490253234,0.804807767505,0.868102790492,0.933334325903,1.),
  .UNSPECIFIED.);
#4653 = CARTESIAN_POINT('',(0.774124461624,0.124850098504,0.9590001));
#4654 = CARTESIAN_POINT('',(0.774046150862,0.121449266615,0.9590001));
#4655 = CARTESIAN_POINT('',(0.773892081093,0.114758418836,0.9590001));
#4656 = CARTESIAN_POINT('',(0.772821071686,0.104850267996,0.9590001));
#4657 = CARTESIAN_POINT('',(0.77104589914,9.524998731551E-02,0.9590001)
  );
#4658 = CARTESIAN_POINT('',(0.768422449702,8.59672567273E-02,0.9590001)
  );
#4659 = CARTESIAN_POINT('',(0.765205093872,7.695985518901E-02,0.9590001)
  );
#4660 = CARTESIAN_POINT('',(0.76118802788,6.830557615235E-02,0.9590001)
  );
#4661 = CARTESIAN_POINT('',(0.756469618158,5.992965647497E-02,0.9590001)
  );
#4662 = CARTESIAN_POINT('',(0.751078283257,5.190896467101E-02,0.9590001)
  );
#4663 = CARTESIAN_POINT('',(0.745089730578,4.426865443279E-02,0.9590001)
  );
#4664 = CARTESIAN_POINT('',(0.738488600649,3.719717423248E-02,0.9590001)
  );
#4665 = CARTESIAN_POINT('',(0.731321909713,3.068969885204E-02,0.9590001)
  );
#4666 = CARTESIAN_POINT('',(0.723581352079,2.480737816712E-02,0.9590001)
  );
#4667 = CARTESIAN_POINT('',(0.715380433361,1.940163405382E-02,0.9590001)
  );
#4668 = CARTESIAN_POINT('',(0.706523184933,1.477814418854E-02,0.9590001)
  );
#4669 = CARTESIAN_POINT('',(0.697225291767,1.054021407242E-02,0.9590001)
  );
#4670 = CARTESIAN_POINT('',(0.690715203322,8.24901033606E-03,0.9590001)
  );
#4671 = CARTESIAN_POINT('',(0.687424766502,7.090952162224E-03,0.9590001)
  );
#4672 = ORIENTED_EDGE('',*,*,#4673,.T.);
#4673 = EDGE_CURVE('',#4650,#283,#4674,.T.);
#4674 = B_SPLINE_CURVE_WITH_KNOTS('',1,(#4675,#4676),.UNSPECIFIED.,.F.,
  .F.,(2,2),(0.,1.E-03),.PIECEWISE_BEZIER_KNOTS.);
#4675 = CARTESIAN_POINT('',(0.687424766502,7.090952162224E-03,0.9590001)
  );
#4676 = CARTESIAN_POINT('',(0.687424766502,7.090952162224E-03,0.9600001)
  );
#4677 = B_SPLINE_SURFACE_WITH_KNOTS('',3,1,(
    (#4678,#4679)
    ,(#4680,#4681)
    ,(#4682,#4683)
    ,(#4684,#4685)
    ,(#4686,#4687)
    ,(#4688,#4689)
    ,(#4690,#4691)
    ,(#4692,#4693)
    ,(#4694,#4695)
    ,(#4696,#4697)
    ,(#4698,#4699)
    ,(#4700,#4701)
    ,(#4702,#4703)
    ,(#4704,#4705)
    ,(#4706,#4707)
    ,(#4708,#4709)
    ,(#4710,#4711)
    ,(#4712,#4713)
    ,(#4714,#4715
    )),.UNSPECIFIED.,.F.,.F.,.F.,(4,1,1,1,1,1,1,1,1,1,1,1,1,1,1,1,4),(2,
    2),(0.,6.501921564855E-02,0.127919782256,0.190325987944,
    0.251466748957,0.31216566133,0.373025341698,0.433657394987,
    0.495803080273,0.557636481179,0.619075044025,0.680549606032,
    0.742490253234,0.804807767505,0.868102790492,0.933334325903,1.),(0.,
    1.),.UNSPECIFIED.);
#4678 = CARTESIAN_POINT('',(0.774124461624,0.124850098504,0.9590001));
#4679 = CARTESIAN_POINT('',(0.774124461624,0.124850098504,0.9600001));
#4680 = CARTESIAN_POINT('',(0.774046150862,0.121449266615,0.9590001));
#4681 = CARTESIAN_POINT('',(0.774046150862,0.121449266615,0.9600001));
#4682 = CARTESIAN_POINT('',(0.773892081093,0.114758418836,0.9590001));
#4683 = CARTESIAN_POINT('',(0.773892081093,0.114758418836,0.9600001));
#4684 = CARTESIAN_POINT('',(0.772821071686,0.104850267996,0.9590001));
#4685 = CARTESIAN_POINT('',(0.772821071686,0.104850267996,0.9600001));
#4686 = CARTESIAN_POINT('',(0.77104589914,9.524998731551E-02,0.9590001)
  );
#4687 = CARTESIAN_POINT('',(0.77104589914,9.524998731551E-02,0.9600001)
  );
#4688 = CARTESIAN_POINT('',(0.768422449702,8.59672567273E-02,0.9590001)
  );
#4689 = CARTESIAN_POINT('',(0.768422449702,8.59672567273E-02,0.9600001)
  );
#4690 = CARTESIAN_POINT('',(0.765205093872,7.695985518901E-02,0.9590001)
  );
#4691 = CARTESIAN_POINT('',(0.765205093872,7.695985518901E-02,0.9600001)
  );
#4692 = CARTESIAN_POINT('',(0.76118802788,6.830557615235E-02,0.9590001)
  );
#4693 = CARTESIAN_POINT('',(0.76118802788,6.830557615235E-02,0.9600001)
  );
#4694 = CARTESIAN_POINT('',(0.756469618158,5.992965647497E-02,0.9590001)
  );
#4695 = CARTESIAN_POINT('',(0.756469618158,5.992965647497E-02,0.9600001)
  );
#4696 = CARTESIAN_POINT('',(0.751078283257,5.190896467101E-02,0.9590001)
  );
#4697 = CARTESIAN_POINT('',(0.751078283257,5.190896467101E-02,0.9600001)
  );
#4698 = CARTESIAN_POINT('',(0.745089730578,4.426865443279E-02,0.9590001)
  );
#4699 = CARTESIAN_POINT('',(0.745089730578,4.426865443279E-02,0.9600001)
  );
#4700 = CARTESIAN_POINT('',(0.738488600649,3.719717423248E-02,0.9590001)
  );
#4701 = CARTESIAN_POINT('',(0.738488600649,3.719717423248E-02,0.9600001)
  );
#4702 = CARTESIAN_POINT('',(0.731321909713,3.068969885204E-02,0.9590001)
  );
#4703 = CARTESIAN_POINT('',(0.731321909713,3.068969885204E-02,0.9600001)
  );
#4704 = CARTESIAN_POINT('',(0.723581352079,2.480737816712E-02,0.9590001)
  );
#4705 = CARTESIAN_POINT('',(0.723581352079,2.480737816712E-02,0.9600001)
  );
#4706 = CARTESIAN_POINT('',(0.715380433361,1.940163405382E-02,0.9590001)
  );
#4707 = CARTESIAN_POINT('',(0.715380433361,1.940163405382E-02,0.9600001)
  );
#4708 = CARTESIAN_POINT('',(0.706523184933,1.477814418854E-02,0.9590001)
  );
#4709 = CARTESIAN_POINT('',(0.706523184933,1.477814418854E-02,0.9600001)
  );
#4710 = CARTESIAN_POINT('',(0.697225291767,1.054021407242E-02,0.9590001)
  );
#4711 = CARTESIAN_POINT('',(0.697225291767,1.054021407242E-02,0.9600001)
  );
#4712 = CARTESIAN_POINT('',(0.690715203322,8.24901033606E-03,0.9590001)
  );
#4713 = CARTESIAN_POINT('',(0.690715203322,8.24901033606E-03,0.9600001)
  );
#4714 = CARTESIAN_POINT('',(0.687424766502,7.090952162224E-03,0.9590001)
  );
#4715 = CARTESIAN_POINT('',(0.687424766502,7.090952162224E-03,0.9600001)
  );
#4716 = ADVANCED_FACE('',(#4717),#4733,.T.);
#4717 = FACE_BOUND('',#4718,.T.);
#4718 = EDGE_LOOP('',(#4719,#4720,#4721,#4728));
#4719 = ORIENTED_EDGE('',*,*,#306,.F.);
#4720 = ORIENTED_EDGE('',*,*,#4673,.F.);
#4721 = ORIENTED_EDGE('',*,*,#4722,.T.);
#4722 = EDGE_CURVE('',#4650,#4723,#4725,.T.);
#4723 = VERTEX_POINT('',#4724);
#4724 = CARTESIAN_POINT('',(0.687424766502,5.75711069881E-03,0.9590001)
  );
#4725 = B_SPLINE_CURVE_WITH_KNOTS('',1,(#4726,#4727),.UNSPECIFIED.,.F.,
  .F.,(2,2),(0.,1.333841463415E-03),.PIECEWISE_BEZIER_KNOTS.);
#4726 = CARTESIAN_POINT('',(0.687424766502,7.090952162224E-03,0.9590001)
  );
#4727 = CARTESIAN_POINT('',(0.687424766502,5.75711069881E-03,0.9590001)
  );
#4728 = ORIENTED_EDGE('',*,*,#4729,.T.);
#4729 = EDGE_CURVE('',#4723,#307,#4730,.T.);
#4730 = B_SPLINE_CURVE_WITH_KNOTS('',1,(#4731,#4732),.UNSPECIFIED.,.F.,
  .F.,(2,2),(0.,1.E-03),.PIECEWISE_BEZIER_KNOTS.);
#4731 = CARTESIAN_POINT('',(0.687424766502,5.75711069881E-03,0.9590001)
  );
#4732 = CARTESIAN_POINT('',(0.687424766502,5.75711069881E-03,0.9600001)
  );
#4733 = B_SPLINE_SURFACE_WITH_KNOTS('',1,1,(
    (#4734,#4735)
    ,(#4736,#4737)),.UNSPECIFIED.,.F.,.F.,.F.,(2,2),(2,2),(0.,1.E-03),(
    -1.333841463415E-03,0.),.PIECEWISE_BEZIER_KNOTS.);
#4734 = CARTESIAN_POINT('',(0.687424766502,5.75711069881E-03,0.9590001)
  );
#4735 = CARTESIAN_POINT('',(0.687424766502,7.090952162224E-03,0.9590001)
  );
#4736 = CARTESIAN_POINT('',(0.687424766502,5.75711069881E-03,0.9600001)
  );
#4737 = CARTESIAN_POINT('',(0.687424766502,7.090952162224E-03,0.9600001)
  );
#4738 = ADVANCED_FACE('',(#4739),#4772,.T.);
#4739 = FACE_BOUND('',#4740,.T.);
#4740 = EDGE_LOOP('',(#4741,#4742,#4743,#4767));
#4741 = ORIENTED_EDGE('',*,*,#313,.F.);
#4742 = ORIENTED_EDGE('',*,*,#4729,.F.);
#4743 = ORIENTED_EDGE('',*,*,#4744,.T.);
#4744 = EDGE_CURVE('',#4723,#4745,#4747,.T.);
#4745 = VERTEX_POINT('',#4746);
#4746 = CARTESIAN_POINT('',(0.798514705526,-0.115908285643,0.9590001));
#4747 = B_SPLINE_CURVE_WITH_KNOTS('',3,(#4748,#4749,#4750,#4751,#4752,
    #4753,#4754,#4755,#4756,#4757,#4758,#4759,#4760,#4761,#4762,#4763,
    #4764,#4765,#4766),.UNSPECIFIED.,.F.,.F.,(4,1,1,1,1,1,1,1,1,1,1,1,1,
    1,1,1,4),(0.,6.829417104712E-02,0.134289337884,0.198149384897,
    0.260526431351,0.32115229475,0.381513479335,0.441403520605,
    0.502443309363,0.563332701061,0.62282612277,0.682533083623,
    0.742778531484,0.804013060707,0.867116447931,0.932461441287,1.),
  .UNSPECIFIED.);
#4748 = CARTESIAN_POINT('',(0.687424766502,5.75711069881E-03,0.9590001)
  );
#4749 = CARTESIAN_POINT('',(0.69153037673,5.176737668811E-03,0.9590001)
  );
#4750 = CARTESIAN_POINT('',(0.699603388974,4.035528855094E-03,0.9590001)
  );
#4751 = CARTESIAN_POINT('',(0.711364635331,1.413880796264E-03,0.9590001)
  );
#4752 = CARTESIAN_POINT('',(0.722445378626,-2.285457826827E-03,0.9590001
    ));
#4753 = CARTESIAN_POINT('',(0.732955631857,-6.58998946673E-03,0.9590001)
  );
#4754 = CARTESIAN_POINT('',(0.74275780061,-1.190821835438E-02,0.9590001)
  );
#4755 = CARTESIAN_POINT('',(0.751902852086,-1.80075501313E-02,0.9590001)
  );
#4756 = CARTESIAN_POINT('',(0.760491917736,-2.491857334903E-02,0.9590001
    ));
#4757 = CARTESIAN_POINT('',(0.768322766687,-3.271881232608E-02,0.9590001
    ));
#4758 = CARTESIAN_POINT('',(0.775472798796,-4.111802489146E-02,0.9590001
    ));
#4759 = CARTESIAN_POINT('',(0.781606713401,-5.019105908301E-02,0.9590001
    ));
#4760 = CARTESIAN_POINT('',(0.786879581728,-5.973886344452E-02,0.9590001
    ));
#4761 = CARTESIAN_POINT('',(0.791209396272,-6.98759202686E-02,0.9590001)
  );
#4762 = CARTESIAN_POINT('',(0.794398787039,-8.06365244394E-02,0.9590001)
  );
#4763 = CARTESIAN_POINT('',(0.796801141766,-9.190770802196E-02,0.9590001
    ));
#4764 = CARTESIAN_POINT('',(0.798249486349,-0.103739070052,0.9590001));
#4765 = CARTESIAN_POINT('',(0.79842533155,-0.111807484197,0.9590001));
#4766 = CARTESIAN_POINT('',(0.798514705526,-0.115908285643,0.9590001));
#4767 = ORIENTED_EDGE('',*,*,#4768,.T.);
#4768 = EDGE_CURVE('',#4745,#212,#4769,.T.);
#4769 = B_SPLINE_CURVE_WITH_KNOTS('',1,(#4770,#4771),.UNSPECIFIED.,.F.,
  .F.,(2,2),(0.,1.E-03),.PIECEWISE_BEZIER_KNOTS.);
#4770 = CARTESIAN_POINT('',(0.798514705526,-0.115908285643,0.9590001));
#4771 = CARTESIAN_POINT('',(0.798514705526,-0.115908285643,0.9600001));
#4772 = B_SPLINE_SURFACE_WITH_KNOTS('',3,1,(
    (#4773,#4774)
    ,(#4775,#4776)
    ,(#4777,#4778)
    ,(#4779,#4780)
    ,(#4781,#4782)
    ,(#4783,#4784)
    ,(#4785,#4786)
    ,(#4787,#4788)
    ,(#4789,#4790)
    ,(#4791,#4792)
    ,(#4793,#4794)
    ,(#4795,#4796)
    ,(#4797,#4798)
    ,(#4799,#4800)
    ,(#4801,#4802)
    ,(#4803,#4804)
    ,(#4805,#4806)
    ,(#4807,#4808)
    ,(#4809,#4810
    )),.UNSPECIFIED.,.F.,.F.,.F.,(4,1,1,1,1,1,1,1,1,1,1,1,1,1,1,1,4),(2,
    2),(0.,6.829417104712E-02,0.134289337884,0.198149384897,
    0.260526431351,0.32115229475,0.381513479335,0.441403520605,
    0.502443309363,0.563332701061,0.62282612277,0.682533083623,
    0.742778531484,0.804013060707,0.867116447931,0.932461441287,1.),(0.,
    1.),.UNSPECIFIED.);
#4773 = CARTESIAN_POINT('',(0.687424766502,5.75711069881E-03,0.9590001)
  );
#4774 = CARTESIAN_POINT('',(0.687424766502,5.75711069881E-03,0.9600001)
  );
#4775 = CARTESIAN_POINT('',(0.69153037673,5.176737668811E-03,0.9590001)
  );
#4776 = CARTESIAN_POINT('',(0.69153037673,5.176737668811E-03,0.9600001)
  );
#4777 = CARTESIAN_POINT('',(0.699603388974,4.035528855094E-03,0.9590001)
  );
#4778 = CARTESIAN_POINT('',(0.699603388974,4.035528855094E-03,0.9600001)
  );
#4779 = CARTESIAN_POINT('',(0.711364635331,1.413880796264E-03,0.9590001)
  );
#4780 = CARTESIAN_POINT('',(0.711364635331,1.413880796264E-03,0.9600001)
  );
#4781 = CARTESIAN_POINT('',(0.722445378626,-2.285457826827E-03,0.9590001
    ));
#4782 = CARTESIAN_POINT('',(0.722445378626,-2.285457826827E-03,0.9600001
    ));
#4783 = CARTESIAN_POINT('',(0.732955631857,-6.58998946673E-03,0.9590001)
  );
#4784 = CARTESIAN_POINT('',(0.732955631857,-6.58998946673E-03,0.9600001)
  );
#4785 = CARTESIAN_POINT('',(0.74275780061,-1.190821835438E-02,0.9590001)
  );
#4786 = CARTESIAN_POINT('',(0.74275780061,-1.190821835438E-02,0.9600001)
  );
#4787 = CARTESIAN_POINT('',(0.751902852086,-1.80075501313E-02,0.9590001)
  );
#4788 = CARTESIAN_POINT('',(0.751902852086,-1.80075501313E-02,0.9600001)
  );
#4789 = CARTESIAN_POINT('',(0.760491917736,-2.491857334903E-02,0.9590001
    ));
#4790 = CARTESIAN_POINT('',(0.760491917736,-2.491857334903E-02,0.9600001
    ));
#4791 = CARTESIAN_POINT('',(0.768322766687,-3.271881232608E-02,0.9590001
    ));
#4792 = CARTESIAN_POINT('',(0.768322766687,-3.271881232608E-02,0.9600001
    ));
#4793 = CARTESIAN_POINT('',(0.775472798796,-4.111802489146E-02,0.9590001
    ));
#4794 = CARTESIAN_POINT('',(0.775472798796,-4.111802489146E-02,0.9600001
    ));
#4795 = CARTESIAN_POINT('',(0.781606713401,-5.019105908301E-02,0.9590001
    ));
#4796 = CARTESIAN_POINT('',(0.781606713401,-5.019105908301E-02,0.9600001
    ));
#4797 = CARTESIAN_POINT('',(0.786879581728,-5.973886344452E-02,0.9590001
    ));
#4798 = CARTESIAN_POINT('',(0.786879581728,-5.973886344452E-02,0.9600001
    ));
#4799 = CARTESIAN_POINT('',(0.791209396272,-6.98759202686E-02,0.9590001)
  );
#4800 = CARTESIAN_POINT('',(0.791209396272,-6.98759202686E-02,0.9600001)
  );
#4801 = CARTESIAN_POINT('',(0.794398787039,-8.06365244394E-02,0.9590001)
  );
#4802 = CARTESIAN_POINT('',(0.794398787039,-8.06365244394E-02,0.9600001)
  );
#4803 = CARTESIAN_POINT('',(0.796801141766,-9.190770802196E-02,0.9590001
    ));
#4804 = CARTESIAN_POINT('',(0.796801141766,-9.190770802196E-02,0.9600001
    ));
#4805 = CARTESIAN_POINT('',(0.798249486349,-0.103739070052,0.9590001));
#4806 = CARTESIAN_POINT('',(0.798249486349,-0.103739070052,0.9600001));
#4807 = CARTESIAN_POINT('',(0.79842533155,-0.111807484197,0.9590001));
#4808 = CARTESIAN_POINT('',(0.79842533155,-0.111807484197,0.9600001));
#4809 = CARTESIAN_POINT('',(0.798514705526,-0.115908285643,0.9590001));
#4810 = CARTESIAN_POINT('',(0.798514705526,-0.115908285643,0.9600001));
#4811 = ADVANCED_FACE('',(#4812),#4839,.T.);
#4812 = FACE_BOUND('',#4813,.T.);
#4813 = EDGE_LOOP('',(#4814,#4815,#4816,#4838));
#4814 = ORIENTED_EDGE('',*,*,#211,.F.);
#4815 = ORIENTED_EDGE('',*,*,#4768,.F.);
#4816 = ORIENTED_EDGE('',*,*,#4817,.T.);
#4817 = EDGE_CURVE('',#4745,#4504,#4818,.T.);
#4818 = B_SPLINE_CURVE_WITH_KNOTS('',3,(#4819,#4820,#4821,#4822,#4823,
    #4824,#4825,#4826,#4827,#4828,#4829,#4830,#4831,#4832,#4833,#4834,
    #4835,#4836,#4837),.UNSPECIFIED.,.F.,.F.,(4,1,1,1,1,1,1,1,1,1,1,1,1,
    1,1,1,4),(0.,6.449668784333E-02,0.126852001394,0.18680940055,
    0.24563688021,0.303796851569,0.362180609069,0.421784650477,
    0.482819837631,0.544544569413,0.605858992573,0.667688651228,
    0.730131957896,0.794023977798,0.860121839139,0.928479329941,1.),
  .UNSPECIFIED.);
#4819 = CARTESIAN_POINT('',(0.798514705526,-0.115908285643,0.9590001));
#4820 = CARTESIAN_POINT('',(0.798409375597,-0.1211573042,0.9590001));
#4821 = CARTESIAN_POINT('',(0.798202212831,-0.131481067042,0.9590001));
#4822 = CARTESIAN_POINT('',(0.795897994736,-0.14653185737,0.9590001));
#4823 = CARTESIAN_POINT('',(0.7924560019,-0.160880083333,0.9590001));
#4824 = CARTESIAN_POINT('',(0.787320939262,-0.174359338608,0.9590001));
#4825 = CARTESIAN_POINT('',(0.780928548862,-0.187133578957,0.9590001));
#4826 = CARTESIAN_POINT('',(0.773061538224,-0.199149333282,0.9590001));
#4827 = CARTESIAN_POINT('',(0.763639983,-0.210284146045,0.9590001));
#4828 = CARTESIAN_POINT('',(0.753012785112,-0.220662261995,0.9590001));
#4829 = CARTESIAN_POINT('',(0.741226244462,-0.229932259481,0.9590001));
#4830 = CARTESIAN_POINT('',(0.728578536152,-0.238097537281,0.9590001));
#4831 = CARTESIAN_POINT('',(0.715117181831,-0.244985881195,0.9590001));
#4832 = CARTESIAN_POINT('',(0.700812215515,-0.250478362959,0.9590001));
#4833 = CARTESIAN_POINT('',(0.685784375224,-0.254905183124,0.9590001));
#4834 = CARTESIAN_POINT('',(0.669939325481,-0.258036588489,0.9590001));
#4835 = CARTESIAN_POINT('',(0.653262934793,-0.259836410232,0.9590001));
#4836 = CARTESIAN_POINT('',(0.641887968841,-0.260109403512,0.9590001));
#4837 = CARTESIAN_POINT('',(0.63607187016,-0.260248986862,0.9590001));
#4838 = ORIENTED_EDGE('',*,*,#4503,.T.);
#4839 = B_SPLINE_SURFACE_WITH_KNOTS('',3,1,(
    (#4840,#4841)
    ,(#4842,#4843)
    ,(#4844,#4845)
    ,(#4846,#4847)
    ,(#4848,#4849)
    ,(#4850,#4851)
    ,(#4852,#4853)
    ,(#4854,#4855)
    ,(#4856,#4857)
    ,(#4858,#4859)
    ,(#4860,#4861)
    ,(#4862,#4863)
    ,(#4864,#4865)
    ,(#4866,#4867)
    ,(#4868,#4869)
    ,(#4870,#4871)
    ,(#4872,#4873)
    ,(#4874,#4875)
    ,(#4876,#4877
    )),.UNSPECIFIED.,.F.,.F.,.F.,(4,1,1,1,1,1,1,1,1,1,1,1,1,1,1,1,4),(2,
    2),(0.,6.449668784333E-02,0.126852001394,0.18680940055,0.24563688021
    ,0.303796851569,0.362180609069,0.421784650477,0.482819837631,
    0.544544569413,0.605858992573,0.667688651228,0.730131957896,
    0.794023977798,0.860121839139,0.928479329941,1.),(0.,1.),
  .UNSPECIFIED.);
#4840 = CARTESIAN_POINT('',(0.798514705526,-0.115908285643,0.9590001));
#4841 = CARTESIAN_POINT('',(0.798514705526,-0.115908285643,0.9600001));
#4842 = CARTESIAN_POINT('',(0.798409375597,-0.1211573042,0.9590001));
#4843 = CARTESIAN_POINT('',(0.798409375597,-0.1211573042,0.9600001));
#4844 = CARTESIAN_POINT('',(0.798202212831,-0.131481067042,0.9590001));
#4845 = CARTESIAN_POINT('',(0.798202212831,-0.131481067042,0.9600001));
#4846 = CARTESIAN_POINT('',(0.795897994736,-0.14653185737,0.9590001));
#4847 = CARTESIAN_POINT('',(0.795897994736,-0.14653185737,0.9600001));
#4848 = CARTESIAN_POINT('',(0.7924560019,-0.160880083333,0.9590001));
#4849 = CARTESIAN_POINT('',(0.7924560019,-0.160880083333,0.9600001));
#4850 = CARTESIAN_POINT('',(0.787320939262,-0.174359338608,0.9590001));
#4851 = CARTESIAN_POINT('',(0.787320939262,-0.174359338608,0.9600001));
#4852 = CARTESIAN_POINT('',(0.780928548862,-0.187133578957,0.9590001));
#4853 = CARTESIAN_POINT('',(0.780928548862,-0.187133578957,0.9600001));
#4854 = CARTESIAN_POINT('',(0.773061538224,-0.199149333282,0.9590001));
#4855 = CARTESIAN_POINT('',(0.773061538224,-0.199149333282,0.9600001));
#4856 = CARTESIAN_POINT('',(0.763639983,-0.210284146045,0.9590001));
#4857 = CARTESIAN_POINT('',(0.763639983,-0.210284146045,0.9600001));
#4858 = CARTESIAN_POINT('',(0.753012785112,-0.220662261995,0.9590001));
#4859 = CARTESIAN_POINT('',(0.753012785112,-0.220662261995,0.9600001));
#4860 = CARTESIAN_POINT('',(0.741226244462,-0.229932259481,0.9590001));
#4861 = CARTESIAN_POINT('',(0.741226244462,-0.229932259481,0.9600001));
#4862 = CARTESIAN_POINT('',(0.728578536152,-0.238097537281,0.9590001));
#4863 = CARTESIAN_POINT('',(0.728578536152,-0.238097537281,0.9600001));
#4864 = CARTESIAN_POINT('',(0.715117181831,-0.244985881195,0.9590001));
#4865 = CARTESIAN_POINT('',(0.715117181831,-0.244985881195,0.9600001));
#4866 = CARTESIAN_POINT('',(0.700812215515,-0.250478362959,0.9590001));
#4867 = CARTESIAN_POINT('',(0.700812215515,-0.250478362959,0.9600001));
#4868 = CARTESIAN_POINT('',(0.685784375224,-0.254905183124,0.9590001));
#4869 = CARTESIAN_POINT('',(0.685784375224,-0.254905183124,0.9600001));
#4870 = CARTESIAN_POINT('',(0.669939325481,-0.258036588489,0.9590001));
#4871 = CARTESIAN_POINT('',(0.669939325481,-0.258036588489,0.9600001));
#4872 = CARTESIAN_POINT('',(0.653262934793,-0.259836410232,0.9590001));
#4873 = CARTESIAN_POINT('',(0.653262934793,-0.259836410232,0.9600001));
#4874 = CARTESIAN_POINT('',(0.641887968841,-0.260109403512,0.9590001));
#4875 = CARTESIAN_POINT('',(0.641887968841,-0.260109403512,0.9600001));
#4876 = CARTESIAN_POINT('',(0.63607187016,-0.260248986862,0.9590001));
#4877 = CARTESIAN_POINT('',(0.63607187016,-0.260248986862,0.9600001));
#4878 = ADVANCED_FACE('',(#4879,#4950,#5021),#5031,.T.);
#4879 = FACE_BOUND('',#4880,.T.);
#4880 = EDGE_LOOP('',(#4881,#4907,#4931,#4938,#4945));
#4881 = ORIENTED_EDGE('',*,*,#4882,.F.);
#4882 = EDGE_CURVE('',#4883,#4885,#4887,.T.);
#4883 = VERTEX_POINT('',#4884);
#4884 = CARTESIAN_POINT('',(0.731441534794,-0.115622462472,0.9590001));
#4885 = VERTEX_POINT('',#4886);
#4886 = CARTESIAN_POINT('',(0.619017754307,-2.8541669789E-02,0.9590001)
  );
#4887 = B_SPLINE_CURVE_WITH_KNOTS('',3,(#4888,#4889,#4890,#4891,#4892,
    #4893,#4894,#4895,#4896,#4897,#4898,#4899,#4900,#4901,#4902,#4903,
    #4904,#4905,#4906),.UNSPECIFIED.,.F.,.F.,(4,1,1,1,1,1,1,1,1,1,1,1,1,
    1,1,1,4),(0.,6.519299215077E-02,0.126105554306,0.184596315614,
    0.2402892593,0.294079890044,0.347294652824,0.400502946118,
    0.454539408843,0.509869568587,0.56813034063,0.629692197917,
    0.694657731979,0.763707570077,0.837224540891,0.916064892226,1.),
  .UNSPECIFIED.);
#4888 = CARTESIAN_POINT('',(0.731441534794,-0.115622462472,0.9590001));
#4889 = CARTESIAN_POINT('',(0.731340000168,-0.112093706247,0.9590001));
#4890 = CARTESIAN_POINT('',(0.731143597458,-0.105267884252,0.9590001));
#4891 = CARTESIAN_POINT('',(0.729915297303,-9.533529888234E-02,0.9590001
    ));
#4892 = CARTESIAN_POINT('',(0.72777771513,-8.607590701129E-02,0.9590001)
  );
#4893 = CARTESIAN_POINT('',(0.7245594389,-7.755290788162E-02,0.9590001)
  );
#4894 = CARTESIAN_POINT('',(0.720685550819,-6.962106223614E-02,0.9590001
    ));
#4895 = CARTESIAN_POINT('',(0.715763671964,-6.244562445889E-02,0.9590001
    ));
#4896 = CARTESIAN_POINT('',(0.710005155653,-5.591823962254E-02,0.9590001
    ));
#4897 = CARTESIAN_POINT('',(0.703398736492,-5.00686925466E-02,0.9590001)
  );
#4898 = CARTESIAN_POINT('',(0.695860470394,-4.497278919561E-02,0.9590001
    ));
#4899 = CARTESIAN_POINT('',(0.687411405087,-4.064118786467E-02,0.9590001
    ));
#4900 = CARTESIAN_POINT('',(0.678167454094,-3.678390068634E-02,0.9590001
    ));
#4901 = CARTESIAN_POINT('',(0.667996608061,-3.378621869344E-02,0.9590001
    ));
#4902 = CARTESIAN_POINT('',(0.657008528125,-3.141907321029E-02,0.9590001
    ));
#4903 = CARTESIAN_POINT('',(0.645138445727,-2.969092726921E-02,0.9590001
    ));
#4904 = CARTESIAN_POINT('',(0.632369870346,-2.879934028734E-02,0.9590001
    ));
#4905 = CARTESIAN_POINT('',(0.623560370024,-2.862933365083E-02,0.9590001
    ));
#4906 = CARTESIAN_POINT('',(0.619017754307,-2.8541669789E-02,0.9590001)
  );
#4907 = ORIENTED_EDGE('',*,*,#4908,.F.);
#4908 = EDGE_CURVE('',#4909,#4883,#4911,.T.);
#4909 = VERTEX_POINT('',#4910);
#4910 = CARTESIAN_POINT('',(0.629307388453,-0.205370938082,0.9590001));
#4911 = B_SPLINE_CURVE_WITH_KNOTS('',3,(#4912,#4913,#4914,#4915,#4916,
    #4917,#4918,#4919,#4920,#4921,#4922,#4923,#4924,#4925,#4926,#4927,
    #4928,#4929,#4930),.UNSPECIFIED.,.F.,.F.,(4,1,1,1,1,1,1,1,1,1,1,1,1,
    1,1,1,4),(0.,7.718224241162E-02,0.149766647666,0.218657503838,
    0.284370816441,0.346851686257,0.407296961065,0.466368771031,
    0.523908786456,0.58107692945,0.637749927047,0.693746853716,
    0.750901670802,0.809063829704,0.869845271995,0.933302960752,1.),
  .UNSPECIFIED.);
#4912 = CARTESIAN_POINT('',(0.629307388453,-0.205370938082,0.9590001));
#4913 = CARTESIAN_POINT('',(0.633280510116,-0.205305412223,0.9590001));
#4914 = CARTESIAN_POINT('',(0.640990069902,-0.205178263958,0.9590001));
#4915 = CARTESIAN_POINT('',(0.65219059807,-0.203978278351,0.9590001));
#4916 = CARTESIAN_POINT('',(0.662714590233,-0.202221107251,0.9590001));
#4917 = CARTESIAN_POINT('',(0.672546412736,-0.199667434594,0.9590001));
#4918 = CARTESIAN_POINT('',(0.681674499807,-0.196318078939,0.9590001));
#4919 = CARTESIAN_POINT('',(0.69011044253,-0.19221204196,0.9590001));
#4920 = CARTESIAN_POINT('',(0.697844428228,-0.187357197899,0.9590001));
#4921 = CARTESIAN_POINT('',(0.704844867991,-0.181769494224,0.9590001));
#4922 = CARTESIAN_POINT('',(0.711183747613,-0.175606238126,0.9590001));
#4923 = CARTESIAN_POINT('',(0.716582616118,-0.168707793369,0.9590001));
#4924 = CARTESIAN_POINT('',(0.721262290509,-0.161301667719,0.9590001));
#4925 = CARTESIAN_POINT('',(0.724908839734,-0.153254018639,0.9590001));
#4926 = CARTESIAN_POINT('',(0.727941901956,-0.144698806913,0.9590001));
#4927 = CARTESIAN_POINT('',(0.729987122936,-0.135519085774,0.9590001));
#4928 = CARTESIAN_POINT('',(0.731259633469,-0.125757721594,0.9590001));
#4929 = CARTESIAN_POINT('',(0.731379903243,-0.11905647673,0.9590001));
#4930 = CARTESIAN_POINT('',(0.731441534794,-0.115622462472,0.9590001));
#4931 = ORIENTED_EDGE('',*,*,#4932,.F.);
#4932 = EDGE_CURVE('',#4933,#4909,#4935,.T.);
#4933 = VERTEX_POINT('',#4934);
#4934 = CARTESIAN_POINT('',(0.554612266502,-0.205370938082,0.9590001));
#4935 = B_SPLINE_CURVE_WITH_KNOTS('',1,(#4936,#4937),.UNSPECIFIED.,.F.,
  .F.,(2,2),(0.,7.469512195122E-02),.PIECEWISE_BEZIER_KNOTS.);
#4936 = CARTESIAN_POINT('',(0.554612266502,-0.205370938082,0.9590001));
#4937 = CARTESIAN_POINT('',(0.629307388453,-0.205370938082,0.9590001));
#4938 = ORIENTED_EDGE('',*,*,#4939,.F.);
#4939 = EDGE_CURVE('',#4940,#4933,#4942,.T.);
#4940 = VERTEX_POINT('',#4941);
#4941 = CARTESIAN_POINT('',(0.554612266502,-2.8541669789E-02,0.9590001)
  );
#4942 = B_SPLINE_CURVE_WITH_KNOTS('',1,(#4943,#4944),.UNSPECIFIED.,.F.,
  .F.,(2,2),(0.,0.176829268293),.PIECEWISE_BEZIER_KNOTS.);
#4943 = CARTESIAN_POINT('',(0.554612266502,-2.8541669789E-02,0.9590001)
  );
#4944 = CARTESIAN_POINT('',(0.554612266502,-0.205370938082,0.9590001));
#4945 = ORIENTED_EDGE('',*,*,#4946,.F.);
#4946 = EDGE_CURVE('',#4885,#4940,#4947,.T.);
#4947 = B_SPLINE_CURVE_WITH_KNOTS('',1,(#4948,#4949),.UNSPECIFIED.,.F.,
  .F.,(2,2),(0.,6.440548780488E-02),.PIECEWISE_BEZIER_KNOTS.);
#4948 = CARTESIAN_POINT('',(0.619017754307,-2.8541669789E-02,0.9590001)
  );
#4949 = CARTESIAN_POINT('',(0.554612266502,-2.8541669789E-02,0.9590001)
  );
#4950 = FACE_BOUND('',#4951,.T.);
#4951 = EDGE_LOOP('',(#4952,#4978,#5002,#5009,#5016));
#4952 = ORIENTED_EDGE('',*,*,#4953,.F.);
#4953 = EDGE_CURVE('',#4954,#4956,#4958,.T.);
#4954 = VERTEX_POINT('',#4955);
#4955 = CARTESIAN_POINT('',(0.707051290892,0.113321897284,0.9590001));
#4956 = VERTEX_POINT('',#4957);
#4957 = CARTESIAN_POINT('',(0.61654062016,0.184872964357,0.9590001));
#4958 = B_SPLINE_CURVE_WITH_KNOTS('',3,(#4959,#4960,#4961,#4962,#4963,
    #4964,#4965,#4966,#4967,#4968,#4969,#4970,#4971,#4972,#4973,#4974,
    #4975,#4976,#4977),.UNSPECIFIED.,.F.,.F.,(4,1,1,1,1,1,1,1,1,1,1,1,1,
    1,1,1,4),(0.,6.583032288231E-02,0.127773132766,0.18633067029,
    0.243016381977,0.297316079868,0.351035532811,0.403793529986,
    0.457512982929,0.513643120493,0.571206598636,0.632415679154,
    0.696655818019,0.765560285674,0.838536335859,0.916859811406,1.),
  .UNSPECIFIED.);
#4959 = CARTESIAN_POINT('',(0.707051290892,0.113321897284,0.9590001));
#4960 = CARTESIAN_POINT('',(0.706975948565,0.116215264706,0.9590001));
#4961 = CARTESIAN_POINT('',(0.70682971314,0.121831135987,0.9590001));
#4962 = CARTESIAN_POINT('',(0.705764534109,0.129965054794,0.9590001));
#4963 = CARTESIAN_POINT('',(0.704067144266,0.137573785019,0.9590001));
#4964 = CARTESIAN_POINT('',(0.701633976487,0.144641775591,0.9590001));
#4965 = CARTESIAN_POINT('',(0.698305228542,0.151086681511,0.9590001));
#4966 = CARTESIAN_POINT('',(0.694450766719,0.157031371145,0.9590001));
#4967 = CARTESIAN_POINT('',(0.68976381862,0.162308241069,0.9590001));
#4968 = CARTESIAN_POINT('',(0.684504993758,0.16717365465,0.9590001));
#4969 = CARTESIAN_POINT('',(0.678378947842,0.171289748966,0.9590001));
#4970 = CARTESIAN_POINT('',(0.671614672386,0.174952160091,0.9590001));
#4971 = CARTESIAN_POINT('',(0.664201057778,0.178115645369,0.9590001));
#4972 = CARTESIAN_POINT('',(0.655997750901,0.180529478443,0.9590001));
#4973 = CARTESIAN_POINT('',(0.647165729762,0.182580847796,0.9590001));
#4974 = CARTESIAN_POINT('',(0.637559532763,0.183821534424,0.9590001));
#4975 = CARTESIAN_POINT('',(0.627292351738,0.184731248605,0.9590001));
#4976 = CARTESIAN_POINT('',(0.620195104671,0.184824795556,0.9590001));
#4977 = CARTESIAN_POINT('',(0.61654062016,0.184872964357,0.9590001));
#4978 = ORIENTED_EDGE('',*,*,#4979,.F.);
#4979 = EDGE_CURVE('',#4980,#4954,#4982,.T.);
#4980 = VERTEX_POINT('',#4981);
#4981 = CARTESIAN_POINT('',(0.611014705526,2.633637899149E-02,0.9590001)
  );
#4982 = B_SPLINE_CURVE_WITH_KNOTS('',3,(#4983,#4984,#4985,#4986,#4987,
    #4988,#4989,#4990,#4991,#4992,#4993,#4994,#4995,#4996,#4997,#4998,
    #4999,#5000,#5001),.UNSPECIFIED.,.F.,.F.,(4,1,1,1,1,1,1,1,1,1,1,1,1,
    1,1,1,4),(0.,7.466695296328E-02,0.145109139729,0.212433936815,
    0.276519382899,0.338340835278,0.398410948016,0.457633966225,
    0.516210031427,0.574022775468,0.631788160373,0.688879018355,
    0.746935231454,0.806441954369,0.867674878306,0.93246601738,1.),
  .UNSPECIFIED.);
#4983 = CARTESIAN_POINT('',(0.611014705526,2.633637899149E-02,0.9590001)
  );
#4984 = CARTESIAN_POINT('',(0.61466940338,2.641345869681E-02,0.9590001)
  );
#4985 = CARTESIAN_POINT('',(0.621772010899,2.656325682415E-02,0.9590001)
  );
#4986 = CARTESIAN_POINT('',(0.632128259432,2.761115162542E-02,0.9590001)
  );
#4987 = CARTESIAN_POINT('',(0.641860275178,2.938564151846E-02,0.9590001)
  );
#4988 = CARTESIAN_POINT('',(0.650966162231,3.198960078365E-02,0.9590001)
  );
#4989 = CARTESIAN_POINT('',(0.659485573816,3.522562925277E-02,0.9590001)
  );
#4990 = CARTESIAN_POINT('',(0.667456282925,3.913572677914E-02,0.9590001)
  );
#4991 = CARTESIAN_POINT('',(0.674834802603,4.379712690724E-02,0.9590001)
  );
#4992 = CARTESIAN_POINT('',(0.681480514507,4.927264396852E-02,0.9590001)
  );
#4993 = CARTESIAN_POINT('',(0.687557577289,5.527182688563E-02,0.9590001)
  );
#4994 = CARTESIAN_POINT('',(0.692779941217,6.194597265471E-02,0.9590001)
  );
#4995 = CARTESIAN_POINT('',(0.697203298682,6.917846197426E-02,0.9590001)
  );
#4996 = CARTESIAN_POINT('',(0.700862146367,7.692662686946E-02,0.9590001)
  );
#4997 = CARTESIAN_POINT('',(0.703585924146,8.526267600294E-02,0.9590001)
  );
#4998 = CARTESIAN_POINT('',(0.705597737662,9.412628048383E-02,0.9590001)
  );
#4999 = CARTESIAN_POINT('',(0.706866936981,0.103535418395,0.9590001));
#5000 = CARTESIAN_POINT('',(0.706988996238,0.110014968148,0.9590001));
#5001 = CARTESIAN_POINT('',(0.707051290892,0.113321897284,0.9590001));
#5002 = ORIENTED_EDGE('',*,*,#5003,.F.);
#5003 = EDGE_CURVE('',#5004,#4980,#5006,.T.);
#5004 = VERTEX_POINT('',#5005);
#5005 = CARTESIAN_POINT('',(0.554612266502,2.633637899149E-02,0.9590001)
  );
#5006 = B_SPLINE_CURVE_WITH_KNOTS('',1,(#5007,#5008),.UNSPECIFIED.,.F.,
  .F.,(2,2),(0.,5.640243902439E-02),.PIECEWISE_BEZIER_KNOTS.);
#5007 = CARTESIAN_POINT('',(0.554612266502,2.633637899149E-02,0.9590001)
  );
#5008 = CARTESIAN_POINT('',(0.611014705526,2.633637899149E-02,0.9590001)
  );
#5009 = ORIENTED_EDGE('',*,*,#5010,.F.);
#5010 = EDGE_CURVE('',#5011,#5004,#5013,.T.);
#5011 = VERTEX_POINT('',#5012);
#5012 = CARTESIAN_POINT('',(0.554612266502,0.184872964357,0.9590001));
#5013 = B_SPLINE_CURVE_WITH_KNOTS('',1,(#5014,#5015),.UNSPECIFIED.,.F.,
  .F.,(2,2),(0.,0.158536585366),.PIECEWISE_BEZIER_KNOTS.);
#5014 = CARTESIAN_POINT('',(0.554612266502,0.184872964357,0.9590001));
#5015 = CARTESIAN_POINT('',(0.554612266502,2.633637899149E-02,0.9590001)
  );
#5016 = ORIENTED_EDGE('',*,*,#5017,.F.);
#5017 = EDGE_CURVE('',#4956,#5011,#5018,.T.);
#5018 = B_SPLINE_CURVE_WITH_KNOTS('',1,(#5019,#5020),.UNSPECIFIED.,.F.,
  .F.,(2,2),(0.,6.192835365854E-02),.PIECEWISE_BEZIER_KNOTS.);
#5019 = CARTESIAN_POINT('',(0.61654062016,0.184872964357,0.9590001));
#5020 = CARTESIAN_POINT('',(0.554612266502,0.184872964357,0.9590001));
#5021 = FACE_BOUND('',#5022,.T.);
#5022 = EDGE_LOOP('',(#5023,#5024,#5025,#5026,#5027,#5028,#5029,#5030));
#5023 = ORIENTED_EDGE('',*,*,#4510,.F.);
#5024 = ORIENTED_EDGE('',*,*,#4817,.F.);
#5025 = ORIENTED_EDGE('',*,*,#4744,.F.);
#5026 = ORIENTED_EDGE('',*,*,#4722,.F.);
#5027 = ORIENTED_EDGE('',*,*,#4649,.F.);
#5028 = ORIENTED_EDGE('',*,*,#4576,.F.);
#5029 = ORIENTED_EDGE('',*,*,#4554,.F.);
#5030 = ORIENTED_EDGE('',*,*,#4532,.F.);
#5031 = B_SPLINE_SURFACE_WITH_KNOTS('',1,1,(
    (#5032,#5033)
    ,(#5034,#5035
    )),.UNSPECIFIED.,.F.,.F.,.F.,(2,2),(2,2),(-2.695818097106E-02,
    0.473041819029),(-0.241901780242,6.907382951382E-02),
  .PIECEWISE_BEZIER_KNOTS.);
#5032 = CARTESIAN_POINT('',(0.48753909577,0.239751013138,0.9590001));
#5033 = CARTESIAN_POINT('',(0.798514705526,0.239751013138,0.9590001));
#5034 = CARTESIAN_POINT('',(0.48753909577,-0.260248986862,0.9590001));
#5035 = CARTESIAN_POINT('',(0.798514705526,-0.260248986862,0.9590001));
#5036 = ADVANCED_FACE('',(#5037),#5059,.T.);
#5037 = FACE_BOUND('',#5038,.T.);
#5038 = EDGE_LOOP('',(#5039,#5048,#5053,#5054));
#5039 = ORIENTED_EDGE('',*,*,#5040,.F.);
#5040 = EDGE_CURVE('',#5041,#5043,#5045,.T.);
#5041 = VERTEX_POINT('',#5042);
#5042 = CARTESIAN_POINT('',(0.61654062016,0.184872964357,0.9600001));
#5043 = VERTEX_POINT('',#5044);
#5044 = CARTESIAN_POINT('',(0.554612266502,0.184872964357,0.9600001));
#5045 = B_SPLINE_CURVE_WITH_KNOTS('',1,(#5046,#5047),.UNSPECIFIED.,.F.,
  .F.,(2,2),(0.,6.192835365854E-02),.PIECEWISE_BEZIER_KNOTS.);
#5046 = CARTESIAN_POINT('',(0.61654062016,0.184872964357,0.9600001));
#5047 = CARTESIAN_POINT('',(0.554612266502,0.184872964357,0.9600001));
#5048 = ORIENTED_EDGE('',*,*,#5049,.F.);
#5049 = EDGE_CURVE('',#4956,#5041,#5050,.T.);
#5050 = B_SPLINE_CURVE_WITH_KNOTS('',1,(#5051,#5052),.UNSPECIFIED.,.F.,
  .F.,(2,2),(0.,1.E-03),.PIECEWISE_BEZIER_KNOTS.);
#5051 = CARTESIAN_POINT('',(0.61654062016,0.184872964357,0.9590001));
#5052 = CARTESIAN_POINT('',(0.61654062016,0.184872964357,0.9600001));
#5053 = ORIENTED_EDGE('',*,*,#5017,.T.);
#5054 = ORIENTED_EDGE('',*,*,#5055,.T.);
#5055 = EDGE_CURVE('',#5011,#5043,#5056,.T.);
#5056 = B_SPLINE_CURVE_WITH_KNOTS('',1,(#5057,#5058),.UNSPECIFIED.,.F.,
  .F.,(2,2),(0.,9.999999999781E-04),.PIECEWISE_BEZIER_KNOTS.);
#5057 = CARTESIAN_POINT('',(0.554612266502,0.184872964357,0.9590001));
#5058 = CARTESIAN_POINT('',(0.554612266502,0.184872964357,0.9600001));
#5059 = B_SPLINE_SURFACE_WITH_KNOTS('',1,1,(
    (#5060,#5061)
    ,(#5062,#5063)),.UNSPECIFIED.,.F.,.F.,.F.,(2,2),(2,2),(0.,1.E-03),(
    -6.192835365854E-02,0.),.PIECEWISE_BEZIER_KNOTS.);
#5060 = CARTESIAN_POINT('',(0.554612266502,0.184872964357,0.9590001));
#5061 = CARTESIAN_POINT('',(0.61654062016,0.184872964357,0.9590001));
#5062 = CARTESIAN_POINT('',(0.554612266502,0.184872964357,0.9600001));
#5063 = CARTESIAN_POINT('',(0.61654062016,0.184872964357,0.9600001));
#5064 = ADVANCED_FACE('',(#5065),#5098,.T.);
#5065 = FACE_BOUND('',#5066,.T.);
#5066 = EDGE_LOOP('',(#5067,#5091,#5096,#5097));
#5067 = ORIENTED_EDGE('',*,*,#5068,.F.);
#5068 = EDGE_CURVE('',#5069,#5041,#5071,.T.);
#5069 = VERTEX_POINT('',#5070);
#5070 = CARTESIAN_POINT('',(0.707051290892,0.113321897284,0.9600001));
#5071 = B_SPLINE_CURVE_WITH_KNOTS('',3,(#5072,#5073,#5074,#5075,#5076,
    #5077,#5078,#5079,#5080,#5081,#5082,#5083,#5084,#5085,#5086,#5087,
    #5088,#5089,#5090),.UNSPECIFIED.,.F.,.F.,(4,1,1,1,1,1,1,1,1,1,1,1,1,
    1,1,1,4),(0.,6.583032288231E-02,0.127773132766,0.18633067029,
    0.243016381977,0.297316079868,0.351035532811,0.403793529986,
    0.457512982929,0.513643120493,0.571206598636,0.632415679154,
    0.696655818019,0.765560285674,0.838536335859,0.916859811406,1.),
  .UNSPECIFIED.);
#5072 = CARTESIAN_POINT('',(0.707051290892,0.113321897284,0.9600001));
#5073 = CARTESIAN_POINT('',(0.706975948565,0.116215264706,0.9600001));
#5074 = CARTESIAN_POINT('',(0.70682971314,0.121831135987,0.9600001));
#5075 = CARTESIAN_POINT('',(0.705764534109,0.129965054794,0.9600001));
#5076 = CARTESIAN_POINT('',(0.704067144266,0.137573785019,0.9600001));
#5077 = CARTESIAN_POINT('',(0.701633976487,0.144641775591,0.9600001));
#5078 = CARTESIAN_POINT('',(0.698305228542,0.151086681511,0.9600001));
#5079 = CARTESIAN_POINT('',(0.694450766719,0.157031371145,0.9600001));
#5080 = CARTESIAN_POINT('',(0.68976381862,0.162308241069,0.9600001));
#5081 = CARTESIAN_POINT('',(0.684504993758,0.16717365465,0.9600001));
#5082 = CARTESIAN_POINT('',(0.678378947842,0.171289748966,0.9600001));
#5083 = CARTESIAN_POINT('',(0.671614672386,0.174952160091,0.9600001));
#5084 = CARTESIAN_POINT('',(0.664201057778,0.178115645369,0.9600001));
#5085 = CARTESIAN_POINT('',(0.655997750901,0.180529478443,0.9600001));
#5086 = CARTESIAN_POINT('',(0.647165729762,0.182580847796,0.9600001));
#5087 = CARTESIAN_POINT('',(0.637559532763,0.183821534424,0.9600001));
#5088 = CARTESIAN_POINT('',(0.627292351738,0.184731248605,0.9600001));
#5089 = CARTESIAN_POINT('',(0.620195104671,0.184824795556,0.9600001));
#5090 = CARTESIAN_POINT('',(0.61654062016,0.184872964357,0.9600001));
#5091 = ORIENTED_EDGE('',*,*,#5092,.F.);
#5092 = EDGE_CURVE('',#4954,#5069,#5093,.T.);
#5093 = B_SPLINE_CURVE_WITH_KNOTS('',1,(#5094,#5095),.UNSPECIFIED.,.F.,
  .F.,(2,2),(0.,1.E-03),.PIECEWISE_BEZIER_KNOTS.);
#5094 = CARTESIAN_POINT('',(0.707051290892,0.113321897284,0.9590001));
#5095 = CARTESIAN_POINT('',(0.707051290892,0.113321897284,0.9600001));
#5096 = ORIENTED_EDGE('',*,*,#4953,.T.);
#5097 = ORIENTED_EDGE('',*,*,#5049,.T.);
#5098 = B_SPLINE_SURFACE_WITH_KNOTS('',3,1,(
    (#5099,#5100)
    ,(#5101,#5102)
    ,(#5103,#5104)
    ,(#5105,#5106)
    ,(#5107,#5108)
    ,(#5109,#5110)
    ,(#5111,#5112)
    ,(#5113,#5114)
    ,(#5115,#5116)
    ,(#5117,#5118)
    ,(#5119,#5120)
    ,(#5121,#5122)
    ,(#5123,#5124)
    ,(#5125,#5126)
    ,(#5127,#5128)
    ,(#5129,#5130)
    ,(#5131,#5132)
    ,(#5133,#5134)
    ,(#5135,#5136
    )),.UNSPECIFIED.,.F.,.F.,.F.,(4,1,1,1,1,1,1,1,1,1,1,1,1,1,1,1,4),(2,
    2),(0.,6.583032288231E-02,0.127773132766,0.18633067029,
    0.243016381977,0.297316079868,0.351035532811,0.403793529986,
    0.457512982929,0.513643120493,0.571206598636,0.632415679154,
    0.696655818019,0.765560285674,0.838536335859,0.916859811406,1.),(0.,
    1.),.UNSPECIFIED.);
#5099 = CARTESIAN_POINT('',(0.707051290892,0.113321897284,0.9590001));
#5100 = CARTESIAN_POINT('',(0.707051290892,0.113321897284,0.9600001));
#5101 = CARTESIAN_POINT('',(0.706975948565,0.116215264706,0.9590001));
#5102 = CARTESIAN_POINT('',(0.706975948565,0.116215264706,0.9600001));
#5103 = CARTESIAN_POINT('',(0.70682971314,0.121831135987,0.9590001));
#5104 = CARTESIAN_POINT('',(0.70682971314,0.121831135987,0.9600001));
#5105 = CARTESIAN_POINT('',(0.705764534109,0.129965054794,0.9590001));
#5106 = CARTESIAN_POINT('',(0.705764534109,0.129965054794,0.9600001));
#5107 = CARTESIAN_POINT('',(0.704067144266,0.137573785019,0.9590001));
#5108 = CARTESIAN_POINT('',(0.704067144266,0.137573785019,0.9600001));
#5109 = CARTESIAN_POINT('',(0.701633976487,0.144641775591,0.9590001));
#5110 = CARTESIAN_POINT('',(0.701633976487,0.144641775591,0.9600001));
#5111 = CARTESIAN_POINT('',(0.698305228542,0.151086681511,0.9590001));
#5112 = CARTESIAN_POINT('',(0.698305228542,0.151086681511,0.9600001));
#5113 = CARTESIAN_POINT('',(0.694450766719,0.157031371145,0.9590001));
#5114 = CARTESIAN_POINT('',(0.694450766719,0.157031371145,0.9600001));
#5115 = CARTESIAN_POINT('',(0.68976381862,0.162308241069,0.9590001));
#5116 = CARTESIAN_POINT('',(0.68976381862,0.162308241069,0.9600001));
#5117 = CARTESIAN_POINT('',(0.684504993758,0.16717365465,0.9590001));
#5118 = CARTESIAN_POINT('',(0.684504993758,0.16717365465,0.9600001));
#5119 = CARTESIAN_POINT('',(0.678378947842,0.171289748966,0.9590001));
#5120 = CARTESIAN_POINT('',(0.678378947842,0.171289748966,0.9600001));
#5121 = CARTESIAN_POINT('',(0.671614672386,0.174952160091,0.9590001));
#5122 = CARTESIAN_POINT('',(0.671614672386,0.174952160091,0.9600001));
#5123 = CARTESIAN_POINT('',(0.664201057778,0.178115645369,0.9590001));
#5124 = CARTESIAN_POINT('',(0.664201057778,0.178115645369,0.9600001));
#5125 = CARTESIAN_POINT('',(0.655997750901,0.180529478443,0.9590001));
#5126 = CARTESIAN_POINT('',(0.655997750901,0.180529478443,0.9600001));
#5127 = CARTESIAN_POINT('',(0.647165729762,0.182580847796,0.9590001));
#5128 = CARTESIAN_POINT('',(0.647165729762,0.182580847796,0.9600001));
#5129 = CARTESIAN_POINT('',(0.637559532763,0.183821534424,0.9590001));
#5130 = CARTESIAN_POINT('',(0.637559532763,0.183821534424,0.9600001));
#5131 = CARTESIAN_POINT('',(0.627292351738,0.184731248605,0.9590001));
#5132 = CARTESIAN_POINT('',(0.627292351738,0.184731248605,0.9600001));
#5133 = CARTESIAN_POINT('',(0.620195104671,0.184824795556,0.9590001));
#5134 = CARTESIAN_POINT('',(0.620195104671,0.184824795556,0.9600001));
#5135 = CARTESIAN_POINT('',(0.61654062016,0.184872964357,0.9590001));
#5136 = CARTESIAN_POINT('',(0.61654062016,0.184872964357,0.9600001));
#5137 = ADVANCED_FACE('',(#5138),#5171,.T.);
#5138 = FACE_BOUND('',#5139,.T.);
#5139 = EDGE_LOOP('',(#5140,#5164,#5169,#5170));
#5140 = ORIENTED_EDGE('',*,*,#5141,.F.);
#5141 = EDGE_CURVE('',#5142,#5069,#5144,.T.);
#5142 = VERTEX_POINT('',#5143);
#5143 = CARTESIAN_POINT('',(0.611014705526,2.633637899149E-02,0.9600001)
  );
#5144 = B_SPLINE_CURVE_WITH_KNOTS('',3,(#5145,#5146,#5147,#5148,#5149,
    #5150,#5151,#5152,#5153,#5154,#5155,#5156,#5157,#5158,#5159,#5160,
    #5161,#5162,#5163),.UNSPECIFIED.,.F.,.F.,(4,1,1,1,1,1,1,1,1,1,1,1,1,
    1,1,1,4),(0.,7.466695296328E-02,0.145109139729,0.212433936815,
    0.276519382899,0.338340835278,0.398410948016,0.457633966225,
    0.516210031427,0.574022775468,0.631788160373,0.688879018355,
    0.746935231454,0.806441954369,0.867674878306,0.93246601738,1.),
  .UNSPECIFIED.);
#5145 = CARTESIAN_POINT('',(0.611014705526,2.633637899149E-02,0.9600001)
  );
#5146 = CARTESIAN_POINT('',(0.61466940338,2.641345869681E-02,0.9600001)
  );
#5147 = CARTESIAN_POINT('',(0.621772010899,2.656325682415E-02,0.9600001)
  );
#5148 = CARTESIAN_POINT('',(0.632128259432,2.761115162542E-02,0.9600001)
  );
#5149 = CARTESIAN_POINT('',(0.641860275178,2.938564151846E-02,0.9600001)
  );
#5150 = CARTESIAN_POINT('',(0.650966162231,3.198960078365E-02,0.9600001)
  );
#5151 = CARTESIAN_POINT('',(0.659485573816,3.522562925277E-02,0.9600001)
  );
#5152 = CARTESIAN_POINT('',(0.667456282925,3.913572677914E-02,0.9600001)
  );
#5153 = CARTESIAN_POINT('',(0.674834802603,4.379712690724E-02,0.9600001)
  );
#5154 = CARTESIAN_POINT('',(0.681480514507,4.927264396852E-02,0.9600001)
  );
#5155 = CARTESIAN_POINT('',(0.687557577289,5.527182688563E-02,0.9600001)
  );
#5156 = CARTESIAN_POINT('',(0.692779941217,6.194597265471E-02,0.9600001)
  );
#5157 = CARTESIAN_POINT('',(0.697203298682,6.917846197426E-02,0.9600001)
  );
#5158 = CARTESIAN_POINT('',(0.700862146367,7.692662686946E-02,0.9600001)
  );
#5159 = CARTESIAN_POINT('',(0.703585924146,8.526267600294E-02,0.9600001)
  );
#5160 = CARTESIAN_POINT('',(0.705597737662,9.412628048383E-02,0.9600001)
  );
#5161 = CARTESIAN_POINT('',(0.706866936981,0.103535418395,0.9600001));
#5162 = CARTESIAN_POINT('',(0.706988996238,0.110014968148,0.9600001));
#5163 = CARTESIAN_POINT('',(0.707051290892,0.113321897284,0.9600001));
#5164 = ORIENTED_EDGE('',*,*,#5165,.F.);
#5165 = EDGE_CURVE('',#4980,#5142,#5166,.T.);
#5166 = B_SPLINE_CURVE_WITH_KNOTS('',1,(#5167,#5168),.UNSPECIFIED.,.F.,
  .F.,(2,2),(0.,1.E-03),.PIECEWISE_BEZIER_KNOTS.);
#5167 = CARTESIAN_POINT('',(0.611014705526,2.633637899149E-02,0.9590001)
  );
#5168 = CARTESIAN_POINT('',(0.611014705526,2.633637899149E-02,0.9600001)
  );
#5169 = ORIENTED_EDGE('',*,*,#4979,.T.);
#5170 = ORIENTED_EDGE('',*,*,#5092,.T.);
#5171 = B_SPLINE_SURFACE_WITH_KNOTS('',3,1,(
    (#5172,#5173)
    ,(#5174,#5175)
    ,(#5176,#5177)
    ,(#5178,#5179)
    ,(#5180,#5181)
    ,(#5182,#5183)
    ,(#5184,#5185)
    ,(#5186,#5187)
    ,(#5188,#5189)
    ,(#5190,#5191)
    ,(#5192,#5193)
    ,(#5194,#5195)
    ,(#5196,#5197)
    ,(#5198,#5199)
    ,(#5200,#5201)
    ,(#5202,#5203)
    ,(#5204,#5205)
    ,(#5206,#5207)
    ,(#5208,#5209
    )),.UNSPECIFIED.,.F.,.F.,.F.,(4,1,1,1,1,1,1,1,1,1,1,1,1,1,1,1,4),(2,
    2),(0.,7.466695296328E-02,0.145109139729,0.212433936815,
    0.276519382899,0.338340835278,0.398410948016,0.457633966225,
    0.516210031427,0.574022775468,0.631788160373,0.688879018355,
    0.746935231454,0.806441954369,0.867674878306,0.93246601738,1.),(0.,
    1.),.UNSPECIFIED.);
#5172 = CARTESIAN_POINT('',(0.611014705526,2.633637899149E-02,0.9590001)
  );
#5173 = CARTESIAN_POINT('',(0.611014705526,2.633637899149E-02,0.9600001)
  );
#5174 = CARTESIAN_POINT('',(0.61466940338,2.641345869681E-02,0.9590001)
  );
#5175 = CARTESIAN_POINT('',(0.61466940338,2.641345869681E-02,0.9600001)
  );
#5176 = CARTESIAN_POINT('',(0.621772010899,2.656325682415E-02,0.9590001)
  );
#5177 = CARTESIAN_POINT('',(0.621772010899,2.656325682415E-02,0.9600001)
  );
#5178 = CARTESIAN_POINT('',(0.632128259432,2.761115162542E-02,0.9590001)
  );
#5179 = CARTESIAN_POINT('',(0.632128259432,2.761115162542E-02,0.9600001)
  );
#5180 = CARTESIAN_POINT('',(0.641860275178,2.938564151846E-02,0.9590001)
  );
#5181 = CARTESIAN_POINT('',(0.641860275178,2.938564151846E-02,0.9600001)
  );
#5182 = CARTESIAN_POINT('',(0.650966162231,3.198960078365E-02,0.9590001)
  );
#5183 = CARTESIAN_POINT('',(0.650966162231,3.198960078365E-02,0.9600001)
  );
#5184 = CARTESIAN_POINT('',(0.659485573816,3.522562925277E-02,0.9590001)
  );
#5185 = CARTESIAN_POINT('',(0.659485573816,3.522562925277E-02,0.9600001)
  );
#5186 = CARTESIAN_POINT('',(0.667456282925,3.913572677914E-02,0.9590001)
  );
#5187 = CARTESIAN_POINT('',(0.667456282925,3.913572677914E-02,0.9600001)
  );
#5188 = CARTESIAN_POINT('',(0.674834802603,4.379712690724E-02,0.9590001)
  );
#5189 = CARTESIAN_POINT('',(0.674834802603,4.379712690724E-02,0.9600001)
  );
#5190 = CARTESIAN_POINT('',(0.681480514507,4.927264396852E-02,0.9590001)
  );
#5191 = CARTESIAN_POINT('',(0.681480514507,4.927264396852E-02,0.9600001)
  );
#5192 = CARTESIAN_POINT('',(0.687557577289,5.527182688563E-02,0.9590001)
  );
#5193 = CARTESIAN_POINT('',(0.687557577289,5.527182688563E-02,0.9600001)
  );
#5194 = CARTESIAN_POINT('',(0.692779941217,6.194597265471E-02,0.9590001)
  );
#5195 = CARTESIAN_POINT('',(0.692779941217,6.194597265471E-02,0.9600001)
  );
#5196 = CARTESIAN_POINT('',(0.697203298682,6.917846197426E-02,0.9590001)
  );
#5197 = CARTESIAN_POINT('',(0.697203298682,6.917846197426E-02,0.9600001)
  );
#5198 = CARTESIAN_POINT('',(0.700862146367,7.692662686946E-02,0.9590001)
  );
#5199 = CARTESIAN_POINT('',(0.700862146367,7.692662686946E-02,0.9600001)
  );
#5200 = CARTESIAN_POINT('',(0.703585924146,8.526267600294E-02,0.9590001)
  );
#5201 = CARTESIAN_POINT('',(0.703585924146,8.526267600294E-02,0.9600001)
  );
#5202 = CARTESIAN_POINT('',(0.705597737662,9.412628048383E-02,0.9590001)
  );
#5203 = CARTESIAN_POINT('',(0.705597737662,9.412628048383E-02,0.9600001)
  );
#5204 = CARTESIAN_POINT('',(0.706866936981,0.103535418395,0.9590001));
#5205 = CARTESIAN_POINT('',(0.706866936981,0.103535418395,0.9600001));
#5206 = CARTESIAN_POINT('',(0.706988996238,0.110014968148,0.9590001));
#5207 = CARTESIAN_POINT('',(0.706988996238,0.110014968148,0.9600001));
#5208 = CARTESIAN_POINT('',(0.707051290892,0.113321897284,0.9590001));
#5209 = CARTESIAN_POINT('',(0.707051290892,0.113321897284,0.9600001));
#5210 = ADVANCED_FACE('',(#5211),#5227,.T.);
#5211 = FACE_BOUND('',#5212,.T.);
#5212 = EDGE_LOOP('',(#5213,#5220,#5225,#5226));
#5213 = ORIENTED_EDGE('',*,*,#5214,.F.);
#5214 = EDGE_CURVE('',#5215,#5142,#5217,.T.);
#5215 = VERTEX_POINT('',#5216);
#5216 = CARTESIAN_POINT('',(0.554612266502,2.633637899149E-02,0.9600001)
  );
#5217 = B_SPLINE_CURVE_WITH_KNOTS('',1,(#5218,#5219),.UNSPECIFIED.,.F.,
  .F.,(2,2),(0.,5.640243902439E-02),.PIECEWISE_BEZIER_KNOTS.);
#5218 = CARTESIAN_POINT('',(0.554612266502,2.633637899149E-02,0.9600001)
  );
#5219 = CARTESIAN_POINT('',(0.611014705526,2.633637899149E-02,0.9600001)
  );
#5220 = ORIENTED_EDGE('',*,*,#5221,.F.);
#5221 = EDGE_CURVE('',#5004,#5215,#5222,.T.);
#5222 = B_SPLINE_CURVE_WITH_KNOTS('',1,(#5223,#5224),.UNSPECIFIED.,.F.,
  .F.,(2,2),(-1.170175067955E-13,1.E-03),.PIECEWISE_BEZIER_KNOTS.);
#5223 = CARTESIAN_POINT('',(0.554612266502,2.633637899149E-02,0.9590001)
  );
#5224 = CARTESIAN_POINT('',(0.554612266502,2.633637899149E-02,0.9600001)
  );
#5225 = ORIENTED_EDGE('',*,*,#5003,.T.);
#5226 = ORIENTED_EDGE('',*,*,#5165,.T.);
#5227 = B_SPLINE_SURFACE_WITH_KNOTS('',1,1,(
    (#5228,#5229)
    ,(#5230,#5231
    )),.UNSPECIFIED.,.F.,.F.,.F.,(2,2),(2,2),(-1.E-03,1.170175067955E-13
    ),(0.,5.640243902439E-02),.PIECEWISE_BEZIER_KNOTS.);
#5228 = CARTESIAN_POINT('',(0.554612266502,2.633637899149E-02,0.9600001)
  );
#5229 = CARTESIAN_POINT('',(0.611014705526,2.633637899149E-02,0.9600001)
  );
#5230 = CARTESIAN_POINT('',(0.554612266502,2.633637899149E-02,0.9590001)
  );
#5231 = CARTESIAN_POINT('',(0.611014705526,2.633637899149E-02,0.9590001)
  );
#5232 = ADVANCED_FACE('',(#5233),#5243,.T.);
#5233 = FACE_BOUND('',#5234,.T.);
#5234 = EDGE_LOOP('',(#5235,#5240,#5241,#5242));
#5235 = ORIENTED_EDGE('',*,*,#5236,.F.);
#5236 = EDGE_CURVE('',#5043,#5215,#5237,.T.);
#5237 = B_SPLINE_CURVE_WITH_KNOTS('',1,(#5238,#5239),.UNSPECIFIED.,.F.,
  .F.,(2,2),(0.,0.158536585366),.PIECEWISE_BEZIER_KNOTS.);
#5238 = CARTESIAN_POINT('',(0.554612266502,0.184872964357,0.9600001));
#5239 = CARTESIAN_POINT('',(0.554612266502,2.633637899149E-02,0.9600001)
  );
#5240 = ORIENTED_EDGE('',*,*,#5055,.F.);
#5241 = ORIENTED_EDGE('',*,*,#5010,.T.);
#5242 = ORIENTED_EDGE('',*,*,#5221,.T.);
#5243 = B_SPLINE_SURFACE_WITH_KNOTS('',1,1,(
    (#5244,#5245)
    ,(#5246,#5247
    )),.UNSPECIFIED.,.F.,.F.,.F.,(2,2),(2,2),(-1.170175067955E-13,1.E-03
    ),(-0.158536585366,0.),.PIECEWISE_BEZIER_KNOTS.);
#5244 = CARTESIAN_POINT('',(0.554612266502,2.633637899149E-02,0.9590001)
  );
#5245 = CARTESIAN_POINT('',(0.554612266502,0.184872964357,0.9590001));
#5246 = CARTESIAN_POINT('',(0.554612266502,2.633637899149E-02,0.9600001)
  );
#5247 = CARTESIAN_POINT('',(0.554612266502,0.184872964357,0.9600001));
#5248 = ADVANCED_FACE('',(#5249),#5271,.T.);
#5249 = FACE_BOUND('',#5250,.T.);
#5250 = EDGE_LOOP('',(#5251,#5260,#5265,#5266));
#5251 = ORIENTED_EDGE('',*,*,#5252,.F.);
#5252 = EDGE_CURVE('',#5253,#5255,#5257,.T.);
#5253 = VERTEX_POINT('',#5254);
#5254 = CARTESIAN_POINT('',(0.619017754307,-2.8541669789E-02,0.9600001)
  );
#5255 = VERTEX_POINT('',#5256);
#5256 = CARTESIAN_POINT('',(0.554612266502,-2.8541669789E-02,0.9600001)
  );
#5257 = B_SPLINE_CURVE_WITH_KNOTS('',1,(#5258,#5259),.UNSPECIFIED.,.F.,
  .F.,(2,2),(0.,6.440548780488E-02),.PIECEWISE_BEZIER_KNOTS.);
#5258 = CARTESIAN_POINT('',(0.619017754307,-2.8541669789E-02,0.9600001)
  );
#5259 = CARTESIAN_POINT('',(0.554612266502,-2.8541669789E-02,0.9600001)
  );
#5260 = ORIENTED_EDGE('',*,*,#5261,.F.);
#5261 = EDGE_CURVE('',#4885,#5253,#5262,.T.);
#5262 = B_SPLINE_CURVE_WITH_KNOTS('',1,(#5263,#5264),.UNSPECIFIED.,.F.,
  .F.,(2,2),(0.,1.E-03),.PIECEWISE_BEZIER_KNOTS.);
#5263 = CARTESIAN_POINT('',(0.619017754307,-2.8541669789E-02,0.9590001)
  );
#5264 = CARTESIAN_POINT('',(0.619017754307,-2.8541669789E-02,0.9600001)
  );
#5265 = ORIENTED_EDGE('',*,*,#4946,.T.);
#5266 = ORIENTED_EDGE('',*,*,#5267,.T.);
#5267 = EDGE_CURVE('',#4940,#5255,#5268,.T.);
#5268 = B_SPLINE_CURVE_WITH_KNOTS('',1,(#5269,#5270),.UNSPECIFIED.,.F.,
  .F.,(2,2),(0.,9.999999998502E-04),.PIECEWISE_BEZIER_KNOTS.);
#5269 = CARTESIAN_POINT('',(0.554612266502,-2.8541669789E-02,0.9590001)
  );
#5270 = CARTESIAN_POINT('',(0.554612266502,-2.8541669789E-02,0.9600001)
  );
#5271 = B_SPLINE_SURFACE_WITH_KNOTS('',1,1,(
    (#5272,#5273)
    ,(#5274,#5275)),.UNSPECIFIED.,.F.,.F.,.F.,(2,2),(2,2),(0.,1.E-03),(
    -6.440548780488E-02,0.),.PIECEWISE_BEZIER_KNOTS.);
#5272 = CARTESIAN_POINT('',(0.554612266502,-2.8541669789E-02,0.9590001)
  );
#5273 = CARTESIAN_POINT('',(0.619017754307,-2.8541669789E-02,0.9590001)
  );
#5274 = CARTESIAN_POINT('',(0.554612266502,-2.8541669789E-02,0.9600001)
  );
#5275 = CARTESIAN_POINT('',(0.619017754307,-2.8541669789E-02,0.9600001)
  );
#5276 = ADVANCED_FACE('',(#5277),#5310,.T.);
#5277 = FACE_BOUND('',#5278,.T.);
#5278 = EDGE_LOOP('',(#5279,#5303,#5308,#5309));
#5279 = ORIENTED_EDGE('',*,*,#5280,.F.);
#5280 = EDGE_CURVE('',#5281,#5253,#5283,.T.);
#5281 = VERTEX_POINT('',#5282);
#5282 = CARTESIAN_POINT('',(0.731441534794,-0.115622462472,0.9600001));
#5283 = B_SPLINE_CURVE_WITH_KNOTS('',3,(#5284,#5285,#5286,#5287,#5288,
    #5289,#5290,#5291,#5292,#5293,#5294,#5295,#5296,#5297,#5298,#5299,
    #5300,#5301,#5302),.UNSPECIFIED.,.F.,.F.,(4,1,1,1,1,1,1,1,1,1,1,1,1,
    1,1,1,4),(0.,6.519299215077E-02,0.126105554306,0.184596315614,
    0.2402892593,0.294079890044,0.347294652824,0.400502946118,
    0.454539408843,0.509869568587,0.56813034063,0.629692197917,
    0.694657731979,0.763707570077,0.837224540891,0.916064892226,1.),
  .UNSPECIFIED.);
#5284 = CARTESIAN_POINT('',(0.731441534794,-0.115622462472,0.9600001));
#5285 = CARTESIAN_POINT('',(0.731340000168,-0.112093706247,0.9600001));
#5286 = CARTESIAN_POINT('',(0.731143597458,-0.105267884252,0.9600001));
#5287 = CARTESIAN_POINT('',(0.729915297303,-9.533529888234E-02,0.9600001
    ));
#5288 = CARTESIAN_POINT('',(0.72777771513,-8.607590701129E-02,0.9600001)
  );
#5289 = CARTESIAN_POINT('',(0.7245594389,-7.755290788162E-02,0.9600001)
  );
#5290 = CARTESIAN_POINT('',(0.720685550819,-6.962106223614E-02,0.9600001
    ));
#5291 = CARTESIAN_POINT('',(0.715763671964,-6.244562445889E-02,0.9600001
    ));
#5292 = CARTESIAN_POINT('',(0.710005155653,-5.591823962254E-02,0.9600001
    ));
#5293 = CARTESIAN_POINT('',(0.703398736492,-5.00686925466E-02,0.9600001)
  );
#5294 = CARTESIAN_POINT('',(0.695860470394,-4.497278919561E-02,0.9600001
    ));
#5295 = CARTESIAN_POINT('',(0.687411405087,-4.064118786467E-02,0.9600001
    ));
#5296 = CARTESIAN_POINT('',(0.678167454094,-3.678390068634E-02,0.9600001
    ));
#5297 = CARTESIAN_POINT('',(0.667996608061,-3.378621869344E-02,0.9600001
    ));
#5298 = CARTESIAN_POINT('',(0.657008528125,-3.141907321029E-02,0.9600001
    ));
#5299 = CARTESIAN_POINT('',(0.645138445727,-2.969092726921E-02,0.9600001
    ));
#5300 = CARTESIAN_POINT('',(0.632369870346,-2.879934028734E-02,0.9600001
    ));
#5301 = CARTESIAN_POINT('',(0.623560370024,-2.862933365083E-02,0.9600001
    ));
#5302 = CARTESIAN_POINT('',(0.619017754307,-2.8541669789E-02,0.9600001)
  );
#5303 = ORIENTED_EDGE('',*,*,#5304,.F.);
#5304 = EDGE_CURVE('',#4883,#5281,#5305,.T.);
#5305 = B_SPLINE_CURVE_WITH_KNOTS('',1,(#5306,#5307),.UNSPECIFIED.,.F.,
  .F.,(2,2),(0.,1.E-03),.PIECEWISE_BEZIER_KNOTS.);
#5306 = CARTESIAN_POINT('',(0.731441534794,-0.115622462472,0.9590001));
#5307 = CARTESIAN_POINT('',(0.731441534794,-0.115622462472,0.9600001));
#5308 = ORIENTED_EDGE('',*,*,#4882,.T.);
#5309 = ORIENTED_EDGE('',*,*,#5261,.T.);
#5310 = B_SPLINE_SURFACE_WITH_KNOTS('',3,1,(
    (#5311,#5312)
    ,(#5313,#5314)
    ,(#5315,#5316)
    ,(#5317,#5318)
    ,(#5319,#5320)
    ,(#5321,#5322)
    ,(#5323,#5324)
    ,(#5325,#5326)
    ,(#5327,#5328)
    ,(#5329,#5330)
    ,(#5331,#5332)
    ,(#5333,#5334)
    ,(#5335,#5336)
    ,(#5337,#5338)
    ,(#5339,#5340)
    ,(#5341,#5342)
    ,(#5343,#5344)
    ,(#5345,#5346)
    ,(#5347,#5348
    )),.UNSPECIFIED.,.F.,.F.,.F.,(4,1,1,1,1,1,1,1,1,1,1,1,1,1,1,1,4),(2,
    2),(0.,6.519299215077E-02,0.126105554306,0.184596315614,0.2402892593
    ,0.294079890044,0.347294652824,0.400502946118,0.454539408843,
    0.509869568587,0.56813034063,0.629692197917,0.694657731979,
    0.763707570077,0.837224540891,0.916064892226,1.),(0.,1.),
  .UNSPECIFIED.);
#5311 = CARTESIAN_POINT('',(0.731441534794,-0.115622462472,0.9590001));
#5312 = CARTESIAN_POINT('',(0.731441534794,-0.115622462472,0.9600001));
#5313 = CARTESIAN_POINT('',(0.731340000168,-0.112093706247,0.9590001));
#5314 = CARTESIAN_POINT('',(0.731340000168,-0.112093706247,0.9600001));
#5315 = CARTESIAN_POINT('',(0.731143597458,-0.105267884252,0.9590001));
#5316 = CARTESIAN_POINT('',(0.731143597458,-0.105267884252,0.9600001));
#5317 = CARTESIAN_POINT('',(0.729915297303,-9.533529888234E-02,0.9590001
    ));
#5318 = CARTESIAN_POINT('',(0.729915297303,-9.533529888234E-02,0.9600001
    ));
#5319 = CARTESIAN_POINT('',(0.72777771513,-8.607590701129E-02,0.9590001)
  );
#5320 = CARTESIAN_POINT('',(0.72777771513,-8.607590701129E-02,0.9600001)
  );
#5321 = CARTESIAN_POINT('',(0.7245594389,-7.755290788162E-02,0.9590001)
  );
#5322 = CARTESIAN_POINT('',(0.7245594389,-7.755290788162E-02,0.9600001)
  );
#5323 = CARTESIAN_POINT('',(0.720685550819,-6.962106223614E-02,0.9590001
    ));
#5324 = CARTESIAN_POINT('',(0.720685550819,-6.962106223614E-02,0.9600001
    ));
#5325 = CARTESIAN_POINT('',(0.715763671964,-6.244562445889E-02,0.9590001
    ));
#5326 = CARTESIAN_POINT('',(0.715763671964,-6.244562445889E-02,0.9600001
    ));
#5327 = CARTESIAN_POINT('',(0.710005155653,-5.591823962254E-02,0.9590001
    ));
#5328 = CARTESIAN_POINT('',(0.710005155653,-5.591823962254E-02,0.9600001
    ));
#5329 = CARTESIAN_POINT('',(0.703398736492,-5.00686925466E-02,0.9590001)
  );
#5330 = CARTESIAN_POINT('',(0.703398736492,-5.00686925466E-02,0.9600001)
  );
#5331 = CARTESIAN_POINT('',(0.695860470394,-4.497278919561E-02,0.9590001
    ));
#5332 = CARTESIAN_POINT('',(0.695860470394,-4.497278919561E-02,0.9600001
    ));
#5333 = CARTESIAN_POINT('',(0.687411405087,-4.064118786467E-02,0.9590001
    ));
#5334 = CARTESIAN_POINT('',(0.687411405087,-4.064118786467E-02,0.9600001
    ));
#5335 = CARTESIAN_POINT('',(0.678167454094,-3.678390068634E-02,0.9590001
    ));
#5336 = CARTESIAN_POINT('',(0.678167454094,-3.678390068634E-02,0.9600001
    ));
#5337 = CARTESIAN_POINT('',(0.667996608061,-3.378621869344E-02,0.9590001
    ));
#5338 = CARTESIAN_POINT('',(0.667996608061,-3.378621869344E-02,0.9600001
    ));
#5339 = CARTESIAN_POINT('',(0.657008528125,-3.141907321029E-02,0.9590001
    ));
#5340 = CARTESIAN_POINT('',(0.657008528125,-3.141907321029E-02,0.9600001
    ));
#5341 = CARTESIAN_POINT('',(0.645138445727,-2.969092726921E-02,0.9590001
    ));
#5342 = CARTESIAN_POINT('',(0.645138445727,-2.969092726921E-02,0.9600001
    ));
#5343 = CARTESIAN_POINT('',(0.632369870346,-2.879934028734E-02,0.9590001
    ));
#5344 = CARTESIAN_POINT('',(0.632369870346,-2.879934028734E-02,0.9600001
    ));
#5345 = CARTESIAN_POINT('',(0.623560370024,-2.862933365083E-02,0.9590001
    ));
#5346 = CARTESIAN_POINT('',(0.623560370024,-2.862933365083E-02,0.9600001
    ));
#5347 = CARTESIAN_POINT('',(0.619017754307,-2.8541669789E-02,0.9590001)
  );
#5348 = CARTESIAN_POINT('',(0.619017754307,-2.8541669789E-02,0.9600001)
  );
#5349 = ADVANCED_FACE('',(#5350),#5383,.T.);
#5350 = FACE_BOUND('',#5351,.T.);
#5351 = EDGE_LOOP('',(#5352,#5376,#5381,#5382));
#5352 = ORIENTED_EDGE('',*,*,#5353,.F.);
#5353 = EDGE_CURVE('',#5354,#5281,#5356,.T.);
#5354 = VERTEX_POINT('',#5355);
#5355 = CARTESIAN_POINT('',(0.629307388453,-0.205370938082,0.9600001));
#5356 = B_SPLINE_CURVE_WITH_KNOTS('',3,(#5357,#5358,#5359,#5360,#5361,
    #5362,#5363,#5364,#5365,#5366,#5367,#5368,#5369,#5370,#5371,#5372,
    #5373,#5374,#5375),.UNSPECIFIED.,.F.,.F.,(4,1,1,1,1,1,1,1,1,1,1,1,1,
    1,1,1,4),(0.,7.718224241162E-02,0.149766647666,0.218657503838,
    0.284370816441,0.346851686257,0.407296961065,0.466368771031,
    0.523908786456,0.58107692945,0.637749927047,0.693746853716,
    0.750901670802,0.809063829704,0.869845271995,0.933302960752,1.),
  .UNSPECIFIED.);
#5357 = CARTESIAN_POINT('',(0.629307388453,-0.205370938082,0.9600001));
#5358 = CARTESIAN_POINT('',(0.633280510116,-0.205305412223,0.9600001));
#5359 = CARTESIAN_POINT('',(0.640990069902,-0.205178263958,0.9600001));
#5360 = CARTESIAN_POINT('',(0.65219059807,-0.203978278351,0.9600001));
#5361 = CARTESIAN_POINT('',(0.662714590233,-0.202221107251,0.9600001));
#5362 = CARTESIAN_POINT('',(0.672546412736,-0.199667434594,0.9600001));
#5363 = CARTESIAN_POINT('',(0.681674499807,-0.196318078939,0.9600001));
#5364 = CARTESIAN_POINT('',(0.69011044253,-0.19221204196,0.9600001));
#5365 = CARTESIAN_POINT('',(0.697844428228,-0.187357197899,0.9600001));
#5366 = CARTESIAN_POINT('',(0.704844867991,-0.181769494224,0.9600001));
#5367 = CARTESIAN_POINT('',(0.711183747613,-0.175606238126,0.9600001));
#5368 = CARTESIAN_POINT('',(0.716582616118,-0.168707793369,0.9600001));
#5369 = CARTESIAN_POINT('',(0.721262290509,-0.161301667719,0.9600001));
#5370 = CARTESIAN_POINT('',(0.724908839734,-0.153254018639,0.9600001));
#5371 = CARTESIAN_POINT('',(0.727941901956,-0.144698806913,0.9600001));
#5372 = CARTESIAN_POINT('',(0.729987122936,-0.135519085774,0.9600001));
#5373 = CARTESIAN_POINT('',(0.731259633469,-0.125757721594,0.9600001));
#5374 = CARTESIAN_POINT('',(0.731379903243,-0.11905647673,0.9600001));
#5375 = CARTESIAN_POINT('',(0.731441534794,-0.115622462472,0.9600001));
#5376 = ORIENTED_EDGE('',*,*,#5377,.F.);
#5377 = EDGE_CURVE('',#4909,#5354,#5378,.T.);
#5378 = B_SPLINE_CURVE_WITH_KNOTS('',1,(#5379,#5380),.UNSPECIFIED.,.F.,
  .F.,(2,2),(0.,1.E-03),.PIECEWISE_BEZIER_KNOTS.);
#5379 = CARTESIAN_POINT('',(0.629307388453,-0.205370938082,0.9590001));
#5380 = CARTESIAN_POINT('',(0.629307388453,-0.205370938082,0.9600001));
#5381 = ORIENTED_EDGE('',*,*,#4908,.T.);
#5382 = ORIENTED_EDGE('',*,*,#5304,.T.);
#5383 = B_SPLINE_SURFACE_WITH_KNOTS('',3,1,(
    (#5384,#5385)
    ,(#5386,#5387)
    ,(#5388,#5389)
    ,(#5390,#5391)
    ,(#5392,#5393)
    ,(#5394,#5395)
    ,(#5396,#5397)
    ,(#5398,#5399)
    ,(#5400,#5401)
    ,(#5402,#5403)
    ,(#5404,#5405)
    ,(#5406,#5407)
    ,(#5408,#5409)
    ,(#5410,#5411)
    ,(#5412,#5413)
    ,(#5414,#5415)
    ,(#5416,#5417)
    ,(#5418,#5419)
    ,(#5420,#5421
    )),.UNSPECIFIED.,.F.,.F.,.F.,(4,1,1,1,1,1,1,1,1,1,1,1,1,1,1,1,4),(2,
    2),(0.,7.718224241162E-02,0.149766647666,0.218657503838,
    0.284370816441,0.346851686257,0.407296961065,0.466368771031,
    0.523908786456,0.58107692945,0.637749927047,0.693746853716,
    0.750901670802,0.809063829704,0.869845271995,0.933302960752,1.),(0.,
    1.),.UNSPECIFIED.);
#5384 = CARTESIAN_POINT('',(0.629307388453,-0.205370938082,0.9590001));
#5385 = CARTESIAN_POINT('',(0.629307388453,-0.205370938082,0.9600001));
#5386 = CARTESIAN_POINT('',(0.633280510116,-0.205305412223,0.9590001));
#5387 = CARTESIAN_POINT('',(0.633280510116,-0.205305412223,0.9600001));
#5388 = CARTESIAN_POINT('',(0.640990069902,-0.205178263958,0.9590001));
#5389 = CARTESIAN_POINT('',(0.640990069902,-0.205178263958,0.9600001));
#5390 = CARTESIAN_POINT('',(0.65219059807,-0.203978278351,0.9590001));
#5391 = CARTESIAN_POINT('',(0.65219059807,-0.203978278351,0.9600001));
#5392 = CARTESIAN_POINT('',(0.662714590233,-0.202221107251,0.9590001));
#5393 = CARTESIAN_POINT('',(0.662714590233,-0.202221107251,0.9600001));
#5394 = CARTESIAN_POINT('',(0.672546412736,-0.199667434594,0.9590001));
#5395 = CARTESIAN_POINT('',(0.672546412736,-0.199667434594,0.9600001));
#5396 = CARTESIAN_POINT('',(0.681674499807,-0.196318078939,0.9590001));
#5397 = CARTESIAN_POINT('',(0.681674499807,-0.196318078939,0.9600001));
#5398 = CARTESIAN_POINT('',(0.69011044253,-0.19221204196,0.9590001));
#5399 = CARTESIAN_POINT('',(0.69011044253,-0.19221204196,0.9600001));
#5400 = CARTESIAN_POINT('',(0.697844428228,-0.187357197899,0.9590001));
#5401 = CARTESIAN_POINT('',(0.697844428228,-0.187357197899,0.9600001));
#5402 = CARTESIAN_POINT('',(0.704844867991,-0.181769494224,0.9590001));
#5403 = CARTESIAN_POINT('',(0.704844867991,-0.181769494224,0.9600001));
#5404 = CARTESIAN_POINT('',(0.711183747613,-0.175606238126,0.9590001));
#5405 = CARTESIAN_POINT('',(0.711183747613,-0.175606238126,0.9600001));
#5406 = CARTESIAN_POINT('',(0.716582616118,-0.168707793369,0.9590001));
#5407 = CARTESIAN_POINT('',(0.716582616118,-0.168707793369,0.9600001));
#5408 = CARTESIAN_POINT('',(0.721262290509,-0.161301667719,0.9590001));
#5409 = CARTESIAN_POINT('',(0.721262290509,-0.161301667719,0.9600001));
#5410 = CARTESIAN_POINT('',(0.724908839734,-0.153254018639,0.9590001));
#5411 = CARTESIAN_POINT('',(0.724908839734,-0.153254018639,0.9600001));
#5412 = CARTESIAN_POINT('',(0.727941901956,-0.144698806913,0.9590001));
#5413 = CARTESIAN_POINT('',(0.727941901956,-0.144698806913,0.9600001));
#5414 = CARTESIAN_POINT('',(0.729987122936,-0.135519085774,0.9590001));
#5415 = CARTESIAN_POINT('',(0.729987122936,-0.135519085774,0.9600001));
#5416 = CARTESIAN_POINT('',(0.731259633469,-0.125757721594,0.9590001));
#5417 = CARTESIAN_POINT('',(0.731259633469,-0.125757721594,0.9600001));
#5418 = CARTESIAN_POINT('',(0.731379903243,-0.11905647673,0.9590001));
#5419 = CARTESIAN_POINT('',(0.731379903243,-0.11905647673,0.9600001));
#5420 = CARTESIAN_POINT('',(0.731441534794,-0.115622462472,0.9590001));
#5421 = CARTESIAN_POINT('',(0.731441534794,-0.115622462472,0.9600001));
#5422 = ADVANCED_FACE('',(#5423),#5439,.T.);
#5423 = FACE_BOUND('',#5424,.T.);
#5424 = EDGE_LOOP('',(#5425,#5432,#5437,#5438));
#5425 = ORIENTED_EDGE('',*,*,#5426,.F.);
#5426 = EDGE_CURVE('',#5427,#5354,#5429,.T.);
#5427 = VERTEX_POINT('',#5428);
#5428 = CARTESIAN_POINT('',(0.554612266502,-0.205370938082,0.9600001));
#5429 = B_SPLINE_CURVE_WITH_KNOTS('',1,(#5430,#5431),.UNSPECIFIED.,.F.,
  .F.,(2,2),(0.,7.469512195122E-02),.PIECEWISE_BEZIER_KNOTS.);
#5430 = CARTESIAN_POINT('',(0.554612266502,-0.205370938082,0.9600001));
#5431 = CARTESIAN_POINT('',(0.629307388453,-0.205370938082,0.9600001));
#5432 = ORIENTED_EDGE('',*,*,#5433,.F.);
#5433 = EDGE_CURVE('',#4933,#5427,#5434,.T.);
#5434 = B_SPLINE_CURVE_WITH_KNOTS('',1,(#5435,#5436),.UNSPECIFIED.,.F.,
  .F.,(2,2),(-2.559064071761E-13,1.E-03),.PIECEWISE_BEZIER_KNOTS.);
#5435 = CARTESIAN_POINT('',(0.554612266502,-0.205370938082,0.9590001));
#5436 = CARTESIAN_POINT('',(0.554612266502,-0.205370938082,0.9600001));
#5437 = ORIENTED_EDGE('',*,*,#4932,.T.);
#5438 = ORIENTED_EDGE('',*,*,#5377,.T.);
#5439 = B_SPLINE_SURFACE_WITH_KNOTS('',1,1,(
    (#5440,#5441)
    ,(#5442,#5443
    )),.UNSPECIFIED.,.F.,.F.,.F.,(2,2),(2,2),(-1.E-03,2.559064071761E-13
    ),(0.,7.469512195122E-02),.PIECEWISE_BEZIER_KNOTS.);
#5440 = CARTESIAN_POINT('',(0.554612266502,-0.205370938082,0.9600001));
#5441 = CARTESIAN_POINT('',(0.629307388453,-0.205370938082,0.9600001));
#5442 = CARTESIAN_POINT('',(0.554612266502,-0.205370938082,0.9590001));
#5443 = CARTESIAN_POINT('',(0.629307388453,-0.205370938082,0.9590001));
#5444 = ADVANCED_FACE('',(#5445),#5455,.T.);
#5445 = FACE_BOUND('',#5446,.T.);
#5446 = EDGE_LOOP('',(#5447,#5452,#5453,#5454));
#5447 = ORIENTED_EDGE('',*,*,#5448,.F.);
#5448 = EDGE_CURVE('',#5255,#5427,#5449,.T.);
#5449 = B_SPLINE_CURVE_WITH_KNOTS('',1,(#5450,#5451),.UNSPECIFIED.,.F.,
  .F.,(2,2),(0.,0.176829268293),.PIECEWISE_BEZIER_KNOTS.);
#5450 = CARTESIAN_POINT('',(0.554612266502,-2.8541669789E-02,0.9600001)
  );
#5451 = CARTESIAN_POINT('',(0.554612266502,-0.205370938082,0.9600001));
#5452 = ORIENTED_EDGE('',*,*,#5267,.F.);
#5453 = ORIENTED_EDGE('',*,*,#4939,.T.);
#5454 = ORIENTED_EDGE('',*,*,#5433,.T.);
#5455 = B_SPLINE_SURFACE_WITH_KNOTS('',1,1,(
    (#5456,#5457)
    ,(#5458,#5459
    )),.UNSPECIFIED.,.F.,.F.,.F.,(2,2),(2,2),(-2.559064071761E-13,1.E-03
    ),(-0.176829268293,0.),.PIECEWISE_BEZIER_KNOTS.);
#5456 = CARTESIAN_POINT('',(0.554612266502,-0.205370938082,0.9590001));
#5457 = CARTESIAN_POINT('',(0.554612266502,-2.8541669789E-02,0.9590001)
  );
#5458 = CARTESIAN_POINT('',(0.554612266502,-0.205370938082,0.9600001));
#5459 = CARTESIAN_POINT('',(0.554612266502,-2.8541669789E-02,0.9600001)
  );
#5460 = ADVANCED_FACE('',(#5461),#5468,.T.);
#5461 = FACE_BOUND('',#5462,.T.);
#5462 = EDGE_LOOP('',(#5463,#5464,#5465,#5466,#5467));
#5463 = ORIENTED_EDGE('',*,*,#5068,.T.);
#5464 = ORIENTED_EDGE('',*,*,#5040,.T.);
#5465 = ORIENTED_EDGE('',*,*,#5236,.T.);
#5466 = ORIENTED_EDGE('',*,*,#5214,.T.);
#5467 = ORIENTED_EDGE('',*,*,#5141,.T.);
#5468 = B_SPLINE_SURFACE_WITH_KNOTS('',1,1,(
    (#5469,#5470)
    ,(#5471,#5472
    )),.UNSPECIFIED.,.F.,.F.,.F.,(2,2),(2,2),(0.554612266502,
    0.707051290892),(2.633637899149E-02,0.184872964357),
  .PIECEWISE_BEZIER_KNOTS.);
#5469 = CARTESIAN_POINT('',(0.554612266502,2.633637899149E-02,0.9600001)
  );
#5470 = CARTESIAN_POINT('',(0.554612266502,0.184872964357,0.9600001));
#5471 = CARTESIAN_POINT('',(0.707051290892,2.633637899149E-02,0.9600001)
  );
#5472 = CARTESIAN_POINT('',(0.707051290892,0.184872964357,0.9600001));
#5473 = ADVANCED_FACE('',(#5474),#5496,.T.);
#5474 = FACE_BOUND('',#5475,.T.);
#5475 = EDGE_LOOP('',(#5476,#5477,#5484,#5491));
#5476 = ORIENTED_EDGE('',*,*,#355,.F.);
#5477 = ORIENTED_EDGE('',*,*,#5478,.F.);
#5478 = EDGE_CURVE('',#5479,#340,#5481,.T.);
#5479 = VERTEX_POINT('',#5480);
#5480 = CARTESIAN_POINT('',(8.510007137982E-02,-0.240431913691,0.9590001
    ));
#5481 = B_SPLINE_CURVE_WITH_KNOTS('',1,(#5482,#5483),.UNSPECIFIED.,.F.,
  .F.,(2,2),(0.,9.999999999999E-04),.PIECEWISE_BEZIER_KNOTS.);
#5482 = CARTESIAN_POINT('',(8.510007137982E-02,-0.240431913691,0.9590001
    ));
#5483 = CARTESIAN_POINT('',(8.510007137982E-02,-0.240431913691,0.9600001
    ));
#5484 = ORIENTED_EDGE('',*,*,#5485,.T.);
#5485 = EDGE_CURVE('',#5479,#5486,#5488,.T.);
#5486 = VERTEX_POINT('',#5487);
#5487 = CARTESIAN_POINT('',(8.510007137982E-02,-0.17335874296,0.9590001)
  );
#5488 = B_SPLINE_CURVE_WITH_KNOTS('',1,(#5489,#5490),.UNSPECIFIED.,.F.,
  .F.,(2,2),(0.,6.707317073171E-02),.PIECEWISE_BEZIER_KNOTS.);
#5489 = CARTESIAN_POINT('',(8.510007137982E-02,-0.240431913691,0.9590001
    ));
#5490 = CARTESIAN_POINT('',(8.510007137982E-02,-0.17335874296,0.9590001)
  );
#5491 = ORIENTED_EDGE('',*,*,#5492,.T.);
#5492 = EDGE_CURVE('',#5486,#356,#5493,.T.);
#5493 = B_SPLINE_CURVE_WITH_KNOTS('',1,(#5494,#5495),.UNSPECIFIED.,.F.,
  .F.,(2,2),(0.,1.E-03),.PIECEWISE_BEZIER_KNOTS.);
#5494 = CARTESIAN_POINT('',(8.510007137982E-02,-0.17335874296,0.9590001)
  );
#5495 = CARTESIAN_POINT('',(8.510007137982E-02,-0.17335874296,0.9600001)
  );
#5496 = B_SPLINE_SURFACE_WITH_KNOTS('',1,1,(
    (#5497,#5498)
    ,(#5499,#5500
    )),.UNSPECIFIED.,.F.,.F.,.F.,(2,2),(2,2),(-1.E-03,0.),(0.,
    6.707317073171E-02),.PIECEWISE_BEZIER_KNOTS.);
#5497 = CARTESIAN_POINT('',(8.510007137982E-02,-0.240431913691,0.9600001
    ));
#5498 = CARTESIAN_POINT('',(8.510007137982E-02,-0.17335874296,0.9600001)
  );
#5499 = CARTESIAN_POINT('',(8.510007137982E-02,-0.240431913691,0.9590001
    ));
#5500 = CARTESIAN_POINT('',(8.510007137982E-02,-0.17335874296,0.9590001)
  );
#5501 = ADVANCED_FACE('',(#5502),#5527,.T.);
#5502 = FACE_BOUND('',#5503,.T.);
#5503 = EDGE_LOOP('',(#5504,#5505,#5506,#5522));
#5504 = ORIENTED_EDGE('',*,*,#362,.F.);
#5505 = ORIENTED_EDGE('',*,*,#5492,.F.);
#5506 = ORIENTED_EDGE('',*,*,#5507,.T.);
#5507 = EDGE_CURVE('',#5486,#5508,#5510,.T.);
#5508 = VERTEX_POINT('',#5509);
#5509 = CARTESIAN_POINT('',(0.199810437233,-0.211468499057,0.9590001));
#5510 = B_SPLINE_CURVE_WITH_KNOTS('',3,(#5511,#5512,#5513,#5514,#5515,
    #5516,#5517,#5518,#5519,#5520,#5521),.UNSPECIFIED.,.F.,.F.,(4,1,1,1,
    1,1,1,1,4),(0.,0.127363481064,0.252591113639,0.37621931246,
    0.499459002015,0.621974255298,0.745876104789,0.871393005034,1.),
  .UNSPECIFIED.);
#5511 = CARTESIAN_POINT('',(8.510007137982E-02,-0.17335874296,0.9590001)
  );
#5512 = CARTESIAN_POINT('',(8.933486809463E-02,-0.176424249831,0.9590001
    ));
#5513 = CARTESIAN_POINT('',(9.773344521653E-02,-0.182503855917,0.9590001
    ));
#5514 = CARTESIAN_POINT('',(0.111166193047,-0.190148815518,0.9590001));
#5515 = CARTESIAN_POINT('',(0.12490771845,-0.196826888774,0.9590001));
#5516 = CARTESIAN_POINT('',(0.139133624214,-0.202094963449,0.9590001));
#5517 = CARTESIAN_POINT('',(0.153695460201,-0.206384591474,0.9590001));
#5518 = CARTESIAN_POINT('',(0.168693786696,-0.209263491071,0.9590001));
#5519 = CARTESIAN_POINT('',(0.184103913206,-0.211180135487,0.9590001));
#5520 = CARTESIAN_POINT('',(0.194532658752,-0.211371601803,0.9590001));
#5521 = CARTESIAN_POINT('',(0.199810437233,-0.211468499057,0.9590001));
#5522 = ORIENTED_EDGE('',*,*,#5523,.T.);
#5523 = EDGE_CURVE('',#5508,#363,#5524,.T.);
#5524 = B_SPLINE_CURVE_WITH_KNOTS('',1,(#5525,#5526),.UNSPECIFIED.,.F.,
  .F.,(2,2),(0.,1.E-03),.PIECEWISE_BEZIER_KNOTS.);
#5525 = CARTESIAN_POINT('',(0.199810437233,-0.211468499057,0.9590001));
#5526 = CARTESIAN_POINT('',(0.199810437233,-0.211468499057,0.9600001));
#5527 = B_SPLINE_SURFACE_WITH_KNOTS('',3,1,(
    (#5528,#5529)
    ,(#5530,#5531)
    ,(#5532,#5533)
    ,(#5534,#5535)
    ,(#5536,#5537)
    ,(#5538,#5539)
    ,(#5540,#5541)
    ,(#5542,#5543)
    ,(#5544,#5545)
    ,(#5546,#5547)
    ,(#5548,#5549
  )),.UNSPECIFIED.,.F.,.F.,.F.,(4,1,1,1,1,1,1,1,4),(2,2),(0.,
    0.127363481064,0.252591113639,0.37621931246,0.499459002015,
    0.621974255298,0.745876104789,0.871393005034,1.),(0.,1.),
  .UNSPECIFIED.);
#5528 = CARTESIAN_POINT('',(8.510007137982E-02,-0.17335874296,0.9590001)
  );
#5529 = CARTESIAN_POINT('',(8.510007137982E-02,-0.17335874296,0.9600001)
  );
#5530 = CARTESIAN_POINT('',(8.933486809463E-02,-0.176424249831,0.9590001
    ));
#5531 = CARTESIAN_POINT('',(8.933486809463E-02,-0.176424249831,0.9600001
    ));
#5532 = CARTESIAN_POINT('',(9.773344521653E-02,-0.182503855917,0.9590001
    ));
#5533 = CARTESIAN_POINT('',(9.773344521653E-02,-0.182503855917,0.9600001
    ));
#5534 = CARTESIAN_POINT('',(0.111166193047,-0.190148815518,0.9590001));
#5535 = CARTESIAN_POINT('',(0.111166193047,-0.190148815518,0.9600001));
#5536 = CARTESIAN_POINT('',(0.12490771845,-0.196826888774,0.9590001));
#5537 = CARTESIAN_POINT('',(0.12490771845,-0.196826888774,0.9600001));
#5538 = CARTESIAN_POINT('',(0.139133624214,-0.202094963449,0.9590001));
#5539 = CARTESIAN_POINT('',(0.139133624214,-0.202094963449,0.9600001));
#5540 = CARTESIAN_POINT('',(0.153695460201,-0.206384591474,0.9590001));
#5541 = CARTESIAN_POINT('',(0.153695460201,-0.206384591474,0.9600001));
#5542 = CARTESIAN_POINT('',(0.168693786696,-0.209263491071,0.9590001));
#5543 = CARTESIAN_POINT('',(0.168693786696,-0.209263491071,0.9600001));
#5544 = CARTESIAN_POINT('',(0.184103913206,-0.211180135487,0.9590001));
#5545 = CARTESIAN_POINT('',(0.184103913206,-0.211180135487,0.9600001));
#5546 = CARTESIAN_POINT('',(0.194532658752,-0.211371601803,0.9590001));
#5547 = CARTESIAN_POINT('',(0.194532658752,-0.211371601803,0.9600001));
#5548 = CARTESIAN_POINT('',(0.199810437233,-0.211468499057,0.9590001));
#5549 = CARTESIAN_POINT('',(0.199810437233,-0.211468499057,0.9600001));
#5550 = ADVANCED_FACE('',(#5551),#5584,.T.);
#5551 = FACE_BOUND('',#5552,.T.);
#5552 = EDGE_LOOP('',(#5553,#5554,#5555,#5579));
#5553 = ORIENTED_EDGE('',*,*,#378,.F.);
#5554 = ORIENTED_EDGE('',*,*,#5523,.F.);
#5555 = ORIENTED_EDGE('',*,*,#5556,.T.);
#5556 = EDGE_CURVE('',#5508,#5557,#5559,.T.);
#5557 = VERTEX_POINT('',#5558);
#5558 = CARTESIAN_POINT('',(0.310709827477,-0.120767279545,0.9590001));
#5559 = B_SPLINE_CURVE_WITH_KNOTS('',3,(#5560,#5561,#5562,#5563,#5564,
    #5565,#5566,#5567,#5568,#5569,#5570,#5571,#5572,#5573,#5574,#5575,
    #5576,#5577,#5578),.UNSPECIFIED.,.F.,.F.,(4,1,1,1,1,1,1,1,1,1,1,1,1,
    1,1,1,4),(0.,7.733697420573E-02,0.150849166917,0.22030879537,
    0.287435826093,0.351819865189,0.414134477718,0.474752461562,
    0.534709133275,0.594011797579,0.650911276537,0.706891518757,
    0.763123107803,0.819893930979,0.877713087713,0.937381595489,1.),
  .UNSPECIFIED.);
#5560 = CARTESIAN_POINT('',(0.199810437233,-0.211468499057,0.9590001));
#5561 = CARTESIAN_POINT('',(0.203973621273,-0.211399500254,0.9590001));
#5562 = CARTESIAN_POINT('',(0.2120940947,-0.211264915055,0.9590001));
#5563 = CARTESIAN_POINT('',(0.223905876255,-0.2101009681,0.9590001));
#5564 = CARTESIAN_POINT('',(0.235071612445,-0.208238075867,0.9590001));
#5565 = CARTESIAN_POINT('',(0.245534079684,-0.205438990805,0.9590001));
#5566 = CARTESIAN_POINT('',(0.255401358557,-0.202031610431,0.9590001));
#5567 = CARTESIAN_POINT('',(0.264616503558,-0.19788305121,0.9590001));
#5568 = CARTESIAN_POINT('',(0.273017779756,-0.192722246493,0.9590001));
#5569 = CARTESIAN_POINT('',(0.280885300537,-0.187059641347,0.9590001));
#5570 = CARTESIAN_POINT('',(0.287887498222,-0.18062960326,0.9590001));
#5571 = CARTESIAN_POINT('',(0.293940549398,-0.173588974848,0.9590001));
#5572 = CARTESIAN_POINT('',(0.299139151295,-0.166099814994,0.9590001));
#5573 = CARTESIAN_POINT('',(0.303484588221,-0.158081880974,0.9590001));
#5574 = CARTESIAN_POINT('',(0.306703385608,-0.149440080401,0.9590001));
#5575 = CARTESIAN_POINT('',(0.308959218111,-0.140325500885,0.9590001));
#5576 = CARTESIAN_POINT('',(0.310461962725,-0.130725131193,0.9590001));
#5577 = CARTESIAN_POINT('',(0.310625887785,-0.124139517798,0.9590001));
#5578 = CARTESIAN_POINT('',(0.310709827477,-0.120767279545,0.9590001));
#5579 = ORIENTED_EDGE('',*,*,#5580,.T.);
#5580 = EDGE_CURVE('',#5557,#379,#5581,.T.);
#5581 = B_SPLINE_CURVE_WITH_KNOTS('',1,(#5582,#5583),.UNSPECIFIED.,.F.,
  .F.,(2,2),(0.,1.E-03),.PIECEWISE_BEZIER_KNOTS.);
#5582 = CARTESIAN_POINT('',(0.310709827477,-0.120767279545,0.9590001));
#5583 = CARTESIAN_POINT('',(0.310709827477,-0.120767279545,0.9600001));
#5584 = B_SPLINE_SURFACE_WITH_KNOTS('',3,1,(
    (#5585,#5586)
    ,(#5587,#5588)
    ,(#5589,#5590)
    ,(#5591,#5592)
    ,(#5593,#5594)
    ,(#5595,#5596)
    ,(#5597,#5598)
    ,(#5599,#5600)
    ,(#5601,#5602)
    ,(#5603,#5604)
    ,(#5605,#5606)
    ,(#5607,#5608)
    ,(#5609,#5610)
    ,(#5611,#5612)
    ,(#5613,#5614)
    ,(#5615,#5616)
    ,(#5617,#5618)
    ,(#5619,#5620)
    ,(#5621,#5622
    )),.UNSPECIFIED.,.F.,.F.,.F.,(4,1,1,1,1,1,1,1,1,1,1,1,1,1,1,1,4),(2,
    2),(0.,7.733697420573E-02,0.150849166917,0.22030879537,
    0.287435826093,0.351819865189,0.414134477718,0.474752461562,
    0.534709133275,0.594011797579,0.650911276537,0.706891518757,
    0.763123107803,0.819893930979,0.877713087713,0.937381595489,1.),(0.,
    1.),.UNSPECIFIED.);
#5585 = CARTESIAN_POINT('',(0.199810437233,-0.211468499057,0.9590001));
#5586 = CARTESIAN_POINT('',(0.199810437233,-0.211468499057,0.9600001));
#5587 = CARTESIAN_POINT('',(0.203973621273,-0.211399500254,0.9590001));
#5588 = CARTESIAN_POINT('',(0.203973621273,-0.211399500254,0.9600001));
#5589 = CARTESIAN_POINT('',(0.2120940947,-0.211264915055,0.9590001));
#5590 = CARTESIAN_POINT('',(0.2120940947,-0.211264915055,0.9600001));
#5591 = CARTESIAN_POINT('',(0.223905876255,-0.2101009681,0.9590001));
#5592 = CARTESIAN_POINT('',(0.223905876255,-0.2101009681,0.9600001));
#5593 = CARTESIAN_POINT('',(0.235071612445,-0.208238075867,0.9590001));
#5594 = CARTESIAN_POINT('',(0.235071612445,-0.208238075867,0.9600001));
#5595 = CARTESIAN_POINT('',(0.245534079684,-0.205438990805,0.9590001));
#5596 = CARTESIAN_POINT('',(0.245534079684,-0.205438990805,0.9600001));
#5597 = CARTESIAN_POINT('',(0.255401358557,-0.202031610431,0.9590001));
#5598 = CARTESIAN_POINT('',(0.255401358557,-0.202031610431,0.9600001));
#5599 = CARTESIAN_POINT('',(0.264616503558,-0.19788305121,0.9590001));
#5600 = CARTESIAN_POINT('',(0.264616503558,-0.19788305121,0.9600001));
#5601 = CARTESIAN_POINT('',(0.273017779756,-0.192722246493,0.9590001));
#5602 = CARTESIAN_POINT('',(0.273017779756,-0.192722246493,0.9600001));
#5603 = CARTESIAN_POINT('',(0.280885300537,-0.187059641347,0.9590001));
#5604 = CARTESIAN_POINT('',(0.280885300537,-0.187059641347,0.9600001));
#5605 = CARTESIAN_POINT('',(0.287887498222,-0.18062960326,0.9590001));
#5606 = CARTESIAN_POINT('',(0.287887498222,-0.18062960326,0.9600001));
#5607 = CARTESIAN_POINT('',(0.293940549398,-0.173588974848,0.9590001));
#5608 = CARTESIAN_POINT('',(0.293940549398,-0.173588974848,0.9600001));
#5609 = CARTESIAN_POINT('',(0.299139151295,-0.166099814994,0.9590001));
#5610 = CARTESIAN_POINT('',(0.299139151295,-0.166099814994,0.9600001));
#5611 = CARTESIAN_POINT('',(0.303484588221,-0.158081880974,0.9590001));
#5612 = CARTESIAN_POINT('',(0.303484588221,-0.158081880974,0.9600001));
#5613 = CARTESIAN_POINT('',(0.306703385608,-0.149440080401,0.9590001));
#5614 = CARTESIAN_POINT('',(0.306703385608,-0.149440080401,0.9600001));
#5615 = CARTESIAN_POINT('',(0.308959218111,-0.140325500885,0.9590001));
#5616 = CARTESIAN_POINT('',(0.308959218111,-0.140325500885,0.9600001));
#5617 = CARTESIAN_POINT('',(0.310461962725,-0.130725131193,0.9590001));
#5618 = CARTESIAN_POINT('',(0.310461962725,-0.130725131193,0.9600001));
#5619 = CARTESIAN_POINT('',(0.310625887785,-0.124139517798,0.9590001));
#5620 = CARTESIAN_POINT('',(0.310625887785,-0.124139517798,0.9600001));
#5621 = CARTESIAN_POINT('',(0.310709827477,-0.120767279545,0.9590001));
#5622 = CARTESIAN_POINT('',(0.310709827477,-0.120767279545,0.9600001));
#5623 = ADVANCED_FACE('',(#5624),#5657,.T.);
#5624 = FACE_BOUND('',#5625,.T.);
#5625 = EDGE_LOOP('',(#5626,#5627,#5628,#5652));
#5626 = ORIENTED_EDGE('',*,*,#402,.F.);
#5627 = ORIENTED_EDGE('',*,*,#5580,.F.);
#5628 = ORIENTED_EDGE('',*,*,#5629,.T.);
#5629 = EDGE_CURVE('',#5557,#5630,#5632,.T.);
#5630 = VERTEX_POINT('',#5631);
#5631 = CARTESIAN_POINT('',(0.175324918941,-2.8541669789E-02,0.9590001)
  );
#5632 = B_SPLINE_CURVE_WITH_KNOTS('',3,(#5633,#5634,#5635,#5636,#5637,
    #5638,#5639,#5640,#5641,#5642,#5643,#5644,#5645,#5646,#5647,#5648,
    #5649,#5650,#5651),.UNSPECIFIED.,.F.,.F.,(4,1,1,1,1,1,1,1,1,1,1,1,1,
    1,1,1,4),(0.,6.002057354518E-02,0.116969155497,0.171159285567,
    0.223771653438,0.274736862246,0.326278198879,0.378444669956,
    0.432140924703,0.488900223827,0.548263421403,0.611779093552,
    0.67926976691,0.75171776475,0.829180276745,0.911856595666,1.),
  .UNSPECIFIED.);
#5633 = CARTESIAN_POINT('',(0.310709827477,-0.120767279545,0.9590001));
#5634 = CARTESIAN_POINT('',(0.310586912312,-0.117047337082,0.9590001));
#5635 = CARTESIAN_POINT('',(0.310347373064,-0.109797847405,0.9590001));
#5636 = CARTESIAN_POINT('',(0.308869257871,-9.926048409812E-02,0.9590001
    ));
#5637 = CARTESIAN_POINT('',(0.30615522772,-8.945603408095E-02,0.9590001)
  );
#5638 = CARTESIAN_POINT('',(0.302490489787,-8.035662635229E-02,0.9590001
    ));
#5639 = CARTESIAN_POINT('',(0.297599745574,-7.204448451811E-02,0.9590001
    ));
#5640 = CARTESIAN_POINT('',(0.291799985865,-6.437875145207E-02,0.9590001
    ));
#5641 = CARTESIAN_POINT('',(0.284862542889,-5.747270707547E-02,0.9590001
    ));
#5642 = CARTESIAN_POINT('',(0.276842526068,-5.13233878699E-02,0.9590001)
  );
#5643 = CARTESIAN_POINT('',(0.267776912066,-4.593540741877E-02,0.9590001
    ));
#5644 = CARTESIAN_POINT('',(0.257671900903,-4.120330091074E-02,0.9590001
    ));
#5645 = CARTESIAN_POINT('',(0.246479015271,-3.742516920699E-02,0.9590001
    ));
#5646 = CARTESIAN_POINT('',(0.234336495881,-3.397324275307E-02,0.9590001
    ));
#5647 = CARTESIAN_POINT('',(0.221049238778,-3.162570811929E-02,0.9590001
    ));
#5648 = CARTESIAN_POINT('',(0.206745707136,-2.978609198519E-02,0.9590001
    ));
#5649 = CARTESIAN_POINT('',(0.19137720369,-2.877288944132E-02,0.9590001)
  );
#5650 = CARTESIAN_POINT('',(0.180788642824,-2.862037013331E-02,0.9590001
    ));
#5651 = CARTESIAN_POINT('',(0.175324918941,-2.8541669789E-02,0.9590001)
  );
#5652 = ORIENTED_EDGE('',*,*,#5653,.T.);
#5653 = EDGE_CURVE('',#5630,#403,#5654,.T.);
#5654 = B_SPLINE_CURVE_WITH_KNOTS('',1,(#5655,#5656),.UNSPECIFIED.,.F.,
  .F.,(2,2),(0.,1.E-03),.PIECEWISE_BEZIER_KNOTS.);
#5655 = CARTESIAN_POINT('',(0.175324918941,-2.8541669789E-02,0.9590001)
  );
#5656 = CARTESIAN_POINT('',(0.175324918941,-2.8541669789E-02,0.9600001)
  );
#5657 = B_SPLINE_SURFACE_WITH_KNOTS('',3,1,(
    (#5658,#5659)
    ,(#5660,#5661)
    ,(#5662,#5663)
    ,(#5664,#5665)
    ,(#5666,#5667)
    ,(#5668,#5669)
    ,(#5670,#5671)
    ,(#5672,#5673)
    ,(#5674,#5675)
    ,(#5676,#5677)
    ,(#5678,#5679)
    ,(#5680,#5681)
    ,(#5682,#5683)
    ,(#5684,#5685)
    ,(#5686,#5687)
    ,(#5688,#5689)
    ,(#5690,#5691)
    ,(#5692,#5693)
    ,(#5694,#5695
    )),.UNSPECIFIED.,.F.,.F.,.F.,(4,1,1,1,1,1,1,1,1,1,1,1,1,1,1,1,4),(2,
    2),(0.,6.002057354518E-02,0.116969155497,0.171159285567,
    0.223771653438,0.274736862246,0.326278198879,0.378444669956,
    0.432140924703,0.488900223827,0.548263421403,0.611779093552,
    0.67926976691,0.75171776475,0.829180276745,0.911856595666,1.),(0.,1.
    ),.UNSPECIFIED.);
#5658 = CARTESIAN_POINT('',(0.310709827477,-0.120767279545,0.9590001));
#5659 = CARTESIAN_POINT('',(0.310709827477,-0.120767279545,0.9600001));
#5660 = CARTESIAN_POINT('',(0.310586912312,-0.117047337082,0.9590001));
#5661 = CARTESIAN_POINT('',(0.310586912312,-0.117047337082,0.9600001));
#5662 = CARTESIAN_POINT('',(0.310347373064,-0.109797847405,0.9590001));
#5663 = CARTESIAN_POINT('',(0.310347373064,-0.109797847405,0.9600001));
#5664 = CARTESIAN_POINT('',(0.308869257871,-9.926048409812E-02,0.9590001
    ));
#5665 = CARTESIAN_POINT('',(0.308869257871,-9.926048409812E-02,0.9600001
    ));
#5666 = CARTESIAN_POINT('',(0.30615522772,-8.945603408095E-02,0.9590001)
  );
#5667 = CARTESIAN_POINT('',(0.30615522772,-8.945603408095E-02,0.9600001)
  );
#5668 = CARTESIAN_POINT('',(0.302490489787,-8.035662635229E-02,0.9590001
    ));
#5669 = CARTESIAN_POINT('',(0.302490489787,-8.035662635229E-02,0.9600001
    ));
#5670 = CARTESIAN_POINT('',(0.297599745574,-7.204448451811E-02,0.9590001
    ));
#5671 = CARTESIAN_POINT('',(0.297599745574,-7.204448451811E-02,0.9600001
    ));
#5672 = CARTESIAN_POINT('',(0.291799985865,-6.437875145207E-02,0.9590001
    ));
#5673 = CARTESIAN_POINT('',(0.291799985865,-6.437875145207E-02,0.9600001
    ));
#5674 = CARTESIAN_POINT('',(0.284862542889,-5.747270707547E-02,0.9590001
    ));
#5675 = CARTESIAN_POINT('',(0.284862542889,-5.747270707547E-02,0.9600001
    ));
#5676 = CARTESIAN_POINT('',(0.276842526068,-5.13233878699E-02,0.9590001)
  );
#5677 = CARTESIAN_POINT('',(0.276842526068,-5.13233878699E-02,0.9600001)
  );
#5678 = CARTESIAN_POINT('',(0.267776912066,-4.593540741877E-02,0.9590001
    ));
#5679 = CARTESIAN_POINT('',(0.267776912066,-4.593540741877E-02,0.9600001
    ));
#5680 = CARTESIAN_POINT('',(0.257671900903,-4.120330091074E-02,0.9590001
    ));
#5681 = CARTESIAN_POINT('',(0.257671900903,-4.120330091074E-02,0.9600001
    ));
#5682 = CARTESIAN_POINT('',(0.246479015271,-3.742516920699E-02,0.9590001
    ));
#5683 = CARTESIAN_POINT('',(0.246479015271,-3.742516920699E-02,0.9600001
    ));
#5684 = CARTESIAN_POINT('',(0.234336495881,-3.397324275307E-02,0.9590001
    ));
#5685 = CARTESIAN_POINT('',(0.234336495881,-3.397324275307E-02,0.9600001
    ));
#5686 = CARTESIAN_POINT('',(0.221049238778,-3.162570811929E-02,0.9590001
    ));
#5687 = CARTESIAN_POINT('',(0.221049238778,-3.162570811929E-02,0.9600001
    ));
#5688 = CARTESIAN_POINT('',(0.206745707136,-2.978609198519E-02,0.9590001
    ));
#5689 = CARTESIAN_POINT('',(0.206745707136,-2.978609198519E-02,0.9600001
    ));
#5690 = CARTESIAN_POINT('',(0.19137720369,-2.877288944132E-02,0.9590001)
  );
#5691 = CARTESIAN_POINT('',(0.19137720369,-2.877288944132E-02,0.9600001)
  );
#5692 = CARTESIAN_POINT('',(0.180788642824,-2.862037013331E-02,0.9590001
    ));
#5693 = CARTESIAN_POINT('',(0.180788642824,-2.862037013331E-02,0.9600001
    ));
#5694 = CARTESIAN_POINT('',(0.175324918941,-2.8541669789E-02,0.9590001)
  );
#5695 = CARTESIAN_POINT('',(0.175324918941,-2.8541669789E-02,0.9600001)
  );
#5696 = ADVANCED_FACE('',(#5697),#5713,.T.);
#5697 = FACE_BOUND('',#5698,.T.);
#5698 = EDGE_LOOP('',(#5699,#5700,#5701,#5708));
#5699 = ORIENTED_EDGE('',*,*,#426,.F.);
#5700 = ORIENTED_EDGE('',*,*,#5653,.F.);
#5701 = ORIENTED_EDGE('',*,*,#5702,.T.);
#5702 = EDGE_CURVE('',#5630,#5703,#5705,.T.);
#5703 = VERTEX_POINT('',#5704);
#5704 = CARTESIAN_POINT('',(0.133880559185,-2.8541669789E-02,0.9590001)
  );
#5705 = B_SPLINE_CURVE_WITH_KNOTS('',1,(#5706,#5707),.UNSPECIFIED.,.F.,
  .F.,(2,2),(0.,4.14443597561E-02),.PIECEWISE_BEZIER_KNOTS.);
#5706 = CARTESIAN_POINT('',(0.175324918941,-2.8541669789E-02,0.9590001)
  );
#5707 = CARTESIAN_POINT('',(0.133880559185,-2.8541669789E-02,0.9590001)
  );
#5708 = ORIENTED_EDGE('',*,*,#5709,.T.);
#5709 = EDGE_CURVE('',#5703,#427,#5710,.T.);
#5710 = B_SPLINE_CURVE_WITH_KNOTS('',1,(#5711,#5712),.UNSPECIFIED.,.F.,
  .F.,(2,2),(0.,1.E-03),.PIECEWISE_BEZIER_KNOTS.);
#5711 = CARTESIAN_POINT('',(0.133880559185,-2.8541669789E-02,0.9590001)
  );
#5712 = CARTESIAN_POINT('',(0.133880559185,-2.8541669789E-02,0.9600001)
  );
#5713 = B_SPLINE_SURFACE_WITH_KNOTS('',1,1,(
    (#5714,#5715)
    ,(#5716,#5717
    )),.UNSPECIFIED.,.F.,.F.,.F.,(2,2),(2,2),(0.,1.E-03),(
    -4.14443597561E-02,0.),.PIECEWISE_BEZIER_KNOTS.);
#5714 = CARTESIAN_POINT('',(0.133880559185,-2.8541669789E-02,0.9590001)
  );
#5715 = CARTESIAN_POINT('',(0.175324918941,-2.8541669789E-02,0.9590001)
  );
#5716 = CARTESIAN_POINT('',(0.133880559185,-2.8541669789E-02,0.9600001)
  );
#5717 = CARTESIAN_POINT('',(0.175324918941,-2.8541669789E-02,0.9600001)
  );
#5718 = ADVANCED_FACE('',(#5719),#5735,.T.);
#5719 = FACE_BOUND('',#5720,.T.);
#5720 = EDGE_LOOP('',(#5721,#5722,#5723,#5730));
#5721 = ORIENTED_EDGE('',*,*,#433,.F.);
#5722 = ORIENTED_EDGE('',*,*,#5709,.F.);
#5723 = ORIENTED_EDGE('',*,*,#5724,.T.);
#5724 = EDGE_CURVE('',#5703,#5725,#5727,.T.);
#5725 = VERTEX_POINT('',#5726);
#5726 = CARTESIAN_POINT('',(0.133880559185,2.633637899149E-02,0.9590001)
  );
#5727 = B_SPLINE_CURVE_WITH_KNOTS('',1,(#5728,#5729),.UNSPECIFIED.,.F.,
  .F.,(2,2),(0.,5.487804878049E-02),.PIECEWISE_BEZIER_KNOTS.);
#5728 = CARTESIAN_POINT('',(0.133880559185,-2.8541669789E-02,0.9590001)
  );
#5729 = CARTESIAN_POINT('',(0.133880559185,2.633637899149E-02,0.9590001)
  );
#5730 = ORIENTED_EDGE('',*,*,#5731,.T.);
#5731 = EDGE_CURVE('',#5725,#434,#5732,.T.);
#5732 = B_SPLINE_CURVE_WITH_KNOTS('',1,(#5733,#5734),.UNSPECIFIED.,.F.,
  .F.,(2,2),(0.,1.E-03),.PIECEWISE_BEZIER_KNOTS.);
#5733 = CARTESIAN_POINT('',(0.133880559185,2.633637899149E-02,0.9590001)
  );
#5734 = CARTESIAN_POINT('',(0.133880559185,2.633637899149E-02,0.9600001)
  );
#5735 = B_SPLINE_SURFACE_WITH_KNOTS('',1,1,(
    (#5736,#5737)
    ,(#5738,#5739
    )),.UNSPECIFIED.,.F.,.F.,.F.,(2,2),(2,2),(-1.E-03,0.),(0.,
    5.487804878049E-02),.PIECEWISE_BEZIER_KNOTS.);
#5736 = CARTESIAN_POINT('',(0.133880559185,-2.8541669789E-02,0.9600001)
  );
#5737 = CARTESIAN_POINT('',(0.133880559185,2.633637899149E-02,0.9600001)
  );
#5738 = CARTESIAN_POINT('',(0.133880559185,-2.8541669789E-02,0.9590001)
  );
#5739 = CARTESIAN_POINT('',(0.133880559185,2.633637899149E-02,0.9590001)
  );
#5740 = ADVANCED_FACE('',(#5741),#5757,.T.);
#5741 = FACE_BOUND('',#5742,.T.);
#5742 = EDGE_LOOP('',(#5743,#5744,#5745,#5752));
#5743 = ORIENTED_EDGE('',*,*,#440,.F.);
#5744 = ORIENTED_EDGE('',*,*,#5731,.F.);
#5745 = ORIENTED_EDGE('',*,*,#5746,.T.);
#5746 = EDGE_CURVE('',#5725,#5747,#5749,.T.);
#5747 = VERTEX_POINT('',#5748);
#5748 = CARTESIAN_POINT('',(0.173228882355,2.633637899149E-02,0.9590001)
  );
#5749 = B_SPLINE_CURVE_WITH_KNOTS('',1,(#5750,#5751),.UNSPECIFIED.,.F.,
  .F.,(2,2),(0.,3.934832317073E-02),.PIECEWISE_BEZIER_KNOTS.);
#5750 = CARTESIAN_POINT('',(0.133880559185,2.633637899149E-02,0.9590001)
  );
#5751 = CARTESIAN_POINT('',(0.173228882355,2.633637899149E-02,0.9590001)
  );
#5752 = ORIENTED_EDGE('',*,*,#5753,.T.);
#5753 = EDGE_CURVE('',#5747,#441,#5754,.T.);
#5754 = B_SPLINE_CURVE_WITH_KNOTS('',1,(#5755,#5756),.UNSPECIFIED.,.F.,
  .F.,(2,2),(0.,1.E-03),.PIECEWISE_BEZIER_KNOTS.);
#5755 = CARTESIAN_POINT('',(0.173228882355,2.633637899149E-02,0.9590001)
  );
#5756 = CARTESIAN_POINT('',(0.173228882355,2.633637899149E-02,0.9600001)
  );
#5757 = B_SPLINE_SURFACE_WITH_KNOTS('',1,1,(
    (#5758,#5759)
    ,(#5760,#5761
    )),.UNSPECIFIED.,.F.,.F.,.F.,(2,2),(2,2),(-1.E-03,0.),(0.,
    3.934832317073E-02),.PIECEWISE_BEZIER_KNOTS.);
#5758 = CARTESIAN_POINT('',(0.133880559185,2.633637899149E-02,0.9600001)
  );
#5759 = CARTESIAN_POINT('',(0.173228882355,2.633637899149E-02,0.9600001)
  );
#5760 = CARTESIAN_POINT('',(0.133880559185,2.633637899149E-02,0.9590001)
  );
#5761 = CARTESIAN_POINT('',(0.173228882355,2.633637899149E-02,0.9590001)
  );
#5762 = ADVANCED_FACE('',(#5763),#5796,.T.);
#5763 = FACE_BOUND('',#5764,.T.);
#5764 = EDGE_LOOP('',(#5765,#5766,#5767,#5791));
#5765 = ORIENTED_EDGE('',*,*,#447,.F.);
#5766 = ORIENTED_EDGE('',*,*,#5753,.F.);
#5767 = ORIENTED_EDGE('',*,*,#5768,.T.);
#5768 = EDGE_CURVE('',#5747,#5769,#5771,.T.);
#5769 = VERTEX_POINT('',#5770);
#5770 = CARTESIAN_POINT('',(0.292417144551,0.111892781431,0.9590001));
#5771 = B_SPLINE_CURVE_WITH_KNOTS('',3,(#5772,#5773,#5774,#5775,#5776,
    #5777,#5778,#5779,#5780,#5781,#5782,#5783,#5784,#5785,#5786,#5787,
    #5788,#5789,#5790),.UNSPECIFIED.,.F.,.F.,(4,1,1,1,1,1,1,1,1,1,1,1,1,
    1,1,1,4),(0.,8.618663153815E-02,0.167408546492,0.243421104209,
    0.314365056757,0.381375116367,0.443481059158,0.502680506618,
    0.558869561353,0.612869332998,0.665343369923,0.717152460157,
    0.769747337338,0.823575014558,0.879482359892,0.937742227913,1.),
  .UNSPECIFIED.);
#5772 = CARTESIAN_POINT('',(0.173228882355,2.633637899149E-02,0.9590001)
  );
#5773 = CARTESIAN_POINT('',(0.178025289918,2.642514712491E-02,0.9590001)
  );
#5774 = CARTESIAN_POINT('',(0.187341811567,2.659756996966E-02,0.9590001)
  );
#5775 = CARTESIAN_POINT('',(0.200873234581,2.747803775723E-02,0.9590001)
  );
#5776 = CARTESIAN_POINT('',(0.213456529746,2.924607535997E-02,0.9590001)
  );
#5777 = CARTESIAN_POINT('',(0.225171471132,3.144716604264E-02,0.9590001)
  );
#5778 = CARTESIAN_POINT('',(0.235889855863,3.451478215022E-02,0.9590001)
  );
#5779 = CARTESIAN_POINT('',(0.245748247458,3.810920033451E-02,0.9590001)
  );
#5780 = CARTESIAN_POINT('',(0.254635809292,4.248106195567E-02,0.9590001)
  );
#5781 = CARTESIAN_POINT('',(0.262570579271,4.759224393206E-02,0.9590001)
  );
#5782 = CARTESIAN_POINT('',(0.269753894943,5.315228788024E-02,0.9590001)
  );
#5783 = CARTESIAN_POINT('',(0.275734061207,5.965995694751E-02,0.9590001)
  );
#5784 = CARTESIAN_POINT('',(0.281005624221,6.664693156925E-02,0.9590001)
  );
#5785 = CARTESIAN_POINT('',(0.285180688014,7.443758105034E-02,0.9590001)
  );
#5786 = CARTESIAN_POINT('',(0.288449559937,8.288630188922E-02,0.9590001)
  );
#5787 = CARTESIAN_POINT('',(0.29067064788,9.198636022963E-02,0.9590001)
  );
#5788 = CARTESIAN_POINT('',(0.29217906532,0.10171210937,0.9590001));
#5789 = CARTESIAN_POINT('',(0.292336048946,0.10842499573,0.9590001));
#5790 = CARTESIAN_POINT('',(0.292417144551,0.111892781431,0.9590001));
#5791 = ORIENTED_EDGE('',*,*,#5792,.T.);
#5792 = EDGE_CURVE('',#5769,#448,#5793,.T.);
#5793 = B_SPLINE_CURVE_WITH_KNOTS('',1,(#5794,#5795),.UNSPECIFIED.,.F.,
  .F.,(2,2),(0.,1.E-03),.PIECEWISE_BEZIER_KNOTS.);
#5794 = CARTESIAN_POINT('',(0.292417144551,0.111892781431,0.9590001));
#5795 = CARTESIAN_POINT('',(0.292417144551,0.111892781431,0.9600001));
#5796 = B_SPLINE_SURFACE_WITH_KNOTS('',3,1,(
    (#5797,#5798)
    ,(#5799,#5800)
    ,(#5801,#5802)
    ,(#5803,#5804)
    ,(#5805,#5806)
    ,(#5807,#5808)
    ,(#5809,#5810)
    ,(#5811,#5812)
    ,(#5813,#5814)
    ,(#5815,#5816)
    ,(#5817,#5818)
    ,(#5819,#5820)
    ,(#5821,#5822)
    ,(#5823,#5824)
    ,(#5825,#5826)
    ,(#5827,#5828)
    ,(#5829,#5830)
    ,(#5831,#5832)
    ,(#5833,#5834
    )),.UNSPECIFIED.,.F.,.F.,.F.,(4,1,1,1,1,1,1,1,1,1,1,1,1,1,1,1,4),(2,
    2),(0.,8.618663153815E-02,0.167408546492,0.243421104209,
    0.314365056757,0.381375116367,0.443481059158,0.502680506618,
    0.558869561353,0.612869332998,0.665343369923,0.717152460157,
    0.769747337338,0.823575014558,0.879482359892,0.937742227913,1.),(0.,
    1.),.UNSPECIFIED.);
#5797 = CARTESIAN_POINT('',(0.173228882355,2.633637899149E-02,0.9590001)
  );
#5798 = CARTESIAN_POINT('',(0.173228882355,2.633637899149E-02,0.9600001)
  );
#5799 = CARTESIAN_POINT('',(0.178025289918,2.642514712491E-02,0.9590001)
  );
#5800 = CARTESIAN_POINT('',(0.178025289918,2.642514712491E-02,0.9600001)
  );
#5801 = CARTESIAN_POINT('',(0.187341811567,2.659756996966E-02,0.9590001)
  );
#5802 = CARTESIAN_POINT('',(0.187341811567,2.659756996966E-02,0.9600001)
  );
#5803 = CARTESIAN_POINT('',(0.200873234581,2.747803775723E-02,0.9590001)
  );
#5804 = CARTESIAN_POINT('',(0.200873234581,2.747803775723E-02,0.9600001)
  );
#5805 = CARTESIAN_POINT('',(0.213456529746,2.924607535997E-02,0.9590001)
  );
#5806 = CARTESIAN_POINT('',(0.213456529746,2.924607535997E-02,0.9600001)
  );
#5807 = CARTESIAN_POINT('',(0.225171471132,3.144716604264E-02,0.9590001)
  );
#5808 = CARTESIAN_POINT('',(0.225171471132,3.144716604264E-02,0.9600001)
  );
#5809 = CARTESIAN_POINT('',(0.235889855863,3.451478215022E-02,0.9590001)
  );
#5810 = CARTESIAN_POINT('',(0.235889855863,3.451478215022E-02,0.9600001)
  );
#5811 = CARTESIAN_POINT('',(0.245748247458,3.810920033451E-02,0.9590001)
  );
#5812 = CARTESIAN_POINT('',(0.245748247458,3.810920033451E-02,0.9600001)
  );
#5813 = CARTESIAN_POINT('',(0.254635809292,4.248106195567E-02,0.9590001)
  );
#5814 = CARTESIAN_POINT('',(0.254635809292,4.248106195567E-02,0.9600001)
  );
#5815 = CARTESIAN_POINT('',(0.262570579271,4.759224393206E-02,0.9590001)
  );
#5816 = CARTESIAN_POINT('',(0.262570579271,4.759224393206E-02,0.9600001)
  );
#5817 = CARTESIAN_POINT('',(0.269753894943,5.315228788024E-02,0.9590001)
  );
#5818 = CARTESIAN_POINT('',(0.269753894943,5.315228788024E-02,0.9600001)
  );
#5819 = CARTESIAN_POINT('',(0.275734061207,5.965995694751E-02,0.9590001)
  );
#5820 = CARTESIAN_POINT('',(0.275734061207,5.965995694751E-02,0.9600001)
  );
#5821 = CARTESIAN_POINT('',(0.281005624221,6.664693156925E-02,0.9590001)
  );
#5822 = CARTESIAN_POINT('',(0.281005624221,6.664693156925E-02,0.9600001)
  );
#5823 = CARTESIAN_POINT('',(0.285180688014,7.443758105034E-02,0.9590001)
  );
#5824 = CARTESIAN_POINT('',(0.285180688014,7.443758105034E-02,0.9600001)
  );
#5825 = CARTESIAN_POINT('',(0.288449559937,8.288630188922E-02,0.9590001)
  );
#5826 = CARTESIAN_POINT('',(0.288449559937,8.288630188922E-02,0.9600001)
  );
#5827 = CARTESIAN_POINT('',(0.29067064788,9.198636022963E-02,0.9590001)
  );
#5828 = CARTESIAN_POINT('',(0.29067064788,9.198636022963E-02,0.9600001)
  );
#5829 = CARTESIAN_POINT('',(0.29217906532,0.10171210937,0.9590001));
#5830 = CARTESIAN_POINT('',(0.29217906532,0.10171210937,0.9600001));
#5831 = CARTESIAN_POINT('',(0.292336048946,0.10842499573,0.9590001));
#5832 = CARTESIAN_POINT('',(0.292336048946,0.10842499573,0.9600001));
#5833 = CARTESIAN_POINT('',(0.292417144551,0.111892781431,0.9590001));
#5834 = CARTESIAN_POINT('',(0.292417144551,0.111892781431,0.9600001));
#5835 = ADVANCED_FACE('',(#5836),#5869,.T.);
#5836 = FACE_BOUND('',#5837,.T.);
#5837 = EDGE_LOOP('',(#5838,#5839,#5840,#5864));
#5838 = ORIENTED_EDGE('',*,*,#471,.F.);
#5839 = ORIENTED_EDGE('',*,*,#5792,.F.);
#5840 = ORIENTED_EDGE('',*,*,#5841,.T.);
#5841 = EDGE_CURVE('',#5769,#5842,#5844,.T.);
#5842 = VERTEX_POINT('',#5843);
#5843 = CARTESIAN_POINT('',(0.201430101868,0.190970525333,0.9590001));
#5844 = B_SPLINE_CURVE_WITH_KNOTS('',3,(#5845,#5846,#5847,#5848,#5849,
    #5850,#5851,#5852,#5853,#5854,#5855,#5856,#5857,#5858,#5859,#5860,
    #5861,#5862,#5863),.UNSPECIFIED.,.F.,.F.,(4,1,1,1,1,1,1,1,1,1,1,1,1,
    1,1,1,4),(0.,6.973163101912E-02,0.135022043731,0.196455467585,
    0.255143211292,0.311670583287,0.366449150947,0.42042690242,
    0.475061928107,0.529701309091,0.586610471216,0.645875200874,
    0.708486492023,0.774577466207,0.845123350345,0.919948162404,1.),
  .UNSPECIFIED.);
#5845 = CARTESIAN_POINT('',(0.292417144551,0.111892781431,0.9590001));
#5846 = CARTESIAN_POINT('',(0.292339246102,0.115102894645,0.9590001));
#5847 = CARTESIAN_POINT('',(0.292188410568,0.12131866847,0.9590001));
#5848 = CARTESIAN_POINT('',(0.291164840927,0.13032094299,0.9590001));
#5849 = CARTESIAN_POINT('',(0.289335015703,0.138671656875,0.9590001));
#5850 = CARTESIAN_POINT('',(0.286860182565,0.146430013831,0.9590001));
#5851 = CARTESIAN_POINT('',(0.283743685884,0.153625914544,0.9590001));
#5852 = CARTESIAN_POINT('',(0.279821138698,0.160179243121,0.9590001));
#5853 = CARTESIAN_POINT('',(0.275044807153,0.166009851757,0.9590001));
#5854 = CARTESIAN_POINT('',(0.269772971024,0.171391016947,0.9590001));
#5855 = CARTESIAN_POINT('',(0.263636608088,0.176004036533,0.9590001));
#5856 = CARTESIAN_POINT('',(0.256843337885,0.179985231,0.9590001));
#5857 = CARTESIAN_POINT('',(0.249366045547,0.183466608944,0.9590001));
#5858 = CARTESIAN_POINT('',(0.241128966335,0.186160527384,0.9590001));
#5859 = CARTESIAN_POINT('',(0.23222315681,0.188398611483,0.9590001));
#5860 = CARTESIAN_POINT('',(0.22258622778,0.189841182082,0.9590001));
#5861 = CARTESIAN_POINT('',(0.212249415564,0.190852002647,0.9590001));
#5862 = CARTESIAN_POINT('',(0.205116780963,0.19093013875,0.9590001));
#5863 = CARTESIAN_POINT('',(0.201430101868,0.190970525333,0.9590001));
#5864 = ORIENTED_EDGE('',*,*,#5865,.T.);
#5865 = EDGE_CURVE('',#5842,#472,#5866,.T.);
#5866 = B_SPLINE_CURVE_WITH_KNOTS('',1,(#5867,#5868),.UNSPECIFIED.,.F.,
  .F.,(2,2),(0.,1.E-03),.PIECEWISE_BEZIER_KNOTS.);
#5867 = CARTESIAN_POINT('',(0.201430101868,0.190970525333,0.9590001));
#5868 = CARTESIAN_POINT('',(0.201430101868,0.190970525333,0.9600001));
#5869 = B_SPLINE_SURFACE_WITH_KNOTS('',3,1,(
    (#5870,#5871)
    ,(#5872,#5873)
    ,(#5874,#5875)
    ,(#5876,#5877)
    ,(#5878,#5879)
    ,(#5880,#5881)
    ,(#5882,#5883)
    ,(#5884,#5885)
    ,(#5886,#5887)
    ,(#5888,#5889)
    ,(#5890,#5891)
    ,(#5892,#5893)
    ,(#5894,#5895)
    ,(#5896,#5897)
    ,(#5898,#5899)
    ,(#5900,#5901)
    ,(#5902,#5903)
    ,(#5904,#5905)
    ,(#5906,#5907
    )),.UNSPECIFIED.,.F.,.F.,.F.,(4,1,1,1,1,1,1,1,1,1,1,1,1,1,1,1,4),(2,
    2),(0.,6.973163101912E-02,0.135022043731,0.196455467585,
    0.255143211292,0.311670583287,0.366449150947,0.42042690242,
    0.475061928107,0.529701309091,0.586610471216,0.645875200874,
    0.708486492023,0.774577466207,0.845123350345,0.919948162404,1.),(0.,
    1.),.UNSPECIFIED.);
#5870 = CARTESIAN_POINT('',(0.292417144551,0.111892781431,0.9590001));
#5871 = CARTESIAN_POINT('',(0.292417144551,0.111892781431,0.9600001));
#5872 = CARTESIAN_POINT('',(0.292339246102,0.115102894645,0.9590001));
#5873 = CARTESIAN_POINT('',(0.292339246102,0.115102894645,0.9600001));
#5874 = CARTESIAN_POINT('',(0.292188410568,0.12131866847,0.9590001));
#5875 = CARTESIAN_POINT('',(0.292188410568,0.12131866847,0.9600001));
#5876 = CARTESIAN_POINT('',(0.291164840927,0.13032094299,0.9590001));
#5877 = CARTESIAN_POINT('',(0.291164840927,0.13032094299,0.9600001));
#5878 = CARTESIAN_POINT('',(0.289335015703,0.138671656875,0.9590001));
#5879 = CARTESIAN_POINT('',(0.289335015703,0.138671656875,0.9600001));
#5880 = CARTESIAN_POINT('',(0.286860182565,0.146430013831,0.9590001));
#5881 = CARTESIAN_POINT('',(0.286860182565,0.146430013831,0.9600001));
#5882 = CARTESIAN_POINT('',(0.283743685884,0.153625914544,0.9590001));
#5883 = CARTESIAN_POINT('',(0.283743685884,0.153625914544,0.9600001));
#5884 = CARTESIAN_POINT('',(0.279821138698,0.160179243121,0.9590001));
#5885 = CARTESIAN_POINT('',(0.279821138698,0.160179243121,0.9600001));
#5886 = CARTESIAN_POINT('',(0.275044807153,0.166009851757,0.9590001));
#5887 = CARTESIAN_POINT('',(0.275044807153,0.166009851757,0.9600001));
#5888 = CARTESIAN_POINT('',(0.269772971024,0.171391016947,0.9590001));
#5889 = CARTESIAN_POINT('',(0.269772971024,0.171391016947,0.9600001));
#5890 = CARTESIAN_POINT('',(0.263636608088,0.176004036533,0.9590001));
#5891 = CARTESIAN_POINT('',(0.263636608088,0.176004036533,0.9600001));
#5892 = CARTESIAN_POINT('',(0.256843337885,0.179985231,0.9590001));
#5893 = CARTESIAN_POINT('',(0.256843337885,0.179985231,0.9600001));
#5894 = CARTESIAN_POINT('',(0.249366045547,0.183466608944,0.9590001));
#5895 = CARTESIAN_POINT('',(0.249366045547,0.183466608944,0.9600001));
#5896 = CARTESIAN_POINT('',(0.241128966335,0.186160527384,0.9590001));
#5897 = CARTESIAN_POINT('',(0.241128966335,0.186160527384,0.9600001));
#5898 = CARTESIAN_POINT('',(0.23222315681,0.188398611483,0.9590001));
#5899 = CARTESIAN_POINT('',(0.23222315681,0.188398611483,0.9600001));
#5900 = CARTESIAN_POINT('',(0.22258622778,0.189841182082,0.9590001));
#5901 = CARTESIAN_POINT('',(0.22258622778,0.189841182082,0.9600001));
#5902 = CARTESIAN_POINT('',(0.212249415564,0.190852002647,0.9590001));
#5903 = CARTESIAN_POINT('',(0.212249415564,0.190852002647,0.9600001));
#5904 = CARTESIAN_POINT('',(0.205116780963,0.19093013875,0.9590001));
#5905 = CARTESIAN_POINT('',(0.205116780963,0.19093013875,0.9600001));
#5906 = CARTESIAN_POINT('',(0.201430101868,0.190970525333,0.9590001));
#5907 = CARTESIAN_POINT('',(0.201430101868,0.190970525333,0.9600001));
#5908 = ADVANCED_FACE('',(#5909),#5934,.T.);
#5909 = FACE_BOUND('',#5910,.T.);
#5910 = EDGE_LOOP('',(#5911,#5912,#5913,#5929));
#5911 = ORIENTED_EDGE('',*,*,#495,.F.);
#5912 = ORIENTED_EDGE('',*,*,#5865,.F.);
#5913 = ORIENTED_EDGE('',*,*,#5914,.T.);
#5914 = EDGE_CURVE('',#5842,#5915,#5917,.T.);
#5915 = VERTEX_POINT('',#5916);
#5916 = CARTESIAN_POINT('',(0.103392754307,0.152860769235,0.9590001));
#5917 = B_SPLINE_CURVE_WITH_KNOTS('',3,(#5918,#5919,#5920,#5921,#5922,
    #5923,#5924,#5925,#5926,#5927,#5928),.UNSPECIFIED.,.F.,.F.,(4,1,1,1,
    1,1,1,1,4),(0.,0.120788585303,0.23999602272,0.360304593092,
    0.481239740846,0.605206331021,0.732670474233,0.863346080901,1.),
  .UNSPECIFIED.);
#5918 = CARTESIAN_POINT('',(0.201430101868,0.190970525333,0.9590001));
#5919 = CARTESIAN_POINT('',(0.197103767574,0.19087277789,0.9590001));
#5920 = CARTESIAN_POINT('',(0.188507731608,0.19067856254,0.9590001));
#5921 = CARTESIAN_POINT('',(0.175731082218,0.18873693652,0.9590001));
#5922 = CARTESIAN_POINT('',(0.163138555388,0.185857666309,0.9590001));
#5923 = CARTESIAN_POINT('',(0.15077314755,0.181555506881,0.9590001));
#5924 = CARTESIAN_POINT('',(0.138532647412,0.176245416546,0.9590001));
#5925 = CARTESIAN_POINT('',(0.12654668945,0.169623788492,0.9590001));
#5926 = CARTESIAN_POINT('',(0.114711939865,0.161868670202,0.9590001));
#5927 = CARTESIAN_POINT('',(0.107221651474,0.155907837093,0.9590001));
#5928 = CARTESIAN_POINT('',(0.103392754307,0.152860769235,0.9590001));
#5929 = ORIENTED_EDGE('',*,*,#5930,.T.);
#5930 = EDGE_CURVE('',#5915,#496,#5931,.T.);
#5931 = B_SPLINE_CURVE_WITH_KNOTS('',1,(#5932,#5933),.UNSPECIFIED.,.F.,
  .F.,(2,2),(0.,1.E-03),.PIECEWISE_BEZIER_KNOTS.);
#5932 = CARTESIAN_POINT('',(0.103392754307,0.152860769235,0.9590001));
#5933 = CARTESIAN_POINT('',(0.103392754307,0.152860769235,0.9600001));
#5934 = B_SPLINE_SURFACE_WITH_KNOTS('',3,1,(
    (#5935,#5936)
    ,(#5937,#5938)
    ,(#5939,#5940)
    ,(#5941,#5942)
    ,(#5943,#5944)
    ,(#5945,#5946)
    ,(#5947,#5948)
    ,(#5949,#5950)
    ,(#5951,#5952)
    ,(#5953,#5954)
    ,(#5955,#5956
  )),.UNSPECIFIED.,.F.,.F.,.F.,(4,1,1,1,1,1,1,1,4),(2,2),(0.,
    0.120788585303,0.23999602272,0.360304593092,0.481239740846,
    0.605206331021,0.732670474233,0.863346080901,1.),(0.,1.),
  .UNSPECIFIED.);
#5935 = CARTESIAN_POINT('',(0.201430101868,0.190970525333,0.9590001));
#5936 = CARTESIAN_POINT('',(0.201430101868,0.190970525333,0.9600001));
#5937 = CARTESIAN_POINT('',(0.197103767574,0.19087277789,0.9590001));
#5938 = CARTESIAN_POINT('',(0.197103767574,0.19087277789,0.9600001));
#5939 = CARTESIAN_POINT('',(0.188507731608,0.19067856254,0.9590001));
#5940 = CARTESIAN_POINT('',(0.188507731608,0.19067856254,0.9600001));
#5941 = CARTESIAN_POINT('',(0.175731082218,0.18873693652,0.9590001));
#5942 = CARTESIAN_POINT('',(0.175731082218,0.18873693652,0.9600001));
#5943 = CARTESIAN_POINT('',(0.163138555388,0.185857666309,0.9590001));
#5944 = CARTESIAN_POINT('',(0.163138555388,0.185857666309,0.9600001));
#5945 = CARTESIAN_POINT('',(0.15077314755,0.181555506881,0.9590001));
#5946 = CARTESIAN_POINT('',(0.15077314755,0.181555506881,0.9600001));
#5947 = CARTESIAN_POINT('',(0.138532647412,0.176245416546,0.9590001));
#5948 = CARTESIAN_POINT('',(0.138532647412,0.176245416546,0.9600001));
#5949 = CARTESIAN_POINT('',(0.12654668945,0.169623788492,0.9590001));
#5950 = CARTESIAN_POINT('',(0.12654668945,0.169623788492,0.9600001));
#5951 = CARTESIAN_POINT('',(0.114711939865,0.161868670202,0.9590001));
#5952 = CARTESIAN_POINT('',(0.114711939865,0.161868670202,0.9600001));
#5953 = CARTESIAN_POINT('',(0.107221651474,0.155907837093,0.9590001));
#5954 = CARTESIAN_POINT('',(0.107221651474,0.155907837093,0.9600001));
#5955 = CARTESIAN_POINT('',(0.103392754307,0.152860769235,0.9590001));
#5956 = CARTESIAN_POINT('',(0.103392754307,0.152860769235,0.9600001));
#5957 = ADVANCED_FACE('',(#5958),#5974,.T.);
#5958 = FACE_BOUND('',#5959,.T.);
#5959 = EDGE_LOOP('',(#5960,#5961,#5962,#5969));
#5960 = ORIENTED_EDGE('',*,*,#511,.F.);
#5961 = ORIENTED_EDGE('',*,*,#5930,.F.);
#5962 = ORIENTED_EDGE('',*,*,#5963,.T.);
#5963 = EDGE_CURVE('',#5915,#5964,#5966,.T.);
#5964 = VERTEX_POINT('',#5965);
#5965 = CARTESIAN_POINT('',(0.103392754307,0.207738818016,0.9590001));
#5966 = B_SPLINE_CURVE_WITH_KNOTS('',1,(#5967,#5968),.UNSPECIFIED.,.F.,
  .F.,(2,2),(0.,5.487804878049E-02),.PIECEWISE_BEZIER_KNOTS.);
#5967 = CARTESIAN_POINT('',(0.103392754307,0.152860769235,0.9590001));
#5968 = CARTESIAN_POINT('',(0.103392754307,0.207738818016,0.9590001));
#5969 = ORIENTED_EDGE('',*,*,#5970,.T.);
#5970 = EDGE_CURVE('',#5964,#512,#5971,.T.);
#5971 = B_SPLINE_CURVE_WITH_KNOTS('',1,(#5972,#5973),.UNSPECIFIED.,.F.,
  .F.,(2,2),(0.,1.E-03),.PIECEWISE_BEZIER_KNOTS.);
#5972 = CARTESIAN_POINT('',(0.103392754307,0.207738818016,0.9590001));
#5973 = CARTESIAN_POINT('',(0.103392754307,0.207738818016,0.9600001));
#5974 = B_SPLINE_SURFACE_WITH_KNOTS('',1,1,(
    (#5975,#5976)
    ,(#5977,#5978
    )),.UNSPECIFIED.,.F.,.F.,.F.,(2,2),(2,2),(-1.E-03,0.),(0.,
    5.487804878049E-02),.PIECEWISE_BEZIER_KNOTS.);
#5975 = CARTESIAN_POINT('',(0.103392754307,0.152860769235,0.9600001));
#5976 = CARTESIAN_POINT('',(0.103392754307,0.207738818016,0.9600001));
#5977 = CARTESIAN_POINT('',(0.103392754307,0.152860769235,0.9590001));
#5978 = CARTESIAN_POINT('',(0.103392754307,0.207738818016,0.9590001));
#5979 = ADVANCED_FACE('',(#5980),#6005,.T.);
#5980 = FACE_BOUND('',#5981,.T.);
#5981 = EDGE_LOOP('',(#5982,#5983,#5984,#6000));
#5982 = ORIENTED_EDGE('',*,*,#518,.F.);
#5983 = ORIENTED_EDGE('',*,*,#5970,.F.);
#5984 = ORIENTED_EDGE('',*,*,#5985,.T.);
#5985 = EDGE_CURVE('',#5964,#5986,#5988,.T.);
#5986 = VERTEX_POINT('',#5987);
#5987 = CARTESIAN_POINT('',(0.21800784577,0.245848574113,0.9590001));
#5988 = B_SPLINE_CURVE_WITH_KNOTS('',3,(#5989,#5990,#5991,#5992,#5993,
    #5994,#5995,#5996,#5997,#5998,#5999),.UNSPECIFIED.,.F.,.F.,(4,1,1,1,
    1,1,1,1,4),(0.,0.124808085311,0.248004678572,0.370909105588,
    0.492674767157,0.615907832494,0.741302644647,0.869099489188,1.),
  .UNSPECIFIED.);
#5989 = CARTESIAN_POINT('',(0.103392754307,0.207738818016,0.9590001));
#5990 = CARTESIAN_POINT('',(0.107498318187,0.21080497717,0.9590001));
#5991 = CARTESIAN_POINT('',(0.115656435892,0.216897705967,0.9590001));
#5992 = CARTESIAN_POINT('',(0.128827462605,0.224576700458,0.9590001));
#5993 = CARTESIAN_POINT('',(0.142418072361,0.231173220916,0.9590001));
#5994 = CARTESIAN_POINT('',(0.156548643194,0.236531670224,0.9590001));
#5995 = CARTESIAN_POINT('',(0.171164007918,0.240768646544,0.9590001));
#5996 = CARTESIAN_POINT('',(0.186350996882,0.243652811037,0.9590001));
#5997 = CARTESIAN_POINT('',(0.20201671965,0.245558579907,0.9590001));
#5998 = CARTESIAN_POINT('',(0.212635006852,0.245751139315,0.9590001));
#5999 = CARTESIAN_POINT('',(0.21800784577,0.245848574113,0.9590001));
#6000 = ORIENTED_EDGE('',*,*,#6001,.T.);
#6001 = EDGE_CURVE('',#5986,#519,#6002,.T.);
#6002 = B_SPLINE_CURVE_WITH_KNOTS('',1,(#6003,#6004),.UNSPECIFIED.,.F.,
  .F.,(2,2),(0.,1.E-03),.PIECEWISE_BEZIER_KNOTS.);
#6003 = CARTESIAN_POINT('',(0.21800784577,0.245848574113,0.9590001));
#6004 = CARTESIAN_POINT('',(0.21800784577,0.245848574113,0.9600001));
#6005 = B_SPLINE_SURFACE_WITH_KNOTS('',3,1,(
    (#6006,#6007)
    ,(#6008,#6009)
    ,(#6010,#6011)
    ,(#6012,#6013)
    ,(#6014,#6015)
    ,(#6016,#6017)
    ,(#6018,#6019)
    ,(#6020,#6021)
    ,(#6022,#6023)
    ,(#6024,#6025)
    ,(#6026,#6027
  )),.UNSPECIFIED.,.F.,.F.,.F.,(4,1,1,1,1,1,1,1,4),(2,2),(0.,
    0.124808085311,0.248004678572,0.370909105588,0.492674767157,
    0.615907832494,0.741302644647,0.869099489188,1.),(0.,1.),
  .UNSPECIFIED.);
#6006 = CARTESIAN_POINT('',(0.103392754307,0.207738818016,0.9590001));
#6007 = CARTESIAN_POINT('',(0.103392754307,0.207738818016,0.9600001));
#6008 = CARTESIAN_POINT('',(0.107498318187,0.21080497717,0.9590001));
#6009 = CARTESIAN_POINT('',(0.107498318187,0.21080497717,0.9600001));
#6010 = CARTESIAN_POINT('',(0.115656435892,0.216897705967,0.9590001));
#6011 = CARTESIAN_POINT('',(0.115656435892,0.216897705967,0.9600001));
#6012 = CARTESIAN_POINT('',(0.128827462605,0.224576700458,0.9590001));
#6013 = CARTESIAN_POINT('',(0.128827462605,0.224576700458,0.9600001));
#6014 = CARTESIAN_POINT('',(0.142418072361,0.231173220916,0.9590001));
#6015 = CARTESIAN_POINT('',(0.142418072361,0.231173220916,0.9600001));
#6016 = CARTESIAN_POINT('',(0.156548643194,0.236531670224,0.9590001));
#6017 = CARTESIAN_POINT('',(0.156548643194,0.236531670224,0.9600001));
#6018 = CARTESIAN_POINT('',(0.171164007918,0.240768646544,0.9590001));
#6019 = CARTESIAN_POINT('',(0.171164007918,0.240768646544,0.9600001));
#6020 = CARTESIAN_POINT('',(0.186350996882,0.243652811037,0.9590001));
#6021 = CARTESIAN_POINT('',(0.186350996882,0.243652811037,0.9600001));
#6022 = CARTESIAN_POINT('',(0.20201671965,0.245558579907,0.9590001));
#6023 = CARTESIAN_POINT('',(0.20201671965,0.245558579907,0.9600001));
#6024 = CARTESIAN_POINT('',(0.212635006852,0.245751139315,0.9590001));
#6025 = CARTESIAN_POINT('',(0.212635006852,0.245751139315,0.9600001));
#6026 = CARTESIAN_POINT('',(0.21800784577,0.245848574113,0.9590001));
#6027 = CARTESIAN_POINT('',(0.21800784577,0.245848574113,0.9600001));
#6028 = ADVANCED_FACE('',(#6029),#6062,.T.);
#6029 = FACE_BOUND('',#6030,.T.);
#6030 = EDGE_LOOP('',(#6031,#6032,#6033,#6057));
#6031 = ORIENTED_EDGE('',*,*,#534,.F.);
#6032 = ORIENTED_EDGE('',*,*,#6001,.F.);
#6033 = ORIENTED_EDGE('',*,*,#6034,.T.);
#6034 = EDGE_CURVE('',#5986,#6035,#6037,.T.);
#6035 = VERTEX_POINT('',#6036);
#6036 = CARTESIAN_POINT('',(0.359490315282,0.12742250704,0.9590001));
#6037 = B_SPLINE_CURVE_WITH_KNOTS('',3,(#6038,#6039,#6040,#6041,#6042,
    #6043,#6044,#6045,#6046,#6047,#6048,#6049,#6050,#6051,#6052,#6053,
    #6054,#6055,#6056),.UNSPECIFIED.,.F.,.F.,(4,1,1,1,1,1,1,1,1,1,1,1,1,
    1,1,1,4),(0.,7.544059397709E-02,0.147135402846,0.215855165115,
    0.28199144316,0.346299610383,0.408810759875,0.470319593354,
    0.531658058609,0.591827335915,0.65017720281,0.707057516605,
    0.763613553501,0.820821849281,0.878369116482,0.93786707726,1.),
  .UNSPECIFIED.);
#6038 = CARTESIAN_POINT('',(0.21800784577,0.245848574113,0.9590001));
#6039 = CARTESIAN_POINT('',(0.223221150645,0.245780224165,0.9590001));
#6040 = CARTESIAN_POINT('',(0.233388908777,0.245646917988,0.9590001));
#6041 = CARTESIAN_POINT('',(0.248222299903,0.243937250832,0.9590001));
#6042 = CARTESIAN_POINT('',(0.262267536151,0.241392007489,0.9590001));
#6043 = CARTESIAN_POINT('',(0.2755972164,0.237913797845,0.9590001));
#6044 = CARTESIAN_POINT('',(0.288104431814,0.2332383601,0.9590001));
#6045 = CARTESIAN_POINT('',(0.29978548569,0.227472152521,0.9590001));
#6046 = CARTESIAN_POINT('',(0.310727108487,0.220788572558,0.9590001));
#6047 = CARTESIAN_POINT('',(0.320801849014,0.213110432858,0.9590001));
#6048 = CARTESIAN_POINT('',(0.32981647173,0.204532374252,0.9590001));
#6049 = CARTESIAN_POINT('',(0.33778678326,0.195382231875,0.9590001));
#6050 = CARTESIAN_POINT('',(0.344540100375,0.185589352744,0.9590001));
#6051 = CARTESIAN_POINT('',(0.34998515641,0.175106155705,0.9590001));
#6052 = CARTESIAN_POINT('',(0.354281529375,0.164054792269,0.9590001));
#6053 = CARTESIAN_POINT('',(0.357348107546,0.152393362553,0.9590001));
#6054 = CARTESIAN_POINT('',(0.359201100917,0.140122234948,0.9590001));
#6055 = CARTESIAN_POINT('',(0.35939252816,0.131716449515,0.9590001));
#6056 = CARTESIAN_POINT('',(0.359490315282,0.12742250704,0.9590001));
#6057 = ORIENTED_EDGE('',*,*,#6058,.T.);
#6058 = EDGE_CURVE('',#6035,#535,#6059,.T.);
#6059 = B_SPLINE_CURVE_WITH_KNOTS('',1,(#6060,#6061),.UNSPECIFIED.,.F.,
  .F.,(2,2),(0.,1.E-03),.PIECEWISE_BEZIER_KNOTS.);
#6060 = CARTESIAN_POINT('',(0.359490315282,0.12742250704,0.9590001));
#6061 = CARTESIAN_POINT('',(0.359490315282,0.12742250704,0.9600001));
#6062 = B_SPLINE_SURFACE_WITH_KNOTS('',3,1,(
    (#6063,#6064)
    ,(#6065,#6066)
    ,(#6067,#6068)
    ,(#6069,#6070)
    ,(#6071,#6072)
    ,(#6073,#6074)
    ,(#6075,#6076)
    ,(#6077,#6078)
    ,(#6079,#6080)
    ,(#6081,#6082)
    ,(#6083,#6084)
    ,(#6085,#6086)
    ,(#6087,#6088)
    ,(#6089,#6090)
    ,(#6091,#6092)
    ,(#6093,#6094)
    ,(#6095,#6096)
    ,(#6097,#6098)
    ,(#6099,#6100
    )),.UNSPECIFIED.,.F.,.F.,.F.,(4,1,1,1,1,1,1,1,1,1,1,1,1,1,1,1,4),(2,
    2),(0.,7.544059397709E-02,0.147135402846,0.215855165115,
    0.28199144316,0.346299610383,0.408810759875,0.470319593354,
    0.531658058609,0.591827335915,0.65017720281,0.707057516605,
    0.763613553501,0.820821849281,0.878369116482,0.93786707726,1.),(0.,
    1.),.UNSPECIFIED.);
#6063 = CARTESIAN_POINT('',(0.21800784577,0.245848574113,0.9590001));
#6064 = CARTESIAN_POINT('',(0.21800784577,0.245848574113,0.9600001));
#6065 = CARTESIAN_POINT('',(0.223221150645,0.245780224165,0.9590001));
#6066 = CARTESIAN_POINT('',(0.223221150645,0.245780224165,0.9600001));
#6067 = CARTESIAN_POINT('',(0.233388908777,0.245646917988,0.9590001));
#6068 = CARTESIAN_POINT('',(0.233388908777,0.245646917988,0.9600001));
#6069 = CARTESIAN_POINT('',(0.248222299903,0.243937250832,0.9590001));
#6070 = CARTESIAN_POINT('',(0.248222299903,0.243937250832,0.9600001));
#6071 = CARTESIAN_POINT('',(0.262267536151,0.241392007489,0.9590001));
#6072 = CARTESIAN_POINT('',(0.262267536151,0.241392007489,0.9600001));
#6073 = CARTESIAN_POINT('',(0.2755972164,0.237913797845,0.9590001));
#6074 = CARTESIAN_POINT('',(0.2755972164,0.237913797845,0.9600001));
#6075 = CARTESIAN_POINT('',(0.288104431814,0.2332383601,0.9590001));
#6076 = CARTESIAN_POINT('',(0.288104431814,0.2332383601,0.9600001));
#6077 = CARTESIAN_POINT('',(0.29978548569,0.227472152521,0.9590001));
#6078 = CARTESIAN_POINT('',(0.29978548569,0.227472152521,0.9600001));
#6079 = CARTESIAN_POINT('',(0.310727108487,0.220788572558,0.9590001));
#6080 = CARTESIAN_POINT('',(0.310727108487,0.220788572558,0.9600001));
#6081 = CARTESIAN_POINT('',(0.320801849014,0.213110432858,0.9590001));
#6082 = CARTESIAN_POINT('',(0.320801849014,0.213110432858,0.9600001));
#6083 = CARTESIAN_POINT('',(0.32981647173,0.204532374252,0.9590001));
#6084 = CARTESIAN_POINT('',(0.32981647173,0.204532374252,0.9600001));
#6085 = CARTESIAN_POINT('',(0.33778678326,0.195382231875,0.9590001));
#6086 = CARTESIAN_POINT('',(0.33778678326,0.195382231875,0.9600001));
#6087 = CARTESIAN_POINT('',(0.344540100375,0.185589352744,0.9590001));
#6088 = CARTESIAN_POINT('',(0.344540100375,0.185589352744,0.9600001));
#6089 = CARTESIAN_POINT('',(0.34998515641,0.175106155705,0.9590001));
#6090 = CARTESIAN_POINT('',(0.34998515641,0.175106155705,0.9600001));
#6091 = CARTESIAN_POINT('',(0.354281529375,0.164054792269,0.9590001));
#6092 = CARTESIAN_POINT('',(0.354281529375,0.164054792269,0.9600001));
#6093 = CARTESIAN_POINT('',(0.357348107546,0.152393362553,0.9590001));
#6094 = CARTESIAN_POINT('',(0.357348107546,0.152393362553,0.9600001));
#6095 = CARTESIAN_POINT('',(0.359201100917,0.140122234948,0.9590001));
#6096 = CARTESIAN_POINT('',(0.359201100917,0.140122234948,0.9600001));
#6097 = CARTESIAN_POINT('',(0.35939252816,0.131716449515,0.9590001));
#6098 = CARTESIAN_POINT('',(0.35939252816,0.131716449515,0.9600001));
#6099 = CARTESIAN_POINT('',(0.359490315282,0.12742250704,0.9590001));
#6100 = CARTESIAN_POINT('',(0.359490315282,0.12742250704,0.9600001));
#6101 = ADVANCED_FACE('',(#6102),#6135,.T.);
#6102 = FACE_BOUND('',#6103,.T.);
#6103 = EDGE_LOOP('',(#6104,#6105,#6106,#6130));
#6104 = ORIENTED_EDGE('',*,*,#558,.F.);
#6105 = ORIENTED_EDGE('',*,*,#6058,.F.);
#6106 = ORIENTED_EDGE('',*,*,#6107,.T.);
#6107 = EDGE_CURVE('',#6035,#6108,#6110,.T.);
#6108 = VERTEX_POINT('',#6109);
#6109 = CARTESIAN_POINT('',(0.257356168941,2.994153381737E-03,0.9590001)
  );
#6110 = B_SPLINE_CURVE_WITH_KNOTS('',3,(#6111,#6112,#6113,#6114,#6115,
    #6116,#6117,#6118,#6119,#6120,#6121,#6122,#6123,#6124,#6125,#6126,
    #6127,#6128,#6129),.UNSPECIFIED.,.F.,.F.,(4,1,1,1,1,1,1,1,1,1,1,1,1,
    1,1,1,4),(0.,6.739024673276E-02,0.131874139196,0.194305230697,
    0.254523110508,0.313648231415,0.370982147467,0.428459976758,
    0.485494631665,0.543190214749,0.602017663239,0.662095737996,
    0.72417136395,0.788810639512,0.856152708114,0.926276470236,1.),
  .UNSPECIFIED.);
#6111 = CARTESIAN_POINT('',(0.359490315282,0.12742250704,0.9590001));
#6112 = CARTESIAN_POINT('',(0.359429961112,0.123480743713,0.9590001));
#6113 = CARTESIAN_POINT('',(0.359311855679,0.11576721437,0.9590001));
#6114 = CARTESIAN_POINT('',(0.358009195643,0.104465553563,0.9590001));
#6115 = CARTESIAN_POINT('',(0.356041907736,9.369502319261E-02,0.9590001)
  );
#6116 = CARTESIAN_POINT('',(0.353280096423,8.341857792314E-02,0.9590001)
  );
#6117 = CARTESIAN_POINT('',(0.349685370097,7.371486198667E-02,0.9590001)
  );
#6118 = CARTESIAN_POINT('',(0.345205232851,6.457460742209E-02,0.9590001)
  );
#6119 = CARTESIAN_POINT('',(0.340148375362,5.587140350466E-02,0.9590001)
  );
#6120 = CARTESIAN_POINT('',(0.33402871605,4.785277215754E-02,0.9590001)
  );
#6121 = CARTESIAN_POINT('',(0.327276974246,4.026172575204E-02,0.9590001)
  );
#6122 = CARTESIAN_POINT('',(0.319611174103,3.331498404359E-02,0.9590001)
  );
#6123 = CARTESIAN_POINT('',(0.311163790162,2.692834664957E-02,0.9590001)
  );
#6124 = CARTESIAN_POINT('',(0.301997385355,2.096711850094E-02,0.9590001)
  );
#6125 = CARTESIAN_POINT('',(0.291942743548,1.568423572464E-02,0.9590001)
  );
#6126 = CARTESIAN_POINT('',(0.281172740076,1.081032719962E-02,0.9590001)
  );
#6127 = CARTESIAN_POINT('',(0.269592586774,6.484218177989E-03,0.9590001)
  );
#6128 = CARTESIAN_POINT('',(0.261502459824,4.176756333428E-03,0.9590001)
  );
#6129 = CARTESIAN_POINT('',(0.257356168941,2.994153381737E-03,0.9590001)
  );
#6130 = ORIENTED_EDGE('',*,*,#6131,.T.);
#6131 = EDGE_CURVE('',#6108,#559,#6132,.T.);
#6132 = B_SPLINE_CURVE_WITH_KNOTS('',1,(#6133,#6134),.UNSPECIFIED.,.F.,
  .F.,(2,2),(0.,1.E-03),.PIECEWISE_BEZIER_KNOTS.);
#6133 = CARTESIAN_POINT('',(0.257356168941,2.994153381737E-03,0.9590001)
  );
#6134 = CARTESIAN_POINT('',(0.257356168941,2.994153381737E-03,0.9600001)
  );
#6135 = B_SPLINE_SURFACE_WITH_KNOTS('',3,1,(
    (#6136,#6137)
    ,(#6138,#6139)
    ,(#6140,#6141)
    ,(#6142,#6143)
    ,(#6144,#6145)
    ,(#6146,#6147)
    ,(#6148,#6149)
    ,(#6150,#6151)
    ,(#6152,#6153)
    ,(#6154,#6155)
    ,(#6156,#6157)
    ,(#6158,#6159)
    ,(#6160,#6161)
    ,(#6162,#6163)
    ,(#6164,#6165)
    ,(#6166,#6167)
    ,(#6168,#6169)
    ,(#6170,#6171)
    ,(#6172,#6173
    )),.UNSPECIFIED.,.F.,.F.,.F.,(4,1,1,1,1,1,1,1,1,1,1,1,1,1,1,1,4),(2,
    2),(0.,6.739024673276E-02,0.131874139196,0.194305230697,
    0.254523110508,0.313648231415,0.370982147467,0.428459976758,
    0.485494631665,0.543190214749,0.602017663239,0.662095737996,
    0.72417136395,0.788810639512,0.856152708114,0.926276470236,1.),(0.,
    1.),.UNSPECIFIED.);
#6136 = CARTESIAN_POINT('',(0.359490315282,0.12742250704,0.9590001));
#6137 = CARTESIAN_POINT('',(0.359490315282,0.12742250704,0.9600001));
#6138 = CARTESIAN_POINT('',(0.359429961112,0.123480743713,0.9590001));
#6139 = CARTESIAN_POINT('',(0.359429961112,0.123480743713,0.9600001));
#6140 = CARTESIAN_POINT('',(0.359311855679,0.11576721437,0.9590001));
#6141 = CARTESIAN_POINT('',(0.359311855679,0.11576721437,0.9600001));
#6142 = CARTESIAN_POINT('',(0.358009195643,0.104465553563,0.9590001));
#6143 = CARTESIAN_POINT('',(0.358009195643,0.104465553563,0.9600001));
#6144 = CARTESIAN_POINT('',(0.356041907736,9.369502319261E-02,0.9590001)
  );
#6145 = CARTESIAN_POINT('',(0.356041907736,9.369502319261E-02,0.9600001)
  );
#6146 = CARTESIAN_POINT('',(0.353280096423,8.341857792314E-02,0.9590001)
  );
#6147 = CARTESIAN_POINT('',(0.353280096423,8.341857792314E-02,0.9600001)
  );
#6148 = CARTESIAN_POINT('',(0.349685370097,7.371486198667E-02,0.9590001)
  );
#6149 = CARTESIAN_POINT('',(0.349685370097,7.371486198667E-02,0.9600001)
  );
#6150 = CARTESIAN_POINT('',(0.345205232851,6.457460742209E-02,0.9590001)
  );
#6151 = CARTESIAN_POINT('',(0.345205232851,6.457460742209E-02,0.9600001)
  );
#6152 = CARTESIAN_POINT('',(0.340148375362,5.587140350466E-02,0.9590001)
  );
#6153 = CARTESIAN_POINT('',(0.340148375362,5.587140350466E-02,0.9600001)
  );
#6154 = CARTESIAN_POINT('',(0.33402871605,4.785277215754E-02,0.9590001)
  );
#6155 = CARTESIAN_POINT('',(0.33402871605,4.785277215754E-02,0.9600001)
  );
#6156 = CARTESIAN_POINT('',(0.327276974246,4.026172575204E-02,0.9590001)
  );
#6157 = CARTESIAN_POINT('',(0.327276974246,4.026172575204E-02,0.9600001)
  );
#6158 = CARTESIAN_POINT('',(0.319611174103,3.331498404359E-02,0.9590001)
  );
#6159 = CARTESIAN_POINT('',(0.319611174103,3.331498404359E-02,0.9600001)
  );
#6160 = CARTESIAN_POINT('',(0.311163790162,2.692834664957E-02,0.9590001)
  );
#6161 = CARTESIAN_POINT('',(0.311163790162,2.692834664957E-02,0.9600001)
  );
#6162 = CARTESIAN_POINT('',(0.301997385355,2.096711850094E-02,0.9590001)
  );
#6163 = CARTESIAN_POINT('',(0.301997385355,2.096711850094E-02,0.9600001)
  );
#6164 = CARTESIAN_POINT('',(0.291942743548,1.568423572464E-02,0.9590001)
  );
#6165 = CARTESIAN_POINT('',(0.291942743548,1.568423572464E-02,0.9600001)
  );
#6166 = CARTESIAN_POINT('',(0.281172740076,1.081032719962E-02,0.9590001)
  );
#6167 = CARTESIAN_POINT('',(0.281172740076,1.081032719962E-02,0.9600001)
  );
#6168 = CARTESIAN_POINT('',(0.269592586774,6.484218177989E-03,0.9590001)
  );
#6169 = CARTESIAN_POINT('',(0.269592586774,6.484218177989E-03,0.9600001)
  );
#6170 = CARTESIAN_POINT('',(0.261502459824,4.176756333428E-03,0.9590001)
  );
#6171 = CARTESIAN_POINT('',(0.261502459824,4.176756333428E-03,0.9600001)
  );
#6172 = CARTESIAN_POINT('',(0.257356168941,2.994153381737E-03,0.9590001)
  );
#6173 = CARTESIAN_POINT('',(0.257356168941,2.994153381737E-03,0.9600001)
  );
#6174 = ADVANCED_FACE('',(#6175),#6191,.T.);
#6175 = FACE_BOUND('',#6176,.T.);
#6176 = EDGE_LOOP('',(#6177,#6178,#6179,#6186));
#6177 = ORIENTED_EDGE('',*,*,#582,.F.);
#6178 = ORIENTED_EDGE('',*,*,#6131,.F.);
#6179 = ORIENTED_EDGE('',*,*,#6180,.T.);
#6180 = EDGE_CURVE('',#6108,#6181,#6183,.T.);
#6181 = VERTEX_POINT('',#6182);
#6182 = CARTESIAN_POINT('',(0.257356168941,1.755586308566E-03,0.9590001)
  );
#6183 = B_SPLINE_CURVE_WITH_KNOTS('',1,(#6184,#6185),.UNSPECIFIED.,.F.,
  .F.,(2,2),(0.,1.238567073171E-03),.PIECEWISE_BEZIER_KNOTS.);
#6184 = CARTESIAN_POINT('',(0.257356168941,2.994153381737E-03,0.9590001)
  );
#6185 = CARTESIAN_POINT('',(0.257356168941,1.755586308566E-03,0.9590001)
  );
#6186 = ORIENTED_EDGE('',*,*,#6187,.T.);
#6187 = EDGE_CURVE('',#6181,#583,#6188,.T.);
#6188 = B_SPLINE_CURVE_WITH_KNOTS('',1,(#6189,#6190),.UNSPECIFIED.,.F.,
  .F.,(2,2),(0.,1.E-03),.PIECEWISE_BEZIER_KNOTS.);
#6189 = CARTESIAN_POINT('',(0.257356168941,1.755586308566E-03,0.9590001)
  );
#6190 = CARTESIAN_POINT('',(0.257356168941,1.755586308566E-03,0.9600001)
  );
#6191 = B_SPLINE_SURFACE_WITH_KNOTS('',1,1,(
    (#6192,#6193)
    ,(#6194,#6195)),.UNSPECIFIED.,.F.,.F.,.F.,(2,2),(2,2),(0.,1.E-03),(
    -1.238567073171E-03,0.),.PIECEWISE_BEZIER_KNOTS.);
#6192 = CARTESIAN_POINT('',(0.257356168941,1.755586308566E-03,0.9590001)
  );
#6193 = CARTESIAN_POINT('',(0.257356168941,2.994153381737E-03,0.9590001)
  );
#6194 = CARTESIAN_POINT('',(0.257356168941,1.755586308566E-03,0.9600001)
  );
#6195 = CARTESIAN_POINT('',(0.257356168941,2.994153381737E-03,0.9600001)
  );
#6196 = ADVANCED_FACE('',(#6197),#6230,.T.);
#6197 = FACE_BOUND('',#6198,.T.);
#6198 = EDGE_LOOP('',(#6199,#6200,#6201,#6225));
#6199 = ORIENTED_EDGE('',*,*,#589,.F.);
#6200 = ORIENTED_EDGE('',*,*,#6187,.F.);
#6201 = ORIENTED_EDGE('',*,*,#6202,.T.);
#6202 = EDGE_CURVE('',#6181,#6203,#6205,.T.);
#6203 = VERTEX_POINT('',#6204);
#6204 = CARTESIAN_POINT('',(0.377782998209,-0.116861029545,0.9590001));
#6205 = B_SPLINE_CURVE_WITH_KNOTS('',3,(#6206,#6207,#6208,#6209,#6210,
    #6211,#6212,#6213,#6214,#6215,#6216,#6217,#6218,#6219,#6220,#6221,
    #6222,#6223,#6224),.UNSPECIFIED.,.F.,.F.,(4,1,1,1,1,1,1,1,1,1,1,1,1,
    1,1,1,4),(0.,7.305681519131E-02,0.143297150091,0.210688032704,
    0.275979980897,0.339090904387,0.401037522642,0.462172278795,
    0.523139108282,0.583352015564,0.642347847147,0.700363266948,
    0.758255528261,0.816416162772,0.875605251021,0.936776083018,1.),
  .UNSPECIFIED.);
#6206 = CARTESIAN_POINT('',(0.257356168941,1.755586308566E-03,0.9590001)
  );
#6207 = CARTESIAN_POINT('',(0.261874483285,1.178167892529E-03,0.9590001)
  );
#6208 = CARTESIAN_POINT('',(0.270736922294,4.559164743561E-05,0.9590001)
  );
#6209 = CARTESIAN_POINT('',(0.283620300605,-2.599529603581E-03,0.9590001
    ));
#6210 = CARTESIAN_POINT('',(0.295760731185,-6.179015217808E-03,0.9590001
    ));
#6211 = CARTESIAN_POINT('',(0.307249918397,-1.035747455064E-02,0.9590001
    ));
#6212 = CARTESIAN_POINT('',(0.317858046688,-1.571584942985E-02,0.9590001
    ));
#6213 = CARTESIAN_POINT('',(0.327839733164,-2.166779201176E-02,0.9590001
    ));
#6214 = CARTESIAN_POINT('',(0.337002142871,-2.860620589743E-02,0.9590001
    ));
#6215 = CARTESIAN_POINT('',(0.345481330214,-3.619210569785E-02,0.9590001
    ));
#6216 = CARTESIAN_POINT('',(0.353116862639,-4.445671362118E-02,0.9590001
    ));
#6217 = CARTESIAN_POINT('',(0.359713727719,-5.334638332015E-02,0.9590001
    ));
#6218 = CARTESIAN_POINT('',(0.365256159681,-6.275468925115E-02,0.9590001
    ));
#6219 = CARTESIAN_POINT('',(0.369881610255,-7.259244182467E-02,0.9590001
    ));
#6220 = CARTESIAN_POINT('',(0.373386498573,-8.296036118105E-02,0.9590001
    ));
#6221 = CARTESIAN_POINT('',(0.375990196807,-9.379371236234E-02,0.9590001
    ));
#6222 = CARTESIAN_POINT('',(0.377538401237,-0.105160754461,0.9590001));
#6223 = CARTESIAN_POINT('',(0.377700573688,-0.112918259689,0.9590001));
#6224 = CARTESIAN_POINT('',(0.377782998209,-0.116861029545,0.9590001));
#6225 = ORIENTED_EDGE('',*,*,#6226,.T.);
#6226 = EDGE_CURVE('',#6203,#590,#6227,.T.);
#6227 = B_SPLINE_CURVE_WITH_KNOTS('',1,(#6228,#6229),.UNSPECIFIED.,.F.,
  .F.,(2,2),(0.,1.E-03),.PIECEWISE_BEZIER_KNOTS.);
#6228 = CARTESIAN_POINT('',(0.377782998209,-0.116861029545,0.9590001));
#6229 = CARTESIAN_POINT('',(0.377782998209,-0.116861029545,0.9600001));
#6230 = B_SPLINE_SURFACE_WITH_KNOTS('',3,1,(
    (#6231,#6232)
    ,(#6233,#6234)
    ,(#6235,#6236)
    ,(#6237,#6238)
    ,(#6239,#6240)
    ,(#6241,#6242)
    ,(#6243,#6244)
    ,(#6245,#6246)
    ,(#6247,#6248)
    ,(#6249,#6250)
    ,(#6251,#6252)
    ,(#6253,#6254)
    ,(#6255,#6256)
    ,(#6257,#6258)
    ,(#6259,#6260)
    ,(#6261,#6262)
    ,(#6263,#6264)
    ,(#6265,#6266)
    ,(#6267,#6268
    )),.UNSPECIFIED.,.F.,.F.,.F.,(4,1,1,1,1,1,1,1,1,1,1,1,1,1,1,1,4),(2,
    2),(0.,7.305681519131E-02,0.143297150091,0.210688032704,
    0.275979980897,0.339090904387,0.401037522642,0.462172278795,
    0.523139108282,0.583352015564,0.642347847147,0.700363266948,
    0.758255528261,0.816416162772,0.875605251021,0.936776083018,1.),(0.,
    1.),.UNSPECIFIED.);
#6231 = CARTESIAN_POINT('',(0.257356168941,1.755586308566E-03,0.9590001)
  );
#6232 = CARTESIAN_POINT('',(0.257356168941,1.755586308566E-03,0.9600001)
  );
#6233 = CARTESIAN_POINT('',(0.261874483285,1.178167892529E-03,0.9590001)
  );
#6234 = CARTESIAN_POINT('',(0.261874483285,1.178167892529E-03,0.9600001)
  );
#6235 = CARTESIAN_POINT('',(0.270736922294,4.559164743561E-05,0.9590001)
  );
#6236 = CARTESIAN_POINT('',(0.270736922294,4.559164743561E-05,0.9600001)
  );
#6237 = CARTESIAN_POINT('',(0.283620300605,-2.599529603581E-03,0.9590001
    ));
#6238 = CARTESIAN_POINT('',(0.283620300605,-2.599529603581E-03,0.9600001
    ));
#6239 = CARTESIAN_POINT('',(0.295760731185,-6.179015217808E-03,0.9590001
    ));
#6240 = CARTESIAN_POINT('',(0.295760731185,-6.179015217808E-03,0.9600001
    ));
#6241 = CARTESIAN_POINT('',(0.307249918397,-1.035747455064E-02,0.9590001
    ));
#6242 = CARTESIAN_POINT('',(0.307249918397,-1.035747455064E-02,0.9600001
    ));
#6243 = CARTESIAN_POINT('',(0.317858046688,-1.571584942985E-02,0.9590001
    ));
#6244 = CARTESIAN_POINT('',(0.317858046688,-1.571584942985E-02,0.9600001
    ));
#6245 = CARTESIAN_POINT('',(0.327839733164,-2.166779201176E-02,0.9590001
    ));
#6246 = CARTESIAN_POINT('',(0.327839733164,-2.166779201176E-02,0.9600001
    ));
#6247 = CARTESIAN_POINT('',(0.337002142871,-2.860620589743E-02,0.9590001
    ));
#6248 = CARTESIAN_POINT('',(0.337002142871,-2.860620589743E-02,0.9600001
    ));
#6249 = CARTESIAN_POINT('',(0.345481330214,-3.619210569785E-02,0.9590001
    ));
#6250 = CARTESIAN_POINT('',(0.345481330214,-3.619210569785E-02,0.9600001
    ));
#6251 = CARTESIAN_POINT('',(0.353116862639,-4.445671362118E-02,0.9590001
    ));
#6252 = CARTESIAN_POINT('',(0.353116862639,-4.445671362118E-02,0.9600001
    ));
#6253 = CARTESIAN_POINT('',(0.359713727719,-5.334638332015E-02,0.9590001
    ));
#6254 = CARTESIAN_POINT('',(0.359713727719,-5.334638332015E-02,0.9600001
    ));
#6255 = CARTESIAN_POINT('',(0.365256159681,-6.275468925115E-02,0.9590001
    ));
#6256 = CARTESIAN_POINT('',(0.365256159681,-6.275468925115E-02,0.9600001
    ));
#6257 = CARTESIAN_POINT('',(0.369881610255,-7.259244182467E-02,0.9590001
    ));
#6258 = CARTESIAN_POINT('',(0.369881610255,-7.259244182467E-02,0.9600001
    ));
#6259 = CARTESIAN_POINT('',(0.373386498573,-8.296036118105E-02,0.9590001
    ));
#6260 = CARTESIAN_POINT('',(0.373386498573,-8.296036118105E-02,0.9600001
    ));
#6261 = CARTESIAN_POINT('',(0.375990196807,-9.379371236234E-02,0.9590001
    ));
#6262 = CARTESIAN_POINT('',(0.375990196807,-9.379371236234E-02,0.9600001
    ));
#6263 = CARTESIAN_POINT('',(0.377538401237,-0.105160754461,0.9590001));
#6264 = CARTESIAN_POINT('',(0.377538401237,-0.105160754461,0.9600001));
#6265 = CARTESIAN_POINT('',(0.377700573688,-0.112918259689,0.9590001));
#6266 = CARTESIAN_POINT('',(0.377700573688,-0.112918259689,0.9600001));
#6267 = CARTESIAN_POINT('',(0.377782998209,-0.116861029545,0.9590001));
#6268 = CARTESIAN_POINT('',(0.377782998209,-0.116861029545,0.9600001));
#6269 = ADVANCED_FACE('',(#6270),#6303,.T.);
#6270 = FACE_BOUND('',#6271,.T.);
#6271 = EDGE_LOOP('',(#6272,#6273,#6274,#6298));
#6272 = ORIENTED_EDGE('',*,*,#613,.F.);
#6273 = ORIENTED_EDGE('',*,*,#6226,.F.);
#6274 = ORIENTED_EDGE('',*,*,#6275,.T.);
#6275 = EDGE_CURVE('',#6203,#6276,#6278,.T.);
#6276 = VERTEX_POINT('',#6277);
#6277 = CARTESIAN_POINT('',(0.199810437233,-0.266346547838,0.9590001));
#6278 = B_SPLINE_CURVE_WITH_KNOTS('',3,(#6279,#6280,#6281,#6282,#6283,
    #6284,#6285,#6286,#6287,#6288,#6289,#6290,#6291,#6292,#6293,#6294,
    #6295,#6296,#6297),.UNSPECIFIED.,.F.,.F.,(4,1,1,1,1,1,1,1,1,1,1,1,1,
    1,1,1,4),(0.,6.276280127444E-02,0.12281785241,0.181167273978,
    0.23850604064,0.295242652908,0.351958185253,0.410116020039,
    0.469948313872,0.530821898314,0.592025258126,0.654303528598,
    0.718083737181,0.784132777995,0.853054288805,0.924868436028,1.),
  .UNSPECIFIED.);
#6279 = CARTESIAN_POINT('',(0.377782998209,-0.116861029545,0.9590001));
#6280 = CARTESIAN_POINT('',(0.37764414979,-0.122331849755,0.9590001));
#6281 = CARTESIAN_POINT('',(0.377372443234,-0.133037464793,0.9590001));
#6282 = CARTESIAN_POINT('',(0.37501923296,-0.148686487355,0.9590001));
#6283 = CARTESIAN_POINT('',(0.371219869309,-0.163544653906,0.9590001));
#6284 = CARTESIAN_POINT('',(0.365882351144,-0.177626491922,0.9590001));
#6285 = CARTESIAN_POINT('',(0.358960820183,-0.190835012656,0.9590001));
#6286 = CARTESIAN_POINT('',(0.3506038386,-0.203272458198,0.9590001));
#6287 = CARTESIAN_POINT('',(0.340630994938,-0.214818406397,0.9590001));
#6288 = CARTESIAN_POINT('',(0.329198673648,-0.225450739787,0.9590001));
#6289 = CARTESIAN_POINT('',(0.316544665031,-0.235032308125,0.9590001));
#6290 = CARTESIAN_POINT('',(0.302862253274,-0.243502443188,0.9590001));
#6291 = CARTESIAN_POINT('',(0.288100027745,-0.250512323448,0.9590001));
#6292 = CARTESIAN_POINT('',(0.27240241705,-0.256386640673,0.9590001));
#6293 = CARTESIAN_POINT('',(0.255635404741,-0.260812640575,0.9590001));
#6294 = CARTESIAN_POINT('',(0.237896637061,-0.264049314604,0.9590001));
#6295 = CARTESIAN_POINT('',(0.2191610548,-0.265957812126,0.9590001));
#6296 = CARTESIAN_POINT('',(0.206356997031,-0.266215033607,0.9590001));
#6297 = CARTESIAN_POINT('',(0.199810437233,-0.266346547838,0.9590001));
#6298 = ORIENTED_EDGE('',*,*,#6299,.T.);
#6299 = EDGE_CURVE('',#6276,#338,#6300,.T.);
#6300 = B_SPLINE_CURVE_WITH_KNOTS('',1,(#6301,#6302),.UNSPECIFIED.,.F.,
  .F.,(2,2),(0.,1.E-03),.PIECEWISE_BEZIER_KNOTS.);
#6301 = CARTESIAN_POINT('',(0.199810437233,-0.266346547838,0.9590001));
#6302 = CARTESIAN_POINT('',(0.199810437233,-0.266346547838,0.9600001));
#6303 = B_SPLINE_SURFACE_WITH_KNOTS('',3,1,(
    (#6304,#6305)
    ,(#6306,#6307)
    ,(#6308,#6309)
    ,(#6310,#6311)
    ,(#6312,#6313)
    ,(#6314,#6315)
    ,(#6316,#6317)
    ,(#6318,#6319)
    ,(#6320,#6321)
    ,(#6322,#6323)
    ,(#6324,#6325)
    ,(#6326,#6327)
    ,(#6328,#6329)
    ,(#6330,#6331)
    ,(#6332,#6333)
    ,(#6334,#6335)
    ,(#6336,#6337)
    ,(#6338,#6339)
    ,(#6340,#6341
    )),.UNSPECIFIED.,.F.,.F.,.F.,(4,1,1,1,1,1,1,1,1,1,1,1,1,1,1,1,4),(2,
    2),(0.,6.276280127444E-02,0.12281785241,0.181167273978,0.23850604064
    ,0.295242652908,0.351958185253,0.410116020039,0.469948313872,
    0.530821898314,0.592025258126,0.654303528598,0.718083737181,
    0.784132777995,0.853054288805,0.924868436028,1.),(0.,1.),
  .UNSPECIFIED.);
#6304 = CARTESIAN_POINT('',(0.377782998209,-0.116861029545,0.9590001));
#6305 = CARTESIAN_POINT('',(0.377782998209,-0.116861029545,0.9600001));
#6306 = CARTESIAN_POINT('',(0.37764414979,-0.122331849755,0.9590001));
#6307 = CARTESIAN_POINT('',(0.37764414979,-0.122331849755,0.9600001));
#6308 = CARTESIAN_POINT('',(0.377372443234,-0.133037464793,0.9590001));
#6309 = CARTESIAN_POINT('',(0.377372443234,-0.133037464793,0.9600001));
#6310 = CARTESIAN_POINT('',(0.37501923296,-0.148686487355,0.9590001));
#6311 = CARTESIAN_POINT('',(0.37501923296,-0.148686487355,0.9600001));
#6312 = CARTESIAN_POINT('',(0.371219869309,-0.163544653906,0.9590001));
#6313 = CARTESIAN_POINT('',(0.371219869309,-0.163544653906,0.9600001));
#6314 = CARTESIAN_POINT('',(0.365882351144,-0.177626491922,0.9590001));
#6315 = CARTESIAN_POINT('',(0.365882351144,-0.177626491922,0.9600001));
#6316 = CARTESIAN_POINT('',(0.358960820183,-0.190835012656,0.9590001));
#6317 = CARTESIAN_POINT('',(0.358960820183,-0.190835012656,0.9600001));
#6318 = CARTESIAN_POINT('',(0.3506038386,-0.203272458198,0.9590001));
#6319 = CARTESIAN_POINT('',(0.3506038386,-0.203272458198,0.9600001));
#6320 = CARTESIAN_POINT('',(0.340630994938,-0.214818406397,0.9590001));
#6321 = CARTESIAN_POINT('',(0.340630994938,-0.214818406397,0.9600001));
#6322 = CARTESIAN_POINT('',(0.329198673648,-0.225450739787,0.9590001));
#6323 = CARTESIAN_POINT('',(0.329198673648,-0.225450739787,0.9600001));
#6324 = CARTESIAN_POINT('',(0.316544665031,-0.235032308125,0.9590001));
#6325 = CARTESIAN_POINT('',(0.316544665031,-0.235032308125,0.9600001));
#6326 = CARTESIAN_POINT('',(0.302862253274,-0.243502443188,0.9590001));
#6327 = CARTESIAN_POINT('',(0.302862253274,-0.243502443188,0.9600001));
#6328 = CARTESIAN_POINT('',(0.288100027745,-0.250512323448,0.9590001));
#6329 = CARTESIAN_POINT('',(0.288100027745,-0.250512323448,0.9600001));
#6330 = CARTESIAN_POINT('',(0.27240241705,-0.256386640673,0.9590001));
#6331 = CARTESIAN_POINT('',(0.27240241705,-0.256386640673,0.9600001));
#6332 = CARTESIAN_POINT('',(0.255635404741,-0.260812640575,0.9590001));
#6333 = CARTESIAN_POINT('',(0.255635404741,-0.260812640575,0.9600001));
#6334 = CARTESIAN_POINT('',(0.237896637061,-0.264049314604,0.9590001));
#6335 = CARTESIAN_POINT('',(0.237896637061,-0.264049314604,0.9600001));
#6336 = CARTESIAN_POINT('',(0.2191610548,-0.265957812126,0.9590001));
#6337 = CARTESIAN_POINT('',(0.2191610548,-0.265957812126,0.9600001));
#6338 = CARTESIAN_POINT('',(0.206356997031,-0.266215033607,0.9590001));
#6339 = CARTESIAN_POINT('',(0.206356997031,-0.266215033607,0.9600001));
#6340 = CARTESIAN_POINT('',(0.199810437233,-0.266346547838,0.9590001));
#6341 = CARTESIAN_POINT('',(0.199810437233,-0.266346547838,0.9600001));
#6342 = ADVANCED_FACE('',(#6343),#6362,.T.);
#6343 = FACE_BOUND('',#6344,.T.);
#6344 = EDGE_LOOP('',(#6345,#6346,#6347,#6361));
#6345 = ORIENTED_EDGE('',*,*,#337,.F.);
#6346 = ORIENTED_EDGE('',*,*,#6299,.F.);
#6347 = ORIENTED_EDGE('',*,*,#6348,.T.);
#6348 = EDGE_CURVE('',#6276,#5479,#6349,.T.);
#6349 = B_SPLINE_CURVE_WITH_KNOTS('',3,(#6350,#6351,#6352,#6353,#6354,
    #6355,#6356,#6357,#6358,#6359,#6360),.UNSPECIFIED.,.F.,.F.,(4,1,1,1,
    1,1,1,1,4),(0.,0.14576530528,0.284679534458,0.417068973157,
    0.543483067596,0.664282263475,0.780256081504,0.891808629486,1.),
  .UNSPECIFIED.);
#6350 = CARTESIAN_POINT('',(0.199810437233,-0.266346547838,0.9590001));
#6351 = CARTESIAN_POINT('',(0.194027779688,-0.266286883463,0.9590001));
#6352 = CARTESIAN_POINT('',(0.182734253737,-0.266170358982,0.9590001));
#6353 = CARTESIAN_POINT('',(0.1662335962,-0.264870287087,0.9590001));
#6354 = CARTESIAN_POINT('',(0.150568853885,-0.262942403814,0.9590001));
#6355 = CARTESIAN_POINT('',(0.135783084785,-0.26005237096,0.9590001));
#6356 = CARTESIAN_POINT('',(0.121811543563,-0.256491001259,0.9590001));
#6357 = CARTESIAN_POINT('',(0.108748125953,-0.251966349454,0.9590001));
#6358 = CARTESIAN_POINT('',(9.6444530679E-02,-0.24681406235,0.9590001));
#6359 = CARTESIAN_POINT('',(8.884279941323E-02,-0.242537491936,0.9590001
    ));
#6360 = CARTESIAN_POINT('',(8.510007137982E-02,-0.240431913691,0.9590001
    ));
#6361 = ORIENTED_EDGE('',*,*,#5478,.T.);
#6362 = B_SPLINE_SURFACE_WITH_KNOTS('',3,1,(
    (#6363,#6364)
    ,(#6365,#6366)
    ,(#6367,#6368)
    ,(#6369,#6370)
    ,(#6371,#6372)
    ,(#6373,#6374)
    ,(#6375,#6376)
    ,(#6377,#6378)
    ,(#6379,#6380)
    ,(#6381,#6382)
    ,(#6383,#6384
  )),.UNSPECIFIED.,.F.,.F.,.F.,(4,1,1,1,1,1,1,1,4),(2,2),(0.,
    0.14576530528,0.284679534458,0.417068973157,0.543483067596,
    0.664282263475,0.780256081504,0.891808629486,1.),(0.,1.),
  .UNSPECIFIED.);
#6363 = CARTESIAN_POINT('',(0.199810437233,-0.266346547838,0.9590001));
#6364 = CARTESIAN_POINT('',(0.199810437233,-0.266346547838,0.9600001));
#6365 = CARTESIAN_POINT('',(0.194027779688,-0.266286883463,0.9590001));
#6366 = CARTESIAN_POINT('',(0.194027779688,-0.266286883463,0.9600001));
#6367 = CARTESIAN_POINT('',(0.182734253737,-0.266170358982,0.9590001));
#6368 = CARTESIAN_POINT('',(0.182734253737,-0.266170358982,0.9600001));
#6369 = CARTESIAN_POINT('',(0.1662335962,-0.264870287087,0.9590001));
#6370 = CARTESIAN_POINT('',(0.1662335962,-0.264870287087,0.9600001));
#6371 = CARTESIAN_POINT('',(0.150568853885,-0.262942403814,0.9590001));
#6372 = CARTESIAN_POINT('',(0.150568853885,-0.262942403814,0.9600001));
#6373 = CARTESIAN_POINT('',(0.135783084785,-0.26005237096,0.9590001));
#6374 = CARTESIAN_POINT('',(0.135783084785,-0.26005237096,0.9600001));
#6375 = CARTESIAN_POINT('',(0.121811543563,-0.256491001259,0.9590001));
#6376 = CARTESIAN_POINT('',(0.121811543563,-0.256491001259,0.9600001));
#6377 = CARTESIAN_POINT('',(0.108748125953,-0.251966349454,0.9590001));
#6378 = CARTESIAN_POINT('',(0.108748125953,-0.251966349454,0.9600001));
#6379 = CARTESIAN_POINT('',(9.6444530679E-02,-0.24681406235,0.9590001));
#6380 = CARTESIAN_POINT('',(9.6444530679E-02,-0.24681406235,0.9600001));
#6381 = CARTESIAN_POINT('',(8.884279941323E-02,-0.242537491936,0.9590001
    ));
#6382 = CARTESIAN_POINT('',(8.884279941323E-02,-0.242537491936,0.9600001
    ));
#6383 = CARTESIAN_POINT('',(8.510007137982E-02,-0.240431913691,0.9590001
    ));
#6384 = CARTESIAN_POINT('',(8.510007137982E-02,-0.240431913691,0.9600001
    ));
#6385 = ADVANCED_FACE('',(#6386),#6406,.F.);
#6386 = FACE_BOUND('',#6387,.T.);
#6387 = EDGE_LOOP('',(#6388,#6389,#6390,#6391,#6392,#6393,#6394,#6395,
    #6396,#6397,#6398,#6399,#6400,#6401,#6402,#6403,#6404,#6405));
#6388 = ORIENTED_EDGE('',*,*,#5485,.F.);
#6389 = ORIENTED_EDGE('',*,*,#6348,.F.);
#6390 = ORIENTED_EDGE('',*,*,#6275,.F.);
#6391 = ORIENTED_EDGE('',*,*,#6202,.F.);
#6392 = ORIENTED_EDGE('',*,*,#6180,.F.);
#6393 = ORIENTED_EDGE('',*,*,#6107,.F.);
#6394 = ORIENTED_EDGE('',*,*,#6034,.F.);
#6395 = ORIENTED_EDGE('',*,*,#5985,.F.);
#6396 = ORIENTED_EDGE('',*,*,#5963,.F.);
#6397 = ORIENTED_EDGE('',*,*,#5914,.F.);
#6398 = ORIENTED_EDGE('',*,*,#5841,.F.);
#6399 = ORIENTED_EDGE('',*,*,#5768,.F.);
#6400 = ORIENTED_EDGE('',*,*,#5746,.F.);
#6401 = ORIENTED_EDGE('',*,*,#5724,.F.);
#6402 = ORIENTED_EDGE('',*,*,#5702,.F.);
#6403 = ORIENTED_EDGE('',*,*,#5629,.F.);
#6404 = ORIENTED_EDGE('',*,*,#5556,.F.);
#6405 = ORIENTED_EDGE('',*,*,#5507,.F.);
#6406 = B_SPLINE_SURFACE_WITH_KNOTS('',1,1,(
    (#6407,#6408)
    ,(#6409,#6410
    )),.UNSPECIFIED.,.F.,.F.,.F.,(2,2),(2,2),(-6.438451334397E-02,
    0.447810608607),(-5.417907895102E-02,0.238503847878),
  .PIECEWISE_BEZIER_KNOTS.);
#6407 = CARTESIAN_POINT('',(8.510007137982E-02,-0.266346547838,0.9590001
    ));
#6408 = CARTESIAN_POINT('',(0.377782998209,-0.266346547838,0.9590001));
#6409 = CARTESIAN_POINT('',(8.510007137982E-02,0.245848574113,0.9590001)
  );
#6410 = CARTESIAN_POINT('',(0.377782998209,0.245848574113,0.9590001));
#6411 = ADVANCED_FACE('',(#6412),#6434,.T.);
#6412 = FACE_BOUND('',#6413,.T.);
#6413 = EDGE_LOOP('',(#6414,#6415,#6422,#6429));
#6414 = ORIENTED_EDGE('',*,*,#646,.F.);
#6415 = ORIENTED_EDGE('',*,*,#6416,.F.);
#6416 = EDGE_CURVE('',#6417,#640,#6419,.T.);
#6417 = VERTEX_POINT('',#6418);
#6418 = CARTESIAN_POINT('',(-0.103924318864,-0.260248986862,0.9590001));
#6419 = B_SPLINE_CURVE_WITH_KNOTS('',1,(#6420,#6421),.UNSPECIFIED.,.F.,
  .F.,(2,2),(0.,1.E-03),.PIECEWISE_BEZIER_KNOTS.);
#6420 = CARTESIAN_POINT('',(-0.103924318864,-0.260248986862,0.9590001));
#6421 = CARTESIAN_POINT('',(-0.103924318864,-0.260248986862,0.9600001));
#6422 = ORIENTED_EDGE('',*,*,#6423,.T.);
#6423 = EDGE_CURVE('',#6417,#6424,#6426,.T.);
#6424 = VERTEX_POINT('',#6425);
#6425 = CARTESIAN_POINT('',(-0.16489992862,-0.260248986862,0.9590001));
#6426 = B_SPLINE_CURVE_WITH_KNOTS('',1,(#6427,#6428),.UNSPECIFIED.,.F.,
  .F.,(2,2),(0.,6.09756097561E-02),.PIECEWISE_BEZIER_KNOTS.);
#6427 = CARTESIAN_POINT('',(-0.103924318864,-0.260248986862,0.9590001));
#6428 = CARTESIAN_POINT('',(-0.16489992862,-0.260248986862,0.9590001));
#6429 = ORIENTED_EDGE('',*,*,#6430,.T.);
#6430 = EDGE_CURVE('',#6424,#647,#6431,.T.);
#6431 = B_SPLINE_CURVE_WITH_KNOTS('',1,(#6432,#6433),.UNSPECIFIED.,.F.,
  .F.,(2,2),(0.,1.E-03),.PIECEWISE_BEZIER_KNOTS.);
#6432 = CARTESIAN_POINT('',(-0.16489992862,-0.260248986862,0.9590001));
#6433 = CARTESIAN_POINT('',(-0.16489992862,-0.260248986862,0.9600001));
#6434 = B_SPLINE_SURFACE_WITH_KNOTS('',1,1,(
    (#6435,#6436)
    ,(#6437,#6438
    )),.UNSPECIFIED.,.F.,.F.,.F.,(2,2),(2,2),(0.,1.E-03),(
    -6.09756097561E-02,0.),.PIECEWISE_BEZIER_KNOTS.);
#6435 = CARTESIAN_POINT('',(-0.16489992862,-0.260248986862,0.9590001));
#6436 = CARTESIAN_POINT('',(-0.103924318864,-0.260248986862,0.9590001));
#6437 = CARTESIAN_POINT('',(-0.16489992862,-0.260248986862,0.9600001));
#6438 = CARTESIAN_POINT('',(-0.103924318864,-0.260248986862,0.9600001));
#6439 = ADVANCED_FACE('',(#6440),#6456,.T.);
#6440 = FACE_BOUND('',#6441,.T.);
#6441 = EDGE_LOOP('',(#6442,#6443,#6444,#6451));
#6442 = ORIENTED_EDGE('',*,*,#653,.F.);
#6443 = ORIENTED_EDGE('',*,*,#6430,.F.);
#6444 = ORIENTED_EDGE('',*,*,#6445,.T.);
#6445 = EDGE_CURVE('',#6424,#6446,#6448,.T.);
#6446 = VERTEX_POINT('',#6447);
#6447 = CARTESIAN_POINT('',(-0.16489992862,0.164484244845,0.9590001));
#6448 = B_SPLINE_CURVE_WITH_KNOTS('',1,(#6449,#6450),.UNSPECIFIED.,.F.,
  .F.,(2,2),(0.,0.424733231707),.PIECEWISE_BEZIER_KNOTS.);
#6449 = CARTESIAN_POINT('',(-0.16489992862,-0.260248986862,0.9590001));
#6450 = CARTESIAN_POINT('',(-0.16489992862,0.164484244845,0.9590001));
#6451 = ORIENTED_EDGE('',*,*,#6452,.T.);
#6452 = EDGE_CURVE('',#6446,#654,#6453,.T.);
#6453 = B_SPLINE_CURVE_WITH_KNOTS('',1,(#6454,#6455),.UNSPECIFIED.,.F.,
  .F.,(2,2),(0.,1.E-03),.PIECEWISE_BEZIER_KNOTS.);
#6454 = CARTESIAN_POINT('',(-0.16489992862,0.164484244845,0.9590001));
#6455 = CARTESIAN_POINT('',(-0.16489992862,0.164484244845,0.9600001));
#6456 = B_SPLINE_SURFACE_WITH_KNOTS('',1,1,(
    (#6457,#6458)
    ,(#6459,#6460
    )),.UNSPECIFIED.,.F.,.F.,.F.,(2,2),(2,2),(-1.E-03,0.),(0.,
    0.424733231707),.PIECEWISE_BEZIER_KNOTS.);
#6457 = CARTESIAN_POINT('',(-0.16489992862,-0.260248986862,0.9600001));
#6458 = CARTESIAN_POINT('',(-0.16489992862,0.164484244845,0.9600001));
#6459 = CARTESIAN_POINT('',(-0.16489992862,-0.260248986862,0.9590001));
#6460 = CARTESIAN_POINT('',(-0.16489992862,0.164484244845,0.9590001));
#6461 = ADVANCED_FACE('',(#6462),#6487,.T.);
#6462 = FACE_BOUND('',#6463,.T.);
#6463 = EDGE_LOOP('',(#6464,#6465,#6466,#6482));
#6464 = ORIENTED_EDGE('',*,*,#660,.F.);
#6465 = ORIENTED_EDGE('',*,*,#6452,.F.);
#6466 = ORIENTED_EDGE('',*,*,#6467,.T.);
#6467 = EDGE_CURVE('',#6446,#6468,#6470,.T.);
#6468 = VERTEX_POINT('',#6469);
#6469 = CARTESIAN_POINT('',(-0.280753587157,0.105604671674,0.9590001));
#6470 = B_SPLINE_CURVE_WITH_KNOTS('',3,(#6471,#6472,#6473,#6474,#6475,
    #6476,#6477,#6478,#6479,#6480,#6481),.UNSPECIFIED.,.F.,.F.,(4,1,1,1,
    1,1,1,1,4),(0.,8.811819562601E-02,0.194050828017,0.318164819684,
    0.461353165014,0.608692228917,0.747543051547,0.877526849564,1.),
  .UNSPECIFIED.);
#6471 = CARTESIAN_POINT('',(-0.16489992862,0.164484244845,0.9590001));
#6472 = CARTESIAN_POINT('',(-0.167734252582,0.161874222729,0.9590001));
#6473 = CARTESIAN_POINT('',(-0.17397590231,0.156126522731,0.9590001));
#6474 = CARTESIAN_POINT('',(-0.185537524783,0.148357400454,0.9590001));
#6475 = CARTESIAN_POINT('',(-0.199335274385,0.139686421498,0.9590001));
#6476 = CARTESIAN_POINT('',(-0.2153271454,0.131168677451,0.9590001));
#6477 = CARTESIAN_POINT('',(-0.232117044443,0.122803393373,0.9590001));
#6478 = CARTESIAN_POINT('',(-0.248916141573,0.115854730265,0.9590001));
#6479 = CARTESIAN_POINT('',(-0.264924169969,0.109825140398,0.9590001));
#6480 = CARTESIAN_POINT('',(-0.275582813729,0.106983312926,0.9590001));
#6481 = CARTESIAN_POINT('',(-0.280753587157,0.105604671674,0.9590001));
#6482 = ORIENTED_EDGE('',*,*,#6483,.T.);
#6483 = EDGE_CURVE('',#6468,#661,#6484,.T.);
#6484 = B_SPLINE_CURVE_WITH_KNOTS('',1,(#6485,#6486),.UNSPECIFIED.,.F.,
  .F.,(2,2),(0.,1.E-03),.PIECEWISE_BEZIER_KNOTS.);
#6485 = CARTESIAN_POINT('',(-0.280753587157,0.105604671674,0.9590001));
#6486 = CARTESIAN_POINT('',(-0.280753587157,0.105604671674,0.9600001));
#6487 = B_SPLINE_SURFACE_WITH_KNOTS('',3,1,(
    (#6488,#6489)
    ,(#6490,#6491)
    ,(#6492,#6493)
    ,(#6494,#6495)
    ,(#6496,#6497)
    ,(#6498,#6499)
    ,(#6500,#6501)
    ,(#6502,#6503)
    ,(#6504,#6505)
    ,(#6506,#6507)
    ,(#6508,#6509
  )),.UNSPECIFIED.,.F.,.F.,.F.,(4,1,1,1,1,1,1,1,4),(2,2),(0.,
    8.811819562601E-02,0.194050828017,0.318164819684,0.461353165014,
    0.608692228917,0.747543051547,0.877526849564,1.),(0.,1.),
  .UNSPECIFIED.);
#6488 = CARTESIAN_POINT('',(-0.16489992862,0.164484244845,0.9590001));
#6489 = CARTESIAN_POINT('',(-0.16489992862,0.164484244845,0.9600001));
#6490 = CARTESIAN_POINT('',(-0.167734252582,0.161874222729,0.9590001));
#6491 = CARTESIAN_POINT('',(-0.167734252582,0.161874222729,0.9600001));
#6492 = CARTESIAN_POINT('',(-0.17397590231,0.156126522731,0.9590001));
#6493 = CARTESIAN_POINT('',(-0.17397590231,0.156126522731,0.9600001));
#6494 = CARTESIAN_POINT('',(-0.185537524783,0.148357400454,0.9590001));
#6495 = CARTESIAN_POINT('',(-0.185537524783,0.148357400454,0.9600001));
#6496 = CARTESIAN_POINT('',(-0.199335274385,0.139686421498,0.9590001));
#6497 = CARTESIAN_POINT('',(-0.199335274385,0.139686421498,0.9600001));
#6498 = CARTESIAN_POINT('',(-0.2153271454,0.131168677451,0.9590001));
#6499 = CARTESIAN_POINT('',(-0.2153271454,0.131168677451,0.9600001));
#6500 = CARTESIAN_POINT('',(-0.232117044443,0.122803393373,0.9590001));
#6501 = CARTESIAN_POINT('',(-0.232117044443,0.122803393373,0.9600001));
#6502 = CARTESIAN_POINT('',(-0.248916141573,0.115854730265,0.9590001));
#6503 = CARTESIAN_POINT('',(-0.248916141573,0.115854730265,0.9600001));
#6504 = CARTESIAN_POINT('',(-0.264924169969,0.109825140398,0.9590001));
#6505 = CARTESIAN_POINT('',(-0.264924169969,0.109825140398,0.9600001));
#6506 = CARTESIAN_POINT('',(-0.275582813729,0.106983312926,0.9590001));
#6507 = CARTESIAN_POINT('',(-0.275582813729,0.106983312926,0.9600001));
#6508 = CARTESIAN_POINT('',(-0.280753587157,0.105604671674,0.9590001));
#6509 = CARTESIAN_POINT('',(-0.280753587157,0.105604671674,0.9600001));
#6510 = ADVANCED_FACE('',(#6511),#6527,.T.);
#6511 = FACE_BOUND('',#6512,.T.);
#6512 = EDGE_LOOP('',(#6513,#6514,#6515,#6522));
#6513 = ORIENTED_EDGE('',*,*,#676,.F.);
#6514 = ORIENTED_EDGE('',*,*,#6483,.F.);
#6515 = ORIENTED_EDGE('',*,*,#6516,.T.);
#6516 = EDGE_CURVE('',#6468,#6517,#6519,.T.);
#6517 = VERTEX_POINT('',#6518);
#6518 = CARTESIAN_POINT('',(-0.280753587157,0.166580281431,0.9590001));
#6519 = B_SPLINE_CURVE_WITH_KNOTS('',1,(#6520,#6521),.UNSPECIFIED.,.F.,
  .F.,(2,2),(0.,6.09756097561E-02),.PIECEWISE_BEZIER_KNOTS.);
#6520 = CARTESIAN_POINT('',(-0.280753587157,0.105604671674,0.9590001));
#6521 = CARTESIAN_POINT('',(-0.280753587157,0.166580281431,0.9590001));
#6522 = ORIENTED_EDGE('',*,*,#6523,.T.);
#6523 = EDGE_CURVE('',#6517,#677,#6524,.T.);
#6524 = B_SPLINE_CURVE_WITH_KNOTS('',1,(#6525,#6526),.UNSPECIFIED.,.F.,
  .F.,(2,2),(0.,1.E-03),.PIECEWISE_BEZIER_KNOTS.);
#6525 = CARTESIAN_POINT('',(-0.280753587157,0.166580281431,0.9590001));
#6526 = CARTESIAN_POINT('',(-0.280753587157,0.166580281431,0.9600001));
#6527 = B_SPLINE_SURFACE_WITH_KNOTS('',1,1,(
    (#6528,#6529)
    ,(#6530,#6531
    )),.UNSPECIFIED.,.F.,.F.,.F.,(2,2),(2,2),(-1.E-03,0.),(0.,
    6.09756097561E-02),.PIECEWISE_BEZIER_KNOTS.);
#6528 = CARTESIAN_POINT('',(-0.280753587157,0.105604671674,0.9600001));
#6529 = CARTESIAN_POINT('',(-0.280753587157,0.166580281431,0.9600001));
#6530 = CARTESIAN_POINT('',(-0.280753587157,0.105604671674,0.9590001));
#6531 = CARTESIAN_POINT('',(-0.280753587157,0.166580281431,0.9590001));
#6532 = ADVANCED_FACE('',(#6533),#6558,.T.);
#6533 = FACE_BOUND('',#6534,.T.);
#6534 = EDGE_LOOP('',(#6535,#6536,#6537,#6553));
#6535 = ORIENTED_EDGE('',*,*,#683,.F.);
#6536 = ORIENTED_EDGE('',*,*,#6523,.F.);
#6537 = ORIENTED_EDGE('',*,*,#6538,.T.);
#6538 = EDGE_CURVE('',#6517,#6539,#6541,.T.);
#6539 = VERTEX_POINT('',#6540);
#6540 = CARTESIAN_POINT('',(-0.127647642035,0.245848574113,0.9590001));
#6541 = B_SPLINE_CURVE_WITH_KNOTS('',3,(#6542,#6543,#6544,#6545,#6546,
    #6547,#6548,#6549,#6550,#6551,#6552),.UNSPECIFIED.,.F.,.F.,(4,1,1,1,
    1,1,1,1,4),(0.,0.121241716272,0.248824178072,0.38359175181,
    0.525538703233,0.664908718229,0.789887097055,0.901546186403,1.),
  .UNSPECIFIED.);
#6542 = CARTESIAN_POINT('',(-0.280753587157,0.166580281431,0.9590001));
#6543 = CARTESIAN_POINT('',(-0.274018747974,0.168544360396,0.9590001));
#6544 = CARTESIAN_POINT('',(-0.26019684842,0.172575236479,0.9590001));
#6545 = CARTESIAN_POINT('',(-0.239548608873,0.180741147372,0.9590001));
#6546 = CARTESIAN_POINT('',(-0.218051529377,0.189951895197,0.9590001));
#6547 = CARTESIAN_POINT('',(-0.196600560091,0.200885731622,0.9590001));
#6548 = CARTESIAN_POINT('',(-0.176013449134,0.212221277292,0.9590001));
#6549 = CARTESIAN_POINT('',(-0.157451729682,0.22355900687,0.9590001));
#6550 = CARTESIAN_POINT('',(-0.14143102291,0.234502622266,0.9590001));
#6551 = CARTESIAN_POINT('',(-0.132045479969,0.242228442167,0.9590001));
#6552 = CARTESIAN_POINT('',(-0.127647642035,0.245848574113,0.9590001));
#6553 = ORIENTED_EDGE('',*,*,#6554,.T.);
#6554 = EDGE_CURVE('',#6539,#684,#6555,.T.);
#6555 = B_SPLINE_CURVE_WITH_KNOTS('',1,(#6556,#6557),.UNSPECIFIED.,.F.,
  .F.,(2,2),(0.,1.E-03),.PIECEWISE_BEZIER_KNOTS.);
#6556 = CARTESIAN_POINT('',(-0.127647642035,0.245848574113,0.9590001));
#6557 = CARTESIAN_POINT('',(-0.127647642035,0.245848574113,0.9600001));
#6558 = B_SPLINE_SURFACE_WITH_KNOTS('',3,1,(
    (#6559,#6560)
    ,(#6561,#6562)
    ,(#6563,#6564)
    ,(#6565,#6566)
    ,(#6567,#6568)
    ,(#6569,#6570)
    ,(#6571,#6572)
    ,(#6573,#6574)
    ,(#6575,#6576)
    ,(#6577,#6578)
    ,(#6579,#6580
  )),.UNSPECIFIED.,.F.,.F.,.F.,(4,1,1,1,1,1,1,1,4),(2,2),(0.,
    0.121241716272,0.248824178072,0.38359175181,0.525538703233,
    0.664908718229,0.789887097055,0.901546186403,1.),(0.,1.),
  .UNSPECIFIED.);
#6559 = CARTESIAN_POINT('',(-0.280753587157,0.166580281431,0.9590001));
#6560 = CARTESIAN_POINT('',(-0.280753587157,0.166580281431,0.9600001));
#6561 = CARTESIAN_POINT('',(-0.274018747974,0.168544360396,0.9590001));
#6562 = CARTESIAN_POINT('',(-0.274018747974,0.168544360396,0.9600001));
#6563 = CARTESIAN_POINT('',(-0.26019684842,0.172575236479,0.9590001));
#6564 = CARTESIAN_POINT('',(-0.26019684842,0.172575236479,0.9600001));
#6565 = CARTESIAN_POINT('',(-0.239548608873,0.180741147372,0.9590001));
#6566 = CARTESIAN_POINT('',(-0.239548608873,0.180741147372,0.9600001));
#6567 = CARTESIAN_POINT('',(-0.218051529377,0.189951895197,0.9590001));
#6568 = CARTESIAN_POINT('',(-0.218051529377,0.189951895197,0.9600001));
#6569 = CARTESIAN_POINT('',(-0.196600560091,0.200885731622,0.9590001));
#6570 = CARTESIAN_POINT('',(-0.196600560091,0.200885731622,0.9600001));
#6571 = CARTESIAN_POINT('',(-0.176013449134,0.212221277292,0.9590001));
#6572 = CARTESIAN_POINT('',(-0.176013449134,0.212221277292,0.9600001));
#6573 = CARTESIAN_POINT('',(-0.157451729682,0.22355900687,0.9590001));
#6574 = CARTESIAN_POINT('',(-0.157451729682,0.22355900687,0.9600001));
#6575 = CARTESIAN_POINT('',(-0.14143102291,0.234502622266,0.9590001));
#6576 = CARTESIAN_POINT('',(-0.14143102291,0.234502622266,0.9600001));
#6577 = CARTESIAN_POINT('',(-0.132045479969,0.242228442167,0.9590001));
#6578 = CARTESIAN_POINT('',(-0.132045479969,0.242228442167,0.9600001));
#6579 = CARTESIAN_POINT('',(-0.127647642035,0.245848574113,0.9590001));
#6580 = CARTESIAN_POINT('',(-0.127647642035,0.245848574113,0.9600001));
#6581 = ADVANCED_FACE('',(#6582),#6598,.T.);
#6582 = FACE_BOUND('',#6583,.T.);
#6583 = EDGE_LOOP('',(#6584,#6585,#6586,#6593));
#6584 = ORIENTED_EDGE('',*,*,#699,.F.);
#6585 = ORIENTED_EDGE('',*,*,#6554,.F.);
#6586 = ORIENTED_EDGE('',*,*,#6587,.T.);
#6587 = EDGE_CURVE('',#6539,#6588,#6590,.T.);
#6588 = VERTEX_POINT('',#6589);
#6589 = CARTESIAN_POINT('',(-0.103924318864,0.245848574113,0.9590001));
#6590 = B_SPLINE_CURVE_WITH_KNOTS('',1,(#6591,#6592),.UNSPECIFIED.,.F.,
  .F.,(2,2),(0.,2.372332317073E-02),.PIECEWISE_BEZIER_KNOTS.);
#6591 = CARTESIAN_POINT('',(-0.127647642035,0.245848574113,0.9590001));
#6592 = CARTESIAN_POINT('',(-0.103924318864,0.245848574113,0.9590001));
#6593 = ORIENTED_EDGE('',*,*,#6594,.T.);
#6594 = EDGE_CURVE('',#6588,#638,#6595,.T.);
#6595 = B_SPLINE_CURVE_WITH_KNOTS('',1,(#6596,#6597),.UNSPECIFIED.,.F.,
  .F.,(2,2),(0.,1.E-03),.PIECEWISE_BEZIER_KNOTS.);
#6596 = CARTESIAN_POINT('',(-0.103924318864,0.245848574113,0.9590001));
#6597 = CARTESIAN_POINT('',(-0.103924318864,0.245848574113,0.9600001));
#6598 = B_SPLINE_SURFACE_WITH_KNOTS('',1,1,(
    (#6599,#6600)
    ,(#6601,#6602
    )),.UNSPECIFIED.,.F.,.F.,.F.,(2,2),(2,2),(-1.E-03,0.),(0.,
    2.372332317073E-02),.PIECEWISE_BEZIER_KNOTS.);
#6599 = CARTESIAN_POINT('',(-0.127647642035,0.245848574113,0.9600001));
#6600 = CARTESIAN_POINT('',(-0.103924318864,0.245848574113,0.9600001));
#6601 = CARTESIAN_POINT('',(-0.127647642035,0.245848574113,0.9590001));
#6602 = CARTESIAN_POINT('',(-0.103924318864,0.245848574113,0.9590001));
#6603 = ADVANCED_FACE('',(#6604),#6614,.T.);
#6604 = FACE_BOUND('',#6605,.T.);
#6605 = EDGE_LOOP('',(#6606,#6607,#6608,#6613));
#6606 = ORIENTED_EDGE('',*,*,#637,.F.);
#6607 = ORIENTED_EDGE('',*,*,#6594,.F.);
#6608 = ORIENTED_EDGE('',*,*,#6609,.T.);
#6609 = EDGE_CURVE('',#6588,#6417,#6610,.T.);
#6610 = B_SPLINE_CURVE_WITH_KNOTS('',1,(#6611,#6612),.UNSPECIFIED.,.F.,
  .F.,(2,2),(0.,0.506097560976),.PIECEWISE_BEZIER_KNOTS.);
#6611 = CARTESIAN_POINT('',(-0.103924318864,0.245848574113,0.9590001));
#6612 = CARTESIAN_POINT('',(-0.103924318864,-0.260248986862,0.9590001));
#6613 = ORIENTED_EDGE('',*,*,#6416,.T.);
#6614 = B_SPLINE_SURFACE_WITH_KNOTS('',1,1,(
    (#6615,#6616)
    ,(#6617,#6618
    )),.UNSPECIFIED.,.F.,.F.,.F.,(2,2),(2,2),(0.,1.E-03),(
    -0.506097560976,0.),.PIECEWISE_BEZIER_KNOTS.);
#6615 = CARTESIAN_POINT('',(-0.103924318864,-0.260248986862,0.9590001));
#6616 = CARTESIAN_POINT('',(-0.103924318864,0.245848574113,0.9590001));
#6617 = CARTESIAN_POINT('',(-0.103924318864,-0.260248986862,0.9600001));
#6618 = CARTESIAN_POINT('',(-0.103924318864,0.245848574113,0.9600001));
#6619 = ADVANCED_FACE('',(#6620),#6629,.T.);
#6620 = FACE_BOUND('',#6621,.T.);
#6621 = EDGE_LOOP('',(#6622,#6623,#6624,#6625,#6626,#6627,#6628));
#6622 = ORIENTED_EDGE('',*,*,#6423,.F.);
#6623 = ORIENTED_EDGE('',*,*,#6609,.F.);
#6624 = ORIENTED_EDGE('',*,*,#6587,.F.);
#6625 = ORIENTED_EDGE('',*,*,#6538,.F.);
#6626 = ORIENTED_EDGE('',*,*,#6516,.F.);
#6627 = ORIENTED_EDGE('',*,*,#6467,.F.);
#6628 = ORIENTED_EDGE('',*,*,#6445,.F.);
#6629 = B_SPLINE_SURFACE_WITH_KNOTS('',1,1,(
    (#6630,#6631)
    ,(#6632,#6633
    )),.UNSPECIFIED.,.F.,.F.,.F.,(2,2),(2,2),(-0.116822206417,
    0.389275354558),(-6.103737267685E-02,0.115791895616),
  .PIECEWISE_BEZIER_KNOTS.);
#6630 = CARTESIAN_POINT('',(-0.280753587157,0.245848574113,0.9590001));
#6631 = CARTESIAN_POINT('',(-0.103924318864,0.245848574113,0.9590001));
#6632 = CARTESIAN_POINT('',(-0.280753587157,-0.260248986862,0.9590001));
#6633 = CARTESIAN_POINT('',(-0.103924318864,-0.260248986862,0.9590001));
#6634 = ADVANCED_FACE('',(#6635),#6642,.T.);
#6635 = FACE_BOUND('',#6636,.T.);
#6636 = EDGE_LOOP('',(#6637,#6638,#6639,#6640,#6641));
#6637 = ORIENTED_EDGE('',*,*,#5280,.T.);
#6638 = ORIENTED_EDGE('',*,*,#5252,.T.);
#6639 = ORIENTED_EDGE('',*,*,#5448,.T.);
#6640 = ORIENTED_EDGE('',*,*,#5426,.T.);
#6641 = ORIENTED_EDGE('',*,*,#5353,.T.);
#6642 = B_SPLINE_SURFACE_WITH_KNOTS('',1,1,(
    (#6643,#6644)
    ,(#6645,#6646
    )),.UNSPECIFIED.,.F.,.F.,.F.,(2,2),(2,2),(0.554612266502,
    0.731441534794),(-0.205370938082,-2.8541669789E-02),
  .PIECEWISE_BEZIER_KNOTS.);
#6643 = CARTESIAN_POINT('',(0.554612266502,-0.205370938082,0.9600001));
#6644 = CARTESIAN_POINT('',(0.554612266502,-2.8541669789E-02,0.9600001)
  );
#6645 = CARTESIAN_POINT('',(0.731441534794,-0.205370938082,0.9600001));
#6646 = CARTESIAN_POINT('',(0.731441534794,-2.8541669789E-02,0.9600001)
  );
#6647 = ( GEOMETRIC_REPRESENTATION_CONTEXT(3) 
GLOBAL_UNCERTAINTY_ASSIGNED_CONTEXT((#6651)) 
GLOBAL_UNIT_ASSIGNED_CONTEXT((#6648,#6649,#6650)) REPRESENTATION_CONTEXT
('Context #1','3D Context with UNIT and UNCERTAINTY') );
#6648 = ( LENGTH_UNIT() NAMED_UNIT(*) SI_UNIT(.MILLI.,.METRE.) );
#6649 = ( NAMED_UNIT(*) PLANE_ANGLE_UNIT() SI_UNIT($,.RADIAN.) );
#6650 = ( NAMED_UNIT(*) SI_UNIT($,.STERADIAN.) SOLID_ANGLE_UNIT() );
#6651 = UNCERTAINTY_MEASURE_WITH_UNIT(LENGTH_MEASURE(5.E-04),#6648,
  'distance_accuracy_value','confusion accuracy');
#6652 = PRODUCT_RELATED_PRODUCT_CATEGORY('part',$,(#7));
#6653 = MECHANICAL_DESIGN_GEOMETRIC_PRESENTATION_REPRESENTATION('',(
    #6654,#6664,#6672,#6679,#6686,#6693,#6700,#6707,#6714,#6721,#6728,
    #6735,#6742,#6749,#6756,#6763,#6770,#6777,#6784,#6791,#6798,#6805,
    #6812,#6819,#6826,#6833,#6840,#6847,#6854,#6861,#6868,#6875,#6882,
    #6889,#6896,#6903,#6910,#6918,#6925,#6932,#6939,#6946,#6953,#6960,
    #6967,#6974,#6982,#6989,#6996,#7003,#7010,#7017,#7024,#7031,#7038,
    #7045,#7052,#7059,#7067,#7074,#7081,#7088,#7095,#7102,#7109,#7116,
    #7123,#7130,#7137,#7144,#7151,#7158,#7165,#7172,#7179,#7186,#7193,
    #7200,#7207,#7214,#7221,#7228,#7235,#7242,#7249,#7256,#7263,#7270,
    #7277,#7284,#7291,#7298,#7305,#7312,#7319,#7326,#7333,#7340,#7347,
    #7354,#7361,#7368,#7375,#7382,#7389,#7396,#7403,#7410,#7417,#7424,
    #7431,#7438,#7445,#7452,#7459,#7466,#7473,#7480,#7487,#7494,#7501,
    #7508,#7515,#7522,#7529,#7536,#7543,#7550,#7557,#7564,#7571,#7578,
    #7585,#7592,#7599,#7606,#7613,#7620,#7627,#7634,#7641,#7648,#7655,
    #7662,#7669,#7676,#7683,#7690,#7697,#7704,#7711,#7718,#7725,#7732,
    #7739,#7746,#7753,#7760,#7767,#7774,#7781,#7788,#7795,#7802),#6647);
#6654 = STYLED_ITEM('color',(#6655),#15);
#6655 = PRESENTATION_STYLE_ASSIGNMENT((#6656,#6662));
#6656 = SURFACE_STYLE_USAGE(.BOTH.,#6657);
#6657 = SURFACE_SIDE_STYLE('',(#6658));
#6658 = SURFACE_STYLE_FILL_AREA(#6659);
#6659 = FILL_AREA_STYLE('',(#6660));
#6660 = FILL_AREA_STYLE_COLOUR('',#6661);
#6661 = COLOUR_RGB('',0.501960785193,0.250980388104,0.);
#6662 = CURVE_STYLE('',#6663,POSITIVE_LENGTH_MEASURE(0.1),#6661);
#6663 = DRAUGHTING_PRE_DEFINED_CURVE_FONT('continuous');
#6664 = OVER_RIDING_STYLED_ITEM('overriding color',(#6665),#17,#6654);
#6665 = PRESENTATION_STYLE_ASSIGNMENT((#6666));
#6666 = SURFACE_STYLE_USAGE(.BOTH.,#6667);
#6667 = SURFACE_SIDE_STYLE('',(#6668));
#6668 = SURFACE_STYLE_FILL_AREA(#6669);
#6669 = FILL_AREA_STYLE('',(#6670));
#6670 = FILL_AREA_STYLE_COLOUR('',#6671);
#6671 = COLOUR_RGB('',0.250980388104,0.250980388104,0.250980388104);
#6672 = OVER_RIDING_STYLED_ITEM('overriding color',(#6673),#57,#6654);
#6673 = PRESENTATION_STYLE_ASSIGNMENT((#6674));
#6674 = SURFACE_STYLE_USAGE(.BOTH.,#6675);
#6675 = SURFACE_SIDE_STYLE('',(#6676));
#6676 = SURFACE_STYLE_FILL_AREA(#6677);
#6677 = FILL_AREA_STYLE('',(#6678));
#6678 = FILL_AREA_STYLE_COLOUR('',#6671);
#6679 = OVER_RIDING_STYLED_ITEM('overriding color',(#6680),#97,#6654);
#6680 = PRESENTATION_STYLE_ASSIGNMENT((#6681));
#6681 = SURFACE_STYLE_USAGE(.BOTH.,#6682);
#6682 = SURFACE_SIDE_STYLE('',(#6683));
#6683 = SURFACE_STYLE_FILL_AREA(#6684);
#6684 = FILL_AREA_STYLE('',(#6685));
#6685 = FILL_AREA_STYLE_COLOUR('',#6671);
#6686 = OVER_RIDING_STYLED_ITEM('overriding color',(#6687),#137,#6654);
#6687 = PRESENTATION_STYLE_ASSIGNMENT((#6688));
#6688 = SURFACE_STYLE_USAGE(.BOTH.,#6689);
#6689 = SURFACE_SIDE_STYLE('',(#6690));
#6690 = SURFACE_STYLE_FILL_AREA(#6691);
#6691 = FILL_AREA_STYLE('',(#6692));
#6692 = FILL_AREA_STYLE_COLOUR('',#6671);
#6693 = OVER_RIDING_STYLED_ITEM('overriding color',(#6694),#177,#6654);
#6694 = PRESENTATION_STYLE_ASSIGNMENT((#6695));
#6695 = SURFACE_STYLE_USAGE(.BOTH.,#6696);
#6696 = SURFACE_SIDE_STYLE('',(#6697));
#6697 = SURFACE_STYLE_FILL_AREA(#6698);
#6698 = FILL_AREA_STYLE('',(#6699));
#6699 = FILL_AREA_STYLE_COLOUR('',#6671);
#6700 = OVER_RIDING_STYLED_ITEM('overriding color',(#6701),#708,#6654);
#6701 = PRESENTATION_STYLE_ASSIGNMENT((#6702));
#6702 = SURFACE_STYLE_USAGE(.BOTH.,#6703);
#6703 = SURFACE_SIDE_STYLE('',(#6704));
#6704 = SURFACE_STYLE_FILL_AREA(#6705);
#6705 = FILL_AREA_STYLE('',(#6706));
#6706 = FILL_AREA_STYLE_COLOUR('',#6671);
#6707 = OVER_RIDING_STYLED_ITEM('overriding color',(#6708),#1203,#6654);
#6708 = PRESENTATION_STYLE_ASSIGNMENT((#6709));
#6709 = SURFACE_STYLE_USAGE(.BOTH.,#6710);
#6710 = SURFACE_SIDE_STYLE('',(#6711));
#6711 = SURFACE_STYLE_FILL_AREA(#6712);
#6712 = FILL_AREA_STYLE('',(#6713));
#6713 = FILL_AREA_STYLE_COLOUR('',#6671);
#6714 = OVER_RIDING_STYLED_ITEM('overriding color',(#6715),#1267,#6654);
#6715 = PRESENTATION_STYLE_ASSIGNMENT((#6716));
#6716 = SURFACE_STYLE_USAGE(.BOTH.,#6717);
#6717 = SURFACE_SIDE_STYLE('',(#6718));
#6718 = SURFACE_STYLE_FILL_AREA(#6719);
#6719 = FILL_AREA_STYLE('',(#6720));
#6720 = FILL_AREA_STYLE_COLOUR('',#6671);
#6721 = OVER_RIDING_STYLED_ITEM('overriding color',(#6722),#1291,#6654);
#6722 = PRESENTATION_STYLE_ASSIGNMENT((#6723));
#6723 = SURFACE_STYLE_USAGE(.BOTH.,#6724);
#6724 = SURFACE_SIDE_STYLE('',(#6725));
#6725 = SURFACE_STYLE_FILL_AREA(#6726);
#6726 = FILL_AREA_STYLE('',(#6727));
#6727 = FILL_AREA_STYLE_COLOUR('',#6671);
#6728 = OVER_RIDING_STYLED_ITEM('overriding color',(#6729),#1315,#6654);
#6729 = PRESENTATION_STYLE_ASSIGNMENT((#6730));
#6730 = SURFACE_STYLE_USAGE(.BOTH.,#6731);
#6731 = SURFACE_SIDE_STYLE('',(#6732));
#6732 = SURFACE_STYLE_FILL_AREA(#6733);
#6733 = FILL_AREA_STYLE('',(#6734));
#6734 = FILL_AREA_STYLE_COLOUR('',#6671);
#6735 = OVER_RIDING_STYLED_ITEM('overriding color',(#6736),#1347,#6654);
#6736 = PRESENTATION_STYLE_ASSIGNMENT((#6737));
#6737 = SURFACE_STYLE_USAGE(.BOTH.,#6738);
#6738 = SURFACE_SIDE_STYLE('',(#6739));
#6739 = SURFACE_STYLE_FILL_AREA(#6740);
#6740 = FILL_AREA_STYLE('',(#6741));
#6741 = FILL_AREA_STYLE_COLOUR('',#6671);
#6742 = OVER_RIDING_STYLED_ITEM('overriding color',(#6743),#1383,#6654);
#6743 = PRESENTATION_STYLE_ASSIGNMENT((#6744));
#6744 = SURFACE_STYLE_USAGE(.BOTH.,#6745);
#6745 = SURFACE_SIDE_STYLE('',(#6746));
#6746 = SURFACE_STYLE_FILL_AREA(#6747);
#6747 = FILL_AREA_STYLE('',(#6748));
#6748 = FILL_AREA_STYLE_COLOUR('',#6671);
#6749 = OVER_RIDING_STYLED_ITEM('overriding color',(#6750),#1419,#6654);
#6750 = PRESENTATION_STYLE_ASSIGNMENT((#6751));
#6751 = SURFACE_STYLE_USAGE(.BOTH.,#6752);
#6752 = SURFACE_SIDE_STYLE('',(#6753));
#6753 = SURFACE_STYLE_FILL_AREA(#6754);
#6754 = FILL_AREA_STYLE('',(#6755));
#6755 = FILL_AREA_STYLE_COLOUR('',#6671);
#6756 = OVER_RIDING_STYLED_ITEM('overriding color',(#6757),#1455,#6654);
#6757 = PRESENTATION_STYLE_ASSIGNMENT((#6758));
#6758 = SURFACE_STYLE_USAGE(.BOTH.,#6759);
#6759 = SURFACE_SIDE_STYLE('',(#6760));
#6760 = SURFACE_STYLE_FILL_AREA(#6761);
#6761 = FILL_AREA_STYLE('',(#6762));
#6762 = FILL_AREA_STYLE_COLOUR('',#6671);
#6763 = OVER_RIDING_STYLED_ITEM('overriding color',(#6764),#1511,#6654);
#6764 = PRESENTATION_STYLE_ASSIGNMENT((#6765));
#6765 = SURFACE_STYLE_USAGE(.BOTH.,#6766);
#6766 = SURFACE_SIDE_STYLE('',(#6767));
#6767 = SURFACE_STYLE_FILL_AREA(#6768);
#6768 = FILL_AREA_STYLE('',(#6769));
#6769 = FILL_AREA_STYLE_COLOUR('',#6671);
#6770 = OVER_RIDING_STYLED_ITEM('overriding color',(#6771),#1547,#6654);
#6771 = PRESENTATION_STYLE_ASSIGNMENT((#6772));
#6772 = SURFACE_STYLE_USAGE(.BOTH.,#6773);
#6773 = SURFACE_SIDE_STYLE('',(#6774));
#6774 = SURFACE_STYLE_FILL_AREA(#6775);
#6775 = FILL_AREA_STYLE('',(#6776));
#6776 = FILL_AREA_STYLE_COLOUR('',#6671);
#6777 = OVER_RIDING_STYLED_ITEM('overriding color',(#6778),#1583,#6654);
#6778 = PRESENTATION_STYLE_ASSIGNMENT((#6779));
#6779 = SURFACE_STYLE_USAGE(.BOTH.,#6780);
#6780 = SURFACE_SIDE_STYLE('',(#6781));
#6781 = SURFACE_STYLE_FILL_AREA(#6782);
#6782 = FILL_AREA_STYLE('',(#6783));
#6783 = FILL_AREA_STYLE_COLOUR('',#6671);
#6784 = OVER_RIDING_STYLED_ITEM('overriding color',(#6785),#1673,#6654);
#6785 = PRESENTATION_STYLE_ASSIGNMENT((#6786));
#6786 = SURFACE_STYLE_USAGE(.BOTH.,#6787);
#6787 = SURFACE_SIDE_STYLE('',(#6788));
#6788 = SURFACE_STYLE_FILL_AREA(#6789);
#6789 = FILL_AREA_STYLE('',(#6790));
#6790 = FILL_AREA_STYLE_COLOUR('',#6671);
#6791 = OVER_RIDING_STYLED_ITEM('overriding color',(#6792),#1699,#6654);
#6792 = PRESENTATION_STYLE_ASSIGNMENT((#6793));
#6793 = SURFACE_STYLE_USAGE(.BOTH.,#6794);
#6794 = SURFACE_SIDE_STYLE('',(#6795));
#6795 = SURFACE_STYLE_FILL_AREA(#6796);
#6796 = FILL_AREA_STYLE('',(#6797));
#6797 = FILL_AREA_STYLE_COLOUR('',#6671);
#6798 = OVER_RIDING_STYLED_ITEM('overriding color',(#6799),#1725,#6654);
#6799 = PRESENTATION_STYLE_ASSIGNMENT((#6800));
#6800 = SURFACE_STYLE_USAGE(.BOTH.,#6801);
#6801 = SURFACE_SIDE_STYLE('',(#6802));
#6802 = SURFACE_STYLE_FILL_AREA(#6803);
#6803 = FILL_AREA_STYLE('',(#6804));
#6804 = FILL_AREA_STYLE_COLOUR('',#6671);
#6805 = OVER_RIDING_STYLED_ITEM('overriding color',(#6806),#1744,#6654);
#6806 = PRESENTATION_STYLE_ASSIGNMENT((#6807));
#6807 = SURFACE_STYLE_USAGE(.BOTH.,#6808);
#6808 = SURFACE_SIDE_STYLE('',(#6809));
#6809 = SURFACE_STYLE_FILL_AREA(#6810);
#6810 = FILL_AREA_STYLE('',(#6811));
#6811 = FILL_AREA_STYLE_COLOUR('',#6671);
#6812 = OVER_RIDING_STYLED_ITEM('overriding color',(#6813),#1763,#6654);
#6813 = PRESENTATION_STYLE_ASSIGNMENT((#6814));
#6814 = SURFACE_STYLE_USAGE(.BOTH.,#6815);
#6815 = SURFACE_SIDE_STYLE('',(#6816));
#6816 = SURFACE_STYLE_FILL_AREA(#6817);
#6817 = FILL_AREA_STYLE('',(#6818));
#6818 = FILL_AREA_STYLE_COLOUR('',#6671);
#6819 = OVER_RIDING_STYLED_ITEM('overriding color',(#6820),#1853,#6654);
#6820 = PRESENTATION_STYLE_ASSIGNMENT((#6821));
#6821 = SURFACE_STYLE_USAGE(.BOTH.,#6822);
#6822 = SURFACE_SIDE_STYLE('',(#6823));
#6823 = SURFACE_STYLE_FILL_AREA(#6824);
#6824 = FILL_AREA_STYLE('',(#6825));
#6825 = FILL_AREA_STYLE_COLOUR('',#6671);
#6826 = OVER_RIDING_STYLED_ITEM('overriding color',(#6827),#1872,#6654);
#6827 = PRESENTATION_STYLE_ASSIGNMENT((#6828));
#6828 = SURFACE_STYLE_USAGE(.BOTH.,#6829);
#6829 = SURFACE_SIDE_STYLE('',(#6830));
#6830 = SURFACE_STYLE_FILL_AREA(#6831);
#6831 = FILL_AREA_STYLE('',(#6832));
#6832 = FILL_AREA_STYLE_COLOUR('',#6671);
#6833 = OVER_RIDING_STYLED_ITEM('overriding color',(#6834),#1891,#6654);
#6834 = PRESENTATION_STYLE_ASSIGNMENT((#6835));
#6835 = SURFACE_STYLE_USAGE(.BOTH.,#6836);
#6836 = SURFACE_SIDE_STYLE('',(#6837));
#6837 = SURFACE_STYLE_FILL_AREA(#6838);
#6838 = FILL_AREA_STYLE('',(#6839));
#6839 = FILL_AREA_STYLE_COLOUR('',#6671);
#6840 = OVER_RIDING_STYLED_ITEM('overriding color',(#6841),#1931,#6654);
#6841 = PRESENTATION_STYLE_ASSIGNMENT((#6842));
#6842 = SURFACE_STYLE_USAGE(.BOTH.,#6843);
#6843 = SURFACE_SIDE_STYLE('',(#6844));
#6844 = SURFACE_STYLE_FILL_AREA(#6845);
#6845 = FILL_AREA_STYLE('',(#6846));
#6846 = FILL_AREA_STYLE_COLOUR('',#6671);
#6847 = OVER_RIDING_STYLED_ITEM('overriding color',(#6848),#1955,#6654);
#6848 = PRESENTATION_STYLE_ASSIGNMENT((#6849));
#6849 = SURFACE_STYLE_USAGE(.BOTH.,#6850);
#6850 = SURFACE_SIDE_STYLE('',(#6851));
#6851 = SURFACE_STYLE_FILL_AREA(#6852);
#6852 = FILL_AREA_STYLE('',(#6853));
#6853 = FILL_AREA_STYLE_COLOUR('',#6671);
#6854 = OVER_RIDING_STYLED_ITEM('overriding color',(#6855),#1976,#6654);
#6855 = PRESENTATION_STYLE_ASSIGNMENT((#6856));
#6856 = SURFACE_STYLE_USAGE(.BOTH.,#6857);
#6857 = SURFACE_SIDE_STYLE('',(#6858));
#6858 = SURFACE_STYLE_FILL_AREA(#6859);
#6859 = FILL_AREA_STYLE('',(#6860));
#6860 = FILL_AREA_STYLE_COLOUR('',#6671);
#6861 = OVER_RIDING_STYLED_ITEM('overriding color',(#6862),#1997,#6654);
#6862 = PRESENTATION_STYLE_ASSIGNMENT((#6863));
#6863 = SURFACE_STYLE_USAGE(.BOTH.,#6864);
#6864 = SURFACE_SIDE_STYLE('',(#6865));
#6865 = SURFACE_STYLE_FILL_AREA(#6866);
#6866 = FILL_AREA_STYLE('',(#6867));
#6867 = FILL_AREA_STYLE_COLOUR('',#6671);
#6868 = OVER_RIDING_STYLED_ITEM('overriding color',(#6869),#2026,#6654);
#6869 = PRESENTATION_STYLE_ASSIGNMENT((#6870));
#6870 = SURFACE_STYLE_USAGE(.BOTH.,#6871);
#6871 = SURFACE_SIDE_STYLE('',(#6872));
#6872 = SURFACE_STYLE_FILL_AREA(#6873);
#6873 = FILL_AREA_STYLE('',(#6874));
#6874 = FILL_AREA_STYLE_COLOUR('',#6671);
#6875 = OVER_RIDING_STYLED_ITEM('overriding color',(#6876),#2045,#6654);
#6876 = PRESENTATION_STYLE_ASSIGNMENT((#6877));
#6877 = SURFACE_STYLE_USAGE(.BOTH.,#6878);
#6878 = SURFACE_SIDE_STYLE('',(#6879));
#6879 = SURFACE_STYLE_FILL_AREA(#6880);
#6880 = FILL_AREA_STYLE('',(#6881));
#6881 = FILL_AREA_STYLE_COLOUR('',#6671);
#6882 = OVER_RIDING_STYLED_ITEM('overriding color',(#6883),#2064,#6654);
#6883 = PRESENTATION_STYLE_ASSIGNMENT((#6884));
#6884 = SURFACE_STYLE_USAGE(.BOTH.,#6885);
#6885 = SURFACE_SIDE_STYLE('',(#6886));
#6886 = SURFACE_STYLE_FILL_AREA(#6887);
#6887 = FILL_AREA_STYLE('',(#6888));
#6888 = FILL_AREA_STYLE_COLOUR('',#6671);
#6889 = OVER_RIDING_STYLED_ITEM('overriding color',(#6890),#2083,#6654);
#6890 = PRESENTATION_STYLE_ASSIGNMENT((#6891));
#6891 = SURFACE_STYLE_USAGE(.BOTH.,#6892);
#6892 = SURFACE_SIDE_STYLE('',(#6893));
#6893 = SURFACE_STYLE_FILL_AREA(#6894);
#6894 = FILL_AREA_STYLE('',(#6895));
#6895 = FILL_AREA_STYLE_COLOUR('',#6671);
#6896 = OVER_RIDING_STYLED_ITEM('overriding color',(#6897),#2119,#6654);
#6897 = PRESENTATION_STYLE_ASSIGNMENT((#6898));
#6898 = SURFACE_STYLE_USAGE(.BOTH.,#6899);
#6899 = SURFACE_SIDE_STYLE('',(#6900));
#6900 = SURFACE_STYLE_FILL_AREA(#6901);
#6901 = FILL_AREA_STYLE('',(#6902));
#6902 = FILL_AREA_STYLE_COLOUR('',#6671);
#6903 = OVER_RIDING_STYLED_ITEM('overriding color',(#6904),#2155,#6654);
#6904 = PRESENTATION_STYLE_ASSIGNMENT((#6905));
#6905 = SURFACE_STYLE_USAGE(.BOTH.,#6906);
#6906 = SURFACE_SIDE_STYLE('',(#6907));
#6907 = SURFACE_STYLE_FILL_AREA(#6908);
#6908 = FILL_AREA_STYLE('',(#6909));
#6909 = FILL_AREA_STYLE_COLOUR('',#6671);
#6910 = OVER_RIDING_STYLED_ITEM('overriding color',(#6911),#2171,#6654);
#6911 = PRESENTATION_STYLE_ASSIGNMENT((#6912));
#6912 = SURFACE_STYLE_USAGE(.BOTH.,#6913);
#6913 = SURFACE_SIDE_STYLE('',(#6914));
#6914 = SURFACE_STYLE_FILL_AREA(#6915);
#6915 = FILL_AREA_STYLE('',(#6916));
#6916 = FILL_AREA_STYLE_COLOUR('',#6917);
#6917 = COLOUR_RGB('',0.501960785193,0.501960785193,0.501960785193);
#6918 = OVER_RIDING_STYLED_ITEM('overriding color',(#6919),#2187,#6654);
#6919 = PRESENTATION_STYLE_ASSIGNMENT((#6920));
#6920 = SURFACE_STYLE_USAGE(.BOTH.,#6921);
#6921 = SURFACE_SIDE_STYLE('',(#6922));
#6922 = SURFACE_STYLE_FILL_AREA(#6923);
#6923 = FILL_AREA_STYLE('',(#6924));
#6924 = FILL_AREA_STYLE_COLOUR('',#6917);
#6925 = OVER_RIDING_STYLED_ITEM('overriding color',(#6926),#2203,#6654);
#6926 = PRESENTATION_STYLE_ASSIGNMENT((#6927));
#6927 = SURFACE_STYLE_USAGE(.BOTH.,#6928);
#6928 = SURFACE_SIDE_STYLE('',(#6929));
#6929 = SURFACE_STYLE_FILL_AREA(#6930);
#6930 = FILL_AREA_STYLE('',(#6931));
#6931 = FILL_AREA_STYLE_COLOUR('',#6917);
#6932 = OVER_RIDING_STYLED_ITEM('overriding color',(#6933),#2215,#6654);
#6933 = PRESENTATION_STYLE_ASSIGNMENT((#6934));
#6934 = SURFACE_STYLE_USAGE(.BOTH.,#6935);
#6935 = SURFACE_SIDE_STYLE('',(#6936));
#6936 = SURFACE_STYLE_FILL_AREA(#6937);
#6937 = FILL_AREA_STYLE('',(#6938));
#6938 = FILL_AREA_STYLE_COLOUR('',#6917);
#6939 = OVER_RIDING_STYLED_ITEM('overriding color',(#6940),#2231,#6654);
#6940 = PRESENTATION_STYLE_ASSIGNMENT((#6941));
#6941 = SURFACE_STYLE_USAGE(.BOTH.,#6942);
#6942 = SURFACE_SIDE_STYLE('',(#6943));
#6943 = SURFACE_STYLE_FILL_AREA(#6944);
#6944 = FILL_AREA_STYLE('',(#6945));
#6945 = FILL_AREA_STYLE_COLOUR('',#6917);
#6946 = OVER_RIDING_STYLED_ITEM('overriding color',(#6947),#2247,#6654);
#6947 = PRESENTATION_STYLE_ASSIGNMENT((#6948));
#6948 = SURFACE_STYLE_USAGE(.BOTH.,#6949);
#6949 = SURFACE_SIDE_STYLE('',(#6950));
#6950 = SURFACE_STYLE_FILL_AREA(#6951);
#6951 = FILL_AREA_STYLE('',(#6952));
#6952 = FILL_AREA_STYLE_COLOUR('',#6917);
#6953 = OVER_RIDING_STYLED_ITEM('overriding color',(#6954),#2259,#6654);
#6954 = PRESENTATION_STYLE_ASSIGNMENT((#6955));
#6955 = SURFACE_STYLE_USAGE(.BOTH.,#6956);
#6956 = SURFACE_SIDE_STYLE('',(#6957));
#6957 = SURFACE_STYLE_FILL_AREA(#6958);
#6958 = FILL_AREA_STYLE('',(#6959));
#6959 = FILL_AREA_STYLE_COLOUR('',#6917);
#6960 = OVER_RIDING_STYLED_ITEM('overriding color',(#6961),#2275,#6654);
#6961 = PRESENTATION_STYLE_ASSIGNMENT((#6962));
#6962 = SURFACE_STYLE_USAGE(.BOTH.,#6963);
#6963 = SURFACE_SIDE_STYLE('',(#6964));
#6964 = SURFACE_STYLE_FILL_AREA(#6965);
#6965 = FILL_AREA_STYLE('',(#6966));
#6966 = FILL_AREA_STYLE_COLOUR('',#6917);
#6967 = OVER_RIDING_STYLED_ITEM('overriding color',(#6968),#2291,#6654);
#6968 = PRESENTATION_STYLE_ASSIGNMENT((#6969));
#6969 = SURFACE_STYLE_USAGE(.BOTH.,#6970);
#6970 = SURFACE_SIDE_STYLE('',(#6971));
#6971 = SURFACE_STYLE_FILL_AREA(#6972);
#6972 = FILL_AREA_STYLE('',(#6973));
#6973 = FILL_AREA_STYLE_COLOUR('',#6917);
#6974 = OVER_RIDING_STYLED_ITEM('overriding color',(#6975),#2303,#6654);
#6975 = PRESENTATION_STYLE_ASSIGNMENT((#6976));
#6976 = SURFACE_STYLE_USAGE(.BOTH.,#6977);
#6977 = SURFACE_SIDE_STYLE('',(#6978));
#6978 = SURFACE_STYLE_FILL_AREA(#6979);
#6979 = FILL_AREA_STYLE('',(#6980));
#6980 = FILL_AREA_STYLE_COLOUR('',#6981);
#6981 = DRAUGHTING_PRE_DEFINED_COLOUR('white');
#6982 = OVER_RIDING_STYLED_ITEM('overriding color',(#6983),#2331,#6654);
#6983 = PRESENTATION_STYLE_ASSIGNMENT((#6984));
#6984 = SURFACE_STYLE_USAGE(.BOTH.,#6985);
#6985 = SURFACE_SIDE_STYLE('',(#6986));
#6986 = SURFACE_STYLE_FILL_AREA(#6987);
#6987 = FILL_AREA_STYLE('',(#6988));
#6988 = FILL_AREA_STYLE_COLOUR('',#6981);
#6989 = OVER_RIDING_STYLED_ITEM('overriding color',(#6990),#2359,#6654);
#6990 = PRESENTATION_STYLE_ASSIGNMENT((#6991));
#6991 = SURFACE_STYLE_USAGE(.BOTH.,#6992);
#6992 = SURFACE_SIDE_STYLE('',(#6993));
#6993 = SURFACE_STYLE_FILL_AREA(#6994);
#6994 = FILL_AREA_STYLE('',(#6995));
#6995 = FILL_AREA_STYLE_COLOUR('',#6981);
#6996 = OVER_RIDING_STYLED_ITEM('overriding color',(#6997),#2385,#6654);
#6997 = PRESENTATION_STYLE_ASSIGNMENT((#6998));
#6998 = SURFACE_STYLE_USAGE(.BOTH.,#6999);
#6999 = SURFACE_SIDE_STYLE('',(#7000));
#7000 = SURFACE_STYLE_FILL_AREA(#7001);
#7001 = FILL_AREA_STYLE('',(#7002));
#7002 = FILL_AREA_STYLE_COLOUR('',#6981);
#7003 = OVER_RIDING_STYLED_ITEM('overriding color',(#7004),#2411,#6654);
#7004 = PRESENTATION_STYLE_ASSIGNMENT((#7005));
#7005 = SURFACE_STYLE_USAGE(.BOTH.,#7006);
#7006 = SURFACE_SIDE_STYLE('',(#7007));
#7007 = SURFACE_STYLE_FILL_AREA(#7008);
#7008 = FILL_AREA_STYLE('',(#7009));
#7009 = FILL_AREA_STYLE_COLOUR('',#6981);
#7010 = OVER_RIDING_STYLED_ITEM('overriding color',(#7011),#2427,#6654);
#7011 = PRESENTATION_STYLE_ASSIGNMENT((#7012));
#7012 = SURFACE_STYLE_USAGE(.BOTH.,#7013);
#7013 = SURFACE_SIDE_STYLE('',(#7014));
#7014 = SURFACE_STYLE_FILL_AREA(#7015);
#7015 = FILL_AREA_STYLE('',(#7016));
#7016 = FILL_AREA_STYLE_COLOUR('',#6981);
#7017 = OVER_RIDING_STYLED_ITEM('overriding color',(#7018),#2439,#6654);
#7018 = PRESENTATION_STYLE_ASSIGNMENT((#7019));
#7019 = SURFACE_STYLE_USAGE(.BOTH.,#7020);
#7020 = SURFACE_SIDE_STYLE('',(#7021));
#7021 = SURFACE_STYLE_FILL_AREA(#7022);
#7022 = FILL_AREA_STYLE('',(#7023));
#7023 = FILL_AREA_STYLE_COLOUR('',#6981);
#7024 = OVER_RIDING_STYLED_ITEM('overriding color',(#7025),#2467,#6654);
#7025 = PRESENTATION_STYLE_ASSIGNMENT((#7026));
#7026 = SURFACE_STYLE_USAGE(.BOTH.,#7027);
#7027 = SURFACE_SIDE_STYLE('',(#7028));
#7028 = SURFACE_STYLE_FILL_AREA(#7029);
#7029 = FILL_AREA_STYLE('',(#7030));
#7030 = FILL_AREA_STYLE_COLOUR('',#6981);
#7031 = OVER_RIDING_STYLED_ITEM('overriding color',(#7032),#2495,#6654);
#7032 = PRESENTATION_STYLE_ASSIGNMENT((#7033));
#7033 = SURFACE_STYLE_USAGE(.BOTH.,#7034);
#7034 = SURFACE_SIDE_STYLE('',(#7035));
#7035 = SURFACE_STYLE_FILL_AREA(#7036);
#7036 = FILL_AREA_STYLE('',(#7037));
#7037 = FILL_AREA_STYLE_COLOUR('',#6981);
#7038 = OVER_RIDING_STYLED_ITEM('overriding color',(#7039),#2521,#6654);
#7039 = PRESENTATION_STYLE_ASSIGNMENT((#7040));
#7040 = SURFACE_STYLE_USAGE(.BOTH.,#7041);
#7041 = SURFACE_SIDE_STYLE('',(#7042));
#7042 = SURFACE_STYLE_FILL_AREA(#7043);
#7043 = FILL_AREA_STYLE('',(#7044));
#7044 = FILL_AREA_STYLE_COLOUR('',#6981);
#7045 = OVER_RIDING_STYLED_ITEM('overriding color',(#7046),#2547,#6654);
#7046 = PRESENTATION_STYLE_ASSIGNMENT((#7047));
#7047 = SURFACE_STYLE_USAGE(.BOTH.,#7048);
#7048 = SURFACE_SIDE_STYLE('',(#7049));
#7049 = SURFACE_STYLE_FILL_AREA(#7050);
#7050 = FILL_AREA_STYLE('',(#7051));
#7051 = FILL_AREA_STYLE_COLOUR('',#6981);
#7052 = OVER_RIDING_STYLED_ITEM('overriding color',(#7053),#2563,#6654);
#7053 = PRESENTATION_STYLE_ASSIGNMENT((#7054));
#7054 = SURFACE_STYLE_USAGE(.BOTH.,#7055);
#7055 = SURFACE_SIDE_STYLE('',(#7056));
#7056 = SURFACE_STYLE_FILL_AREA(#7057);
#7057 = FILL_AREA_STYLE('',(#7058));
#7058 = FILL_AREA_STYLE_COLOUR('',#6981);
#7059 = OVER_RIDING_STYLED_ITEM('overriding color',(#7060),#2575,#6654);
#7060 = PRESENTATION_STYLE_ASSIGNMENT((#7061));
#7061 = SURFACE_STYLE_USAGE(.BOTH.,#7062);
#7062 = SURFACE_SIDE_STYLE('',(#7063));
#7063 = SURFACE_STYLE_FILL_AREA(#7064);
#7064 = FILL_AREA_STYLE('',(#7065));
#7065 = FILL_AREA_STYLE_COLOUR('',#7066);
#7066 = COLOUR_RGB('',0.752941164258,0.752941164258,0.752941164258);
#7067 = OVER_RIDING_STYLED_ITEM('overriding color',(#7068),#2603,#6654);
#7068 = PRESENTATION_STYLE_ASSIGNMENT((#7069));
#7069 = SURFACE_STYLE_USAGE(.BOTH.,#7070);
#7070 = SURFACE_SIDE_STYLE('',(#7071));
#7071 = SURFACE_STYLE_FILL_AREA(#7072);
#7072 = FILL_AREA_STYLE('',(#7073));
#7073 = FILL_AREA_STYLE_COLOUR('',#7066);
#7074 = OVER_RIDING_STYLED_ITEM('overriding color',(#7075),#2625,#6654);
#7075 = PRESENTATION_STYLE_ASSIGNMENT((#7076));
#7076 = SURFACE_STYLE_USAGE(.BOTH.,#7077);
#7077 = SURFACE_SIDE_STYLE('',(#7078));
#7078 = SURFACE_STYLE_FILL_AREA(#7079);
#7079 = FILL_AREA_STYLE('',(#7080));
#7080 = FILL_AREA_STYLE_COLOUR('',#7066);
#7081 = OVER_RIDING_STYLED_ITEM('overriding color',(#7082),#2647,#6654);
#7082 = PRESENTATION_STYLE_ASSIGNMENT((#7083));
#7083 = SURFACE_STYLE_USAGE(.BOTH.,#7084);
#7084 = SURFACE_SIDE_STYLE('',(#7085));
#7085 = SURFACE_STYLE_FILL_AREA(#7086);
#7086 = FILL_AREA_STYLE('',(#7087));
#7087 = FILL_AREA_STYLE_COLOUR('',#7066);
#7088 = OVER_RIDING_STYLED_ITEM('overriding color',(#7089),#2669,#6654);
#7089 = PRESENTATION_STYLE_ASSIGNMENT((#7090));
#7090 = SURFACE_STYLE_USAGE(.BOTH.,#7091);
#7091 = SURFACE_SIDE_STYLE('',(#7092));
#7092 = SURFACE_STYLE_FILL_AREA(#7093);
#7093 = FILL_AREA_STYLE('',(#7094));
#7094 = FILL_AREA_STYLE_COLOUR('',#7066);
#7095 = OVER_RIDING_STYLED_ITEM('overriding color',(#7096),#2691,#6654);
#7096 = PRESENTATION_STYLE_ASSIGNMENT((#7097));
#7097 = SURFACE_STYLE_USAGE(.BOTH.,#7098);
#7098 = SURFACE_SIDE_STYLE('',(#7099));
#7099 = SURFACE_STYLE_FILL_AREA(#7100);
#7100 = FILL_AREA_STYLE('',(#7101));
#7101 = FILL_AREA_STYLE_COLOUR('',#7066);
#7102 = OVER_RIDING_STYLED_ITEM('overriding color',(#7103),#2713,#6654);
#7103 = PRESENTATION_STYLE_ASSIGNMENT((#7104));
#7104 = SURFACE_STYLE_USAGE(.BOTH.,#7105);
#7105 = SURFACE_SIDE_STYLE('',(#7106));
#7106 = SURFACE_STYLE_FILL_AREA(#7107);
#7107 = FILL_AREA_STYLE('',(#7108));
#7108 = FILL_AREA_STYLE_COLOUR('',#7066);
#7109 = OVER_RIDING_STYLED_ITEM('overriding color',(#7110),#2735,#6654);
#7110 = PRESENTATION_STYLE_ASSIGNMENT((#7111));
#7111 = SURFACE_STYLE_USAGE(.BOTH.,#7112);
#7112 = SURFACE_SIDE_STYLE('',(#7113));
#7113 = SURFACE_STYLE_FILL_AREA(#7114);
#7114 = FILL_AREA_STYLE('',(#7115));
#7115 = FILL_AREA_STYLE_COLOUR('',#7066);
#7116 = OVER_RIDING_STYLED_ITEM('overriding color',(#7117),#2751,#6654);
#7117 = PRESENTATION_STYLE_ASSIGNMENT((#7118));
#7118 = SURFACE_STYLE_USAGE(.BOTH.,#7119);
#7119 = SURFACE_SIDE_STYLE('',(#7120));
#7120 = SURFACE_STYLE_FILL_AREA(#7121);
#7121 = FILL_AREA_STYLE('',(#7122));
#7122 = FILL_AREA_STYLE_COLOUR('',#7066);
#7123 = OVER_RIDING_STYLED_ITEM('overriding color',(#7124),#2821,#6654);
#7124 = PRESENTATION_STYLE_ASSIGNMENT((#7125));
#7125 = SURFACE_STYLE_USAGE(.BOTH.,#7126);
#7126 = SURFACE_SIDE_STYLE('',(#7127));
#7127 = SURFACE_STYLE_FILL_AREA(#7128);
#7128 = FILL_AREA_STYLE('',(#7129));
#7129 = FILL_AREA_STYLE_COLOUR('',#7066);
#7130 = OVER_RIDING_STYLED_ITEM('overriding color',(#7131),#2849,#6654);
#7131 = PRESENTATION_STYLE_ASSIGNMENT((#7132));
#7132 = SURFACE_STYLE_USAGE(.BOTH.,#7133);
#7133 = SURFACE_SIDE_STYLE('',(#7134));
#7134 = SURFACE_STYLE_FILL_AREA(#7135);
#7135 = FILL_AREA_STYLE('',(#7136));
#7136 = FILL_AREA_STYLE_COLOUR('',#7066);
#7137 = OVER_RIDING_STYLED_ITEM('overriding color',(#7138),#2871,#6654);
#7138 = PRESENTATION_STYLE_ASSIGNMENT((#7139));
#7139 = SURFACE_STYLE_USAGE(.BOTH.,#7140);
#7140 = SURFACE_SIDE_STYLE('',(#7141));
#7141 = SURFACE_STYLE_FILL_AREA(#7142);
#7142 = FILL_AREA_STYLE('',(#7143));
#7143 = FILL_AREA_STYLE_COLOUR('',#7066);
#7144 = OVER_RIDING_STYLED_ITEM('overriding color',(#7145),#2908,#6654);
#7145 = PRESENTATION_STYLE_ASSIGNMENT((#7146));
#7146 = SURFACE_STYLE_USAGE(.BOTH.,#7147);
#7147 = SURFACE_SIDE_STYLE('',(#7148));
#7148 = SURFACE_STYLE_FILL_AREA(#7149);
#7149 = FILL_AREA_STYLE('',(#7150));
#7150 = FILL_AREA_STYLE_COLOUR('',#7066);
#7151 = OVER_RIDING_STYLED_ITEM('overriding color',(#7152),#2930,#6654);
#7152 = PRESENTATION_STYLE_ASSIGNMENT((#7153));
#7153 = SURFACE_STYLE_USAGE(.BOTH.,#7154);
#7154 = SURFACE_SIDE_STYLE('',(#7155));
#7155 = SURFACE_STYLE_FILL_AREA(#7156);
#7156 = FILL_AREA_STYLE('',(#7157));
#7157 = FILL_AREA_STYLE_COLOUR('',#7066);
#7158 = OVER_RIDING_STYLED_ITEM('overriding color',(#7159),#2967,#6654);
#7159 = PRESENTATION_STYLE_ASSIGNMENT((#7160));
#7160 = SURFACE_STYLE_USAGE(.BOTH.,#7161);
#7161 = SURFACE_SIDE_STYLE('',(#7162));
#7162 = SURFACE_STYLE_FILL_AREA(#7163);
#7163 = FILL_AREA_STYLE('',(#7164));
#7164 = FILL_AREA_STYLE_COLOUR('',#7066);
#7165 = OVER_RIDING_STYLED_ITEM('overriding color',(#7166),#2983,#6654);
#7166 = PRESENTATION_STYLE_ASSIGNMENT((#7167));
#7167 = SURFACE_STYLE_USAGE(.BOTH.,#7168);
#7168 = SURFACE_SIDE_STYLE('',(#7169));
#7169 = SURFACE_STYLE_FILL_AREA(#7170);
#7170 = FILL_AREA_STYLE('',(#7171));
#7171 = FILL_AREA_STYLE_COLOUR('',#7066);
#7172 = OVER_RIDING_STYLED_ITEM('overriding color',(#7173),#3011,#6654);
#7173 = PRESENTATION_STYLE_ASSIGNMENT((#7174));
#7174 = SURFACE_STYLE_USAGE(.BOTH.,#7175);
#7175 = SURFACE_SIDE_STYLE('',(#7176));
#7176 = SURFACE_STYLE_FILL_AREA(#7177);
#7177 = FILL_AREA_STYLE('',(#7178));
#7178 = FILL_AREA_STYLE_COLOUR('',#7066);
#7179 = OVER_RIDING_STYLED_ITEM('overriding color',(#7180),#3033,#6654);
#7180 = PRESENTATION_STYLE_ASSIGNMENT((#7181));
#7181 = SURFACE_STYLE_USAGE(.BOTH.,#7182);
#7182 = SURFACE_SIDE_STYLE('',(#7183));
#7183 = SURFACE_STYLE_FILL_AREA(#7184);
#7184 = FILL_AREA_STYLE('',(#7185));
#7185 = FILL_AREA_STYLE_COLOUR('',#7066);
#7186 = OVER_RIDING_STYLED_ITEM('overriding color',(#7187),#3055,#6654);
#7187 = PRESENTATION_STYLE_ASSIGNMENT((#7188));
#7188 = SURFACE_STYLE_USAGE(.BOTH.,#7189);
#7189 = SURFACE_SIDE_STYLE('',(#7190));
#7190 = SURFACE_STYLE_FILL_AREA(#7191);
#7191 = FILL_AREA_STYLE('',(#7192));
#7192 = FILL_AREA_STYLE_COLOUR('',#7066);
#7193 = OVER_RIDING_STYLED_ITEM('overriding color',(#7194),#3128,#6654);
#7194 = PRESENTATION_STYLE_ASSIGNMENT((#7195));
#7195 = SURFACE_STYLE_USAGE(.BOTH.,#7196);
#7196 = SURFACE_SIDE_STYLE('',(#7197));
#7197 = SURFACE_STYLE_FILL_AREA(#7198);
#7198 = FILL_AREA_STYLE('',(#7199));
#7199 = FILL_AREA_STYLE_COLOUR('',#7066);
#7200 = OVER_RIDING_STYLED_ITEM('overriding color',(#7201),#3195,#6654);
#7201 = PRESENTATION_STYLE_ASSIGNMENT((#7202));
#7202 = SURFACE_STYLE_USAGE(.BOTH.,#7203);
#7203 = SURFACE_SIDE_STYLE('',(#7204));
#7204 = SURFACE_STYLE_FILL_AREA(#7205);
#7205 = FILL_AREA_STYLE('',(#7206));
#7206 = FILL_AREA_STYLE_COLOUR('',#7066);
#7207 = OVER_RIDING_STYLED_ITEM('overriding color',(#7208),#3279,#6654);
#7208 = PRESENTATION_STYLE_ASSIGNMENT((#7209));
#7209 = SURFACE_STYLE_USAGE(.BOTH.,#7210);
#7210 = SURFACE_SIDE_STYLE('',(#7211));
#7211 = SURFACE_STYLE_FILL_AREA(#7212);
#7212 = FILL_AREA_STYLE('',(#7213));
#7213 = FILL_AREA_STYLE_COLOUR('',#7066);
#7214 = OVER_RIDING_STYLED_ITEM('overriding color',(#7215),#3307,#6654);
#7215 = PRESENTATION_STYLE_ASSIGNMENT((#7216));
#7216 = SURFACE_STYLE_USAGE(.BOTH.,#7217);
#7217 = SURFACE_SIDE_STYLE('',(#7218));
#7218 = SURFACE_STYLE_FILL_AREA(#7219);
#7219 = FILL_AREA_STYLE('',(#7220));
#7220 = FILL_AREA_STYLE_COLOUR('',#7066);
#7221 = OVER_RIDING_STYLED_ITEM('overriding color',(#7222),#3380,#6654);
#7222 = PRESENTATION_STYLE_ASSIGNMENT((#7223));
#7223 = SURFACE_STYLE_USAGE(.BOTH.,#7224);
#7224 = SURFACE_SIDE_STYLE('',(#7225));
#7225 = SURFACE_STYLE_FILL_AREA(#7226);
#7226 = FILL_AREA_STYLE('',(#7227));
#7227 = FILL_AREA_STYLE_COLOUR('',#7066);
#7228 = OVER_RIDING_STYLED_ITEM('overriding color',(#7229),#3453,#6654);
#7229 = PRESENTATION_STYLE_ASSIGNMENT((#7230));
#7230 = SURFACE_STYLE_USAGE(.BOTH.,#7231);
#7231 = SURFACE_SIDE_STYLE('',(#7232));
#7232 = SURFACE_STYLE_FILL_AREA(#7233);
#7233 = FILL_AREA_STYLE('',(#7234));
#7234 = FILL_AREA_STYLE_COLOUR('',#7066);
#7235 = OVER_RIDING_STYLED_ITEM('overriding color',(#7236),#3475,#6654);
#7236 = PRESENTATION_STYLE_ASSIGNMENT((#7237));
#7237 = SURFACE_STYLE_USAGE(.BOTH.,#7238);
#7238 = SURFACE_SIDE_STYLE('',(#7239));
#7239 = SURFACE_STYLE_FILL_AREA(#7240);
#7240 = FILL_AREA_STYLE('',(#7241));
#7241 = FILL_AREA_STYLE_COLOUR('',#7066);
#7242 = OVER_RIDING_STYLED_ITEM('overriding color',(#7243),#3491,#6654);
#7243 = PRESENTATION_STYLE_ASSIGNMENT((#7244));
#7244 = SURFACE_STYLE_USAGE(.BOTH.,#7245);
#7245 = SURFACE_SIDE_STYLE('',(#7246));
#7246 = SURFACE_STYLE_FILL_AREA(#7247);
#7247 = FILL_AREA_STYLE('',(#7248));
#7248 = FILL_AREA_STYLE_COLOUR('',#7066);
#7249 = OVER_RIDING_STYLED_ITEM('overriding color',(#7250),#3519,#6654);
#7250 = PRESENTATION_STYLE_ASSIGNMENT((#7251));
#7251 = SURFACE_STYLE_USAGE(.BOTH.,#7252);
#7252 = SURFACE_SIDE_STYLE('',(#7253));
#7253 = SURFACE_STYLE_FILL_AREA(#7254);
#7254 = FILL_AREA_STYLE('',(#7255));
#7255 = FILL_AREA_STYLE_COLOUR('',#7066);
#7256 = OVER_RIDING_STYLED_ITEM('overriding color',(#7257),#3541,#6654);
#7257 = PRESENTATION_STYLE_ASSIGNMENT((#7258));
#7258 = SURFACE_STYLE_USAGE(.BOTH.,#7259);
#7259 = SURFACE_SIDE_STYLE('',(#7260));
#7260 = SURFACE_STYLE_FILL_AREA(#7261);
#7261 = FILL_AREA_STYLE('',(#7262));
#7262 = FILL_AREA_STYLE_COLOUR('',#7066);
#7263 = OVER_RIDING_STYLED_ITEM('overriding color',(#7264),#3563,#6654);
#7264 = PRESENTATION_STYLE_ASSIGNMENT((#7265));
#7265 = SURFACE_STYLE_USAGE(.BOTH.,#7266);
#7266 = SURFACE_SIDE_STYLE('',(#7267));
#7267 = SURFACE_STYLE_FILL_AREA(#7268);
#7268 = FILL_AREA_STYLE('',(#7269));
#7269 = FILL_AREA_STYLE_COLOUR('',#7066);
#7270 = OVER_RIDING_STYLED_ITEM('overriding color',(#7271),#3585,#6654);
#7271 = PRESENTATION_STYLE_ASSIGNMENT((#7272));
#7272 = SURFACE_STYLE_USAGE(.BOTH.,#7273);
#7273 = SURFACE_SIDE_STYLE('',(#7274));
#7274 = SURFACE_STYLE_FILL_AREA(#7275);
#7275 = FILL_AREA_STYLE('',(#7276));
#7276 = FILL_AREA_STYLE_COLOUR('',#7066);
#7277 = OVER_RIDING_STYLED_ITEM('overriding color',(#7278),#3607,#6654);
#7278 = PRESENTATION_STYLE_ASSIGNMENT((#7279));
#7279 = SURFACE_STYLE_USAGE(.BOTH.,#7280);
#7280 = SURFACE_SIDE_STYLE('',(#7281));
#7281 = SURFACE_STYLE_FILL_AREA(#7282);
#7282 = FILL_AREA_STYLE('',(#7283));
#7283 = FILL_AREA_STYLE_COLOUR('',#7066);
#7284 = OVER_RIDING_STYLED_ITEM('overriding color',(#7285),#3629,#6654);
#7285 = PRESENTATION_STYLE_ASSIGNMENT((#7286));
#7286 = SURFACE_STYLE_USAGE(.BOTH.,#7287);
#7287 = SURFACE_SIDE_STYLE('',(#7288));
#7288 = SURFACE_STYLE_FILL_AREA(#7289);
#7289 = FILL_AREA_STYLE('',(#7290));
#7290 = FILL_AREA_STYLE_COLOUR('',#7066);
#7291 = OVER_RIDING_STYLED_ITEM('overriding color',(#7292),#3651,#6654);
#7292 = PRESENTATION_STYLE_ASSIGNMENT((#7293));
#7293 = SURFACE_STYLE_USAGE(.BOTH.,#7294);
#7294 = SURFACE_SIDE_STYLE('',(#7295));
#7295 = SURFACE_STYLE_FILL_AREA(#7296);
#7296 = FILL_AREA_STYLE('',(#7297));
#7297 = FILL_AREA_STYLE_COLOUR('',#7066);
#7298 = OVER_RIDING_STYLED_ITEM('overriding color',(#7299),#3673,#6654);
#7299 = PRESENTATION_STYLE_ASSIGNMENT((#7300));
#7300 = SURFACE_STYLE_USAGE(.BOTH.,#7301);
#7301 = SURFACE_SIDE_STYLE('',(#7302));
#7302 = SURFACE_STYLE_FILL_AREA(#7303);
#7303 = FILL_AREA_STYLE('',(#7304));
#7304 = FILL_AREA_STYLE_COLOUR('',#7066);
#7305 = OVER_RIDING_STYLED_ITEM('overriding color',(#7306),#3695,#6654);
#7306 = PRESENTATION_STYLE_ASSIGNMENT((#7307));
#7307 = SURFACE_STYLE_USAGE(.BOTH.,#7308);
#7308 = SURFACE_SIDE_STYLE('',(#7309));
#7309 = SURFACE_STYLE_FILL_AREA(#7310);
#7310 = FILL_AREA_STYLE('',(#7311));
#7311 = FILL_AREA_STYLE_COLOUR('',#7066);
#7312 = OVER_RIDING_STYLED_ITEM('overriding color',(#7313),#3717,#6654);
#7313 = PRESENTATION_STYLE_ASSIGNMENT((#7314));
#7314 = SURFACE_STYLE_USAGE(.BOTH.,#7315);
#7315 = SURFACE_SIDE_STYLE('',(#7316));
#7316 = SURFACE_STYLE_FILL_AREA(#7317);
#7317 = FILL_AREA_STYLE('',(#7318));
#7318 = FILL_AREA_STYLE_COLOUR('',#7066);
#7319 = OVER_RIDING_STYLED_ITEM('overriding color',(#7320),#3739,#6654);
#7320 = PRESENTATION_STYLE_ASSIGNMENT((#7321));
#7321 = SURFACE_STYLE_USAGE(.BOTH.,#7322);
#7322 = SURFACE_SIDE_STYLE('',(#7323));
#7323 = SURFACE_STYLE_FILL_AREA(#7324);
#7324 = FILL_AREA_STYLE('',(#7325));
#7325 = FILL_AREA_STYLE_COLOUR('',#7066);
#7326 = OVER_RIDING_STYLED_ITEM('overriding color',(#7327),#3755,#6654);
#7327 = PRESENTATION_STYLE_ASSIGNMENT((#7328));
#7328 = SURFACE_STYLE_USAGE(.BOTH.,#7329);
#7329 = SURFACE_SIDE_STYLE('',(#7330));
#7330 = SURFACE_STYLE_FILL_AREA(#7331);
#7331 = FILL_AREA_STYLE('',(#7332));
#7332 = FILL_AREA_STYLE_COLOUR('',#7066);
#7333 = OVER_RIDING_STYLED_ITEM('overriding color',(#7334),#3775,#6654);
#7334 = PRESENTATION_STYLE_ASSIGNMENT((#7335));
#7335 = SURFACE_STYLE_USAGE(.BOTH.,#7336);
#7336 = SURFACE_SIDE_STYLE('',(#7337));
#7337 = SURFACE_STYLE_FILL_AREA(#7338);
#7338 = FILL_AREA_STYLE('',(#7339));
#7339 = FILL_AREA_STYLE_COLOUR('',#7066);
#7340 = OVER_RIDING_STYLED_ITEM('overriding color',(#7341),#3803,#6654);
#7341 = PRESENTATION_STYLE_ASSIGNMENT((#7342));
#7342 = SURFACE_STYLE_USAGE(.BOTH.,#7343);
#7343 = SURFACE_SIDE_STYLE('',(#7344));
#7344 = SURFACE_STYLE_FILL_AREA(#7345);
#7345 = FILL_AREA_STYLE('',(#7346));
#7346 = FILL_AREA_STYLE_COLOUR('',#7066);
#7347 = OVER_RIDING_STYLED_ITEM('overriding color',(#7348),#3852,#6654);
#7348 = PRESENTATION_STYLE_ASSIGNMENT((#7349));
#7349 = SURFACE_STYLE_USAGE(.BOTH.,#7350);
#7350 = SURFACE_SIDE_STYLE('',(#7351));
#7351 = SURFACE_STYLE_FILL_AREA(#7352);
#7352 = FILL_AREA_STYLE('',(#7353));
#7353 = FILL_AREA_STYLE_COLOUR('',#7066);
#7354 = OVER_RIDING_STYLED_ITEM('overriding color',(#7355),#3925,#6654);
#7355 = PRESENTATION_STYLE_ASSIGNMENT((#7356));
#7356 = SURFACE_STYLE_USAGE(.BOTH.,#7357);
#7357 = SURFACE_SIDE_STYLE('',(#7358));
#7358 = SURFACE_STYLE_FILL_AREA(#7359);
#7359 = FILL_AREA_STYLE('',(#7360));
#7360 = FILL_AREA_STYLE_COLOUR('',#7066);
#7361 = OVER_RIDING_STYLED_ITEM('overriding color',(#7362),#3998,#6654);
#7362 = PRESENTATION_STYLE_ASSIGNMENT((#7363));
#7363 = SURFACE_STYLE_USAGE(.BOTH.,#7364);
#7364 = SURFACE_SIDE_STYLE('',(#7365));
#7365 = SURFACE_STYLE_FILL_AREA(#7366);
#7366 = FILL_AREA_STYLE('',(#7367));
#7367 = FILL_AREA_STYLE_COLOUR('',#7066);
#7368 = OVER_RIDING_STYLED_ITEM('overriding color',(#7369),#4047,#6654);
#7369 = PRESENTATION_STYLE_ASSIGNMENT((#7370));
#7370 = SURFACE_STYLE_USAGE(.BOTH.,#7371);
#7371 = SURFACE_SIDE_STYLE('',(#7372));
#7372 = SURFACE_STYLE_FILL_AREA(#7373);
#7373 = FILL_AREA_STYLE('',(#7374));
#7374 = FILL_AREA_STYLE_COLOUR('',#7066);
#7375 = OVER_RIDING_STYLED_ITEM('overriding color',(#7376),#4069,#6654);
#7376 = PRESENTATION_STYLE_ASSIGNMENT((#7377));
#7377 = SURFACE_STYLE_USAGE(.BOTH.,#7378);
#7378 = SURFACE_SIDE_STYLE('',(#7379));
#7379 = SURFACE_STYLE_FILL_AREA(#7380);
#7380 = FILL_AREA_STYLE('',(#7381));
#7381 = FILL_AREA_STYLE_COLOUR('',#7066);
#7382 = OVER_RIDING_STYLED_ITEM('overriding color',(#7383),#4118,#6654);
#7383 = PRESENTATION_STYLE_ASSIGNMENT((#7384));
#7384 = SURFACE_STYLE_USAGE(.BOTH.,#7385);
#7385 = SURFACE_SIDE_STYLE('',(#7386));
#7386 = SURFACE_STYLE_FILL_AREA(#7387);
#7387 = FILL_AREA_STYLE('',(#7388));
#7388 = FILL_AREA_STYLE_COLOUR('',#7066);
#7389 = OVER_RIDING_STYLED_ITEM('overriding color',(#7390),#4191,#6654);
#7390 = PRESENTATION_STYLE_ASSIGNMENT((#7391));
#7391 = SURFACE_STYLE_USAGE(.BOTH.,#7392);
#7392 = SURFACE_SIDE_STYLE('',(#7393));
#7393 = SURFACE_STYLE_FILL_AREA(#7394);
#7394 = FILL_AREA_STYLE('',(#7395));
#7395 = FILL_AREA_STYLE_COLOUR('',#7066);
#7396 = OVER_RIDING_STYLED_ITEM('overriding color',(#7397),#4264,#6654);
#7397 = PRESENTATION_STYLE_ASSIGNMENT((#7398));
#7398 = SURFACE_STYLE_USAGE(.BOTH.,#7399);
#7399 = SURFACE_SIDE_STYLE('',(#7400));
#7400 = SURFACE_STYLE_FILL_AREA(#7401);
#7401 = FILL_AREA_STYLE('',(#7402));
#7402 = FILL_AREA_STYLE_COLOUR('',#7066);
#7403 = OVER_RIDING_STYLED_ITEM('overriding color',(#7404),#4307,#6654);
#7404 = PRESENTATION_STYLE_ASSIGNMENT((#7405));
#7405 = SURFACE_STYLE_USAGE(.BOTH.,#7406);
#7406 = SURFACE_SIDE_STYLE('',(#7407));
#7407 = SURFACE_STYLE_FILL_AREA(#7408);
#7408 = FILL_AREA_STYLE('',(#7409));
#7409 = FILL_AREA_STYLE_COLOUR('',#7066);
#7410 = OVER_RIDING_STYLED_ITEM('overriding color',(#7411),#4325,#6654);
#7411 = PRESENTATION_STYLE_ASSIGNMENT((#7412));
#7412 = SURFACE_STYLE_USAGE(.BOTH.,#7413);
#7413 = SURFACE_SIDE_STYLE('',(#7414));
#7414 = SURFACE_STYLE_FILL_AREA(#7415);
#7415 = FILL_AREA_STYLE('',(#7416));
#7416 = FILL_AREA_STYLE_COLOUR('',#7066);
#7417 = OVER_RIDING_STYLED_ITEM('overriding color',(#7418),#4353,#6654);
#7418 = PRESENTATION_STYLE_ASSIGNMENT((#7419));
#7419 = SURFACE_STYLE_USAGE(.BOTH.,#7420);
#7420 = SURFACE_SIDE_STYLE('',(#7421));
#7421 = SURFACE_STYLE_FILL_AREA(#7422);
#7422 = FILL_AREA_STYLE('',(#7423));
#7423 = FILL_AREA_STYLE_COLOUR('',#7066);
#7424 = OVER_RIDING_STYLED_ITEM('overriding color',(#7425),#4375,#6654);
#7425 = PRESENTATION_STYLE_ASSIGNMENT((#7426));
#7426 = SURFACE_STYLE_USAGE(.BOTH.,#7427);
#7427 = SURFACE_SIDE_STYLE('',(#7428));
#7428 = SURFACE_STYLE_FILL_AREA(#7429);
#7429 = FILL_AREA_STYLE('',(#7430));
#7430 = FILL_AREA_STYLE_COLOUR('',#7066);
#7431 = OVER_RIDING_STYLED_ITEM('overriding color',(#7432),#4397,#6654);
#7432 = PRESENTATION_STYLE_ASSIGNMENT((#7433));
#7433 = SURFACE_STYLE_USAGE(.BOTH.,#7434);
#7434 = SURFACE_SIDE_STYLE('',(#7435));
#7435 = SURFACE_STYLE_FILL_AREA(#7436);
#7436 = FILL_AREA_STYLE('',(#7437));
#7437 = FILL_AREA_STYLE_COLOUR('',#7066);
#7438 = OVER_RIDING_STYLED_ITEM('overriding color',(#7439),#4419,#6654);
#7439 = PRESENTATION_STYLE_ASSIGNMENT((#7440));
#7440 = SURFACE_STYLE_USAGE(.BOTH.,#7441);
#7441 = SURFACE_SIDE_STYLE('',(#7442));
#7442 = SURFACE_STYLE_FILL_AREA(#7443);
#7443 = FILL_AREA_STYLE('',(#7444));
#7444 = FILL_AREA_STYLE_COLOUR('',#7066);
#7445 = OVER_RIDING_STYLED_ITEM('overriding color',(#7446),#4441,#6654);
#7446 = PRESENTATION_STYLE_ASSIGNMENT((#7447));
#7447 = SURFACE_STYLE_USAGE(.BOTH.,#7448);
#7448 = SURFACE_SIDE_STYLE('',(#7449));
#7449 = SURFACE_STYLE_FILL_AREA(#7450);
#7450 = FILL_AREA_STYLE('',(#7451));
#7451 = FILL_AREA_STYLE_COLOUR('',#7066);
#7452 = OVER_RIDING_STYLED_ITEM('overriding color',(#7453),#4457,#6654);
#7453 = PRESENTATION_STYLE_ASSIGNMENT((#7454));
#7454 = SURFACE_STYLE_USAGE(.BOTH.,#7455);
#7455 = SURFACE_SIDE_STYLE('',(#7456));
#7456 = SURFACE_STYLE_FILL_AREA(#7457);
#7457 = FILL_AREA_STYLE('',(#7458));
#7458 = FILL_AREA_STYLE_COLOUR('',#7066);
#7459 = OVER_RIDING_STYLED_ITEM('overriding color',(#7460),#4471,#6654);
#7460 = PRESENTATION_STYLE_ASSIGNMENT((#7461));
#7461 = SURFACE_STYLE_USAGE(.BOTH.,#7462);
#7462 = SURFACE_SIDE_STYLE('',(#7463));
#7463 = SURFACE_STYLE_FILL_AREA(#7464);
#7464 = FILL_AREA_STYLE('',(#7465));
#7465 = FILL_AREA_STYLE_COLOUR('',#6671);
#7466 = OVER_RIDING_STYLED_ITEM('overriding color',(#7467),#4485,#6654);
#7467 = PRESENTATION_STYLE_ASSIGNMENT((#7468));
#7468 = SURFACE_STYLE_USAGE(.BOTH.,#7469);
#7469 = SURFACE_SIDE_STYLE('',(#7470));
#7470 = SURFACE_STYLE_FILL_AREA(#7471);
#7471 = FILL_AREA_STYLE('',(#7472));
#7472 = FILL_AREA_STYLE_COLOUR('',#6671);
#7473 = OVER_RIDING_STYLED_ITEM('overriding color',(#7474),#4498,#6654);
#7474 = PRESENTATION_STYLE_ASSIGNMENT((#7475));
#7475 = SURFACE_STYLE_USAGE(.BOTH.,#7476);
#7476 = SURFACE_SIDE_STYLE('',(#7477));
#7477 = SURFACE_STYLE_FILL_AREA(#7478);
#7478 = FILL_AREA_STYLE('',(#7479));
#7479 = FILL_AREA_STYLE_COLOUR('',#7066);
#7480 = OVER_RIDING_STYLED_ITEM('overriding color',(#7481),#4526,#6654);
#7481 = PRESENTATION_STYLE_ASSIGNMENT((#7482));
#7482 = SURFACE_STYLE_USAGE(.BOTH.,#7483);
#7483 = SURFACE_SIDE_STYLE('',(#7484));
#7484 = SURFACE_STYLE_FILL_AREA(#7485);
#7485 = FILL_AREA_STYLE('',(#7486));
#7486 = FILL_AREA_STYLE_COLOUR('',#7066);
#7487 = OVER_RIDING_STYLED_ITEM('overriding color',(#7488),#4548,#6654);
#7488 = PRESENTATION_STYLE_ASSIGNMENT((#7489));
#7489 = SURFACE_STYLE_USAGE(.BOTH.,#7490);
#7490 = SURFACE_SIDE_STYLE('',(#7491));
#7491 = SURFACE_STYLE_FILL_AREA(#7492);
#7492 = FILL_AREA_STYLE('',(#7493));
#7493 = FILL_AREA_STYLE_COLOUR('',#7066);
#7494 = OVER_RIDING_STYLED_ITEM('overriding color',(#7495),#4570,#6654);
#7495 = PRESENTATION_STYLE_ASSIGNMENT((#7496));
#7496 = SURFACE_STYLE_USAGE(.BOTH.,#7497);
#7497 = SURFACE_SIDE_STYLE('',(#7498));
#7498 = SURFACE_STYLE_FILL_AREA(#7499);
#7499 = FILL_AREA_STYLE('',(#7500));
#7500 = FILL_AREA_STYLE_COLOUR('',#7066);
#7501 = OVER_RIDING_STYLED_ITEM('overriding color',(#7502),#4643,#6654);
#7502 = PRESENTATION_STYLE_ASSIGNMENT((#7503));
#7503 = SURFACE_STYLE_USAGE(.BOTH.,#7504);
#7504 = SURFACE_SIDE_STYLE('',(#7505));
#7505 = SURFACE_STYLE_FILL_AREA(#7506);
#7506 = FILL_AREA_STYLE('',(#7507));
#7507 = FILL_AREA_STYLE_COLOUR('',#7066);
#7508 = OVER_RIDING_STYLED_ITEM('overriding color',(#7509),#4716,#6654);
#7509 = PRESENTATION_STYLE_ASSIGNMENT((#7510));
#7510 = SURFACE_STYLE_USAGE(.BOTH.,#7511);
#7511 = SURFACE_SIDE_STYLE('',(#7512));
#7512 = SURFACE_STYLE_FILL_AREA(#7513);
#7513 = FILL_AREA_STYLE('',(#7514));
#7514 = FILL_AREA_STYLE_COLOUR('',#7066);
#7515 = OVER_RIDING_STYLED_ITEM('overriding color',(#7516),#4738,#6654);
#7516 = PRESENTATION_STYLE_ASSIGNMENT((#7517));
#7517 = SURFACE_STYLE_USAGE(.BOTH.,#7518);
#7518 = SURFACE_SIDE_STYLE('',(#7519));
#7519 = SURFACE_STYLE_FILL_AREA(#7520);
#7520 = FILL_AREA_STYLE('',(#7521));
#7521 = FILL_AREA_STYLE_COLOUR('',#7066);
#7522 = OVER_RIDING_STYLED_ITEM('overriding color',(#7523),#4811,#6654);
#7523 = PRESENTATION_STYLE_ASSIGNMENT((#7524));
#7524 = SURFACE_STYLE_USAGE(.BOTH.,#7525);
#7525 = SURFACE_SIDE_STYLE('',(#7526));
#7526 = SURFACE_STYLE_FILL_AREA(#7527);
#7527 = FILL_AREA_STYLE('',(#7528));
#7528 = FILL_AREA_STYLE_COLOUR('',#7066);
#7529 = OVER_RIDING_STYLED_ITEM('overriding color',(#7530),#4878,#6654);
#7530 = PRESENTATION_STYLE_ASSIGNMENT((#7531));
#7531 = SURFACE_STYLE_USAGE(.BOTH.,#7532);
#7532 = SURFACE_SIDE_STYLE('',(#7533));
#7533 = SURFACE_STYLE_FILL_AREA(#7534);
#7534 = FILL_AREA_STYLE('',(#7535));
#7535 = FILL_AREA_STYLE_COLOUR('',#7066);
#7536 = OVER_RIDING_STYLED_ITEM('overriding color',(#7537),#5036,#6654);
#7537 = PRESENTATION_STYLE_ASSIGNMENT((#7538));
#7538 = SURFACE_STYLE_USAGE(.BOTH.,#7539);
#7539 = SURFACE_SIDE_STYLE('',(#7540));
#7540 = SURFACE_STYLE_FILL_AREA(#7541);
#7541 = FILL_AREA_STYLE('',(#7542));
#7542 = FILL_AREA_STYLE_COLOUR('',#7066);
#7543 = OVER_RIDING_STYLED_ITEM('overriding color',(#7544),#5064,#6654);
#7544 = PRESENTATION_STYLE_ASSIGNMENT((#7545));
#7545 = SURFACE_STYLE_USAGE(.BOTH.,#7546);
#7546 = SURFACE_SIDE_STYLE('',(#7547));
#7547 = SURFACE_STYLE_FILL_AREA(#7548);
#7548 = FILL_AREA_STYLE('',(#7549));
#7549 = FILL_AREA_STYLE_COLOUR('',#7066);
#7550 = OVER_RIDING_STYLED_ITEM('overriding color',(#7551),#5137,#6654);
#7551 = PRESENTATION_STYLE_ASSIGNMENT((#7552));
#7552 = SURFACE_STYLE_USAGE(.BOTH.,#7553);
#7553 = SURFACE_SIDE_STYLE('',(#7554));
#7554 = SURFACE_STYLE_FILL_AREA(#7555);
#7555 = FILL_AREA_STYLE('',(#7556));
#7556 = FILL_AREA_STYLE_COLOUR('',#7066);
#7557 = OVER_RIDING_STYLED_ITEM('overriding color',(#7558),#5210,#6654);
#7558 = PRESENTATION_STYLE_ASSIGNMENT((#7559));
#7559 = SURFACE_STYLE_USAGE(.BOTH.,#7560);
#7560 = SURFACE_SIDE_STYLE('',(#7561));
#7561 = SURFACE_STYLE_FILL_AREA(#7562);
#7562 = FILL_AREA_STYLE('',(#7563));
#7563 = FILL_AREA_STYLE_COLOUR('',#7066);
#7564 = OVER_RIDING_STYLED_ITEM('overriding color',(#7565),#5232,#6654);
#7565 = PRESENTATION_STYLE_ASSIGNMENT((#7566));
#7566 = SURFACE_STYLE_USAGE(.BOTH.,#7567);
#7567 = SURFACE_SIDE_STYLE('',(#7568));
#7568 = SURFACE_STYLE_FILL_AREA(#7569);
#7569 = FILL_AREA_STYLE('',(#7570));
#7570 = FILL_AREA_STYLE_COLOUR('',#7066);
#7571 = OVER_RIDING_STYLED_ITEM('overriding color',(#7572),#5248,#6654);
#7572 = PRESENTATION_STYLE_ASSIGNMENT((#7573));
#7573 = SURFACE_STYLE_USAGE(.BOTH.,#7574);
#7574 = SURFACE_SIDE_STYLE('',(#7575));
#7575 = SURFACE_STYLE_FILL_AREA(#7576);
#7576 = FILL_AREA_STYLE('',(#7577));
#7577 = FILL_AREA_STYLE_COLOUR('',#7066);
#7578 = OVER_RIDING_STYLED_ITEM('overriding color',(#7579),#5276,#6654);
#7579 = PRESENTATION_STYLE_ASSIGNMENT((#7580));
#7580 = SURFACE_STYLE_USAGE(.BOTH.,#7581);
#7581 = SURFACE_SIDE_STYLE('',(#7582));
#7582 = SURFACE_STYLE_FILL_AREA(#7583);
#7583 = FILL_AREA_STYLE('',(#7584));
#7584 = FILL_AREA_STYLE_COLOUR('',#7066);
#7585 = OVER_RIDING_STYLED_ITEM('overriding color',(#7586),#5349,#6654);
#7586 = PRESENTATION_STYLE_ASSIGNMENT((#7587));
#7587 = SURFACE_STYLE_USAGE(.BOTH.,#7588);
#7588 = SURFACE_SIDE_STYLE('',(#7589));
#7589 = SURFACE_STYLE_FILL_AREA(#7590);
#7590 = FILL_AREA_STYLE('',(#7591));
#7591 = FILL_AREA_STYLE_COLOUR('',#7066);
#7592 = OVER_RIDING_STYLED_ITEM('overriding color',(#7593),#5422,#6654);
#7593 = PRESENTATION_STYLE_ASSIGNMENT((#7594));
#7594 = SURFACE_STYLE_USAGE(.BOTH.,#7595);
#7595 = SURFACE_SIDE_STYLE('',(#7596));
#7596 = SURFACE_STYLE_FILL_AREA(#7597);
#7597 = FILL_AREA_STYLE('',(#7598));
#7598 = FILL_AREA_STYLE_COLOUR('',#7066);
#7599 = OVER_RIDING_STYLED_ITEM('overriding color',(#7600),#5444,#6654);
#7600 = PRESENTATION_STYLE_ASSIGNMENT((#7601));
#7601 = SURFACE_STYLE_USAGE(.BOTH.,#7602);
#7602 = SURFACE_SIDE_STYLE('',(#7603));
#7603 = SURFACE_STYLE_FILL_AREA(#7604);
#7604 = FILL_AREA_STYLE('',(#7605));
#7605 = FILL_AREA_STYLE_COLOUR('',#7066);
#7606 = OVER_RIDING_STYLED_ITEM('overriding color',(#7607),#5460,#6654);
#7607 = PRESENTATION_STYLE_ASSIGNMENT((#7608));
#7608 = SURFACE_STYLE_USAGE(.BOTH.,#7609);
#7609 = SURFACE_SIDE_STYLE('',(#7610));
#7610 = SURFACE_STYLE_FILL_AREA(#7611);
#7611 = FILL_AREA_STYLE('',(#7612));
#7612 = FILL_AREA_STYLE_COLOUR('',#6671);
#7613 = OVER_RIDING_STYLED_ITEM('overriding color',(#7614),#5473,#6654);
#7614 = PRESENTATION_STYLE_ASSIGNMENT((#7615));
#7615 = SURFACE_STYLE_USAGE(.BOTH.,#7616);
#7616 = SURFACE_SIDE_STYLE('',(#7617));
#7617 = SURFACE_STYLE_FILL_AREA(#7618);
#7618 = FILL_AREA_STYLE('',(#7619));
#7619 = FILL_AREA_STYLE_COLOUR('',#7066);
#7620 = OVER_RIDING_STYLED_ITEM('overriding color',(#7621),#5501,#6654);
#7621 = PRESENTATION_STYLE_ASSIGNMENT((#7622));
#7622 = SURFACE_STYLE_USAGE(.BOTH.,#7623);
#7623 = SURFACE_SIDE_STYLE('',(#7624));
#7624 = SURFACE_STYLE_FILL_AREA(#7625);
#7625 = FILL_AREA_STYLE('',(#7626));
#7626 = FILL_AREA_STYLE_COLOUR('',#7066);
#7627 = OVER_RIDING_STYLED_ITEM('overriding color',(#7628),#5550,#6654);
#7628 = PRESENTATION_STYLE_ASSIGNMENT((#7629));
#7629 = SURFACE_STYLE_USAGE(.BOTH.,#7630);
#7630 = SURFACE_SIDE_STYLE('',(#7631));
#7631 = SURFACE_STYLE_FILL_AREA(#7632);
#7632 = FILL_AREA_STYLE('',(#7633));
#7633 = FILL_AREA_STYLE_COLOUR('',#7066);
#7634 = OVER_RIDING_STYLED_ITEM('overriding color',(#7635),#5623,#6654);
#7635 = PRESENTATION_STYLE_ASSIGNMENT((#7636));
#7636 = SURFACE_STYLE_USAGE(.BOTH.,#7637);
#7637 = SURFACE_SIDE_STYLE('',(#7638));
#7638 = SURFACE_STYLE_FILL_AREA(#7639);
#7639 = FILL_AREA_STYLE('',(#7640));
#7640 = FILL_AREA_STYLE_COLOUR('',#7066);
#7641 = OVER_RIDING_STYLED_ITEM('overriding color',(#7642),#5696,#6654);
#7642 = PRESENTATION_STYLE_ASSIGNMENT((#7643));
#7643 = SURFACE_STYLE_USAGE(.BOTH.,#7644);
#7644 = SURFACE_SIDE_STYLE('',(#7645));
#7645 = SURFACE_STYLE_FILL_AREA(#7646);
#7646 = FILL_AREA_STYLE('',(#7647));
#7647 = FILL_AREA_STYLE_COLOUR('',#7066);
#7648 = OVER_RIDING_STYLED_ITEM('overriding color',(#7649),#5718,#6654);
#7649 = PRESENTATION_STYLE_ASSIGNMENT((#7650));
#7650 = SURFACE_STYLE_USAGE(.BOTH.,#7651);
#7651 = SURFACE_SIDE_STYLE('',(#7652));
#7652 = SURFACE_STYLE_FILL_AREA(#7653);
#7653 = FILL_AREA_STYLE('',(#7654));
#7654 = FILL_AREA_STYLE_COLOUR('',#7066);
#7655 = OVER_RIDING_STYLED_ITEM('overriding color',(#7656),#5740,#6654);
#7656 = PRESENTATION_STYLE_ASSIGNMENT((#7657));
#7657 = SURFACE_STYLE_USAGE(.BOTH.,#7658);
#7658 = SURFACE_SIDE_STYLE('',(#7659));
#7659 = SURFACE_STYLE_FILL_AREA(#7660);
#7660 = FILL_AREA_STYLE('',(#7661));
#7661 = FILL_AREA_STYLE_COLOUR('',#7066);
#7662 = OVER_RIDING_STYLED_ITEM('overriding color',(#7663),#5762,#6654);
#7663 = PRESENTATION_STYLE_ASSIGNMENT((#7664));
#7664 = SURFACE_STYLE_USAGE(.BOTH.,#7665);
#7665 = SURFACE_SIDE_STYLE('',(#7666));
#7666 = SURFACE_STYLE_FILL_AREA(#7667);
#7667 = FILL_AREA_STYLE('',(#7668));
#7668 = FILL_AREA_STYLE_COLOUR('',#7066);
#7669 = OVER_RIDING_STYLED_ITEM('overriding color',(#7670),#5835,#6654);
#7670 = PRESENTATION_STYLE_ASSIGNMENT((#7671));
#7671 = SURFACE_STYLE_USAGE(.BOTH.,#7672);
#7672 = SURFACE_SIDE_STYLE('',(#7673));
#7673 = SURFACE_STYLE_FILL_AREA(#7674);
#7674 = FILL_AREA_STYLE('',(#7675));
#7675 = FILL_AREA_STYLE_COLOUR('',#7066);
#7676 = OVER_RIDING_STYLED_ITEM('overriding color',(#7677),#5908,#6654);
#7677 = PRESENTATION_STYLE_ASSIGNMENT((#7678));
#7678 = SURFACE_STYLE_USAGE(.BOTH.,#7679);
#7679 = SURFACE_SIDE_STYLE('',(#7680));
#7680 = SURFACE_STYLE_FILL_AREA(#7681);
#7681 = FILL_AREA_STYLE('',(#7682));
#7682 = FILL_AREA_STYLE_COLOUR('',#7066);
#7683 = OVER_RIDING_STYLED_ITEM('overriding color',(#7684),#5957,#6654);
#7684 = PRESENTATION_STYLE_ASSIGNMENT((#7685));
#7685 = SURFACE_STYLE_USAGE(.BOTH.,#7686);
#7686 = SURFACE_SIDE_STYLE('',(#7687));
#7687 = SURFACE_STYLE_FILL_AREA(#7688);
#7688 = FILL_AREA_STYLE('',(#7689));
#7689 = FILL_AREA_STYLE_COLOUR('',#7066);
#7690 = OVER_RIDING_STYLED_ITEM('overriding color',(#7691),#5979,#6654);
#7691 = PRESENTATION_STYLE_ASSIGNMENT((#7692));
#7692 = SURFACE_STYLE_USAGE(.BOTH.,#7693);
#7693 = SURFACE_SIDE_STYLE('',(#7694));
#7694 = SURFACE_STYLE_FILL_AREA(#7695);
#7695 = FILL_AREA_STYLE('',(#7696));
#7696 = FILL_AREA_STYLE_COLOUR('',#7066);
#7697 = OVER_RIDING_STYLED_ITEM('overriding color',(#7698),#6028,#6654);
#7698 = PRESENTATION_STYLE_ASSIGNMENT((#7699));
#7699 = SURFACE_STYLE_USAGE(.BOTH.,#7700);
#7700 = SURFACE_SIDE_STYLE('',(#7701));
#7701 = SURFACE_STYLE_FILL_AREA(#7702);
#7702 = FILL_AREA_STYLE('',(#7703));
#7703 = FILL_AREA_STYLE_COLOUR('',#7066);
#7704 = OVER_RIDING_STYLED_ITEM('overriding color',(#7705),#6101,#6654);
#7705 = PRESENTATION_STYLE_ASSIGNMENT((#7706));
#7706 = SURFACE_STYLE_USAGE(.BOTH.,#7707);
#7707 = SURFACE_SIDE_STYLE('',(#7708));
#7708 = SURFACE_STYLE_FILL_AREA(#7709);
#7709 = FILL_AREA_STYLE('',(#7710));
#7710 = FILL_AREA_STYLE_COLOUR('',#7066);
#7711 = OVER_RIDING_STYLED_ITEM('overriding color',(#7712),#6174,#6654);
#7712 = PRESENTATION_STYLE_ASSIGNMENT((#7713));
#7713 = SURFACE_STYLE_USAGE(.BOTH.,#7714);
#7714 = SURFACE_SIDE_STYLE('',(#7715));
#7715 = SURFACE_STYLE_FILL_AREA(#7716);
#7716 = FILL_AREA_STYLE('',(#7717));
#7717 = FILL_AREA_STYLE_COLOUR('',#7066);
#7718 = OVER_RIDING_STYLED_ITEM('overriding color',(#7719),#6196,#6654);
#7719 = PRESENTATION_STYLE_ASSIGNMENT((#7720));
#7720 = SURFACE_STYLE_USAGE(.BOTH.,#7721);
#7721 = SURFACE_SIDE_STYLE('',(#7722));
#7722 = SURFACE_STYLE_FILL_AREA(#7723);
#7723 = FILL_AREA_STYLE('',(#7724));
#7724 = FILL_AREA_STYLE_COLOUR('',#7066);
#7725 = OVER_RIDING_STYLED_ITEM('overriding color',(#7726),#6269,#6654);
#7726 = PRESENTATION_STYLE_ASSIGNMENT((#7727));
#7727 = SURFACE_STYLE_USAGE(.BOTH.,#7728);
#7728 = SURFACE_SIDE_STYLE('',(#7729));
#7729 = SURFACE_STYLE_FILL_AREA(#7730);
#7730 = FILL_AREA_STYLE('',(#7731));
#7731 = FILL_AREA_STYLE_COLOUR('',#7066);
#7732 = OVER_RIDING_STYLED_ITEM('overriding color',(#7733),#6342,#6654);
#7733 = PRESENTATION_STYLE_ASSIGNMENT((#7734));
#7734 = SURFACE_STYLE_USAGE(.BOTH.,#7735);
#7735 = SURFACE_SIDE_STYLE('',(#7736));
#7736 = SURFACE_STYLE_FILL_AREA(#7737);
#7737 = FILL_AREA_STYLE('',(#7738));
#7738 = FILL_AREA_STYLE_COLOUR('',#7066);
#7739 = OVER_RIDING_STYLED_ITEM('overriding color',(#7740),#6385,#6654);
#7740 = PRESENTATION_STYLE_ASSIGNMENT((#7741));
#7741 = SURFACE_STYLE_USAGE(.BOTH.,#7742);
#7742 = SURFACE_SIDE_STYLE('',(#7743));
#7743 = SURFACE_STYLE_FILL_AREA(#7744);
#7744 = FILL_AREA_STYLE('',(#7745));
#7745 = FILL_AREA_STYLE_COLOUR('',#7066);
#7746 = OVER_RIDING_STYLED_ITEM('overriding color',(#7747),#6411,#6654);
#7747 = PRESENTATION_STYLE_ASSIGNMENT((#7748));
#7748 = SURFACE_STYLE_USAGE(.BOTH.,#7749);
#7749 = SURFACE_SIDE_STYLE('',(#7750));
#7750 = SURFACE_STYLE_FILL_AREA(#7751);
#7751 = FILL_AREA_STYLE('',(#7752));
#7752 = FILL_AREA_STYLE_COLOUR('',#7066);
#7753 = OVER_RIDING_STYLED_ITEM('overriding color',(#7754),#6439,#6654);
#7754 = PRESENTATION_STYLE_ASSIGNMENT((#7755));
#7755 = SURFACE_STYLE_USAGE(.BOTH.,#7756);
#7756 = SURFACE_SIDE_STYLE('',(#7757));
#7757 = SURFACE_STYLE_FILL_AREA(#7758);
#7758 = FILL_AREA_STYLE('',(#7759));
#7759 = FILL_AREA_STYLE_COLOUR('',#7066);
#7760 = OVER_RIDING_STYLED_ITEM('overriding color',(#7761),#6461,#6654);
#7761 = PRESENTATION_STYLE_ASSIGNMENT((#7762));
#7762 = SURFACE_STYLE_USAGE(.BOTH.,#7763);
#7763 = SURFACE_SIDE_STYLE('',(#7764));
#7764 = SURFACE_STYLE_FILL_AREA(#7765);
#7765 = FILL_AREA_STYLE('',(#7766));
#7766 = FILL_AREA_STYLE_COLOUR('',#7066);
#7767 = OVER_RIDING_STYLED_ITEM('overriding color',(#7768),#6510,#6654);
#7768 = PRESENTATION_STYLE_ASSIGNMENT((#7769));
#7769 = SURFACE_STYLE_USAGE(.BOTH.,#7770);
#7770 = SURFACE_SIDE_STYLE('',(#7771));
#7771 = SURFACE_STYLE_FILL_AREA(#7772);
#7772 = FILL_AREA_STYLE('',(#7773));
#7773 = FILL_AREA_STYLE_COLOUR('',#7066);
#7774 = OVER_RIDING_STYLED_ITEM('overriding color',(#7775),#6532,#6654);
#7775 = PRESENTATION_STYLE_ASSIGNMENT((#7776));
#7776 = SURFACE_STYLE_USAGE(.BOTH.,#7777);
#7777 = SURFACE_SIDE_STYLE('',(#7778));
#7778 = SURFACE_STYLE_FILL_AREA(#7779);
#7779 = FILL_AREA_STYLE('',(#7780));
#7780 = FILL_AREA_STYLE_COLOUR('',#7066);
#7781 = OVER_RIDING_STYLED_ITEM('overriding color',(#7782),#6581,#6654);
#7782 = PRESENTATION_STYLE_ASSIGNMENT((#7783));
#7783 = SURFACE_STYLE_USAGE(.BOTH.,#7784);
#7784 = SURFACE_SIDE_STYLE('',(#7785));
#7785 = SURFACE_STYLE_FILL_AREA(#7786);
#7786 = FILL_AREA_STYLE('',(#7787));
#7787 = FILL_AREA_STYLE_COLOUR('',#7066);
#7788 = OVER_RIDING_STYLED_ITEM('overriding color',(#7789),#6603,#6654);
#7789 = PRESENTATION_STYLE_ASSIGNMENT((#7790));
#7790 = SURFACE_STYLE_USAGE(.BOTH.,#7791);
#7791 = SURFACE_SIDE_STYLE('',(#7792));
#7792 = SURFACE_STYLE_FILL_AREA(#7793);
#7793 = FILL_AREA_STYLE('',(#7794));
#7794 = FILL_AREA_STYLE_COLOUR('',#7066);
#7795 = OVER_RIDING_STYLED_ITEM('overriding color',(#7796),#6619,#6654);
#7796 = PRESENTATION_STYLE_ASSIGNMENT((#7797));
#7797 = SURFACE_STYLE_USAGE(.BOTH.,#7798);
#7798 = SURFACE_SIDE_STYLE('',(#7799));
#7799 = SURFACE_STYLE_FILL_AREA(#7800);
#7800 = FILL_AREA_STYLE('',(#7801));
#7801 = FILL_AREA_STYLE_COLOUR('',#7066);
#7802 = OVER_RIDING_STYLED_ITEM('overriding color',(#7803),#6634,#6654);
#7803 = PRESENTATION_STYLE_ASSIGNMENT((#7804));
#7804 = SURFACE_STYLE_USAGE(.BOTH.,#7805);
#7805 = SURFACE_SIDE_STYLE('',(#7806));
#7806 = SURFACE_STYLE_FILL_AREA(#7807);
#7807 = FILL_AREA_STYLE('',(#7808));
#7808 = FILL_AREA_STYLE_COLOUR('',#6671);
ENDSEC;
END-ISO-10303-21;
