ISO-10303-21;
HEADER;
FILE_DESCRIPTION(('Open CASCADE Model'),'2;1');
FILE_NAME('Open CASCADE Shape Model','2026-05-29T13:53:26',('Author'),(
    'Open CASCADE'),'Open CASCADE STEP processor 7.9','Open CASCADE 7.9'
  ,'Unknown');
FILE_SCHEMA(('AUTOMOTIVE_DESIGN { 1 0 10303 214 1 1 1 1 }'));
ENDSEC;
DATA;
#1 = APPLICATION_PROTOCOL_DEFINITION('international standard',
  'automotive_design',2000,#2);
#2 = APPLICATION_CONTEXT(
  'core data for automotive mechanical design processes');
#3 = SHAPE_DEFINITION_REPRESENTATION(#4,#10);
#4 = PRODUCT_DEFINITION_SHAPE('','',#5);
#5 = PRODUCT_DEFINITION('design','',#6,#9);
#6 = PRODUCT_DEFINITION_FORMATION('','',#7);
#7 = PRODUCT('SOLID','SOLID','',(#8));
#8 = PRODUCT_CONTEXT('',#2,'mechanical');
#9 = PRODUCT_DEFINITION_CONTEXT('part definition',#2,'design');
#10 = ADVANCED_BREP_SHAPE_REPRESENTATION('',(#11,#15),#12353);
#11 = AXIS2_PLACEMENT_3D('',#12,#13,#14);
#12 = CARTESIAN_POINT('',(0.,0.,0.));
#13 = DIRECTION('',(0.,0.,1.));
#14 = DIRECTION('',(1.,0.,-0.));
#15 = MANIFOLD_SOLID_BREP('',#16);
#16 = CLOSED_SHELL('',(#17,#65,#1554,#1604,#1654,#1696,#1718,#1768,#1804
    ,#1854,#1890,#1910,#1930,#1980,#2016,#2066,#2102,#2144,#2172,#2214,
    #2242,#2262,#2282,#2304,#2354,#2390,#2440,#2476,#2496,#2516,#2566,
    #2602,#2652,#2688,#2730,#2758,#2778,#2800,#2822,#2981,#3113,#3153,
    #3195,#3221,#3237,#3249,#3261,#3277,#3409,#3435,#3447,#3473,#3507,
    #3541,#3563,#3575,#3591,#3607,#3619,#3655,#3691,#3711,#3747,#3775,
    #3803,#3839,#3859,#3879,#3915,#3951,#3971,#4007,#4037,#4087,#4123,
    #4143,#4193,#4213,#4261,#4289,#4325,#4373,#4423,#4445,#4467,#4495,
    #4591,#4614,#4639,#4649,#4683,#4699,#4719,#4735,#4747,#4777,#4799,
    #4823,#4839,#4851,#4863,#4893,#4917,#4947,#4971,#4993,#5005,#5033,
    #5057,#5081,#5097,#5125,#5137,#5167,#5189,#5211,#5235,#5251,#5278,
    #5300,#5324,#5340,#5354,#5376,#5400,#5416,#5430,#5452,#5476,#5492,
    #5506,#5528,#5550,#5568,#5582,#5604,#5626,#5644,#5658,#5680,#5702,
    #5720,#5734,#5746,#5758,#5770,#5782,#5794,#5806,#5834,#5862,#5874,
    #5890,#5906,#5928,#5950,#5968,#5982,#6004,#6026,#6044,#6058,#6080,
    #6102,#6120,#6134,#6156,#6180,#6196,#6210,#6232,#6254,#6272,#6286,
    #6308,#6330,#6348,#6362,#6378,#6406,#6434,#6450,#6466,#6482,#6504,
    #6528,#6544,#6558,#6570,#6598,#6620,#6642,#6664,#6686,#6702,#6716,
    #6750,#6772,#6800,#6828,#6856,#6884,#6912,#6940,#6962,#6990,#7018,
    #7046,#7074,#7096,#7118,#7146,#7168,#7190,#7212,#7234,#7256,#7278,
    #7300,#7322,#7344,#7366,#7382,#7402,#7526,#7546,#7566,#7586,#7606,
    #7626,#7642,#7654,#7682,#7704,#7726,#7754,#7782,#7810,#7832,#7847,
    #7959,#7979,#7995,#8011,#8027,#8043,#8059,#8075,#8087,#8115,#8137,
    #8165,#8187,#8215,#8231,#8245,#8273,#8295,#8317,#8339,#8361,#8383,
    #8405,#8427,#8449,#8471,#8493,#8509,#8529,#8721,#8745,#8761,#8781,
    #8801,#8817,#8837,#8857,#8877,#8897,#8913,#8929,#8945,#8961,#8977,
    #9011,#9039,#9067,#9095,#9123,#9151,#9173,#9189,#9205,#9239,#9261,
    #9289,#9317,#9345,#9373,#9401,#9429,#9457,#9485,#9513,#9541,#9563,
    #9591,#9619,#9647,#9675,#9703,#9731,#9759,#9781,#9810,#9838,#9860,
    #9888,#9910,#9932,#9954,#9976,#9998,#10020,#10048,#10076,#10098,
    #10126,#10154,#10170,#10193,#10221,#10243,#10265,#10287,#10309,
    #10331,#10353,#10375,#10397,#10419,#10441,#10457,#10477,#10601,
    #10621,#10641,#10661,#10681,#10701,#10717,#10729,#10757,#10779,
    #10801,#10829,#10857,#10885,#10907,#10922,#11034,#11054,#11070,
    #11086,#11102,#11118,#11134,#11150,#11162,#11190,#11212,#11240,
    #11262,#11290,#11306,#11320,#11640,#11664,#11684,#11704,#11724,
    #11744,#11764,#11784,#11804,#11824,#11844,#11864,#11884,#11900,
    #11916,#11932,#11948,#11968,#11988,#12008,#12028,#12048,#12068,
    #12088,#12104,#12124,#12144,#12160,#12180,#12200,#12220,#12236,
    #12256,#12272,#12315,#12343));
#17 = ADVANCED_FACE('',(#18),#54,.F.);
#18 = FACE_BOUND('',#19,.F.);
#19 = EDGE_LOOP('',(#20,#29,#39,#46));
#20 = ORIENTED_EDGE('',*,*,#21,.T.);
#21 = EDGE_CURVE('',#22,#24,#26,.T.);
#22 = VERTEX_POINT('',#23);
#23 = CARTESIAN_POINT('',(-0.550090407758,0.665944308309,0.9100001));
#24 = VERTEX_POINT('',#25);
#25 = CARTESIAN_POINT('',(-0.550090407758,0.665944308309,0.9200001));
#26 = B_SPLINE_CURVE_WITH_KNOTS('',1,(#27,#28),.UNSPECIFIED.,.F.,.F.,(2,
    2),(0.,1.E-02),.PIECEWISE_BEZIER_KNOTS.);
#27 = CARTESIAN_POINT('',(-0.550090407758,0.665944308309,0.9100001));
#28 = CARTESIAN_POINT('',(-0.550090407758,0.665944308309,0.9200001));
#29 = ORIENTED_EDGE('',*,*,#30,.F.);
#30 = EDGE_CURVE('',#31,#24,#33,.T.);
#31 = VERTEX_POINT('',#32);
#32 = CARTESIAN_POINT('',(-0.749418952948,0.665944308309,0.9200001));
#33 = ( BOUNDED_CURVE() B_SPLINE_CURVE(2,(#34,#35,#36,#37,#38),
.UNSPECIFIED.,.F.,.F.) B_SPLINE_CURVE_WITH_KNOTS((3,2,3),(3.14159265359,
4.712388980385,6.28318530718),.PIECEWISE_BEZIER_KNOTS.) CURVE() 
GEOMETRIC_REPRESENTATION_ITEM() RATIONAL_B_SPLINE_CURVE((1.,
0.707106781187,1.,0.707106781187,1.)) REPRESENTATION_ITEM('') );
#34 = CARTESIAN_POINT('',(-0.749418952948,0.665944308309,0.9200001));
#35 = CARTESIAN_POINT('',(-0.749418952948,0.566280035714,0.9200001));
#36 = CARTESIAN_POINT('',(-0.649754680353,0.566280035714,0.9200001));
#37 = CARTESIAN_POINT('',(-0.550090407758,0.566280035714,0.9200001));
#38 = CARTESIAN_POINT('',(-0.550090407758,0.665944308309,0.9200001));
#39 = ORIENTED_EDGE('',*,*,#40,.F.);
#40 = EDGE_CURVE('',#41,#31,#43,.T.);
#41 = VERTEX_POINT('',#42);
#42 = CARTESIAN_POINT('',(-0.749418952948,0.665944308309,0.9100001));
#43 = B_SPLINE_CURVE_WITH_KNOTS('',1,(#44,#45),.UNSPECIFIED.,.F.,.F.,(2,
    2),(0.,1.E-02),.PIECEWISE_BEZIER_KNOTS.);
#44 = CARTESIAN_POINT('',(-0.749418952948,0.665944308309,0.9100001));
#45 = CARTESIAN_POINT('',(-0.749418952948,0.665944308309,0.9200001));
#46 = ORIENTED_EDGE('',*,*,#47,.T.);
#47 = EDGE_CURVE('',#41,#22,#48,.T.);
#48 = ( BOUNDED_CURVE() B_SPLINE_CURVE(2,(#49,#50,#51,#52,#53),
.UNSPECIFIED.,.F.,.F.) B_SPLINE_CURVE_WITH_KNOTS((3,2,3),(3.14159265359,
4.712388980385,6.28318530718),.PIECEWISE_BEZIER_KNOTS.) CURVE() 
GEOMETRIC_REPRESENTATION_ITEM() RATIONAL_B_SPLINE_CURVE((1.,
0.707106781187,1.,0.707106781187,1.)) REPRESENTATION_ITEM('') );
#49 = CARTESIAN_POINT('',(-0.749418952948,0.665944308309,0.9100001));
#50 = CARTESIAN_POINT('',(-0.749418952948,0.566280035714,0.9100001));
#51 = CARTESIAN_POINT('',(-0.649754680353,0.566280035714,0.9100001));
#52 = CARTESIAN_POINT('',(-0.550090407758,0.566280035714,0.9100001));
#53 = CARTESIAN_POINT('',(-0.550090407758,0.665944308309,0.9100001));
#54 = ( BOUNDED_SURFACE() B_SPLINE_SURFACE(2,1,(
    (#55,#56)
    ,(#57,#58)
    ,(#59,#60)
    ,(#61,#62)
,(#63,#64
    )),.UNSPECIFIED.,.F.,.F.,.F.) B_SPLINE_SURFACE_WITH_KNOTS((3,2,3),(2
    ,2),(3.14159265359,4.712388980385,6.28318530718),(0.,1.E-02),
.PIECEWISE_BEZIER_KNOTS.) GEOMETRIC_REPRESENTATION_ITEM() 
RATIONAL_B_SPLINE_SURFACE((
    (1.,1.)
    ,(0.707106781187,0.707106781187)
    ,(1.,1.)
    ,(0.707106781187,0.707106781187)
,(1.,1.))) REPRESENTATION_ITEM('') SURFACE() );
#55 = CARTESIAN_POINT('',(-0.749418952948,0.665944308309,0.9100001));
#56 = CARTESIAN_POINT('',(-0.749418952948,0.665944308309,0.9200001));
#57 = CARTESIAN_POINT('',(-0.749418952948,0.566280035714,0.9100001));
#58 = CARTESIAN_POINT('',(-0.749418952948,0.566280035714,0.9200001));
#59 = CARTESIAN_POINT('',(-0.649754680353,0.566280035714,0.9100001));
#60 = CARTESIAN_POINT('',(-0.649754680353,0.566280035714,0.9200001));
#61 = CARTESIAN_POINT('',(-0.550090407758,0.566280035714,0.9100001));
#62 = CARTESIAN_POINT('',(-0.550090407758,0.566280035714,0.9200001));
#63 = CARTESIAN_POINT('',(-0.550090407758,0.665944308309,0.9100001));
#64 = CARTESIAN_POINT('',(-0.550090407758,0.665944308309,0.9200001));
#65 = ADVANCED_FACE('',(#66,#183,#299,#385,#509,#623,#667,#753,#812,#870
    ,#1057,#1143,#1202,#1260),#1549,.F.);
#66 = FACE_BOUND('',#67,.T.);
#67 = EDGE_LOOP('',(#68,#77,#84,#93,#102,#109,#118,#127,#134,#141,#148,
    #155,#162,#169,#178));
#68 = ORIENTED_EDGE('',*,*,#69,.F.);
#69 = EDGE_CURVE('',#70,#72,#74,.T.);
#70 = VERTEX_POINT('',#71);
#71 = CARTESIAN_POINT('',(-0.376743697645,-1.,0.709481364311));
#72 = VERTEX_POINT('',#73);
#73 = CARTESIAN_POINT('',(-0.385546981336,-1.,0.709481364311));
#74 = B_SPLINE_CURVE_WITH_KNOTS('',1,(#75,#76),.UNSPECIFIED.,.F.,.F.,(2,
    2),(-8.803283691157E-03,-1.665334536938E-16),
  .PIECEWISE_BEZIER_KNOTS.);
#75 = CARTESIAN_POINT('',(-0.376743697645,-1.,0.709481364311));
#76 = CARTESIAN_POINT('',(-0.385546981336,-1.,0.709481364311));
#77 = ORIENTED_EDGE('',*,*,#78,.F.);
#78 = EDGE_CURVE('',#79,#70,#81,.T.);
#79 = VERTEX_POINT('',#80);
#80 = CARTESIAN_POINT('',(-0.398717248276,-1.,0.653750339997));
#81 = B_SPLINE_CURVE_WITH_KNOTS('',1,(#82,#83),.UNSPECIFIED.,.F.,.F.,(2,
    2),(-5.990646040689E-02,0.),.PIECEWISE_BEZIER_KNOTS.);
#82 = CARTESIAN_POINT('',(-0.398717248276,-1.,0.653750339997));
#83 = CARTESIAN_POINT('',(-0.376743697645,-1.,0.709481364311));
#84 = ORIENTED_EDGE('',*,*,#85,.F.);
#85 = EDGE_CURVE('',#86,#79,#88,.T.);
#86 = VERTEX_POINT('',#87);
#87 = CARTESIAN_POINT('',(-0.415994558985,-1.,0.638257947043));
#88 = B_SPLINE_CURVE_WITH_KNOTS('',3,(#89,#90,#91,#92),.UNSPECIFIED.,.F.
  ,.F.,(4,4),(1.,2.),.PIECEWISE_BEZIER_KNOTS.);
#89 = CARTESIAN_POINT('',(-0.415994558985,-1.,0.638257947043));
#90 = CARTESIAN_POINT('',(-0.408560289884,-1.,0.638257947043));
#91 = CARTESIAN_POINT('',(-0.402806962747,-1.,0.643422078028));
#92 = CARTESIAN_POINT('',(-0.398717248276,-1.,0.653750339997));
#93 = ORIENTED_EDGE('',*,*,#94,.F.);
#94 = EDGE_CURVE('',#95,#86,#97,.T.);
#95 = VERTEX_POINT('',#96);
#96 = CARTESIAN_POINT('',(-0.421470617345,-1.,0.638951118988));
#97 = B_SPLINE_CURVE_WITH_KNOTS('',3,(#98,#99,#100,#101),.UNSPECIFIED.,
  .F.,.F.,(4,4),(2.,3.),.PIECEWISE_BEZIER_KNOTS.);
#98 = CARTESIAN_POINT('',(-0.421470617345,-1.,0.638951118988));
#99 = CARTESIAN_POINT('',(-0.419962968366,-1.,0.638500557224));
#100 = CARTESIAN_POINT('',(-0.418126062714,-1.,0.638257947043));
#101 = CARTESIAN_POINT('',(-0.415994558985,-1.,0.638257947043));
#102 = ORIENTED_EDGE('',*,*,#103,.F.);
#103 = EDGE_CURVE('',#104,#95,#106,.T.);
#104 = VERTEX_POINT('',#105);
#105 = CARTESIAN_POINT('',(-0.421470617345,-1.,0.64650669318));
#106 = B_SPLINE_CURVE_WITH_KNOTS('',1,(#107,#108),.UNSPECIFIED.,.F.,.F.,
  (2,2),(-7.555574192073E-03,0.),.PIECEWISE_BEZIER_KNOTS.);
#107 = CARTESIAN_POINT('',(-0.421470617345,-1.,0.64650669318));
#108 = CARTESIAN_POINT('',(-0.421470617345,-1.,0.638951118988));
#109 = ORIENTED_EDGE('',*,*,#110,.F.);
#110 = EDGE_CURVE('',#111,#104,#113,.T.);
#111 = VERTEX_POINT('',#112);
#112 = CARTESIAN_POINT('',(-0.416653072333,-1.,0.645536252457));
#113 = B_SPLINE_CURVE_WITH_KNOTS('',3,(#114,#115,#116,#117),
  .UNSPECIFIED.,.F.,.F.,(4,4),(4.,5.),.PIECEWISE_BEZIER_KNOTS.);
#114 = CARTESIAN_POINT('',(-0.416653072333,-1.,0.645536252457));
#115 = CARTESIAN_POINT('',(-0.418212709207,-1.,0.645536252457));
#116 = CARTESIAN_POINT('',(-0.419807004679,-1.,0.645848179832));
#117 = CARTESIAN_POINT('',(-0.421470617345,-1.,0.64650669318));
#118 = ORIENTED_EDGE('',*,*,#119,.F.);
#119 = EDGE_CURVE('',#120,#111,#122,.T.);
#120 = VERTEX_POINT('',#121);
#121 = CARTESIAN_POINT('',(-0.407953764433,-1.,0.652363996108));
#122 = B_SPLINE_CURVE_WITH_KNOTS('',3,(#123,#124,#125,#126),
  .UNSPECIFIED.,.F.,.F.,(4,4),(5.,6.),.PIECEWISE_BEZIER_KNOTS.);
#123 = CARTESIAN_POINT('',(-0.407953764433,-1.,0.652363996108));
#124 = CARTESIAN_POINT('',(-0.409877316578,-1.,0.647789061276));
#125 = CARTESIAN_POINT('',(-0.412771309445,-1.,0.645536252457));
#126 = CARTESIAN_POINT('',(-0.416653072333,-1.,0.645536252457));
#127 = ORIENTED_EDGE('',*,*,#128,.F.);
#128 = EDGE_CURVE('',#129,#120,#131,.T.);
#129 = VERTEX_POINT('',#130);
#130 = CARTESIAN_POINT('',(-0.404227965232,-1.,0.6611672798));
#131 = B_SPLINE_CURVE_WITH_KNOTS('',1,(#132,#133),.UNSPECIFIED.,.F.,.F.,
  (2,2),(-9.559256426937E-03,-2.163592999568E-17),
  .PIECEWISE_BEZIER_KNOTS.);
#132 = CARTESIAN_POINT('',(-0.404227965232,-1.,0.6611672798));
#133 = CARTESIAN_POINT('',(-0.407953764433,-1.,0.652363996108));
#134 = ORIENTED_EDGE('',*,*,#135,.F.);
#135 = EDGE_CURVE('',#136,#129,#138,.T.);
#136 = VERTEX_POINT('',#137);
#137 = CARTESIAN_POINT('',(-0.423220876504,-1.,0.709481364311));
#138 = B_SPLINE_CURVE_WITH_KNOTS('',1,(#139,#140),.UNSPECIFIED.,.F.,.F.,
  (2,2),(-5.191321065727E-02,2.030924993009E-17),
  .PIECEWISE_BEZIER_KNOTS.);
#139 = CARTESIAN_POINT('',(-0.423220876504,-1.,0.709481364311));
#140 = CARTESIAN_POINT('',(-0.404227965232,-1.,0.6611672798));
#141 = ORIENTED_EDGE('',*,*,#142,.F.);
#142 = EDGE_CURVE('',#143,#136,#145,.T.);
#143 = VERTEX_POINT('',#144);
#144 = CARTESIAN_POINT('',(-0.413724420868,-1.,0.709481364311));
#145 = B_SPLINE_CURVE_WITH_KNOTS('',1,(#146,#147),.UNSPECIFIED.,.F.,.F.,
  (2,2),(-9.496455635733E-03,-5.551115123126E-17),
  .PIECEWISE_BEZIER_KNOTS.);
#146 = CARTESIAN_POINT('',(-0.413724420868,-1.,0.709481364311));
#147 = CARTESIAN_POINT('',(-0.423220876504,-1.,0.709481364311));
#148 = ORIENTED_EDGE('',*,*,#149,.F.);
#149 = EDGE_CURVE('',#150,#143,#152,.T.);
#150 = VERTEX_POINT('',#151);
#151 = CARTESIAN_POINT('',(-0.401074032886,-1.,0.67308983724));
#152 = B_SPLINE_CURVE_WITH_KNOTS('',1,(#153,#154),.UNSPECIFIED.,.F.,.F.,
  (2,2),(-3.852759476873E-02,3.645374722222E-17),
  .PIECEWISE_BEZIER_KNOTS.);
#153 = CARTESIAN_POINT('',(-0.401074032886,-1.,0.67308983724));
#154 = CARTESIAN_POINT('',(-0.413724420868,-1.,0.709481364311));
#155 = ORIENTED_EDGE('',*,*,#156,.F.);
#156 = EDGE_CURVE('',#157,#150,#159,.T.);
#157 = VERTEX_POINT('',#158);
#158 = CARTESIAN_POINT('',(-0.40003427497,-1.,0.669104098561));
#159 = B_SPLINE_CURVE_WITH_KNOTS('',1,(#160,#161),.UNSPECIFIED.,.F.,.F.,
  (2,2),(-4.119127255206E-03,0.),.PIECEWISE_BEZIER_KNOTS.);
#160 = CARTESIAN_POINT('',(-0.40003427497,-1.,0.669104098561));
#161 = CARTESIAN_POINT('',(-0.401074032886,-1.,0.67308983724));
#162 = ORIENTED_EDGE('',*,*,#163,.F.);
#163 = EDGE_CURVE('',#164,#157,#166,.T.);
#164 = VERTEX_POINT('',#165);
#165 = CARTESIAN_POINT('',(-0.399808994088,-1.,0.669104098561));
#166 = B_SPLINE_CURVE_WITH_KNOTS('',1,(#167,#168),.UNSPECIFIED.,.F.,.F.,
  (2,2),(-2.252808816114E-04,-1.110223024625E-16),
  .PIECEWISE_BEZIER_KNOTS.);
#167 = CARTESIAN_POINT('',(-0.399808994088,-1.,0.669104098561));
#168 = CARTESIAN_POINT('',(-0.40003427497,-1.,0.669104098561));
#169 = ORIENTED_EDGE('',*,*,#170,.F.);
#170 = EDGE_CURVE('',#171,#164,#173,.T.);
#171 = VERTEX_POINT('',#172);
#172 = CARTESIAN_POINT('',(-0.398769236172,-1.,0.673020520046));
#173 = B_SPLINE_CURVE_WITH_KNOTS('',3,(#174,#175,#176,#177),
  .UNSPECIFIED.,.F.,.F.,(4,4),(12.,13.),.PIECEWISE_BEZIER_KNOTS.);
#174 = CARTESIAN_POINT('',(-0.398769236172,-1.,0.673020520046));
#175 = CARTESIAN_POINT('',(-0.39928911513,-1.,0.671322248782));
#176 = CARTESIAN_POINT('',(-0.399635701102,-1.,0.670005222088));
#177 = CARTESIAN_POINT('',(-0.399808994088,-1.,0.669104098561));
#178 = ORIENTED_EDGE('',*,*,#179,.F.);
#179 = EDGE_CURVE('',#72,#171,#180,.T.);
#180 = B_SPLINE_CURVE_WITH_KNOTS('',1,(#181,#182),.UNSPECIFIED.,.F.,.F.,
  (2,2),(-3.878429047314E-02,-0.),.PIECEWISE_BEZIER_KNOTS.);
#181 = CARTESIAN_POINT('',(-0.385546981336,-1.,0.709481364311));
#182 = CARTESIAN_POINT('',(-0.398769236172,-1.,0.673020520046));
#183 = FACE_BOUND('',#184,.T.);
#184 = EDGE_LOOP('',(#185,#196,#205,#212,#219,#226,#233,#242,#251,#260,
    #269,#276,#285,#294));
#185 = ORIENTED_EDGE('',*,*,#186,.F.);
#186 = EDGE_CURVE('',#187,#189,#191,.T.);
#187 = VERTEX_POINT('',#188);
#188 = CARTESIAN_POINT('',(-0.489349479982,-1.,0.710590439422));
#189 = VERTEX_POINT('',#190);
#190 = CARTESIAN_POINT('',(-0.50602026524,-1.,0.706084821785));
#191 = B_SPLINE_CURVE_WITH_KNOTS('',3,(#192,#193,#194,#195),
  .UNSPECIFIED.,.F.,.F.,(4,4),(0.,1.),.PIECEWISE_BEZIER_KNOTS.);
#192 = CARTESIAN_POINT('',(-0.489349479982,-1.,0.710590439422));
#193 = CARTESIAN_POINT('',(-0.495657344674,-1.,0.710590439422));
#194 = CARTESIAN_POINT('',(-0.501220049526,-1.,0.709100119742));
#195 = CARTESIAN_POINT('',(-0.50602026524,-1.,0.706084821785));
#196 = ORIENTED_EDGE('',*,*,#197,.F.);
#197 = EDGE_CURVE('',#198,#187,#200,.T.);
#198 = VERTEX_POINT('',#199);
#199 = CARTESIAN_POINT('',(-0.47184688839,-1.,0.6922213829));
#200 = B_SPLINE_CURVE_WITH_KNOTS('',3,(#201,#202,#203,#204),
  .UNSPECIFIED.,.F.,.F.,(4,4),(1.,2.),.PIECEWISE_BEZIER_KNOTS.);
#201 = CARTESIAN_POINT('',(-0.47184688839,-1.,0.6922213829));
#202 = CARTESIAN_POINT('',(-0.47184688839,-1.,0.704490526313));
#203 = CARTESIAN_POINT('',(-0.47768686202,-1.,0.710590439422));
#204 = CARTESIAN_POINT('',(-0.489349479982,-1.,0.710590439422));
#205 = ORIENTED_EDGE('',*,*,#206,.F.);
#206 = EDGE_CURVE('',#207,#198,#209,.T.);
#207 = VERTEX_POINT('',#208);
#208 = CARTESIAN_POINT('',(-0.47184688839,-1.,0.661063304008));
#209 = B_SPLINE_CURVE_WITH_KNOTS('',1,(#210,#211),.UNSPECIFIED.,.F.,.F.,
  (2,2),(-3.115807889191E-02,1.110223024625E-16),
  .PIECEWISE_BEZIER_KNOTS.);
#210 = CARTESIAN_POINT('',(-0.47184688839,-1.,0.661063304008));
#211 = CARTESIAN_POINT('',(-0.47184688839,-1.,0.6922213829));
#212 = ORIENTED_EDGE('',*,*,#213,.F.);
#213 = EDGE_CURVE('',#214,#207,#216,.T.);
#214 = VERTEX_POINT('',#215);
#215 = CARTESIAN_POINT('',(-0.480338244707,-1.,0.661063304008));
#216 = B_SPLINE_CURVE_WITH_KNOTS('',1,(#217,#218),.UNSPECIFIED.,.F.,.F.,
  (2,2),(-8.491356316616E-03,-5.551115123126E-17),
  .PIECEWISE_BEZIER_KNOTS.);
#217 = CARTESIAN_POINT('',(-0.480338244707,-1.,0.661063304008));
#218 = CARTESIAN_POINT('',(-0.47184688839,-1.,0.661063304008));
#219 = ORIENTED_EDGE('',*,*,#220,.F.);
#220 = EDGE_CURVE('',#221,#214,#223,.T.);
#221 = VERTEX_POINT('',#222);
#222 = CARTESIAN_POINT('',(-0.480338244707,-1.,0.668549561005));
#223 = B_SPLINE_CURVE_WITH_KNOTS('',1,(#224,#225),.UNSPECIFIED.,.F.,.F.,
  (2,2),(-7.486256997268E-03,-0.),.PIECEWISE_BEZIER_KNOTS.);
#224 = CARTESIAN_POINT('',(-0.480338244707,-1.,0.668549561005));
#225 = CARTESIAN_POINT('',(-0.480338244707,-1.,0.661063304008));
#226 = ORIENTED_EDGE('',*,*,#227,.F.);
#227 = EDGE_CURVE('',#228,#221,#230,.T.);
#228 = VERTEX_POINT('',#229);
#229 = CARTESIAN_POINT('',(-0.480563525589,-1.,0.668549561005));
#230 = B_SPLINE_CURVE_WITH_KNOTS('',1,(#231,#232),.UNSPECIFIED.,.F.,.F.,
  (2,2),(-2.252808818424E-04,-5.551115123126E-17),
  .PIECEWISE_BEZIER_KNOTS.);
#231 = CARTESIAN_POINT('',(-0.480563525589,-1.,0.668549561005));
#232 = CARTESIAN_POINT('',(-0.480338244707,-1.,0.668549561005));
#233 = ORIENTED_EDGE('',*,*,#234,.F.);
#234 = EDGE_CURVE('',#235,#228,#237,.T.);
#235 = VERTEX_POINT('',#236);
#236 = CARTESIAN_POINT('',(-0.495397405195,-1.,0.6599195703));
#237 = B_SPLINE_CURVE_WITH_KNOTS('',3,(#238,#239,#240,#241),
  .UNSPECIFIED.,.F.,.F.,(4,4),(6.,7.),.PIECEWISE_BEZIER_KNOTS.);
#238 = CARTESIAN_POINT('',(-0.495397405195,-1.,0.6599195703));
#239 = CARTESIAN_POINT('',(-0.488864259621,-1.,0.6599195703));
#240 = CARTESIAN_POINT('',(-0.483908080219,-1.,0.662796233869));
#241 = CARTESIAN_POINT('',(-0.480563525589,-1.,0.668549561005));
#242 = ORIENTED_EDGE('',*,*,#243,.F.);
#243 = EDGE_CURVE('',#244,#235,#246,.T.);
#244 = VERTEX_POINT('',#245);
#245 = CARTESIAN_POINT('',(-0.506592132094,-1.,0.663732015993));
#246 = B_SPLINE_CURVE_WITH_KNOTS('',3,(#247,#248,#249,#250),
  .UNSPECIFIED.,.F.,.F.,(4,4),(7.,8.),.PIECEWISE_BEZIER_KNOTS.);
#247 = CARTESIAN_POINT('',(-0.506592132094,-1.,0.663732015993));
#248 = CARTESIAN_POINT('',(-0.503819444317,-1.,0.661201938397));
#249 = CARTESIAN_POINT('',(-0.500093645117,-1.,0.6599195703));
#250 = CARTESIAN_POINT('',(-0.495397405195,-1.,0.6599195703));
#251 = ORIENTED_EDGE('',*,*,#252,.F.);
#252 = EDGE_CURVE('',#253,#244,#255,.T.);
#253 = VERTEX_POINT('',#254);
#254 = CARTESIAN_POINT('',(-0.510751163759,-1.,0.674025619365));
#255 = B_SPLINE_CURVE_WITH_KNOTS('',3,(#256,#257,#258,#259),
  .UNSPECIFIED.,.F.,.F.,(4,4),(8.,9.),.PIECEWISE_BEZIER_KNOTS.);
#256 = CARTESIAN_POINT('',(-0.510751163759,-1.,0.674025619365));
#257 = CARTESIAN_POINT('',(-0.510751163759,-1.,0.669693294713));
#258 = CARTESIAN_POINT('',(-0.509364819871,-1.,0.666262093589));
#259 = CARTESIAN_POINT('',(-0.506592132094,-1.,0.663732015993));
#260 = ORIENTED_EDGE('',*,*,#261,.F.);
#261 = EDGE_CURVE('',#262,#253,#264,.T.);
#262 = VERTEX_POINT('',#263);
#263 = CARTESIAN_POINT('',(-0.494686903952,-1.,0.689829939693));
#264 = B_SPLINE_CURVE_WITH_KNOTS('',3,(#265,#266,#267,#268),
  .UNSPECIFIED.,.F.,.F.,(4,4),(9.,10.),.PIECEWISE_BEZIER_KNOTS.);
#265 = CARTESIAN_POINT('',(-0.494686903952,-1.,0.689829939693));
#266 = CARTESIAN_POINT('',(-0.50539641049,-1.,0.688339620013));
#267 = CARTESIAN_POINT('',(-0.510751163759,-1.,0.683071513237));
#268 = CARTESIAN_POINT('',(-0.510751163759,-1.,0.674025619365));
#269 = ORIENTED_EDGE('',*,*,#270,.F.);
#270 = EDGE_CURVE('',#271,#262,#273,.T.);
#271 = VERTEX_POINT('',#272);
#272 = CARTESIAN_POINT('',(-0.480338244707,-1.,0.691840138331));
#273 = B_SPLINE_CURVE_WITH_KNOTS('',1,(#274,#275),.UNSPECIFIED.,.F.,.F.,
  (2,2),(-1.448878603268E-02,1.099485618093E-16),
  .PIECEWISE_BEZIER_KNOTS.);
#274 = CARTESIAN_POINT('',(-0.480338244707,-1.,0.691840138331));
#275 = CARTESIAN_POINT('',(-0.494686903952,-1.,0.689829939693));
#276 = ORIENTED_EDGE('',*,*,#277,.F.);
#277 = EDGE_CURVE('',#278,#271,#280,.T.);
#278 = VERTEX_POINT('',#279);
#279 = CARTESIAN_POINT('',(-0.490146627717,-1.,0.703693378577));
#280 = B_SPLINE_CURVE_WITH_KNOTS('',3,(#281,#282,#283,#284),
  .UNSPECIFIED.,.F.,.F.,(4,4),(11.,12.),.PIECEWISE_BEZIER_KNOTS.);
#281 = CARTESIAN_POINT('',(-0.490146627717,-1.,0.703693378577));
#282 = CARTESIAN_POINT('',(-0.483613482143,-1.,0.703693378577));
#283 = CARTESIAN_POINT('',(-0.480338244707,-1.,0.699742298495));
#284 = CARTESIAN_POINT('',(-0.480338244707,-1.,0.691840138331));
#285 = ORIENTED_EDGE('',*,*,#286,.F.);
#286 = EDGE_CURVE('',#287,#278,#289,.T.);
#287 = VERTEX_POINT('',#288);
#288 = CARTESIAN_POINT('',(-0.50602026524,-1.,0.697836075648));
#289 = B_SPLINE_CURVE_WITH_KNOTS('',3,(#290,#291,#292,#293),
  .UNSPECIFIED.,.F.,.F.,(4,4),(12.,13.),.PIECEWISE_BEZIER_KNOTS.);
#290 = CARTESIAN_POINT('',(-0.50602026524,-1.,0.697836075648));
#291 = CARTESIAN_POINT('',(-0.501237378825,-1.,0.701717838536));
#292 = CARTESIAN_POINT('',(-0.49595194275,-1.,0.703693378577));
#293 = CARTESIAN_POINT('',(-0.490146627717,-1.,0.703693378577));
#294 = ORIENTED_EDGE('',*,*,#295,.F.);
#295 = EDGE_CURVE('',#189,#287,#296,.T.);
#296 = B_SPLINE_CURVE_WITH_KNOTS('',1,(#297,#298),.UNSPECIFIED.,.F.,.F.,
  (2,2),(-8.248746136419E-03,-0.),.PIECEWISE_BEZIER_KNOTS.);
#297 = CARTESIAN_POINT('',(-0.50602026524,-1.,0.706084821785));
#298 = CARTESIAN_POINT('',(-0.50602026524,-1.,0.697836075648));
#299 = FACE_BOUND('',#300,.T.);
#300 = EDGE_LOOP('',(#301,#310,#317,#324,#331,#338,#345,#352,#359,#366,
    #373,#380));
#301 = ORIENTED_EDGE('',*,*,#302,.F.);
#302 = EDGE_CURVE('',#303,#305,#307,.T.);
#303 = VERTEX_POINT('',#304);
#304 = CARTESIAN_POINT('',(-0.518878604805,-1.,0.661063304008));
#305 = VERTEX_POINT('',#306);
#306 = CARTESIAN_POINT('',(-0.518878604805,-1.,0.668792171186));
#307 = B_SPLINE_CURVE_WITH_KNOTS('',1,(#308,#309),.UNSPECIFIED.,.F.,.F.,
  (2,2),(-7.728867177929E-03,0.),.PIECEWISE_BEZIER_KNOTS.);
#308 = CARTESIAN_POINT('',(-0.518878604805,-1.,0.661063304008));
#309 = CARTESIAN_POINT('',(-0.518878604805,-1.,0.668792171186));
#310 = ORIENTED_EDGE('',*,*,#311,.F.);
#311 = EDGE_CURVE('',#312,#303,#314,.T.);
#312 = VERTEX_POINT('',#313);
#313 = CARTESIAN_POINT('',(-0.555339449071,-1.,0.661063304008));
#314 = B_SPLINE_CURVE_WITH_KNOTS('',1,(#315,#316),.UNSPECIFIED.,.F.,.F.,
  (2,2),(-3.646084426555E-02,0.),.PIECEWISE_BEZIER_KNOTS.);
#315 = CARTESIAN_POINT('',(-0.555339449071,-1.,0.661063304008));
#316 = CARTESIAN_POINT('',(-0.518878604805,-1.,0.661063304008));
#317 = ORIENTED_EDGE('',*,*,#318,.F.);
#318 = EDGE_CURVE('',#319,#312,#321,.T.);
#319 = VERTEX_POINT('',#320);
#320 = CARTESIAN_POINT('',(-0.555339449071,-1.,0.728855520152));
#321 = B_SPLINE_CURVE_WITH_KNOTS('',1,(#322,#323),.UNSPECIFIED.,.F.,.F.,
  (2,2),(-6.779221614378E-02,-0.),.PIECEWISE_BEZIER_KNOTS.);
#322 = CARTESIAN_POINT('',(-0.555339449071,-1.,0.728855520152));
#323 = CARTESIAN_POINT('',(-0.555339449071,-1.,0.661063304008));
#324 = ORIENTED_EDGE('',*,*,#325,.F.);
#325 = EDGE_CURVE('',#326,#319,#328,.T.);
#326 = VERTEX_POINT('',#327);
#327 = CARTESIAN_POINT('',(-0.520420912381,-1.,0.728855520152));
#328 = B_SPLINE_CURVE_WITH_KNOTS('',1,(#329,#330),.UNSPECIFIED.,.F.,.F.,
  (2,2),(-3.491853668959E-02,-0.),.PIECEWISE_BEZIER_KNOTS.);
#329 = CARTESIAN_POINT('',(-0.520420912381,-1.,0.728855520152));
#330 = CARTESIAN_POINT('',(-0.555339449071,-1.,0.728855520152));
#331 = ORIENTED_EDGE('',*,*,#332,.F.);
#332 = EDGE_CURVE('',#333,#326,#335,.T.);
#333 = VERTEX_POINT('',#334);
#334 = CARTESIAN_POINT('',(-0.520420912381,-1.,0.72105733578));
#335 = B_SPLINE_CURVE_WITH_KNOTS('',1,(#336,#337),.UNSPECIFIED.,.F.,.F.,
  (2,2),(-7.79818437227E-03,0.),.PIECEWISE_BEZIER_KNOTS.);
#336 = CARTESIAN_POINT('',(-0.520420912381,-1.,0.72105733578));
#337 = CARTESIAN_POINT('',(-0.520420912381,-1.,0.728855520152));
#338 = ORIENTED_EDGE('',*,*,#339,.F.);
#339 = EDGE_CURVE('',#340,#333,#342,.T.);
#340 = VERTEX_POINT('',#341);
#341 = CARTESIAN_POINT('',(-0.546588153275,-1.,0.72105733578));
#342 = B_SPLINE_CURVE_WITH_KNOTS('',1,(#343,#344),.UNSPECIFIED.,.F.,.F.,
  (2,2),(-2.616724089396E-02,0.),.PIECEWISE_BEZIER_KNOTS.);
#343 = CARTESIAN_POINT('',(-0.546588153275,-1.,0.72105733578));
#344 = CARTESIAN_POINT('',(-0.520420912381,-1.,0.72105733578));
#345 = ORIENTED_EDGE('',*,*,#346,.F.);
#346 = EDGE_CURVE('',#347,#340,#349,.T.);
#347 = VERTEX_POINT('',#348);
#348 = CARTESIAN_POINT('',(-0.546588153275,-1.,0.699361053926));
#349 = B_SPLINE_CURVE_WITH_KNOTS('',1,(#350,#351),.UNSPECIFIED.,.F.,.F.,
  (2,2),(-2.169628185404E-02,0.),.PIECEWISE_BEZIER_KNOTS.);
#350 = CARTESIAN_POINT('',(-0.546588153275,-1.,0.699361053926));
#351 = CARTESIAN_POINT('',(-0.546588153275,-1.,0.72105733578));
#352 = ORIENTED_EDGE('',*,*,#353,.F.);
#353 = EDGE_CURVE('',#354,#347,#356,.T.);
#354 = VERTEX_POINT('',#355);
#355 = CARTESIAN_POINT('',(-0.522344464526,-1.,0.699361053926));
#356 = B_SPLINE_CURVE_WITH_KNOTS('',1,(#357,#358),.UNSPECIFIED.,.F.,.F.,
  (2,2),(-2.424368874889E-02,-0.),.PIECEWISE_BEZIER_KNOTS.);
#357 = CARTESIAN_POINT('',(-0.522344464526,-1.,0.699361053926));
#358 = CARTESIAN_POINT('',(-0.546588153275,-1.,0.699361053926));
#359 = ORIENTED_EDGE('',*,*,#360,.F.);
#360 = EDGE_CURVE('',#361,#354,#363,.T.);
#361 = VERTEX_POINT('',#362);
#362 = CARTESIAN_POINT('',(-0.522344464526,-1.,0.69159752815));
#363 = B_SPLINE_CURVE_WITH_KNOTS('',1,(#364,#365),.UNSPECIFIED.,.F.,.F.,
  (2,2),(-7.763525775099E-03,0.),.PIECEWISE_BEZIER_KNOTS.);
#364 = CARTESIAN_POINT('',(-0.522344464526,-1.,0.69159752815));
#365 = CARTESIAN_POINT('',(-0.522344464526,-1.,0.699361053926));
#366 = ORIENTED_EDGE('',*,*,#367,.F.);
#367 = EDGE_CURVE('',#368,#361,#370,.T.);
#368 = VERTEX_POINT('',#369);
#369 = CARTESIAN_POINT('',(-0.546588153275,-1.,0.69159752815));
#370 = B_SPLINE_CURVE_WITH_KNOTS('',1,(#371,#372),.UNSPECIFIED.,.F.,.F.,
  (2,2),(-2.424368874889E-02,0.),.PIECEWISE_BEZIER_KNOTS.);
#371 = CARTESIAN_POINT('',(-0.546588153275,-1.,0.69159752815));
#372 = CARTESIAN_POINT('',(-0.522344464526,-1.,0.69159752815));
#373 = ORIENTED_EDGE('',*,*,#374,.F.);
#374 = EDGE_CURVE('',#375,#368,#377,.T.);
#375 = VERTEX_POINT('',#376);
#376 = CARTESIAN_POINT('',(-0.546588153275,-1.,0.668792171186));
#377 = B_SPLINE_CURVE_WITH_KNOTS('',1,(#378,#379),.UNSPECIFIED.,.F.,.F.,
  (2,2),(-2.280535696444E-02,0.),.PIECEWISE_BEZIER_KNOTS.);
#378 = CARTESIAN_POINT('',(-0.546588153275,-1.,0.668792171186));
#379 = CARTESIAN_POINT('',(-0.546588153275,-1.,0.69159752815));
#380 = ORIENTED_EDGE('',*,*,#381,.F.);
#381 = EDGE_CURVE('',#305,#375,#382,.T.);
#382 = B_SPLINE_CURVE_WITH_KNOTS('',1,(#383,#384),.UNSPECIFIED.,.F.,.F.,
  (2,2),(-2.770954846992E-02,-0.),.PIECEWISE_BEZIER_KNOTS.);
#383 = CARTESIAN_POINT('',(-0.518878604805,-1.,0.668792171186));
#384 = CARTESIAN_POINT('',(-0.546588153275,-1.,0.668792171186));
#385 = FACE_BOUND('',#386,.T.);
#386 = EDGE_LOOP('',(#387,#398,#407,#416,#425,#434,#443,#450,#459,#468,
    #477,#486,#495,#504));
#387 = ORIENTED_EDGE('',*,*,#388,.F.);
#388 = EDGE_CURVE('',#389,#391,#393,.T.);
#389 = VERTEX_POINT('',#390);
#390 = CARTESIAN_POINT('',(-0.484826533046,-1.,0.767465197444));
#391 = VERTEX_POINT('',#392);
#392 = CARTESIAN_POINT('',(-0.466058902656,-1.,0.771416277526));
#393 = B_SPLINE_CURVE_WITH_KNOTS('',3,(#394,#395,#396,#397),
  .UNSPECIFIED.,.F.,.F.,(4,4),(0.,1.),.PIECEWISE_BEZIER_KNOTS.);
#394 = CARTESIAN_POINT('',(-0.484826533046,-1.,0.767465197444));
#395 = CARTESIAN_POINT('',(-0.477305617451,-1.,0.767465197444));
#396 = CARTESIAN_POINT('',(-0.471049740654,-1.,0.768782224138));
#397 = CARTESIAN_POINT('',(-0.466058902656,-1.,0.771416277526));
#398 = ORIENTED_EDGE('',*,*,#399,.F.);
#399 = EDGE_CURVE('',#400,#389,#402,.T.);
#400 = VERTEX_POINT('',#401);
#401 = CARTESIAN_POINT('',(-0.508117110371,-1.,0.7767190429));
#402 = B_SPLINE_CURVE_WITH_KNOTS('',3,(#403,#404,#405,#406),
  .UNSPECIFIED.,.F.,.F.,(4,4),(1.,2.),.PIECEWISE_BEZIER_KNOTS.);
#403 = CARTESIAN_POINT('',(-0.508117110371,-1.,0.7767190429));
#404 = CARTESIAN_POINT('',(-0.502311795338,-1.,0.770549812596));
#405 = CARTESIAN_POINT('',(-0.494548269563,-1.,0.767465197444));
#406 = CARTESIAN_POINT('',(-0.484826533046,-1.,0.767465197444));
#407 = ORIENTED_EDGE('',*,*,#408,.F.);
#408 = EDGE_CURVE('',#409,#400,#411,.T.);
#409 = VERTEX_POINT('',#410);
#410 = CARTESIAN_POINT('',(-0.516816418271,-1.,0.801222671127));
#411 = B_SPLINE_CURVE_WITH_KNOTS('',3,(#412,#413,#414,#415),
  .UNSPECIFIED.,.F.,.F.,(4,4),(2.,3.),.PIECEWISE_BEZIER_KNOTS.);
#412 = CARTESIAN_POINT('',(-0.516816418271,-1.,0.801222671127));
#413 = CARTESIAN_POINT('',(-0.516816418271,-1.,0.791067702145));
#414 = CARTESIAN_POINT('',(-0.513922425404,-1.,0.782888273203));
#415 = CARTESIAN_POINT('',(-0.508117110371,-1.,0.7767190429));
#416 = ORIENTED_EDGE('',*,*,#417,.F.);
#417 = EDGE_CURVE('',#418,#409,#420,.T.);
#418 = VERTEX_POINT('',#419);
#419 = CARTESIAN_POINT('',(-0.507025364559,-1.,0.827563205007));
#420 = B_SPLINE_CURVE_WITH_KNOTS('',3,(#421,#422,#423,#424),
  .UNSPECIFIED.,.F.,.F.,(4,4),(3.,4.),.PIECEWISE_BEZIER_KNOTS.);
#421 = CARTESIAN_POINT('',(-0.507025364559,-1.,0.827563205007));
#422 = CARTESIAN_POINT('',(-0.513558510133,-1.,0.820908754343));
#423 = CARTESIAN_POINT('',(-0.516816418271,-1.,0.812140129249));
#424 = CARTESIAN_POINT('',(-0.516816418271,-1.,0.801222671127));
#425 = ORIENTED_EDGE('',*,*,#426,.F.);
#426 = EDGE_CURVE('',#427,#418,#429,.T.);
#427 = VERTEX_POINT('',#428);
#428 = CARTESIAN_POINT('',(-0.482123162463,-1.,0.837544881004));
#429 = B_SPLINE_CURVE_WITH_KNOTS('',3,(#430,#431,#432,#433),
  .UNSPECIFIED.,.F.,.F.,(4,4),(4.,5.),.PIECEWISE_BEZIER_KNOTS.);
#430 = CARTESIAN_POINT('',(-0.482123162463,-1.,0.837544881004));
#431 = CARTESIAN_POINT('',(-0.492191484953,-1.,0.837544881004));
#432 = CARTESIAN_POINT('',(-0.500492218985,-1.,0.834217655672));
#433 = CARTESIAN_POINT('',(-0.507025364559,-1.,0.827563205007));
#434 = ORIENTED_EDGE('',*,*,#435,.F.);
#435 = EDGE_CURVE('',#436,#427,#438,.T.);
#436 = VERTEX_POINT('',#437);
#437 = CARTESIAN_POINT('',(-0.466058902656,-1.,0.834772193227));
#438 = B_SPLINE_CURVE_WITH_KNOTS('',3,(#439,#440,#441,#442),
  .UNSPECIFIED.,.F.,.F.,(4,4),(5.,6.),.PIECEWISE_BEZIER_KNOTS.);
#439 = CARTESIAN_POINT('',(-0.466058902656,-1.,0.834772193227));
#440 = CARTESIAN_POINT('',(-0.470287251516,-1.,0.83660909888));
#441 = CARTESIAN_POINT('',(-0.475642004785,-1.,0.837544881004));
#442 = CARTESIAN_POINT('',(-0.482123162463,-1.,0.837544881004));
#443 = ORIENTED_EDGE('',*,*,#444,.F.);
#444 = EDGE_CURVE('',#445,#436,#447,.T.);
#445 = VERTEX_POINT('',#446);
#446 = CARTESIAN_POINT('',(-0.466058902656,-1.,0.825622323564));
#447 = B_SPLINE_CURVE_WITH_KNOTS('',1,(#448,#449),.UNSPECIFIED.,.F.,.F.,
  (2,2),(-9.149869663328E-03,0.),.PIECEWISE_BEZIER_KNOTS.);
#448 = CARTESIAN_POINT('',(-0.466058902656,-1.,0.825622323564));
#449 = CARTESIAN_POINT('',(-0.466058902656,-1.,0.834772193227));
#450 = ORIENTED_EDGE('',*,*,#451,.F.);
#451 = EDGE_CURVE('',#452,#445,#454,.T.);
#452 = VERTEX_POINT('',#453);
#453 = CARTESIAN_POINT('',(-0.48203651597,-1.,0.82964272084));
#454 = B_SPLINE_CURVE_WITH_KNOTS('',3,(#455,#456,#457,#458),
  .UNSPECIFIED.,.F.,.F.,(4,4),(7.,8.),.PIECEWISE_BEZIER_KNOTS.);
#455 = CARTESIAN_POINT('',(-0.48203651597,-1.,0.82964272084));
#456 = CARTESIAN_POINT('',(-0.476231200938,-1.,0.82964272084));
#457 = CARTESIAN_POINT('',(-0.470911106266,-1.,0.828325694146));
#458 = CARTESIAN_POINT('',(-0.466058902656,-1.,0.825622323564));
#459 = ORIENTED_EDGE('',*,*,#460,.F.);
#460 = EDGE_CURVE('',#461,#452,#463,.T.);
#461 = VERTEX_POINT('',#462);
#462 = CARTESIAN_POINT('',(-0.500509548283,-1.,0.822121805246));
#463 = B_SPLINE_CURVE_WITH_KNOTS('',3,(#464,#465,#466,#467),
  .UNSPECIFIED.,.F.,.F.,(4,4),(8.,9.),.PIECEWISE_BEZIER_KNOTS.);
#464 = CARTESIAN_POINT('',(-0.500509548283,-1.,0.822121805246));
#465 = CARTESIAN_POINT('',(-0.495743991167,-1.,0.827147301841));
#466 = CARTESIAN_POINT('',(-0.489592090162,-1.,0.82964272084));
#467 = CARTESIAN_POINT('',(-0.48203651597,-1.,0.82964272084));
#468 = ORIENTED_EDGE('',*,*,#469,.F.);
#469 = EDGE_CURVE('',#470,#461,#472,.T.);
#470 = VERTEX_POINT('',#471);
#471 = CARTESIAN_POINT('',(-0.50763189001,-1.,0.801742550086));
#472 = B_SPLINE_CURVE_WITH_KNOTS('',3,(#473,#474,#475,#476),
  .UNSPECIFIED.,.F.,.F.,(4,4),(9.,10.),.PIECEWISE_BEZIER_KNOTS.);
#473 = CARTESIAN_POINT('',(-0.50763189001,-1.,0.801742550086));
#474 = CARTESIAN_POINT('',(-0.50763189001,-1.,0.810268565));
#475 = CARTESIAN_POINT('',(-0.505257776101,-1.,0.817061650053));
#476 = CARTESIAN_POINT('',(-0.500509548283,-1.,0.822121805246));
#477 = ORIENTED_EDGE('',*,*,#478,.F.);
#478 = EDGE_CURVE('',#479,#470,#481,.T.);
#479 = VERTEX_POINT('',#480);
#480 = CARTESIAN_POINT('',(-0.500977439346,-1.,0.782403052842));
#481 = B_SPLINE_CURVE_WITH_KNOTS('',3,(#482,#483,#484,#485),
  .UNSPECIFIED.,.F.,.F.,(4,4),(10.,11.),.PIECEWISE_BEZIER_KNOTS.);
#482 = CARTESIAN_POINT('',(-0.500977439346,-1.,0.782403052842));
#483 = CARTESIAN_POINT('',(-0.505413739789,-1.,0.787185939257));
#484 = CARTESIAN_POINT('',(-0.50763189001,-1.,0.793632438339));
#485 = CARTESIAN_POINT('',(-0.50763189001,-1.,0.801742550086));
#486 = ORIENTED_EDGE('',*,*,#487,.F.);
#487 = EDGE_CURVE('',#488,#479,#490,.T.);
#488 = VERTEX_POINT('',#489);
#489 = CARTESIAN_POINT('',(-0.483561494248,-1.,0.775263381817));
#490 = B_SPLINE_CURVE_WITH_KNOTS('',3,(#491,#492,#493,#494),
  .UNSPECIFIED.,.F.,.F.,(4,4),(11.,12.),.PIECEWISE_BEZIER_KNOTS.);
#491 = CARTESIAN_POINT('',(-0.483561494248,-1.,0.775263381817));
#492 = CARTESIAN_POINT('',(-0.49073582387,-1.,0.775263381817));
#493 = CARTESIAN_POINT('',(-0.496541138903,-1.,0.777654825024));
#494 = CARTESIAN_POINT('',(-0.500977439346,-1.,0.782403052842));
#495 = ORIENTED_EDGE('',*,*,#496,.F.);
#496 = EDGE_CURVE('',#497,#488,#499,.T.);
#497 = VERTEX_POINT('',#498);
#498 = CARTESIAN_POINT('',(-0.466058902656,-1.,0.779803658052));
#499 = B_SPLINE_CURVE_WITH_KNOTS('',3,(#500,#501,#502,#503),
  .UNSPECIFIED.,.F.,.F.,(4,4),(12.,13.),.PIECEWISE_BEZIER_KNOTS.);
#500 = CARTESIAN_POINT('',(-0.466058902656,-1.,0.779803658052));
#501 = CARTESIAN_POINT('',(-0.471015082057,-1.,0.776788360094));
#502 = CARTESIAN_POINT('',(-0.476855055687,-1.,0.775263381817));
#503 = CARTESIAN_POINT('',(-0.483561494248,-1.,0.775263381817));
#504 = ORIENTED_EDGE('',*,*,#505,.F.);
#505 = EDGE_CURVE('',#391,#497,#506,.T.);
#506 = B_SPLINE_CURVE_WITH_KNOTS('',1,(#507,#508),.UNSPECIFIED.,.F.,.F.,
  (2,2),(-8.387380525102E-03,1.110223024625E-16),
  .PIECEWISE_BEZIER_KNOTS.);
#507 = CARTESIAN_POINT('',(-0.466058902656,-1.,0.771416277526));
#508 = CARTESIAN_POINT('',(-0.466058902656,-1.,0.779803658052));
#509 = FACE_BOUND('',#510,.T.);
#510 = EDGE_LOOP('',(#511,#520,#527,#534,#541,#548,#555,#562,#569,#576,
    #583,#590,#597,#604,#611,#618));
#511 = ORIENTED_EDGE('',*,*,#512,.F.);
#512 = EDGE_CURVE('',#513,#515,#517,.T.);
#513 = VERTEX_POINT('',#514);
#514 = CARTESIAN_POINT('',(0.5,-1.,0.2000001));
#515 = VERTEX_POINT('',#516);
#516 = CARTESIAN_POINT('',(0.5,-1.,0.1000001));
#517 = B_SPLINE_CURVE_WITH_KNOTS('',1,(#518,#519),.UNSPECIFIED.,.F.,.F.,
  (2,2),(0.72,0.82),.PIECEWISE_BEZIER_KNOTS.);
#518 = CARTESIAN_POINT('',(0.5,-1.,0.2000001));
#519 = CARTESIAN_POINT('',(0.5,-1.,0.1000001));
#520 = ORIENTED_EDGE('',*,*,#521,.T.);
#521 = EDGE_CURVE('',#513,#522,#524,.T.);
#522 = VERTEX_POINT('',#523);
#523 = CARTESIAN_POINT('',(0.85,-1.,0.2000001));
#524 = B_SPLINE_CURVE_WITH_KNOTS('',1,(#525,#526),.UNSPECIFIED.,.F.,.F.,
  (2,2),(1.5,1.85),.PIECEWISE_BEZIER_KNOTS.);
#525 = CARTESIAN_POINT('',(0.5,-1.,0.2000001));
#526 = CARTESIAN_POINT('',(0.85,-1.,0.2000001));
#527 = ORIENTED_EDGE('',*,*,#528,.F.);
#528 = EDGE_CURVE('',#529,#522,#531,.T.);
#529 = VERTEX_POINT('',#530);
#530 = CARTESIAN_POINT('',(0.85,-1.,0.1000001));
#531 = B_SPLINE_CURVE_WITH_KNOTS('',1,(#532,#533),.UNSPECIFIED.,.F.,.F.,
  (2,2),(-0.82,-0.72),.PIECEWISE_BEZIER_KNOTS.);
#532 = CARTESIAN_POINT('',(0.85,-1.,0.1000001));
#533 = CARTESIAN_POINT('',(0.85,-1.,0.2000001));
#534 = ORIENTED_EDGE('',*,*,#535,.F.);
#535 = EDGE_CURVE('',#536,#529,#538,.T.);
#536 = VERTEX_POINT('',#537);
#537 = CARTESIAN_POINT('',(0.85,-1.,7.00001E-02));
#538 = B_SPLINE_CURVE_WITH_KNOTS('',1,(#539,#540),.UNSPECIFIED.,.F.,.F.,
  (2,2),(-0.85,-0.82),.PIECEWISE_BEZIER_KNOTS.);
#539 = CARTESIAN_POINT('',(0.85,-1.,7.00001E-02));
#540 = CARTESIAN_POINT('',(0.85,-1.,0.1000001));
#541 = ORIENTED_EDGE('',*,*,#542,.F.);
#542 = EDGE_CURVE('',#543,#536,#545,.T.);
#543 = VERTEX_POINT('',#544);
#544 = CARTESIAN_POINT('',(1.,-1.,7.00001E-02));
#545 = B_SPLINE_CURVE_WITH_KNOTS('',1,(#546,#547),.UNSPECIFIED.,.F.,.F.,
  (2,2),(0.,0.15),.PIECEWISE_BEZIER_KNOTS.);
#546 = CARTESIAN_POINT('',(1.,-1.,7.00001E-02));
#547 = CARTESIAN_POINT('',(0.85,-1.,7.00001E-02));
#548 = ORIENTED_EDGE('',*,*,#549,.F.);
#549 = EDGE_CURVE('',#550,#543,#552,.T.);
#550 = VERTEX_POINT('',#551);
#551 = CARTESIAN_POINT('',(1.,-1.,0.9200001));
#552 = B_SPLINE_CURVE_WITH_KNOTS('',1,(#553,#554),.UNSPECIFIED.,.F.,.F.,
  (2,2),(-0.,0.85),.PIECEWISE_BEZIER_KNOTS.);
#553 = CARTESIAN_POINT('',(1.,-1.,0.9200001));
#554 = CARTESIAN_POINT('',(1.,-1.,7.00001E-02));
#555 = ORIENTED_EDGE('',*,*,#556,.F.);
#556 = EDGE_CURVE('',#557,#550,#559,.T.);
#557 = VERTEX_POINT('',#558);
#558 = CARTESIAN_POINT('',(-1.,-1.,0.9200001));
#559 = B_SPLINE_CURVE_WITH_KNOTS('',1,(#560,#561),.UNSPECIFIED.,.F.,.F.,
  (2,2),(0.,2.),.PIECEWISE_BEZIER_KNOTS.);
#560 = CARTESIAN_POINT('',(-1.,-1.,0.9200001));
#561 = CARTESIAN_POINT('',(1.,-1.,0.9200001));
#562 = ORIENTED_EDGE('',*,*,#563,.T.);
#563 = EDGE_CURVE('',#557,#564,#566,.T.);
#564 = VERTEX_POINT('',#565);
#565 = CARTESIAN_POINT('',(-1.,-1.,7.00001E-02));
#566 = B_SPLINE_CURVE_WITH_KNOTS('',1,(#567,#568),.UNSPECIFIED.,.F.,.F.,
  (2,2),(-0.,0.85),.PIECEWISE_BEZIER_KNOTS.);
#567 = CARTESIAN_POINT('',(-1.,-1.,0.9200001));
#568 = CARTESIAN_POINT('',(-1.,-1.,7.00001E-02));
#569 = ORIENTED_EDGE('',*,*,#570,.F.);
#570 = EDGE_CURVE('',#571,#564,#573,.T.);
#571 = VERTEX_POINT('',#572);
#572 = CARTESIAN_POINT('',(-0.85,-1.,7.00001E-02));
#573 = B_SPLINE_CURVE_WITH_KNOTS('',1,(#574,#575),.UNSPECIFIED.,.F.,.F.,
  (2,2),(1.85,2.),.PIECEWISE_BEZIER_KNOTS.);
#574 = CARTESIAN_POINT('',(-0.85,-1.,7.00001E-02));
#575 = CARTESIAN_POINT('',(-1.,-1.,7.00001E-02));
#576 = ORIENTED_EDGE('',*,*,#577,.T.);
#577 = EDGE_CURVE('',#571,#578,#580,.T.);
#578 = VERTEX_POINT('',#579);
#579 = CARTESIAN_POINT('',(-0.85,-1.,0.1000001));
#580 = B_SPLINE_CURVE_WITH_KNOTS('',1,(#581,#582),.UNSPECIFIED.,.F.,.F.,
  (2,2),(-0.85,-0.82),.PIECEWISE_BEZIER_KNOTS.);
#581 = CARTESIAN_POINT('',(-0.85,-1.,7.00001E-02));
#582 = CARTESIAN_POINT('',(-0.85,-1.,0.1000001));
#583 = ORIENTED_EDGE('',*,*,#584,.T.);
#584 = EDGE_CURVE('',#578,#585,#587,.T.);
#585 = VERTEX_POINT('',#586);
#586 = CARTESIAN_POINT('',(-0.85,-1.,0.2000001));
#587 = B_SPLINE_CURVE_WITH_KNOTS('',1,(#588,#589),.UNSPECIFIED.,.F.,.F.,
  (2,2),(-0.82,-0.72),.PIECEWISE_BEZIER_KNOTS.);
#588 = CARTESIAN_POINT('',(-0.85,-1.,0.1000001));
#589 = CARTESIAN_POINT('',(-0.85,-1.,0.2000001));
#590 = ORIENTED_EDGE('',*,*,#591,.T.);
#591 = EDGE_CURVE('',#585,#592,#594,.T.);
#592 = VERTEX_POINT('',#593);
#593 = CARTESIAN_POINT('',(-0.5,-1.,0.2000001));
#594 = B_SPLINE_CURVE_WITH_KNOTS('',1,(#595,#596),.UNSPECIFIED.,.F.,.F.,
  (2,2),(0.15,0.5),.PIECEWISE_BEZIER_KNOTS.);
#595 = CARTESIAN_POINT('',(-0.85,-1.,0.2000001));
#596 = CARTESIAN_POINT('',(-0.5,-1.,0.2000001));
#597 = ORIENTED_EDGE('',*,*,#598,.T.);
#598 = EDGE_CURVE('',#592,#599,#601,.T.);
#599 = VERTEX_POINT('',#600);
#600 = CARTESIAN_POINT('',(-0.5,-1.,0.1000001));
#601 = B_SPLINE_CURVE_WITH_KNOTS('',1,(#602,#603),.UNSPECIFIED.,.F.,.F.,
  (2,2),(0.72,0.82),.PIECEWISE_BEZIER_KNOTS.);
#602 = CARTESIAN_POINT('',(-0.5,-1.,0.2000001));
#603 = CARTESIAN_POINT('',(-0.5,-1.,0.1000001));
#604 = ORIENTED_EDGE('',*,*,#605,.T.);
#605 = EDGE_CURVE('',#599,#606,#608,.T.);
#606 = VERTEX_POINT('',#607);
#607 = CARTESIAN_POINT('',(-0.5,-1.,7.00001E-02));
#608 = B_SPLINE_CURVE_WITH_KNOTS('',1,(#609,#610),.UNSPECIFIED.,.F.,.F.,
  (2,2),(0.82,0.85),.PIECEWISE_BEZIER_KNOTS.);
#609 = CARTESIAN_POINT('',(-0.5,-1.,0.1000001));
#610 = CARTESIAN_POINT('',(-0.5,-1.,7.00001E-02));
#611 = ORIENTED_EDGE('',*,*,#612,.F.);
#612 = EDGE_CURVE('',#613,#606,#615,.T.);
#613 = VERTEX_POINT('',#614);
#614 = CARTESIAN_POINT('',(0.5,-1.,7.00001E-02));
#615 = B_SPLINE_CURVE_WITH_KNOTS('',1,(#616,#617),.UNSPECIFIED.,.F.,.F.,
  (2,2),(0.5,1.5),.PIECEWISE_BEZIER_KNOTS.);
#616 = CARTESIAN_POINT('',(0.5,-1.,7.00001E-02));
#617 = CARTESIAN_POINT('',(-0.5,-1.,7.00001E-02));
#618 = ORIENTED_EDGE('',*,*,#619,.F.);
#619 = EDGE_CURVE('',#515,#613,#620,.T.);
#620 = B_SPLINE_CURVE_WITH_KNOTS('',1,(#621,#622),.UNSPECIFIED.,.F.,.F.,
  (2,2),(0.82,0.85),.PIECEWISE_BEZIER_KNOTS.);
#621 = CARTESIAN_POINT('',(0.5,-1.,0.1000001));
#622 = CARTESIAN_POINT('',(0.5,-1.,7.00001E-02));
#623 = FACE_BOUND('',#624,.T.);
#624 = EDGE_LOOP('',(#625,#634,#641,#648,#655,#662));
#625 = ORIENTED_EDGE('',*,*,#626,.F.);
#626 = EDGE_CURVE('',#627,#629,#631,.T.);
#627 = VERTEX_POINT('',#628);
#628 = CARTESIAN_POINT('',(-0.519589106048,-1.,0.768608931152));
#629 = VERTEX_POINT('',#630);
#630 = CARTESIAN_POINT('',(-0.519589106048,-1.,0.77633779833));
#631 = B_SPLINE_CURVE_WITH_KNOTS('',1,(#632,#633),.UNSPECIFIED.,.F.,.F.,
  (2,2),(-7.728867177928E-03,0.),.PIECEWISE_BEZIER_KNOTS.);
#632 = CARTESIAN_POINT('',(-0.519589106048,-1.,0.768608931152));
#633 = CARTESIAN_POINT('',(-0.519589106048,-1.,0.77633779833));
#634 = ORIENTED_EDGE('',*,*,#635,.F.);
#635 = EDGE_CURVE('',#636,#627,#638,.T.);
#636 = VERTEX_POINT('',#637);
#637 = CARTESIAN_POINT('',(-0.555339449071,-1.,0.768608931152));
#638 = B_SPLINE_CURVE_WITH_KNOTS('',1,(#639,#640),.UNSPECIFIED.,.F.,.F.,
  (2,2),(-3.575034302285E-02,0.),.PIECEWISE_BEZIER_KNOTS.);
#639 = CARTESIAN_POINT('',(-0.555339449071,-1.,0.768608931152));
#640 = CARTESIAN_POINT('',(-0.519589106048,-1.,0.768608931152));
#641 = ORIENTED_EDGE('',*,*,#642,.F.);
#642 = EDGE_CURVE('',#643,#636,#645,.T.);
#643 = VERTEX_POINT('',#644);
#644 = CARTESIAN_POINT('',(-0.555339449071,-1.,0.836401147296));
#645 = B_SPLINE_CURVE_WITH_KNOTS('',1,(#646,#647),.UNSPECIFIED.,.F.,.F.,
  (2,2),(-6.779221614378E-02,-0.),.PIECEWISE_BEZIER_KNOTS.);
#646 = CARTESIAN_POINT('',(-0.555339449071,-1.,0.836401147296));
#647 = CARTESIAN_POINT('',(-0.555339449071,-1.,0.768608931152));
#648 = ORIENTED_EDGE('',*,*,#649,.F.);
#649 = EDGE_CURVE('',#650,#643,#652,.T.);
#650 = VERTEX_POINT('',#651);
#651 = CARTESIAN_POINT('',(-0.546588153275,-1.,0.836401147296));
#652 = B_SPLINE_CURVE_WITH_KNOTS('',1,(#653,#654),.UNSPECIFIED.,.F.,.F.,
  (2,2),(-8.751295795631E-03,-0.),.PIECEWISE_BEZIER_KNOTS.);
#653 = CARTESIAN_POINT('',(-0.546588153275,-1.,0.836401147296));
#654 = CARTESIAN_POINT('',(-0.555339449071,-1.,0.836401147296));
#655 = ORIENTED_EDGE('',*,*,#656,.F.);
#656 = EDGE_CURVE('',#657,#650,#659,.T.);
#657 = VERTEX_POINT('',#658);
#658 = CARTESIAN_POINT('',(-0.546588153275,-1.,0.77633779833));
#659 = B_SPLINE_CURVE_WITH_KNOTS('',1,(#660,#661),.UNSPECIFIED.,.F.,.F.,
  (2,2),(-6.006334896585E-02,0.),.PIECEWISE_BEZIER_KNOTS.);
#660 = CARTESIAN_POINT('',(-0.546588153275,-1.,0.77633779833));
#661 = CARTESIAN_POINT('',(-0.546588153275,-1.,0.836401147296));
#662 = ORIENTED_EDGE('',*,*,#663,.F.);
#663 = EDGE_CURVE('',#629,#657,#664,.T.);
#664 = B_SPLINE_CURVE_WITH_KNOTS('',1,(#665,#666),.UNSPECIFIED.,.F.,.F.,
  (2,2),(-2.699904722722E-02,-0.),.PIECEWISE_BEZIER_KNOTS.);
#665 = CARTESIAN_POINT('',(-0.519589106048,-1.,0.77633779833));
#666 = CARTESIAN_POINT('',(-0.546588153275,-1.,0.77633779833));
#667 = FACE_BOUND('',#668,.T.);
#668 = EDGE_LOOP('',(#669,#678,#685,#692,#699,#706,#713,#720,#727,#734,
    #741,#748));
#669 = ORIENTED_EDGE('',*,*,#670,.F.);
#670 = EDGE_CURVE('',#671,#673,#675,.T.);
#671 = VERTEX_POINT('',#672);
#672 = CARTESIAN_POINT('',(-0.416029217583,-1.,0.768608931152));
#673 = VERTEX_POINT('',#674);
#674 = CARTESIAN_POINT('',(-0.416029217583,-1.,0.77633779833));
#675 = B_SPLINE_CURVE_WITH_KNOTS('',1,(#676,#677),.UNSPECIFIED.,.F.,.F.,
  (2,2),(-7.728867177928E-03,0.),.PIECEWISE_BEZIER_KNOTS.);
#676 = CARTESIAN_POINT('',(-0.416029217583,-1.,0.768608931152));
#677 = CARTESIAN_POINT('',(-0.416029217583,-1.,0.77633779833));
#678 = ORIENTED_EDGE('',*,*,#679,.F.);
#679 = EDGE_CURVE('',#680,#671,#682,.T.);
#680 = VERTEX_POINT('',#681);
#681 = CARTESIAN_POINT('',(-0.452490061848,-1.,0.768608931152));
#682 = B_SPLINE_CURVE_WITH_KNOTS('',1,(#683,#684),.UNSPECIFIED.,.F.,.F.,
  (2,2),(-3.646084426532E-02,0.),.PIECEWISE_BEZIER_KNOTS.);
#683 = CARTESIAN_POINT('',(-0.452490061848,-1.,0.768608931152));
#684 = CARTESIAN_POINT('',(-0.416029217583,-1.,0.768608931152));
#685 = ORIENTED_EDGE('',*,*,#686,.F.);
#686 = EDGE_CURVE('',#687,#680,#689,.T.);
#687 = VERTEX_POINT('',#688);
#688 = CARTESIAN_POINT('',(-0.452490061848,-1.,0.836401147296));
#689 = B_SPLINE_CURVE_WITH_KNOTS('',1,(#690,#691),.UNSPECIFIED.,.F.,.F.,
  (2,2),(-6.779221614378E-02,-0.),.PIECEWISE_BEZIER_KNOTS.);
#690 = CARTESIAN_POINT('',(-0.452490061848,-1.,0.836401147296));
#691 = CARTESIAN_POINT('',(-0.452490061848,-1.,0.768608931152));
#692 = ORIENTED_EDGE('',*,*,#693,.F.);
#693 = EDGE_CURVE('',#694,#687,#696,.T.);
#694 = VERTEX_POINT('',#695);
#695 = CARTESIAN_POINT('',(-0.417571525159,-1.,0.836401147296));
#696 = B_SPLINE_CURVE_WITH_KNOTS('',1,(#697,#698),.UNSPECIFIED.,.F.,.F.,
  (2,2),(-3.491853668959E-02,-5.551115123126E-17),
  .PIECEWISE_BEZIER_KNOTS.);
#697 = CARTESIAN_POINT('',(-0.417571525159,-1.,0.836401147296));
#698 = CARTESIAN_POINT('',(-0.452490061848,-1.,0.836401147296));
#699 = ORIENTED_EDGE('',*,*,#700,.F.);
#700 = EDGE_CURVE('',#701,#694,#703,.T.);
#701 = VERTEX_POINT('',#702);
#702 = CARTESIAN_POINT('',(-0.417571525159,-1.,0.828602962924));
#703 = B_SPLINE_CURVE_WITH_KNOTS('',1,(#704,#705),.UNSPECIFIED.,.F.,.F.,
  (2,2),(-7.79818437227E-03,0.),.PIECEWISE_BEZIER_KNOTS.);
#704 = CARTESIAN_POINT('',(-0.417571525159,-1.,0.828602962924));
#705 = CARTESIAN_POINT('',(-0.417571525159,-1.,0.836401147296));
#706 = ORIENTED_EDGE('',*,*,#707,.F.);
#707 = EDGE_CURVE('',#708,#701,#710,.T.);
#708 = VERTEX_POINT('',#709);
#709 = CARTESIAN_POINT('',(-0.443738766052,-1.,0.828602962924));
#710 = B_SPLINE_CURVE_WITH_KNOTS('',1,(#711,#712),.UNSPECIFIED.,.F.,.F.,
  (2,2),(-2.616724089396E-02,0.),.PIECEWISE_BEZIER_KNOTS.);
#711 = CARTESIAN_POINT('',(-0.443738766052,-1.,0.828602962924));
#712 = CARTESIAN_POINT('',(-0.417571525159,-1.,0.828602962924));
#713 = ORIENTED_EDGE('',*,*,#714,.F.);
#714 = EDGE_CURVE('',#715,#708,#717,.T.);
#715 = VERTEX_POINT('',#716);
#716 = CARTESIAN_POINT('',(-0.443738766052,-1.,0.80690668107));
#717 = B_SPLINE_CURVE_WITH_KNOTS('',1,(#718,#719),.UNSPECIFIED.,.F.,.F.,
  (2,2),(-2.169628185404E-02,0.),.PIECEWISE_BEZIER_KNOTS.);
#718 = CARTESIAN_POINT('',(-0.443738766052,-1.,0.80690668107));
#719 = CARTESIAN_POINT('',(-0.443738766052,-1.,0.828602962924));
#720 = ORIENTED_EDGE('',*,*,#721,.F.);
#721 = EDGE_CURVE('',#722,#715,#724,.T.);
#722 = VERTEX_POINT('',#723);
#723 = CARTESIAN_POINT('',(-0.419495077304,-1.,0.80690668107));
#724 = B_SPLINE_CURVE_WITH_KNOTS('',1,(#725,#726),.UNSPECIFIED.,.F.,.F.,
  (2,2),(-2.424368874866E-02,5.551115123126E-17),
  .PIECEWISE_BEZIER_KNOTS.);
#725 = CARTESIAN_POINT('',(-0.419495077304,-1.,0.80690668107));
#726 = CARTESIAN_POINT('',(-0.443738766052,-1.,0.80690668107));
#727 = ORIENTED_EDGE('',*,*,#728,.F.);
#728 = EDGE_CURVE('',#729,#722,#731,.T.);
#729 = VERTEX_POINT('',#730);
#730 = CARTESIAN_POINT('',(-0.419495077304,-1.,0.799143155295));
#731 = B_SPLINE_CURVE_WITH_KNOTS('',1,(#732,#733),.UNSPECIFIED.,.F.,.F.,
  (2,2),(-7.763525775099E-03,0.),.PIECEWISE_BEZIER_KNOTS.);
#732 = CARTESIAN_POINT('',(-0.419495077304,-1.,0.799143155295));
#733 = CARTESIAN_POINT('',(-0.419495077304,-1.,0.80690668107));
#734 = ORIENTED_EDGE('',*,*,#735,.F.);
#735 = EDGE_CURVE('',#736,#729,#738,.T.);
#736 = VERTEX_POINT('',#737);
#737 = CARTESIAN_POINT('',(-0.443738766052,-1.,0.799143155295));
#738 = B_SPLINE_CURVE_WITH_KNOTS('',1,(#739,#740),.UNSPECIFIED.,.F.,.F.,
  (2,2),(-2.424368874866E-02,0.),.PIECEWISE_BEZIER_KNOTS.);
#739 = CARTESIAN_POINT('',(-0.443738766052,-1.,0.799143155295));
#740 = CARTESIAN_POINT('',(-0.419495077304,-1.,0.799143155295));
#741 = ORIENTED_EDGE('',*,*,#742,.F.);
#742 = EDGE_CURVE('',#743,#736,#745,.T.);
#743 = VERTEX_POINT('',#744);
#744 = CARTESIAN_POINT('',(-0.443738766052,-1.,0.77633779833));
#745 = B_SPLINE_CURVE_WITH_KNOTS('',1,(#746,#747),.UNSPECIFIED.,.F.,.F.,
  (2,2),(-2.280535696444E-02,0.),.PIECEWISE_BEZIER_KNOTS.);
#746 = CARTESIAN_POINT('',(-0.443738766052,-1.,0.77633779833));
#747 = CARTESIAN_POINT('',(-0.443738766052,-1.,0.799143155295));
#748 = ORIENTED_EDGE('',*,*,#749,.F.);
#749 = EDGE_CURVE('',#673,#743,#750,.T.);
#750 = B_SPLINE_CURVE_WITH_KNOTS('',1,(#751,#752),.UNSPECIFIED.,.F.,.F.,
  (2,2),(-2.770954846969E-02,5.551115123126E-17),
  .PIECEWISE_BEZIER_KNOTS.);
#751 = CARTESIAN_POINT('',(-0.416029217583,-1.,0.77633779833));
#752 = CARTESIAN_POINT('',(-0.443738766052,-1.,0.77633779833));
#753 = FACE_BOUND('',#754,.T.);
#754 = EDGE_LOOP('',(#755,#764,#771,#778,#787,#796,#805));
#755 = ORIENTED_EDGE('',*,*,#756,.F.);
#756 = EDGE_CURVE('',#757,#759,#761,.T.);
#757 = VERTEX_POINT('',#758);
#758 = CARTESIAN_POINT('',(-0.403222865913,-1.,0.768608931152));
#759 = VERTEX_POINT('',#760);
#760 = CARTESIAN_POINT('',(-0.384576540614,-1.,0.768608931152));
#761 = B_SPLINE_CURVE_WITH_KNOTS('',1,(#762,#763),.UNSPECIFIED.,.F.,.F.,
  (2,2),(-1.864632529929E-02,0.),.PIECEWISE_BEZIER_KNOTS.);
#762 = CARTESIAN_POINT('',(-0.403222865913,-1.,0.768608931152));
#763 = CARTESIAN_POINT('',(-0.384576540614,-1.,0.768608931152));
#764 = ORIENTED_EDGE('',*,*,#765,.F.);
#765 = EDGE_CURVE('',#766,#757,#768,.T.);
#766 = VERTEX_POINT('',#767);
#767 = CARTESIAN_POINT('',(-0.403222865913,-1.,0.836401147296));
#768 = B_SPLINE_CURVE_WITH_KNOTS('',1,(#769,#770),.UNSPECIFIED.,.F.,.F.,
  (2,2),(-6.779221614378E-02,-0.),.PIECEWISE_BEZIER_KNOTS.);
#769 = CARTESIAN_POINT('',(-0.403222865913,-1.,0.836401147296));
#770 = CARTESIAN_POINT('',(-0.403222865913,-1.,0.768608931152));
#771 = ORIENTED_EDGE('',*,*,#772,.F.);
#772 = EDGE_CURVE('',#773,#766,#775,.T.);
#773 = VERTEX_POINT('',#774);
#774 = CARTESIAN_POINT('',(-0.38388336867,-1.,0.836401147296));
#775 = B_SPLINE_CURVE_WITH_KNOTS('',1,(#776,#777),.UNSPECIFIED.,.F.,.F.,
  (2,2),(-1.933949724364E-02,-0.),.PIECEWISE_BEZIER_KNOTS.);
#776 = CARTESIAN_POINT('',(-0.38388336867,-1.,0.836401147296));
#777 = CARTESIAN_POINT('',(-0.403222865913,-1.,0.836401147296));
#778 = ORIENTED_EDGE('',*,*,#779,.F.);
#779 = EDGE_CURVE('',#780,#773,#782,.T.);
#780 = VERTEX_POINT('',#781);
#781 = CARTESIAN_POINT('',(-0.358253336033,-1.,0.827424570619));
#782 = B_SPLINE_CURVE_WITH_KNOTS('',3,(#783,#784,#785,#786),
  .UNSPECIFIED.,.F.,.F.,(4,4),(2.,3.),.PIECEWISE_BEZIER_KNOTS.);
#783 = CARTESIAN_POINT('',(-0.358253336033,-1.,0.827424570619));
#784 = CARTESIAN_POINT('',(-0.365063750385,-1.,0.833420507936));
#785 = CARTESIAN_POINT('',(-0.373607094597,-1.,0.836401147296));
#786 = CARTESIAN_POINT('',(-0.38388336867,-1.,0.836401147296));
#787 = ORIENTED_EDGE('',*,*,#788,.F.);
#788 = EDGE_CURVE('',#789,#780,#791,.T.);
#789 = VERTEX_POINT('',#790);
#790 = CARTESIAN_POINT('',(-0.348029049856,-1.,0.803371504155));
#791 = B_SPLINE_CURVE_WITH_KNOTS('',3,(#792,#793,#794,#795),
  .UNSPECIFIED.,.F.,.F.,(4,4),(3.,4.),.PIECEWISE_BEZIER_KNOTS.);
#792 = CARTESIAN_POINT('',(-0.348029049856,-1.,0.803371504155));
#793 = CARTESIAN_POINT('',(-0.348029049856,-1.,0.813422497345));
#794 = CARTESIAN_POINT('',(-0.351442921681,-1.,0.821428633301));
#795 = CARTESIAN_POINT('',(-0.358253336033,-1.,0.827424570619));
#796 = ORIENTED_EDGE('',*,*,#797,.F.);
#797 = EDGE_CURVE('',#798,#789,#800,.T.);
#798 = VERTEX_POINT('',#799);
#799 = CARTESIAN_POINT('',(-0.358253336033,-1.,0.778105386788));
#800 = B_SPLINE_CURVE_WITH_KNOTS('',3,(#801,#802,#803,#804),
  .UNSPECIFIED.,.F.,.F.,(4,4),(4.,5.),.PIECEWISE_BEZIER_KNOTS.);
#801 = CARTESIAN_POINT('',(-0.358253336033,-1.,0.778105386788));
#802 = CARTESIAN_POINT('',(-0.351442921681,-1.,0.784447910078));
#803 = CARTESIAN_POINT('',(-0.348029049856,-1.,0.7928699492));
#804 = CARTESIAN_POINT('',(-0.348029049856,-1.,0.803371504155));
#805 = ORIENTED_EDGE('',*,*,#806,.F.);
#806 = EDGE_CURVE('',#759,#798,#807,.T.);
#807 = B_SPLINE_CURVE_WITH_KNOTS('',3,(#808,#809,#810,#811),
  .UNSPECIFIED.,.F.,.F.,(4,4),(5.,6.),.PIECEWISE_BEZIER_KNOTS.);
#808 = CARTESIAN_POINT('',(-0.384576540614,-1.,0.768608931152));
#809 = CARTESIAN_POINT('',(-0.373849704778,-1.,0.768608931152));
#810 = CARTESIAN_POINT('',(-0.365063750385,-1.,0.771762863499));
#811 = CARTESIAN_POINT('',(-0.358253336033,-1.,0.778105386788));
#812 = FACE_BOUND('',#813,.T.);
#813 = EDGE_LOOP('',(#814,#823,#830,#837,#844,#851,#858,#865));
#814 = ORIENTED_EDGE('',*,*,#815,.F.);
#815 = EDGE_CURVE('',#816,#818,#820,.T.);
#816 = VERTEX_POINT('',#817);
#817 = CARTESIAN_POINT('',(-0.283269460967,-1.,0.768608931152));
#818 = VERTEX_POINT('',#819);
#819 = CARTESIAN_POINT('',(-0.309090115889,-1.,0.836401147296));
#820 = B_SPLINE_CURVE_WITH_KNOTS('',1,(#821,#822),.UNSPECIFIED.,.F.,.F.,
  (2,2),(-7.254302716517E-02,0.),.PIECEWISE_BEZIER_KNOTS.);
#821 = CARTESIAN_POINT('',(-0.283269460967,-1.,0.768608931152));
#822 = CARTESIAN_POINT('',(-0.309090115889,-1.,0.836401147296));
#823 = ORIENTED_EDGE('',*,*,#824,.F.);
#824 = EDGE_CURVE('',#825,#816,#827,.T.);
#825 = VERTEX_POINT('',#826);
#826 = CARTESIAN_POINT('',(-0.292939209589,-1.,0.768608931152));
#827 = B_SPLINE_CURVE_WITH_KNOTS('',1,(#828,#829),.UNSPECIFIED.,.F.,.F.,
  (2,2),(-9.669748621818E-03,0.),.PIECEWISE_BEZIER_KNOTS.);
#828 = CARTESIAN_POINT('',(-0.292939209589,-1.,0.768608931152));
#829 = CARTESIAN_POINT('',(-0.283269460967,-1.,0.768608931152));
#830 = ORIENTED_EDGE('',*,*,#831,.F.);
#831 = EDGE_CURVE('',#832,#825,#834,.T.);
#832 = VERTEX_POINT('',#833);
#833 = CARTESIAN_POINT('',(-0.299853599733,-1.,0.78715128066));
#834 = B_SPLINE_CURVE_WITH_KNOTS('',1,(#835,#836),.UNSPECIFIED.,.F.,.F.,
  (2,2),(-1.978958100428E-02,0.),.PIECEWISE_BEZIER_KNOTS.);
#835 = CARTESIAN_POINT('',(-0.299853599733,-1.,0.78715128066));
#836 = CARTESIAN_POINT('',(-0.292939209589,-1.,0.768608931152));
#837 = ORIENTED_EDGE('',*,*,#838,.F.);
#838 = EDGE_CURVE('',#839,#832,#841,.T.);
#839 = VERTEX_POINT('',#840);
#840 = CARTESIAN_POINT('',(-0.328083027161,-1.,0.78715128066));
#841 = B_SPLINE_CURVE_WITH_KNOTS('',1,(#842,#843),.UNSPECIFIED.,.F.,.F.,
  (2,2),(-2.822942742818E-02,-1.110223024625E-16),
  .PIECEWISE_BEZIER_KNOTS.);
#842 = CARTESIAN_POINT('',(-0.328083027161,-1.,0.78715128066));
#843 = CARTESIAN_POINT('',(-0.299853599733,-1.,0.78715128066));
#844 = ORIENTED_EDGE('',*,*,#845,.F.);
#845 = EDGE_CURVE('',#846,#839,#848,.T.);
#846 = VERTEX_POINT('',#847);
#847 = CARTESIAN_POINT('',(-0.334598843436,-1.,0.768608931152));
#848 = B_SPLINE_CURVE_WITH_KNOTS('',1,(#849,#850),.UNSPECIFIED.,.F.,.F.,
  (2,2),(-1.965386951736E-02,0.),.PIECEWISE_BEZIER_KNOTS.);
#849 = CARTESIAN_POINT('',(-0.334598843436,-1.,0.768608931152));
#850 = CARTESIAN_POINT('',(-0.328083027161,-1.,0.78715128066));
#851 = ORIENTED_EDGE('',*,*,#852,.F.);
#852 = EDGE_CURVE('',#853,#846,#855,.T.);
#853 = VERTEX_POINT('',#854);
#854 = CARTESIAN_POINT('',(-0.344268592058,-1.,0.768608931152));
#855 = B_SPLINE_CURVE_WITH_KNOTS('',1,(#856,#857),.UNSPECIFIED.,.F.,.F.,
  (2,2),(-9.669748621355E-03,0.),.PIECEWISE_BEZIER_KNOTS.);
#856 = CARTESIAN_POINT('',(-0.344268592058,-1.,0.768608931152));
#857 = CARTESIAN_POINT('',(-0.334598843436,-1.,0.768608931152));
#858 = ORIENTED_EDGE('',*,*,#859,.F.);
#859 = EDGE_CURVE('',#860,#853,#862,.T.);
#860 = VERTEX_POINT('',#861);
#861 = CARTESIAN_POINT('',(-0.318447937136,-1.,0.836401147296));
#862 = B_SPLINE_CURVE_WITH_KNOTS('',1,(#863,#864),.UNSPECIFIED.,.F.,.F.,
  (2,2),(-7.254302716501E-02,-3.951680364759E-17),
  .PIECEWISE_BEZIER_KNOTS.);
#863 = CARTESIAN_POINT('',(-0.318447937136,-1.,0.836401147296));
#864 = CARTESIAN_POINT('',(-0.344268592058,-1.,0.768608931152));
#865 = ORIENTED_EDGE('',*,*,#866,.F.);
#866 = EDGE_CURVE('',#818,#860,#867,.T.);
#867 = B_SPLINE_CURVE_WITH_KNOTS('',1,(#868,#869),.UNSPECIFIED.,.F.,.F.,
  (2,2),(-9.357821246817E-03,-0.),.PIECEWISE_BEZIER_KNOTS.);
#868 = CARTESIAN_POINT('',(-0.309090115889,-1.,0.836401147296));
#869 = CARTESIAN_POINT('',(-0.318447937136,-1.,0.836401147296));
#870 = FACE_BOUND('',#871,.T.);
#871 = EDGE_LOOP('',(#872,#883,#892,#901,#910,#919,#928,#937,#946,#955,
    #962,#971,#980,#989,#998,#1007,#1016,#1025,#1034,#1043,#1052));
#872 = ORIENTED_EDGE('',*,*,#873,.F.);
#873 = EDGE_CURVE('',#874,#876,#878,.T.);
#874 = VERTEX_POINT('',#875);
#875 = CARTESIAN_POINT('',(-0.44637281944,-1.,0.666851289742));
#876 = VERTEX_POINT('',#877);
#877 = CARTESIAN_POINT('',(-0.460340234116,-1.,0.671530200365));
#878 = B_SPLINE_CURVE_WITH_KNOTS('',3,(#879,#880,#881,#882),
  .UNSPECIFIED.,.F.,.F.,(4,4),(0.,1.),.PIECEWISE_BEZIER_KNOTS.);
#879 = CARTESIAN_POINT('',(-0.44637281944,-1.,0.666851289742));
#880 = CARTESIAN_POINT('',(-0.451363657439,-1.,0.666851289742));
#881 = CARTESIAN_POINT('',(-0.456007909465,-1.,0.668410926617));
#882 = CARTESIAN_POINT('',(-0.460340234116,-1.,0.671530200365));
#883 = ORIENTED_EDGE('',*,*,#884,.F.);
#884 = EDGE_CURVE('',#885,#874,#887,.T.);
#885 = VERTEX_POINT('',#886);
#886 = CARTESIAN_POINT('',(-0.436356484847,-1.,0.673401764615));
#887 = B_SPLINE_CURVE_WITH_KNOTS('',3,(#888,#889,#890,#891),
  .UNSPECIFIED.,.F.,.F.,(4,4),(1.,2.),.PIECEWISE_BEZIER_KNOTS.);
#888 = CARTESIAN_POINT('',(-0.436356484847,-1.,0.673401764615));
#889 = CARTESIAN_POINT('',(-0.436356484847,-1.,0.669034781366));
#890 = CARTESIAN_POINT('',(-0.439701039477,-1.,0.666851289742));
#891 = CARTESIAN_POINT('',(-0.44637281944,-1.,0.666851289742));
#892 = ORIENTED_EDGE('',*,*,#893,.F.);
#893 = EDGE_CURVE('',#894,#885,#896,.T.);
#894 = VERTEX_POINT('',#895);
#895 = CARTESIAN_POINT('',(-0.438539976471,-1.,0.678011358044));
#896 = B_SPLINE_CURVE_WITH_KNOTS('',3,(#897,#898,#899,#900),
  .UNSPECIFIED.,.F.,.F.,(4,4),(2.,3.),.PIECEWISE_BEZIER_KNOTS.);
#897 = CARTESIAN_POINT('',(-0.438539976471,-1.,0.678011358044));
#898 = CARTESIAN_POINT('',(-0.437084315388,-1.,0.676798307141));
#899 = CARTESIAN_POINT('',(-0.436356484847,-1.,0.675273328864));
#900 = CARTESIAN_POINT('',(-0.436356484847,-1.,0.673401764615));
#901 = ORIENTED_EDGE('',*,*,#902,.F.);
#902 = EDGE_CURVE('',#903,#894,#905,.T.);
#903 = VERTEX_POINT('',#904);
#904 = CARTESIAN_POINT('',(-0.447429906655,-1.,0.682343682695));
#905 = B_SPLINE_CURVE_WITH_KNOTS('',3,(#906,#907,#908,#909),
  .UNSPECIFIED.,.F.,.F.,(4,4),(3.,4.),.PIECEWISE_BEZIER_KNOTS.);
#906 = CARTESIAN_POINT('',(-0.447429906655,-1.,0.682343682695));
#907 = CARTESIAN_POINT('',(-0.442958947615,-1.,0.680680070029));
#908 = CARTESIAN_POINT('',(-0.439995637554,-1.,0.679224408946));
#909 = CARTESIAN_POINT('',(-0.438539976471,-1.,0.678011358044));
#910 = ORIENTED_EDGE('',*,*,#911,.F.);
#911 = EDGE_CURVE('',#912,#903,#914,.T.);
#912 = VERTEX_POINT('',#913);
#913 = CARTESIAN_POINT('',(-0.457879473714,-1.,0.688755523179));
#914 = B_SPLINE_CURVE_WITH_KNOTS('',3,(#915,#916,#917,#918),
  .UNSPECIFIED.,.F.,.F.,(4,4),(4.,5.),.PIECEWISE_BEZIER_KNOTS.);
#915 = CARTESIAN_POINT('',(-0.457879473714,-1.,0.688755523179));
#916 = CARTESIAN_POINT('',(-0.456285178243,-1.,0.686641348749));
#917 = CARTESIAN_POINT('',(-0.452784659925,-1.,0.684492515722));
#918 = CARTESIAN_POINT('',(-0.447429906655,-1.,0.682343682695));
#919 = ORIENTED_EDGE('',*,*,#920,.F.);
#920 = EDGE_CURVE('',#921,#912,#923,.T.);
#921 = VERTEX_POINT('',#922);
#922 = CARTESIAN_POINT('',(-0.460288246221,-1.,0.696415073163));
#923 = B_SPLINE_CURVE_WITH_KNOTS('',3,(#924,#925,#926,#927),
  .UNSPECIFIED.,.F.,.F.,(4,4),(5.,6.),.PIECEWISE_BEZIER_KNOTS.);
#924 = CARTESIAN_POINT('',(-0.460288246221,-1.,0.696415073163));
#925 = CARTESIAN_POINT('',(-0.460288246221,-1.,0.693434433802));
#926 = CARTESIAN_POINT('',(-0.459491098485,-1.,0.690869697609));
#927 = CARTESIAN_POINT('',(-0.457879473714,-1.,0.688755523179));
#928 = ORIENTED_EDGE('',*,*,#929,.F.);
#929 = EDGE_CURVE('',#930,#921,#932,.T.);
#930 = VERTEX_POINT('',#931);
#931 = CARTESIAN_POINT('',(-0.454846846459,-1.,0.706743335131));
#932 = B_SPLINE_CURVE_WITH_KNOTS('',3,(#933,#934,#935,#936),
  .UNSPECIFIED.,.F.,.F.,(4,4),(6.,7.),.PIECEWISE_BEZIER_KNOTS.);
#933 = CARTESIAN_POINT('',(-0.454846846459,-1.,0.706743335131));
#934 = CARTESIAN_POINT('',(-0.458468669867,-1.,0.704143940341));
#935 = CARTESIAN_POINT('',(-0.460288246221,-1.,0.700712739217));
#936 = CARTESIAN_POINT('',(-0.460288246221,-1.,0.696415073163));
#937 = ORIENTED_EDGE('',*,*,#938,.F.);
#938 = EDGE_CURVE('',#939,#930,#941,.T.);
#939 = VERTEX_POINT('',#940);
#940 = CARTESIAN_POINT('',(-0.441433969338,-1.,0.710590439422));
#941 = B_SPLINE_CURVE_WITH_KNOTS('',3,(#942,#943,#944,#945),
  .UNSPECIFIED.,.F.,.F.,(4,4),(7.,8.),.PIECEWISE_BEZIER_KNOTS.);
#942 = CARTESIAN_POINT('',(-0.441433969338,-1.,0.710590439422));
#943 = CARTESIAN_POINT('',(-0.446736734711,-1.,0.710590439422));
#944 = CARTESIAN_POINT('',(-0.451207693751,-1.,0.709308071325));
#945 = CARTESIAN_POINT('',(-0.454846846459,-1.,0.706743335131));
#946 = ORIENTED_EDGE('',*,*,#947,.F.);
#947 = EDGE_CURVE('',#948,#939,#950,.T.);
#948 = VERTEX_POINT('',#949);
#949 = CARTESIAN_POINT('',(-0.429961973661,-1.,0.708441606395));
#950 = B_SPLINE_CURVE_WITH_KNOTS('',3,(#951,#952,#953,#954),
  .UNSPECIFIED.,.F.,.F.,(4,4),(8.,9.),.PIECEWISE_BEZIER_KNOTS.);
#951 = CARTESIAN_POINT('',(-0.429961973661,-1.,0.708441606395));
#952 = CARTESIAN_POINT('',(-0.433497150577,-1.,0.709897267478));
#953 = CARTESIAN_POINT('',(-0.43730959627,-1.,0.710590439422));
#954 = CARTESIAN_POINT('',(-0.441433969338,-1.,0.710590439422));
#955 = ORIENTED_EDGE('',*,*,#956,.F.);
#956 = EDGE_CURVE('',#957,#948,#959,.T.);
#957 = VERTEX_POINT('',#958);
#958 = CARTESIAN_POINT('',(-0.429961973661,-1.,0.700192860259));
#959 = B_SPLINE_CURVE_WITH_KNOTS('',1,(#960,#961),.UNSPECIFIED.,.F.,.F.,
  (2,2),(-8.248746135954E-03,1.110223024625E-16),
  .PIECEWISE_BEZIER_KNOTS.);
#960 = CARTESIAN_POINT('',(-0.429961973661,-1.,0.700192860259));
#961 = CARTESIAN_POINT('',(-0.429961973661,-1.,0.708441606395));
#962 = ORIENTED_EDGE('',*,*,#963,.F.);
#963 = EDGE_CURVE('',#964,#957,#966,.T.);
#964 = VERTEX_POINT('',#965);
#965 = CARTESIAN_POINT('',(-0.442265775671,-1.,0.703693378577));
#966 = B_SPLINE_CURVE_WITH_KNOTS('',3,(#967,#968,#969,#970),
  .UNSPECIFIED.,.F.,.F.,(4,4),(10.,11.),.PIECEWISE_BEZIER_KNOTS.);
#967 = CARTESIAN_POINT('',(-0.442265775671,-1.,0.703693378577));
#968 = CARTESIAN_POINT('',(-0.437673511541,-1.,0.703693378577));
#969 = CARTESIAN_POINT('',(-0.43358379707,-1.,0.702514986272));
#970 = CARTESIAN_POINT('',(-0.429961973661,-1.,0.700192860259));
#971 = ORIENTED_EDGE('',*,*,#972,.F.);
#972 = EDGE_CURVE('',#973,#964,#975,.T.);
#973 = VERTEX_POINT('',#974);
#974 = CARTESIAN_POINT('',(-0.448954884933,-1.,0.701891131522));
#975 = B_SPLINE_CURVE_WITH_KNOTS('',3,(#976,#977,#978,#979),
  .UNSPECIFIED.,.F.,.F.,(4,4),(11.,12.),.PIECEWISE_BEZIER_KNOTS.);
#976 = CARTESIAN_POINT('',(-0.448954884933,-1.,0.701891131522));
#977 = CARTESIAN_POINT('',(-0.447239284371,-1.,0.703104182424));
#978 = CARTESIAN_POINT('',(-0.445003804851,-1.,0.703693378577));
#979 = CARTESIAN_POINT('',(-0.442265775671,-1.,0.703693378577));
#980 = ORIENTED_EDGE('',*,*,#981,.F.);
#981 = EDGE_CURVE('',#982,#973,#984,.T.);
#982 = VERTEX_POINT('',#983);
#983 = CARTESIAN_POINT('',(-0.451536950425,-1.,0.697177562301));
#984 = B_SPLINE_CURVE_WITH_KNOTS('',3,(#985,#986,#987,#988),
  .UNSPECIFIED.,.F.,.F.,(4,4),(12.,13.),.PIECEWISE_BEZIER_KNOTS.);
#985 = CARTESIAN_POINT('',(-0.451536950425,-1.,0.697177562301));
#986 = CARTESIAN_POINT('',(-0.451536950425,-1.,0.699118443745));
#987 = CARTESIAN_POINT('',(-0.450670485495,-1.,0.700712739217));
#988 = CARTESIAN_POINT('',(-0.448954884933,-1.,0.701891131522));
#989 = ORIENTED_EDGE('',*,*,#990,.F.);
#990 = EDGE_CURVE('',#991,#982,#993,.T.);
#991 = VERTEX_POINT('',#992);
#992 = CARTESIAN_POINT('',(-0.449682715474,-1.,0.692671944664));
#993 = B_SPLINE_CURVE_WITH_KNOTS('',3,(#994,#995,#996,#997),
  .UNSPECIFIED.,.F.,.F.,(4,4),(13.,14.),.PIECEWISE_BEZIER_KNOTS.);
#994 = CARTESIAN_POINT('',(-0.449682715474,-1.,0.692671944664));
#995 = CARTESIAN_POINT('',(-0.450913095675,-1.,0.693746361177));
#996 = CARTESIAN_POINT('',(-0.451536950425,-1.,0.695236680858));
#997 = CARTESIAN_POINT('',(-0.451536950425,-1.,0.697177562301));
#998 = ORIENTED_EDGE('',*,*,#999,.F.);
#999 = EDGE_CURVE('',#1000,#991,#1002,.T.);
#1000 = VERTEX_POINT('',#1001);
#1001 = CARTESIAN_POINT('',(-0.441433969338,-1.,0.688512912999));
#1002 = B_SPLINE_CURVE_WITH_KNOTS('',3,(#1003,#1004,#1005,#1006),
  .UNSPECIFIED.,.F.,.F.,(4,4),(14.,15.),.PIECEWISE_BEZIER_KNOTS.);
#1003 = CARTESIAN_POINT('',(-0.441433969338,-1.,0.688512912999));
#1004 = CARTESIAN_POINT('',(-0.445696976795,-1.,0.690176525665));
#1005 = CARTESIAN_POINT('',(-0.448435005974,-1.,0.691562869553));
#1006 = CARTESIAN_POINT('',(-0.449682715474,-1.,0.692671944664));
#1007 = ORIENTED_EDGE('',*,*,#1008,.F.);
#1008 = EDGE_CURVE('',#1009,#1000,#1011,.T.);
#1009 = VERTEX_POINT('',#1010);
#1010 = CARTESIAN_POINT('',(-0.43048185262,-1.,0.682239706904));
#1011 = B_SPLINE_CURVE_WITH_KNOTS('',3,(#1012,#1013,#1014,#1015),
  .UNSPECIFIED.,.F.,.F.,(4,4),(15.,16.),.PIECEWISE_BEZIER_KNOTS.);
#1012 = CARTESIAN_POINT('',(-0.43048185262,-1.,0.682239706904));
#1013 = CARTESIAN_POINT('',(-0.432388075466,-1.,0.684388539931));
#1014 = CARTESIAN_POINT('',(-0.436027228173,-1.,0.68650271436));
#1015 = CARTESIAN_POINT('',(-0.441433969338,-1.,0.688512912999));
#1016 = ORIENTED_EDGE('',*,*,#1017,.F.);
#1017 = EDGE_CURVE('',#1018,#1009,#1020,.T.);
#1018 = VERTEX_POINT('',#1019);
#1019 = CARTESIAN_POINT('',(-0.427639847648,-1.,0.674233570948));
#1020 = B_SPLINE_CURVE_WITH_KNOTS('',3,(#1021,#1022,#1023,#1024),
  .UNSPECIFIED.,.F.,.F.,(4,4),(16.,17.),.PIECEWISE_BEZIER_KNOTS.);
#1021 = CARTESIAN_POINT('',(-0.427639847648,-1.,0.674233570948));
#1022 = CARTESIAN_POINT('',(-0.427639847648,-1.,0.677422161891));
#1023 = CARTESIAN_POINT('',(-0.428592959072,-1.,0.680090873877));
#1024 = CARTESIAN_POINT('',(-0.43048185262,-1.,0.682239706904));
#1025 = ORIENTED_EDGE('',*,*,#1026,.F.);
#1026 = EDGE_CURVE('',#1027,#1018,#1029,.T.);
#1027 = VERTEX_POINT('',#1028);
#1028 = CARTESIAN_POINT('',(-0.433098576709,-1.,0.66376667459));
#1029 = B_SPLINE_CURVE_WITH_KNOTS('',3,(#1030,#1031,#1032,#1033),
  .UNSPECIFIED.,.F.,.F.,(4,4),(17.,18.),.PIECEWISE_BEZIER_KNOTS.);
#1030 = CARTESIAN_POINT('',(-0.433098576709,-1.,0.66376667459));
#1031 = CARTESIAN_POINT('',(-0.429459424002,-1.,0.666296752187));
#1032 = CARTESIAN_POINT('',(-0.427639847648,-1.,0.669797270505));
#1033 = CARTESIAN_POINT('',(-0.427639847648,-1.,0.674233570948));
#1034 = ORIENTED_EDGE('',*,*,#1035,.F.);
#1035 = EDGE_CURVE('',#1036,#1027,#1038,.T.);
#1036 = VERTEX_POINT('',#1037);
#1037 = CARTESIAN_POINT('',(-0.447204625774,-1.,0.6599195703));
#1038 = B_SPLINE_CURVE_WITH_KNOTS('',3,(#1039,#1040,#1041,#1042),
  .UNSPECIFIED.,.F.,.F.,(4,4),(18.,19.),.PIECEWISE_BEZIER_KNOTS.);
#1039 = CARTESIAN_POINT('',(-0.447204625774,-1.,0.6599195703));
#1040 = CARTESIAN_POINT('',(-0.441433969338,-1.,0.6599195703));
#1041 = CARTESIAN_POINT('',(-0.436720400117,-1.,0.661201938397));
#1042 = CARTESIAN_POINT('',(-0.433098576709,-1.,0.66376667459));
#1043 = ORIENTED_EDGE('',*,*,#1044,.F.);
#1044 = EDGE_CURVE('',#1045,#1036,#1047,.T.);
#1045 = VERTEX_POINT('',#1046);
#1046 = CARTESIAN_POINT('',(-0.460340234116,-1.,0.662761575271));
#1047 = B_SPLINE_CURVE_WITH_KNOTS('',3,(#1048,#1049,#1050,#1051),
  .UNSPECIFIED.,.F.,.F.,(4,4),(19.,20.),.PIECEWISE_BEZIER_KNOTS.);
#1048 = CARTESIAN_POINT('',(-0.460340234116,-1.,0.662761575271));
#1049 = CARTESIAN_POINT('',(-0.456597105618,-1.,0.660890011022));
#1050 = CARTESIAN_POINT('',(-0.452230122369,-1.,0.6599195703));
#1051 = CARTESIAN_POINT('',(-0.447204625774,-1.,0.6599195703));
#1052 = ORIENTED_EDGE('',*,*,#1053,.F.);
#1053 = EDGE_CURVE('',#876,#1045,#1054,.T.);
#1054 = B_SPLINE_CURVE_WITH_KNOTS('',1,(#1055,#1056),.UNSPECIFIED.,.F.,
  .F.,(2,2),(-8.768625093982E-03,1.110223024625E-16),
  .PIECEWISE_BEZIER_KNOTS.);
#1055 = CARTESIAN_POINT('',(-0.460340234116,-1.,0.671530200365));
#1056 = CARTESIAN_POINT('',(-0.460340234116,-1.,0.662761575271));
#1057 = FACE_BOUND('',#1058,.T.);
#1058 = EDGE_LOOP('',(#1059,#1068,#1075,#1082,#1089,#1096,#1103,#1110,
    #1117,#1124,#1131,#1138));
#1059 = ORIENTED_EDGE('',*,*,#1060,.F.);
#1060 = EDGE_CURVE('',#1061,#1063,#1065,.T.);
#1061 = VERTEX_POINT('',#1062);
#1062 = CARTESIAN_POINT('',(-0.331132983715,-1.,0.661063304008));
#1063 = VERTEX_POINT('',#1064);
#1064 = CARTESIAN_POINT('',(-0.331132983715,-1.,0.668792171186));
#1065 = B_SPLINE_CURVE_WITH_KNOTS('',1,(#1066,#1067),.UNSPECIFIED.,.F.,
  .F.,(2,2),(-7.728867177929E-03,0.),.PIECEWISE_BEZIER_KNOTS.);
#1066 = CARTESIAN_POINT('',(-0.331132983715,-1.,0.661063304008));
#1067 = CARTESIAN_POINT('',(-0.331132983715,-1.,0.668792171186));
#1068 = ORIENTED_EDGE('',*,*,#1069,.F.);
#1069 = EDGE_CURVE('',#1070,#1061,#1072,.T.);
#1070 = VERTEX_POINT('',#1071);
#1071 = CARTESIAN_POINT('',(-0.367593827981,-1.,0.661063304008));
#1072 = B_SPLINE_CURVE_WITH_KNOTS('',1,(#1073,#1074),.UNSPECIFIED.,.F.,
  .F.,(2,2),(-3.646084426555E-02,0.),.PIECEWISE_BEZIER_KNOTS.);
#1073 = CARTESIAN_POINT('',(-0.367593827981,-1.,0.661063304008));
#1074 = CARTESIAN_POINT('',(-0.331132983715,-1.,0.661063304008));
#1075 = ORIENTED_EDGE('',*,*,#1076,.F.);
#1076 = EDGE_CURVE('',#1077,#1070,#1079,.T.);
#1077 = VERTEX_POINT('',#1078);
#1078 = CARTESIAN_POINT('',(-0.367593827981,-1.,0.728855520152));
#1079 = B_SPLINE_CURVE_WITH_KNOTS('',1,(#1080,#1081),.UNSPECIFIED.,.F.,
  .F.,(2,2),(-6.779221614378E-02,-0.),.PIECEWISE_BEZIER_KNOTS.);
#1080 = CARTESIAN_POINT('',(-0.367593827981,-1.,0.728855520152));
#1081 = CARTESIAN_POINT('',(-0.367593827981,-1.,0.661063304008));
#1082 = ORIENTED_EDGE('',*,*,#1083,.F.);
#1083 = EDGE_CURVE('',#1084,#1077,#1086,.T.);
#1084 = VERTEX_POINT('',#1085);
#1085 = CARTESIAN_POINT('',(-0.332675291291,-1.,0.728855520152));
#1086 = B_SPLINE_CURVE_WITH_KNOTS('',1,(#1087,#1088),.UNSPECIFIED.,.F.,
  .F.,(2,2),(-3.491853668959E-02,-0.),.PIECEWISE_BEZIER_KNOTS.);
#1087 = CARTESIAN_POINT('',(-0.332675291291,-1.,0.728855520152));
#1088 = CARTESIAN_POINT('',(-0.367593827981,-1.,0.728855520152));
#1089 = ORIENTED_EDGE('',*,*,#1090,.F.);
#1090 = EDGE_CURVE('',#1091,#1084,#1093,.T.);
#1091 = VERTEX_POINT('',#1092);
#1092 = CARTESIAN_POINT('',(-0.332675291291,-1.,0.72105733578));
#1093 = B_SPLINE_CURVE_WITH_KNOTS('',1,(#1094,#1095),.UNSPECIFIED.,.F.,
  .F.,(2,2),(-7.79818437227E-03,0.),.PIECEWISE_BEZIER_KNOTS.);
#1094 = CARTESIAN_POINT('',(-0.332675291291,-1.,0.72105733578));
#1095 = CARTESIAN_POINT('',(-0.332675291291,-1.,0.728855520152));
#1096 = ORIENTED_EDGE('',*,*,#1097,.F.);
#1097 = EDGE_CURVE('',#1098,#1091,#1100,.T.);
#1098 = VERTEX_POINT('',#1099);
#1099 = CARTESIAN_POINT('',(-0.358842532185,-1.,0.72105733578));
#1100 = B_SPLINE_CURVE_WITH_KNOTS('',1,(#1101,#1102),.UNSPECIFIED.,.F.,
  .F.,(2,2),(-2.616724089373E-02,0.),.PIECEWISE_BEZIER_KNOTS.);
#1101 = CARTESIAN_POINT('',(-0.358842532185,-1.,0.72105733578));
#1102 = CARTESIAN_POINT('',(-0.332675291291,-1.,0.72105733578));
#1103 = ORIENTED_EDGE('',*,*,#1104,.F.);
#1104 = EDGE_CURVE('',#1105,#1098,#1107,.T.);
#1105 = VERTEX_POINT('',#1106);
#1106 = CARTESIAN_POINT('',(-0.358842532185,-1.,0.699361053926));
#1107 = B_SPLINE_CURVE_WITH_KNOTS('',1,(#1108,#1109),.UNSPECIFIED.,.F.,
  .F.,(2,2),(-2.169628185404E-02,0.),.PIECEWISE_BEZIER_KNOTS.);
#1108 = CARTESIAN_POINT('',(-0.358842532185,-1.,0.699361053926));
#1109 = CARTESIAN_POINT('',(-0.358842532185,-1.,0.72105733578));
#1110 = ORIENTED_EDGE('',*,*,#1111,.F.);
#1111 = EDGE_CURVE('',#1112,#1105,#1114,.T.);
#1112 = VERTEX_POINT('',#1113);
#1113 = CARTESIAN_POINT('',(-0.334598843436,-1.,0.699361053926));
#1114 = B_SPLINE_CURVE_WITH_KNOTS('',1,(#1115,#1116),.UNSPECIFIED.,.F.,
  .F.,(2,2),(-2.424368874843E-02,-0.),.PIECEWISE_BEZIER_KNOTS.);
#1115 = CARTESIAN_POINT('',(-0.334598843436,-1.,0.699361053926));
#1116 = CARTESIAN_POINT('',(-0.358842532185,-1.,0.699361053926));
#1117 = ORIENTED_EDGE('',*,*,#1118,.F.);
#1118 = EDGE_CURVE('',#1119,#1112,#1121,.T.);
#1119 = VERTEX_POINT('',#1120);
#1120 = CARTESIAN_POINT('',(-0.334598843436,-1.,0.69159752815));
#1121 = B_SPLINE_CURVE_WITH_KNOTS('',1,(#1122,#1123),.UNSPECIFIED.,.F.,
  .F.,(2,2),(-7.763525775099E-03,0.),.PIECEWISE_BEZIER_KNOTS.);
#1122 = CARTESIAN_POINT('',(-0.334598843436,-1.,0.69159752815));
#1123 = CARTESIAN_POINT('',(-0.334598843436,-1.,0.699361053926));
#1124 = ORIENTED_EDGE('',*,*,#1125,.F.);
#1125 = EDGE_CURVE('',#1126,#1119,#1128,.T.);
#1126 = VERTEX_POINT('',#1127);
#1127 = CARTESIAN_POINT('',(-0.358842532185,-1.,0.69159752815));
#1128 = B_SPLINE_CURVE_WITH_KNOTS('',1,(#1129,#1130),.UNSPECIFIED.,.F.,
  .F.,(2,2),(-2.424368874843E-02,0.),.PIECEWISE_BEZIER_KNOTS.);
#1129 = CARTESIAN_POINT('',(-0.358842532185,-1.,0.69159752815));
#1130 = CARTESIAN_POINT('',(-0.334598843436,-1.,0.69159752815));
#1131 = ORIENTED_EDGE('',*,*,#1132,.F.);
#1132 = EDGE_CURVE('',#1133,#1126,#1135,.T.);
#1133 = VERTEX_POINT('',#1134);
#1134 = CARTESIAN_POINT('',(-0.358842532185,-1.,0.668792171186));
#1135 = B_SPLINE_CURVE_WITH_KNOTS('',1,(#1136,#1137),.UNSPECIFIED.,.F.,
  .F.,(2,2),(-2.280535696444E-02,0.),.PIECEWISE_BEZIER_KNOTS.);
#1136 = CARTESIAN_POINT('',(-0.358842532185,-1.,0.668792171186));
#1137 = CARTESIAN_POINT('',(-0.358842532185,-1.,0.69159752815));
#1138 = ORIENTED_EDGE('',*,*,#1139,.F.);
#1139 = EDGE_CURVE('',#1063,#1133,#1140,.T.);
#1140 = B_SPLINE_CURVE_WITH_KNOTS('',1,(#1141,#1142),.UNSPECIFIED.,.F.,
  .F.,(2,2),(-2.770954846969E-02,-0.),.PIECEWISE_BEZIER_KNOTS.);
#1141 = CARTESIAN_POINT('',(-0.331132983715,-1.,0.668792171186));
#1142 = CARTESIAN_POINT('',(-0.358842532185,-1.,0.668792171186));
#1143 = FACE_BOUND('',#1144,.T.);
#1144 = EDGE_LOOP('',(#1145,#1154,#1161,#1168,#1177,#1186,#1195));
#1145 = ORIENTED_EDGE('',*,*,#1146,.F.);
#1146 = EDGE_CURVE('',#1147,#1149,#1151,.T.);
#1147 = VERTEX_POINT('',#1148);
#1148 = CARTESIAN_POINT('',(-0.318326632046,-1.,0.661063304008));
#1149 = VERTEX_POINT('',#1150);
#1150 = CARTESIAN_POINT('',(-0.299680306746,-1.,0.661063304008));
#1151 = B_SPLINE_CURVE_WITH_KNOTS('',1,(#1152,#1153),.UNSPECIFIED.,.F.,
  .F.,(2,2),(-1.864632529929E-02,-5.551115123126E-17),
  .PIECEWISE_BEZIER_KNOTS.);
#1152 = CARTESIAN_POINT('',(-0.318326632046,-1.,0.661063304008));
#1153 = CARTESIAN_POINT('',(-0.299680306746,-1.,0.661063304008));
#1154 = ORIENTED_EDGE('',*,*,#1155,.F.);
#1155 = EDGE_CURVE('',#1156,#1147,#1158,.T.);
#1156 = VERTEX_POINT('',#1157);
#1157 = CARTESIAN_POINT('',(-0.318326632046,-1.,0.728855520152));
#1158 = B_SPLINE_CURVE_WITH_KNOTS('',1,(#1159,#1160),.UNSPECIFIED.,.F.,
  .F.,(2,2),(-6.779221614378E-02,-0.),.PIECEWISE_BEZIER_KNOTS.);
#1159 = CARTESIAN_POINT('',(-0.318326632046,-1.,0.728855520152));
#1160 = CARTESIAN_POINT('',(-0.318326632046,-1.,0.661063304008));
#1161 = ORIENTED_EDGE('',*,*,#1162,.F.);
#1162 = EDGE_CURVE('',#1163,#1156,#1165,.T.);
#1163 = VERTEX_POINT('',#1164);
#1164 = CARTESIAN_POINT('',(-0.298987134803,-1.,0.728855520152));
#1165 = B_SPLINE_CURVE_WITH_KNOTS('',1,(#1166,#1167),.UNSPECIFIED.,.F.,
  .F.,(2,2),(-1.933949724317E-02,-0.),.PIECEWISE_BEZIER_KNOTS.);
#1166 = CARTESIAN_POINT('',(-0.298987134803,-1.,0.728855520152));
#1167 = CARTESIAN_POINT('',(-0.318326632046,-1.,0.728855520152));
#1168 = ORIENTED_EDGE('',*,*,#1169,.F.);
#1169 = EDGE_CURVE('',#1170,#1163,#1172,.T.);
#1170 = VERTEX_POINT('',#1171);
#1171 = CARTESIAN_POINT('',(-0.273357102165,-1.,0.719878943474));
#1172 = B_SPLINE_CURVE_WITH_KNOTS('',3,(#1173,#1174,#1175,#1176),
  .UNSPECIFIED.,.F.,.F.,(4,4),(2.,3.),.PIECEWISE_BEZIER_KNOTS.);
#1173 = CARTESIAN_POINT('',(-0.273357102165,-1.,0.719878943474));
#1174 = CARTESIAN_POINT('',(-0.280167516517,-1.,0.725874880791));
#1175 = CARTESIAN_POINT('',(-0.28871086073,-1.,0.728855520152));
#1176 = CARTESIAN_POINT('',(-0.298987134803,-1.,0.728855520152));
#1177 = ORIENTED_EDGE('',*,*,#1178,.F.);
#1178 = EDGE_CURVE('',#1179,#1170,#1181,.T.);
#1179 = VERTEX_POINT('',#1180);
#1180 = CARTESIAN_POINT('',(-0.263132815988,-1.,0.69582587701));
#1181 = B_SPLINE_CURVE_WITH_KNOTS('',3,(#1182,#1183,#1184,#1185),
  .UNSPECIFIED.,.F.,.F.,(4,4),(3.,4.),.PIECEWISE_BEZIER_KNOTS.);
#1182 = CARTESIAN_POINT('',(-0.263132815988,-1.,0.69582587701));
#1183 = CARTESIAN_POINT('',(-0.263132815988,-1.,0.705876870201));
#1184 = CARTESIAN_POINT('',(-0.266546687813,-1.,0.713883006157));
#1185 = CARTESIAN_POINT('',(-0.273357102165,-1.,0.719878943474));
#1186 = ORIENTED_EDGE('',*,*,#1187,.F.);
#1187 = EDGE_CURVE('',#1188,#1179,#1190,.T.);
#1188 = VERTEX_POINT('',#1189);
#1189 = CARTESIAN_POINT('',(-0.273357102165,-1.,0.670559759644));
#1190 = B_SPLINE_CURVE_WITH_KNOTS('',3,(#1191,#1192,#1193,#1194),
  .UNSPECIFIED.,.F.,.F.,(4,4),(4.,5.),.PIECEWISE_BEZIER_KNOTS.);
#1191 = CARTESIAN_POINT('',(-0.273357102165,-1.,0.670559759644));
#1192 = CARTESIAN_POINT('',(-0.266546687813,-1.,0.676902282933));
#1193 = CARTESIAN_POINT('',(-0.263132815988,-1.,0.685324322055));
#1194 = CARTESIAN_POINT('',(-0.263132815988,-1.,0.69582587701));
#1195 = ORIENTED_EDGE('',*,*,#1196,.F.);
#1196 = EDGE_CURVE('',#1149,#1188,#1197,.T.);
#1197 = B_SPLINE_CURVE_WITH_KNOTS('',3,(#1198,#1199,#1200,#1201),
  .UNSPECIFIED.,.F.,.F.,(4,4),(5.,6.),.PIECEWISE_BEZIER_KNOTS.);
#1198 = CARTESIAN_POINT('',(-0.299680306746,-1.,0.661063304008));
#1199 = CARTESIAN_POINT('',(-0.28895347091,-1.,0.661063304008));
#1200 = CARTESIAN_POINT('',(-0.280167516517,-1.,0.664217236354));
#1201 = CARTESIAN_POINT('',(-0.273357102165,-1.,0.670559759644));
#1202 = FACE_BOUND('',#1203,.T.);
#1203 = EDGE_LOOP('',(#1204,#1213,#1220,#1227,#1234,#1241,#1248,#1255));
#1204 = ORIENTED_EDGE('',*,*,#1205,.F.);
#1205 = EDGE_CURVE('',#1206,#1208,#1210,.T.);
#1206 = VERTEX_POINT('',#1207);
#1207 = CARTESIAN_POINT('',(-0.1983732271,-1.,0.661063304008));
#1208 = VERTEX_POINT('',#1209);
#1209 = CARTESIAN_POINT('',(-0.224193882022,-1.,0.728855520152));
#1210 = B_SPLINE_CURVE_WITH_KNOTS('',1,(#1211,#1212),.UNSPECIFIED.,.F.,
  .F.,(2,2),(-7.254302716501E-02,0.),.PIECEWISE_BEZIER_KNOTS.);
#1211 = CARTESIAN_POINT('',(-0.1983732271,-1.,0.661063304008));
#1212 = CARTESIAN_POINT('',(-0.224193882022,-1.,0.728855520152));
#1213 = ORIENTED_EDGE('',*,*,#1214,.F.);
#1214 = EDGE_CURVE('',#1215,#1206,#1217,.T.);
#1215 = VERTEX_POINT('',#1216);
#1216 = CARTESIAN_POINT('',(-0.208042975722,-1.,0.661063304008));
#1217 = B_SPLINE_CURVE_WITH_KNOTS('',1,(#1218,#1219),.UNSPECIFIED.,.F.,
  .F.,(2,2),(-9.669748621356E-03,0.),.PIECEWISE_BEZIER_KNOTS.);
#1218 = CARTESIAN_POINT('',(-0.208042975722,-1.,0.661063304008));
#1219 = CARTESIAN_POINT('',(-0.1983732271,-1.,0.661063304008));
#1220 = ORIENTED_EDGE('',*,*,#1221,.F.);
#1221 = EDGE_CURVE('',#1222,#1215,#1224,.T.);
#1222 = VERTEX_POINT('',#1223);
#1223 = CARTESIAN_POINT('',(-0.214957365866,-1.,0.679605653515));
#1224 = B_SPLINE_CURVE_WITH_KNOTS('',1,(#1225,#1226),.UNSPECIFIED.,.F.,
  .F.,(2,2),(-1.978958100401E-02,0.),.PIECEWISE_BEZIER_KNOTS.);
#1225 = CARTESIAN_POINT('',(-0.214957365866,-1.,0.679605653515));
#1226 = CARTESIAN_POINT('',(-0.208042975722,-1.,0.661063304008));
#1227 = ORIENTED_EDGE('',*,*,#1228,.F.);
#1228 = EDGE_CURVE('',#1229,#1222,#1231,.T.);
#1229 = VERTEX_POINT('',#1230);
#1230 = CARTESIAN_POINT('',(-0.243186793294,-1.,0.679605653515));
#1231 = B_SPLINE_CURVE_WITH_KNOTS('',1,(#1232,#1233),.UNSPECIFIED.,.F.,
  .F.,(2,2),(-2.822942742818E-02,-5.551115123126E-17),
  .PIECEWISE_BEZIER_KNOTS.);
#1232 = CARTESIAN_POINT('',(-0.243186793294,-1.,0.679605653515));
#1233 = CARTESIAN_POINT('',(-0.214957365866,-1.,0.679605653515));
#1234 = ORIENTED_EDGE('',*,*,#1235,.F.);
#1235 = EDGE_CURVE('',#1236,#1229,#1238,.T.);
#1236 = VERTEX_POINT('',#1237);
#1237 = CARTESIAN_POINT('',(-0.249702609569,-1.,0.661063304008));
#1238 = B_SPLINE_CURVE_WITH_KNOTS('',1,(#1239,#1240),.UNSPECIFIED.,.F.,
  .F.,(2,2),(-1.965386951692E-02,0.),.PIECEWISE_BEZIER_KNOTS.);
#1239 = CARTESIAN_POINT('',(-0.249702609569,-1.,0.661063304008));
#1240 = CARTESIAN_POINT('',(-0.243186793294,-1.,0.679605653515));
#1241 = ORIENTED_EDGE('',*,*,#1242,.F.);
#1242 = EDGE_CURVE('',#1243,#1236,#1245,.T.);
#1243 = VERTEX_POINT('',#1244);
#1244 = CARTESIAN_POINT('',(-0.259372358191,-1.,0.661063304008));
#1245 = B_SPLINE_CURVE_WITH_KNOTS('',1,(#1246,#1247),.UNSPECIFIED.,.F.,
  .F.,(2,2),(-9.669748621818E-03,-5.551115123126E-17),
  .PIECEWISE_BEZIER_KNOTS.);
#1246 = CARTESIAN_POINT('',(-0.259372358191,-1.,0.661063304008));
#1247 = CARTESIAN_POINT('',(-0.249702609569,-1.,0.661063304008));
#1248 = ORIENTED_EDGE('',*,*,#1249,.F.);
#1249 = EDGE_CURVE('',#1250,#1243,#1252,.T.);
#1250 = VERTEX_POINT('',#1251);
#1251 = CARTESIAN_POINT('',(-0.233551703269,-1.,0.728855520152));
#1252 = B_SPLINE_CURVE_WITH_KNOTS('',1,(#1253,#1254),.UNSPECIFIED.,.F.,
  .F.,(2,2),(-7.254302716517E-02,-3.951680364821E-17),
  .PIECEWISE_BEZIER_KNOTS.);
#1253 = CARTESIAN_POINT('',(-0.233551703269,-1.,0.728855520152));
#1254 = CARTESIAN_POINT('',(-0.259372358191,-1.,0.661063304008));
#1255 = ORIENTED_EDGE('',*,*,#1256,.F.);
#1256 = EDGE_CURVE('',#1208,#1250,#1257,.T.);
#1257 = B_SPLINE_CURVE_WITH_KNOTS('',1,(#1258,#1259),.UNSPECIFIED.,.F.,
  .F.,(2,2),(-9.357821247279E-03,-0.),.PIECEWISE_BEZIER_KNOTS.);
#1258 = CARTESIAN_POINT('',(-0.224193882022,-1.,0.728855520152));
#1259 = CARTESIAN_POINT('',(-0.233551703269,-1.,0.728855520152));
#1260 = FACE_BOUND('',#1261,.T.);
#1261 = EDGE_LOOP('',(#1262,#1273,#1282,#1291,#1298,#1307,#1316,#1325,
    #1332,#1341,#1350,#1359,#1368,#1377,#1386,#1395,#1404,#1413,#1422,
    #1429,#1436,#1443,#1452,#1461,#1470,#1479,#1488,#1497,#1506,#1515,
    #1524,#1533,#1542));
#1262 = ORIENTED_EDGE('',*,*,#1263,.F.);
#1263 = EDGE_CURVE('',#1264,#1266,#1268,.T.);
#1264 = VERTEX_POINT('',#1265);
#1265 = CARTESIAN_POINT('',(-0.610859959169,-1.,0.728307590821));
#1266 = VERTEX_POINT('',#1267);
#1267 = CARTESIAN_POINT('',(-0.658577524766,-1.,0.791449014055));
#1268 = B_SPLINE_CURVE_WITH_KNOTS('',3,(#1269,#1270,#1271,#1272),
  .UNSPECIFIED.,.F.,.F.,(4,4),(35.,36.),.PIECEWISE_BEZIER_KNOTS.);
#1269 = CARTESIAN_POINT('',(-0.610859959169,-1.,0.728307590821));
#1270 = CARTESIAN_POINT('',(-0.611341947538,-1.,0.757227315846));
#1271 = CARTESIAN_POINT('',(-0.631103783234,-1.,0.782773094708));
#1272 = CARTESIAN_POINT('',(-0.658577524766,-1.,0.791449014055));
#1273 = ORIENTED_EDGE('',*,*,#1274,.F.);
#1274 = EDGE_CURVE('',#1275,#1264,#1277,.T.);
#1275 = VERTEX_POINT('',#1276);
#1276 = CARTESIAN_POINT('',(-0.628693804617,-1.,0.682517997086));
#1277 = B_SPLINE_CURVE_WITH_KNOTS('',3,(#1278,#1279,#1280,#1281),
  .UNSPECIFIED.,.F.,.F.,(4,4),(34.,35.),.PIECEWISE_BEZIER_KNOTS.);
#1278 = CARTESIAN_POINT('',(-0.628693804617,-1.,0.682517997086));
#1279 = CARTESIAN_POINT('',(-0.617125899897,-1.,0.695049878543));
#1280 = CARTESIAN_POINT('',(-0.610859959169,-1.,0.711437740498));
#1281 = CARTESIAN_POINT('',(-0.610859959169,-1.,0.728307590821));
#1282 = ORIENTED_EDGE('',*,*,#1283,.F.);
#1283 = EDGE_CURVE('',#1284,#1275,#1286,.T.);
#1284 = VERTEX_POINT('',#1285);
#1285 = CARTESIAN_POINT('',(-0.672555408103,-1.,0.660828189527));
#1286 = B_SPLINE_CURVE_WITH_KNOTS('',3,(#1287,#1288,#1289,#1290),
  .UNSPECIFIED.,.F.,.F.,(4,4),(33.,34.),.PIECEWISE_BEZIER_KNOTS.);
#1287 = CARTESIAN_POINT('',(-0.672555408103,-1.,0.660828189527));
#1288 = CARTESIAN_POINT('',(-0.65568555778,-1.,0.662274173021));
#1289 = CARTESIAN_POINT('',(-0.640261690949,-1.,0.669986115629));
#1290 = CARTESIAN_POINT('',(-0.628693804617,-1.,0.682517997086));
#1291 = ORIENTED_EDGE('',*,*,#1292,.F.);
#1292 = EDGE_CURVE('',#1293,#1284,#1295,.T.);
#1293 = VERTEX_POINT('',#1294);
#1294 = CARTESIAN_POINT('',(-0.700993144759,-1.,0.660828189527));
#1295 = B_SPLINE_CURVE_WITH_KNOTS('',1,(#1296,#1297),.UNSPECIFIED.,.F.,
  .F.,(2,2),(-2.699175316268E-02,1.445983493377E-03),
  .PIECEWISE_BEZIER_KNOTS.);
#1296 = CARTESIAN_POINT('',(-0.700993144759,-1.,0.660828189527));
#1297 = CARTESIAN_POINT('',(-0.672555408103,-1.,0.660828189527));
#1298 = ORIENTED_EDGE('',*,*,#1299,.F.);
#1299 = EDGE_CURVE('',#1300,#1293,#1302,.T.);
#1300 = VERTEX_POINT('',#1301);
#1301 = CARTESIAN_POINT('',(-0.714971028095,-1.,0.675770049602));
#1302 = B_SPLINE_CURVE_WITH_KNOTS('',3,(#1303,#1304,#1305,#1306),
  .UNSPECIFIED.,.F.,.F.,(4,4),(28.,29.),.PIECEWISE_BEZIER_KNOTS.);
#1303 = CARTESIAN_POINT('',(-0.714971028095,-1.,0.675770049602));
#1304 = CARTESIAN_POINT('',(-0.714971028095,-1.,0.66805812538));
#1305 = CARTESIAN_POINT('',(-0.708705087367,-1.,0.661310177896));
#1306 = CARTESIAN_POINT('',(-0.700993144759,-1.,0.660828189527));
#1307 = ORIENTED_EDGE('',*,*,#1308,.F.);
#1308 = EDGE_CURVE('',#1309,#1300,#1311,.T.);
#1309 = VERTEX_POINT('',#1310);
#1310 = CARTESIAN_POINT('',(-0.700029168021,-1.,0.690711909677));
#1311 = B_SPLINE_CURVE_WITH_KNOTS('',3,(#1312,#1313,#1314,#1315),
  .UNSPECIFIED.,.F.,.F.,(4,4),(27.,28.),.PIECEWISE_BEZIER_KNOTS.);
#1312 = CARTESIAN_POINT('',(-0.700029168021,-1.,0.690711909677));
#1313 = CARTESIAN_POINT('',(-0.708223098998,-1.,0.690711909677));
#1314 = CARTESIAN_POINT('',(-0.714971028095,-1.,0.683963962193));
#1315 = CARTESIAN_POINT('',(-0.714971028095,-1.,0.675770049602));
#1316 = ORIENTED_EDGE('',*,*,#1317,.F.);
#1317 = EDGE_CURVE('',#1318,#1309,#1320,.T.);
#1318 = VERTEX_POINT('',#1319);
#1319 = CARTESIAN_POINT('',(-0.697137201034,-1.,0.690229921308));
#1320 = B_SPLINE_CURVE_WITH_KNOTS('',3,(#1321,#1322,#1323,#1324),
  .UNSPECIFIED.,.F.,.F.,(4,4),(26.,27.),.PIECEWISE_BEZIER_KNOTS.);
#1321 = CARTESIAN_POINT('',(-0.697137201034,-1.,0.690229921308));
#1322 = CARTESIAN_POINT('',(-0.698101196159,-1.,0.690229921308));
#1323 = CARTESIAN_POINT('',(-0.699065191283,-1.,0.690711909677));
#1324 = CARTESIAN_POINT('',(-0.700029168021,-1.,0.690711909677));
#1325 = ORIENTED_EDGE('',*,*,#1326,.F.);
#1326 = EDGE_CURVE('',#1327,#1318,#1329,.T.);
#1327 = VERTEX_POINT('',#1328);
#1328 = CARTESIAN_POINT('',(-0.675447393476,-1.,0.690229921308));
#1329 = B_SPLINE_CURVE_WITH_KNOTS('',1,(#1330,#1331),.UNSPECIFIED.,.F.,
  .F.,(2,2),(0.,2.168980755861E-02),.PIECEWISE_BEZIER_KNOTS.);
#1330 = CARTESIAN_POINT('',(-0.675447393476,-1.,0.690229921308));
#1331 = CARTESIAN_POINT('',(-0.697137201034,-1.,0.690229921308));
#1332 = ORIENTED_EDGE('',*,*,#1333,.F.);
#1333 = EDGE_CURVE('',#1334,#1327,#1336,.T.);
#1334 = VERTEX_POINT('',#1335);
#1335 = CARTESIAN_POINT('',(-0.640743697705,-1.,0.727825584065));
#1336 = B_SPLINE_CURVE_WITH_KNOTS('',3,(#1337,#1338,#1339,#1340),
  .UNSPECIFIED.,.F.,.F.,(4,4),(24.,25.),.PIECEWISE_BEZIER_KNOTS.);
#1337 = CARTESIAN_POINT('',(-0.640743697705,-1.,0.727825584065));
#1338 = CARTESIAN_POINT('',(-0.640743697705,-1.,0.708063757562));
#1339 = CARTESIAN_POINT('',(-0.65568555778,-1.,0.691675904801));
#1340 = CARTESIAN_POINT('',(-0.675447393476,-1.,0.690229921308));
#1341 = ORIENTED_EDGE('',*,*,#1342,.F.);
#1342 = EDGE_CURVE('',#1343,#1334,#1345,.T.);
#1343 = VERTEX_POINT('',#1344);
#1344 = CARTESIAN_POINT('',(-0.678339360462,-1.,0.765421246823));
#1345 = B_SPLINE_CURVE_WITH_KNOTS('',3,(#1346,#1347,#1348,#1349),
  .UNSPECIFIED.,.F.,.F.,(4,4),(23.,24.),.PIECEWISE_BEZIER_KNOTS.);
#1346 = CARTESIAN_POINT('',(-0.678339360462,-1.,0.765421246823));
#1347 = CARTESIAN_POINT('',(-0.657613548028,-1.,0.765421246823));
#1348 = CARTESIAN_POINT('',(-0.640743697705,-1.,0.7485513965));
#1349 = CARTESIAN_POINT('',(-0.640743697705,-1.,0.727825584065));
#1350 = ORIENTED_EDGE('',*,*,#1351,.F.);
#1351 = EDGE_CURVE('',#1352,#1343,#1354,.T.);
#1352 = VERTEX_POINT('',#1353);
#1353 = CARTESIAN_POINT('',(-0.682195322573,-1.,0.765421246823));
#1354 = B_SPLINE_CURVE_WITH_KNOTS('',3,(#1355,#1356,#1357,#1358),
  .UNSPECIFIED.,.F.,.F.,(4,4),(22.,23.),.PIECEWISE_BEZIER_KNOTS.);
#1355 = CARTESIAN_POINT('',(-0.682195322573,-1.,0.765421246823));
#1356 = CARTESIAN_POINT('',(-0.68074933908,-1.,0.765421246823));
#1357 = CARTESIAN_POINT('',(-0.679785343956,-1.,0.765421246823));
#1358 = CARTESIAN_POINT('',(-0.678339360462,-1.,0.765421246823));
#1359 = ORIENTED_EDGE('',*,*,#1360,.F.);
#1360 = EDGE_CURVE('',#1361,#1352,#1363,.T.);
#1361 = VERTEX_POINT('',#1362);
#1362 = CARTESIAN_POINT('',(-0.749674723867,-1.,0.825670712263));
#1363 = B_SPLINE_CURVE_WITH_KNOTS('',3,(#1364,#1365,#1366,#1367),
  .UNSPECIFIED.,.F.,.F.,(4,4),(21.,22.),.PIECEWISE_BEZIER_KNOTS.);
#1364 = CARTESIAN_POINT('',(-0.749674723867,-1.,0.825670712263));
#1365 = CARTESIAN_POINT('',(-0.714971028095,-1.,0.825670712263));
#1366 = CARTESIAN_POINT('',(-0.686051284684,-1.,0.79916094747));
#1367 = CARTESIAN_POINT('',(-0.682195322573,-1.,0.765421246823));
#1368 = ORIENTED_EDGE('',*,*,#1369,.F.);
#1369 = EDGE_CURVE('',#1370,#1361,#1372,.T.);
#1370 = VERTEX_POINT('',#1371);
#1371 = CARTESIAN_POINT('',(-0.814262139787,-1.,0.779399148546));
#1372 = B_SPLINE_CURVE_WITH_KNOTS('',3,(#1373,#1374,#1375,#1376),
  .UNSPECIFIED.,.F.,.F.,(4,4),(20.,21.),.PIECEWISE_BEZIER_KNOTS.);
#1373 = CARTESIAN_POINT('',(-0.814262139787,-1.,0.779399148546));
#1374 = CARTESIAN_POINT('',(-0.805104232072,-1.,0.806390883323));
#1375 = CARTESIAN_POINT('',(-0.780040450771,-1.,0.825670712263));
#1376 = CARTESIAN_POINT('',(-0.749674723867,-1.,0.825670712263));
#1377 = ORIENTED_EDGE('',*,*,#1378,.F.);
#1378 = EDGE_CURVE('',#1379,#1370,#1381,.T.);
#1379 = VERTEX_POINT('',#1380);
#1380 = CARTESIAN_POINT('',(-0.839807909457,-1.,0.786629084399));
#1381 = B_SPLINE_CURVE_WITH_KNOTS('',3,(#1382,#1383,#1384,#1385),
  .UNSPECIFIED.,.F.,.F.,(4,4),(19.,20.),.PIECEWISE_BEZIER_KNOTS.);
#1382 = CARTESIAN_POINT('',(-0.839807909457,-1.,0.786629084399));
#1383 = CARTESIAN_POINT('',(-0.830649992548,-1.,0.786629084399));
#1384 = CARTESIAN_POINT('',(-0.82149207564,-1.,0.78373710822));
#1385 = CARTESIAN_POINT('',(-0.814262139787,-1.,0.779399148546));
#1386 = ORIENTED_EDGE('',*,*,#1387,.F.);
#1387 = EDGE_CURVE('',#1388,#1379,#1390,.T.);
#1388 = VERTEX_POINT('',#1389);
#1389 = CARTESIAN_POINT('',(-0.888007481809,-1.,0.738429512047));
#1390 = B_SPLINE_CURVE_WITH_KNOTS('',3,(#1391,#1392,#1393,#1394),
  .UNSPECIFIED.,.F.,.F.,(4,4),(18.,19.),.PIECEWISE_BEZIER_KNOTS.);
#1391 = CARTESIAN_POINT('',(-0.888007481809,-1.,0.738429512047));
#1392 = CARTESIAN_POINT('',(-0.888007481809,-1.,0.764939276841));
#1393 = CARTESIAN_POINT('',(-0.86631767425,-1.,0.786629084399));
#1394 = CARTESIAN_POINT('',(-0.839807909457,-1.,0.786629084399));
#1395 = ORIENTED_EDGE('',*,*,#1396,.F.);
#1396 = EDGE_CURVE('',#1397,#1388,#1399,.T.);
#1397 = VERTEX_POINT('',#1398);
#1398 = CARTESIAN_POINT('',(-0.859087738397,-1.,0.694085901806));
#1399 = B_SPLINE_CURVE_WITH_KNOTS('',3,(#1400,#1401,#1402,#1403),
  .UNSPECIFIED.,.F.,.F.,(4,4),(17.,18.),.PIECEWISE_BEZIER_KNOTS.);
#1400 = CARTESIAN_POINT('',(-0.859087738397,-1.,0.694085901806));
#1401 = CARTESIAN_POINT('',(-0.875957588721,-1.,0.70179783522));
#1402 = CARTESIAN_POINT('',(-0.888007481809,-1.,0.718667685544));
#1403 = CARTESIAN_POINT('',(-0.888007481809,-1.,0.738429512047));
#1404 = ORIENTED_EDGE('',*,*,#1405,.F.);
#1405 = EDGE_CURVE('',#1406,#1397,#1408,.T.);
#1406 = VERTEX_POINT('',#1407);
#1407 = CARTESIAN_POINT('',(-0.813780142225,-1.,0.725897621397));
#1408 = B_SPLINE_CURVE_WITH_KNOTS('',3,(#1409,#1410,#1411,#1412),
  .UNSPECIFIED.,.F.,.F.,(4,4),(16.,17.),.PIECEWISE_BEZIER_KNOTS.);
#1409 = CARTESIAN_POINT('',(-0.813780142225,-1.,0.725897621397));
#1410 = CARTESIAN_POINT('',(-0.834505963852,-1.,0.725897621397));
#1411 = CARTESIAN_POINT('',(-0.852339800107,-1.,0.712401744816));
#1412 = CARTESIAN_POINT('',(-0.859087738397,-1.,0.694085901806));
#1413 = ORIENTED_EDGE('',*,*,#1414,.F.);
#1414 = EDGE_CURVE('',#1415,#1406,#1417,.T.);
#1415 = VERTEX_POINT('',#1416);
#1416 = CARTESIAN_POINT('',(-0.77763046296,-1.,0.709509768635));
#1417 = B_SPLINE_CURVE_WITH_KNOTS('',3,(#1418,#1419,#1420,#1421),
  .UNSPECIFIED.,.F.,.F.,(4,4),(15.,16.),.PIECEWISE_BEZIER_KNOTS.);
#1418 = CARTESIAN_POINT('',(-0.77763046296,-1.,0.709509768635));
#1419 = CARTESIAN_POINT('',(-0.786306382307,-1.,0.719631680668));
#1420 = CARTESIAN_POINT('',(-0.799320270519,-1.,0.725897621397));
#1421 = CARTESIAN_POINT('',(-0.813780142225,-1.,0.725897621397));
#1422 = ORIENTED_EDGE('',*,*,#1423,.F.);
#1423 = EDGE_CURVE('',#1424,#1415,#1426,.T.);
#1424 = VERTEX_POINT('',#1425);
#1425 = CARTESIAN_POINT('',(-0.713043037847,-1.,0.743249469282));
#1426 = B_SPLINE_CURVE_WITH_KNOTS('',1,(#1427,#1428),.UNSPECIFIED.,.F.,
  .F.,(2,2),(0.,7.286908042864E-02),.PIECEWISE_BEZIER_KNOTS.);
#1427 = CARTESIAN_POINT('',(-0.713043037847,-1.,0.743249469282));
#1428 = CARTESIAN_POINT('',(-0.77763046296,-1.,0.709509768635));
#1429 = ORIENTED_EDGE('',*,*,#1430,.F.);
#1430 = EDGE_CURVE('',#1431,#1424,#1433,.T.);
#1431 = VERTEX_POINT('',#1432);
#1432 = CARTESIAN_POINT('',(-0.698101177772,-1.,0.717703690419));
#1433 = B_SPLINE_CURVE_WITH_KNOTS('',1,(#1434,#1435),.UNSPECIFIED.,.F.,
  .F.,(2,2),(0.,2.959469547388E-02),.PIECEWISE_BEZIER_KNOTS.);
#1434 = CARTESIAN_POINT('',(-0.698101177772,-1.,0.717703690419));
#1435 = CARTESIAN_POINT('',(-0.713043037847,-1.,0.743249469282));
#1436 = ORIENTED_EDGE('',*,*,#1437,.F.);
#1437 = EDGE_CURVE('',#1438,#1431,#1440,.T.);
#1438 = VERTEX_POINT('',#1439);
#1439 = CARTESIAN_POINT('',(-0.765580579065,-1.,0.682036008717));
#1440 = B_SPLINE_CURVE_WITH_KNOTS('',1,(#1441,#1442),.UNSPECIFIED.,.F.,
  .F.,(2,2),(0.,7.632596620359E-02),.PIECEWISE_BEZIER_KNOTS.);
#1441 = CARTESIAN_POINT('',(-0.765580579065,-1.,0.682036008717));
#1442 = CARTESIAN_POINT('',(-0.698101177772,-1.,0.717703690419));
#1443 = ORIENTED_EDGE('',*,*,#1444,.F.);
#1444 = EDGE_CURVE('',#1445,#1438,#1447,.T.);
#1445 = VERTEX_POINT('',#1446);
#1446 = CARTESIAN_POINT('',(-0.765580579065,-1.,0.677216051482));
#1447 = B_SPLINE_CURVE_WITH_KNOTS('',3,(#1448,#1449,#1450,#1451),
  .UNSPECIFIED.,.F.,.F.,(4,4),(11.,12.),.PIECEWISE_BEZIER_KNOTS.);
#1448 = CARTESIAN_POINT('',(-0.765580579065,-1.,0.677216051482));
#1449 = CARTESIAN_POINT('',(-0.765580579065,-1.,0.678662034975));
#1450 = CARTESIAN_POINT('',(-0.765580579065,-1.,0.680108018469));
#1451 = CARTESIAN_POINT('',(-0.765580579065,-1.,0.682036008717));
#1452 = ORIENTED_EDGE('',*,*,#1453,.F.);
#1453 = EDGE_CURVE('',#1454,#1445,#1456,.T.);
#1454 = VERTEX_POINT('',#1455);
#1455 = CARTESIAN_POINT('',(-0.813780151418,-1.,0.62901647913));
#1456 = B_SPLINE_CURVE_WITH_KNOTS('',3,(#1457,#1458,#1459,#1460),
  .UNSPECIFIED.,.F.,.F.,(4,4),(10.,11.),.PIECEWISE_BEZIER_KNOTS.);
#1457 = CARTESIAN_POINT('',(-0.813780151418,-1.,0.62901647913));
#1458 = CARTESIAN_POINT('',(-0.787270386624,-1.,0.62901647913));
#1459 = CARTESIAN_POINT('',(-0.765580579065,-1.,0.650706286688));
#1460 = CARTESIAN_POINT('',(-0.765580579065,-1.,0.677216051482));
#1461 = ORIENTED_EDGE('',*,*,#1462,.F.);
#1462 = EDGE_CURVE('',#1463,#1454,#1465,.T.);
#1463 = VERTEX_POINT('',#1464);
#1464 = CARTESIAN_POINT('',(-0.85956974975,-1.,0.661792184652));
#1465 = B_SPLINE_CURVE_WITH_KNOTS('',3,(#1466,#1467,#1468,#1469),
  .UNSPECIFIED.,.F.,.F.,(4,4),(9.,10.),.PIECEWISE_BEZIER_KNOTS.);
#1466 = CARTESIAN_POINT('',(-0.85956974975,-1.,0.661792184652));
#1467 = CARTESIAN_POINT('',(-0.853303804425,-1.,0.642512355711));
#1468 = CARTESIAN_POINT('',(-0.834987970608,-1.,0.62901647913));
#1469 = CARTESIAN_POINT('',(-0.813780151418,-1.,0.62901647913));
#1470 = ORIENTED_EDGE('',*,*,#1471,.F.);
#1471 = EDGE_CURVE('',#1472,#1463,#1474,.T.);
#1472 = VERTEX_POINT('',#1473);
#1473 = CARTESIAN_POINT('',(-0.898129407631,-1.,0.684927975704));
#1474 = B_SPLINE_CURVE_WITH_KNOTS('',3,(#1475,#1476,#1477,#1478),
  .UNSPECIFIED.,.F.,.F.,(4,4),(8.,9.),.PIECEWISE_BEZIER_KNOTS.);
#1475 = CARTESIAN_POINT('',(-0.898129407631,-1.,0.684927975704));
#1476 = CARTESIAN_POINT('',(-0.887525502633,-1.,0.673360070984));
#1477 = CARTESIAN_POINT('',(-0.874511614421,-1.,0.665648146763));
#1478 = CARTESIAN_POINT('',(-0.85956974975,-1.,0.661792184652));
#1479 = ORIENTED_EDGE('',*,*,#1480,.F.);
#1480 = EDGE_CURVE('',#1481,#1472,#1483,.T.);
#1481 = VERTEX_POINT('',#1482);
#1482 = CARTESIAN_POINT('',(-0.9183732271,-1.,0.737465498536));
#1483 = B_SPLINE_CURVE_WITH_KNOTS('',3,(#1484,#1485,#1486,#1487),
  .UNSPECIFIED.,.F.,.F.,(4,4),(7.,8.),.PIECEWISE_BEZIER_KNOTS.);
#1484 = CARTESIAN_POINT('',(-0.9183732271,-1.,0.737465498536));
#1485 = CARTESIAN_POINT('',(-0.9183732271,-1.,0.718185669595));
#1486 = CARTESIAN_POINT('',(-0.911143291248,-1.,0.699387829023));
#1487 = CARTESIAN_POINT('',(-0.898129407631,-1.,0.684927975704));
#1488 = ORIENTED_EDGE('',*,*,#1489,.F.);
#1489 = EDGE_CURVE('',#1490,#1481,#1492,.T.);
#1490 = VERTEX_POINT('',#1491);
#1491 = CARTESIAN_POINT('',(-0.895719415224,-1.,0.792413004582));
#1492 = B_SPLINE_CURVE_WITH_KNOTS('',3,(#1493,#1494,#1495,#1496),
  .UNSPECIFIED.,.F.,.F.,(4,4),(6.,7.),.PIECEWISE_BEZIER_KNOTS.);
#1493 = CARTESIAN_POINT('',(-0.895719415224,-1.,0.792413004582));
#1494 = CARTESIAN_POINT('',(-0.910179299571,-1.,0.777953137473));
#1495 = CARTESIAN_POINT('',(-0.9183732271,-1.,0.75819131097));
#1496 = CARTESIAN_POINT('',(-0.9183732271,-1.,0.737465498536));
#1497 = ORIENTED_EDGE('',*,*,#1498,.F.);
#1498 = EDGE_CURVE('',#1499,#1490,#1501,.T.);
#1499 = VERTEX_POINT('',#1500);
#1500 = CARTESIAN_POINT('',(-0.840289907019,-1.,0.815548800231));
#1501 = B_SPLINE_CURVE_WITH_KNOTS('',3,(#1502,#1503,#1504,#1505),
  .UNSPECIFIED.,.F.,.F.,(4,4),(5.,6.),.PIECEWISE_BEZIER_KNOTS.);
#1502 = CARTESIAN_POINT('',(-0.840289907019,-1.,0.815548800231));
#1503 = CARTESIAN_POINT('',(-0.86101572405,-1.,0.815548800231));
#1504 = CARTESIAN_POINT('',(-0.880777545956,-1.,0.807354873851));
#1505 = CARTESIAN_POINT('',(-0.895719415224,-1.,0.792413004582));
#1506 = ORIENTED_EDGE('',*,*,#1507,.F.);
#1507 = EDGE_CURVE('',#1508,#1499,#1510,.T.);
#1508 = VERTEX_POINT('',#1509);
#1509 = CARTESIAN_POINT('',(-0.829204009055,-1.,0.814584809703));
#1510 = B_SPLINE_CURVE_WITH_KNOTS('',3,(#1511,#1512,#1513,#1514),
  .UNSPECIFIED.,.F.,.F.,(4,4),(4.,5.),.PIECEWISE_BEZIER_KNOTS.);
#1511 = CARTESIAN_POINT('',(-0.829204009055,-1.,0.814584809703));
#1512 = CARTESIAN_POINT('',(-0.833059971166,-1.,0.815066807265));
#1513 = CARTESIAN_POINT('',(-0.836433944908,-1.,0.815548800231));
#1514 = CARTESIAN_POINT('',(-0.840289907019,-1.,0.815548800231));
#1515 = ORIENTED_EDGE('',*,*,#1516,.F.);
#1516 = EDGE_CURVE('',#1517,#1508,#1519,.T.);
#1517 = VERTEX_POINT('',#1518);
#1518 = CARTESIAN_POINT('',(-0.807996199059,-1.,0.835792621998));
#1519 = B_SPLINE_CURVE_WITH_KNOTS('',3,(#1520,#1521,#1522,#1523),
  .UNSPECIFIED.,.F.,.F.,(4,4),(3.,4.),.PIECEWISE_BEZIER_KNOTS.);
#1520 = CARTESIAN_POINT('',(-0.807996199059,-1.,0.835792621998));
#1521 = CARTESIAN_POINT('',(-0.816190130036,-1.,0.830008671936));
#1522 = CARTESIAN_POINT('',(-0.822938068326,-1.,0.822778736084));
#1523 = CARTESIAN_POINT('',(-0.829204009055,-1.,0.814584809703));
#1524 = ORIENTED_EDGE('',*,*,#1525,.F.);
#1525 = EDGE_CURVE('',#1526,#1517,#1528,.T.);
#1526 = VERTEX_POINT('',#1527);
#1527 = CARTESIAN_POINT('',(-0.750156712236,-1.,0.854590455675));
#1528 = B_SPLINE_CURVE_WITH_KNOTS('',3,(#1529,#1530,#1531,#1532),
  .UNSPECIFIED.,.F.,.F.,(4,4),(2.,3.),.PIECEWISE_BEZIER_KNOTS.);
#1529 = CARTESIAN_POINT('',(-0.750156712236,-1.,0.854590455675));
#1530 = CARTESIAN_POINT('',(-0.771364522232,-1.,0.854590455675));
#1531 = CARTESIAN_POINT('',(-0.791126348735,-1.,0.847842515661));
#1532 = CARTESIAN_POINT('',(-0.807996199059,-1.,0.835792621998));
#1533 = ORIENTED_EDGE('',*,*,#1534,.F.);
#1534 = EDGE_CURVE('',#1535,#1526,#1537,.T.);
#1535 = VERTEX_POINT('',#1536);
#1536 = CARTESIAN_POINT('',(-0.684605301191,-1.,0.829526676673));
#1537 = B_SPLINE_CURVE_WITH_KNOTS('',3,(#1538,#1539,#1540,#1541),
  .UNSPECIFIED.,.F.,.F.,(4,4),(1.,2.),.PIECEWISE_BEZIER_KNOTS.);
#1538 = CARTESIAN_POINT('',(-0.684605301191,-1.,0.829526676673));
#1539 = CARTESIAN_POINT('',(-0.702921135007,-1.,0.845432537043));
#1540 = CARTESIAN_POINT('',(-0.726056926059,-1.,0.854590455675));
#1541 = CARTESIAN_POINT('',(-0.750156712236,-1.,0.854590455675));
#1542 = ORIENTED_EDGE('',*,*,#1543,.F.);
#1543 = EDGE_CURVE('',#1266,#1535,#1544,.T.);
#1544 = B_SPLINE_CURVE_WITH_KNOTS('',3,(#1545,#1546,#1547,#1548),
  .UNSPECIFIED.,.F.,.F.,(4,4),(0.,1.),.PIECEWISE_BEZIER_KNOTS.);
#1545 = CARTESIAN_POINT('',(-0.658577524766,-1.,0.791449014055));
#1546 = CARTESIAN_POINT('',(-0.66387947037,-1.,0.80590888576));
#1547 = CARTESIAN_POINT('',(-0.673037396472,-1.,0.818922769376));
#1548 = CARTESIAN_POINT('',(-0.684605301191,-1.,0.829526676673));
#1549 = B_SPLINE_SURFACE_WITH_KNOTS('',1,1,(
    (#1550,#1551)
    ,(#1552,#1553
    )),.UNSPECIFIED.,.F.,.F.,.F.,(2,2),(2,2),(-0.85,0.),(0.,2.),
  .PIECEWISE_BEZIER_KNOTS.);
#1550 = CARTESIAN_POINT('',(-1.,-1.,7.00001E-02));
#1551 = CARTESIAN_POINT('',(1.,-1.,7.00001E-02));
#1552 = CARTESIAN_POINT('',(-1.,-1.,0.9200001));
#1553 = CARTESIAN_POINT('',(1.,-1.,0.9200001));
#1554 = ADVANCED_FACE('',(#1555),#1599,.T.);
#1555 = FACE_BOUND('',#1556,.T.);
#1556 = EDGE_LOOP('',(#1557,#1566,#1573,#1580,#1587,#1594));
#1557 = ORIENTED_EDGE('',*,*,#1558,.F.);
#1558 = EDGE_CURVE('',#1559,#1561,#1563,.T.);
#1559 = VERTEX_POINT('',#1560);
#1560 = CARTESIAN_POINT('',(0.175,0.96,7.00001E-02));
#1561 = VERTEX_POINT('',#1562);
#1562 = CARTESIAN_POINT('',(0.175,0.96,1.000000000029E-07));
#1563 = B_SPLINE_CURVE_WITH_KNOTS('',1,(#1564,#1565),.UNSPECIFIED.,.F.,
  .F.,(2,2),(3.E-02,0.1),.PIECEWISE_BEZIER_KNOTS.);
#1564 = CARTESIAN_POINT('',(0.175,0.96,7.00001E-02));
#1565 = CARTESIAN_POINT('',(0.175,0.96,9.999999999941E-08));
#1566 = ORIENTED_EDGE('',*,*,#1567,.T.);
#1567 = EDGE_CURVE('',#1559,#1568,#1570,.T.);
#1568 = VERTEX_POINT('',#1569);
#1569 = CARTESIAN_POINT('',(0.175,0.95,7.00001E-02));
#1570 = B_SPLINE_CURVE_WITH_KNOTS('',1,(#1571,#1572),.UNSPECIFIED.,.F.,
  .F.,(2,2),(-0.96,-0.95),.PIECEWISE_BEZIER_KNOTS.);
#1571 = CARTESIAN_POINT('',(0.175,0.96,7.00001E-02));
#1572 = CARTESIAN_POINT('',(0.175,0.95,7.00001E-02));
#1573 = ORIENTED_EDGE('',*,*,#1574,.T.);
#1574 = EDGE_CURVE('',#1568,#1575,#1577,.T.);
#1575 = VERTEX_POINT('',#1576);
#1576 = CARTESIAN_POINT('',(0.175,0.95,2.00001E-02));
#1577 = B_SPLINE_CURVE_WITH_KNOTS('',1,(#1578,#1579),.UNSPECIFIED.,.F.,
  .F.,(2,2),(0.,5.E-02),.PIECEWISE_BEZIER_KNOTS.);
#1578 = CARTESIAN_POINT('',(0.175,0.95,7.00001E-02));
#1579 = CARTESIAN_POINT('',(0.175,0.95,2.00001E-02));
#1580 = ORIENTED_EDGE('',*,*,#1581,.F.);
#1581 = EDGE_CURVE('',#1582,#1575,#1584,.T.);
#1582 = VERTEX_POINT('',#1583);
#1583 = CARTESIAN_POINT('',(0.175,-0.1,2.00001E-02));
#1584 = B_SPLINE_CURVE_WITH_KNOTS('',1,(#1585,#1586),.UNSPECIFIED.,.F.,
  .F.,(2,2),(-0.1,0.95),.PIECEWISE_BEZIER_KNOTS.);
#1585 = CARTESIAN_POINT('',(0.175,-0.1,2.00001E-02));
#1586 = CARTESIAN_POINT('',(0.175,0.95,2.00001E-02));
#1587 = ORIENTED_EDGE('',*,*,#1588,.T.);
#1588 = EDGE_CURVE('',#1582,#1589,#1591,.T.);
#1589 = VERTEX_POINT('',#1590);
#1590 = CARTESIAN_POINT('',(0.175,-0.1,1.000000000029E-07));
#1591 = B_SPLINE_CURVE_WITH_KNOTS('',1,(#1592,#1593),.UNSPECIFIED.,.F.,
  .F.,(2,2),(0.18,0.2),.PIECEWISE_BEZIER_KNOTS.);
#1592 = CARTESIAN_POINT('',(0.175,-0.1,2.00001E-02));
#1593 = CARTESIAN_POINT('',(0.175,-0.1,1.000000000133E-07));
#1594 = ORIENTED_EDGE('',*,*,#1595,.F.);
#1595 = EDGE_CURVE('',#1561,#1589,#1596,.T.);
#1596 = B_SPLINE_CURVE_WITH_KNOTS('',1,(#1597,#1598),.UNSPECIFIED.,.F.,
  .F.,(2,2),(-1.06,-0.),.PIECEWISE_BEZIER_KNOTS.);
#1597 = CARTESIAN_POINT('',(0.175,0.96,1.000000000029E-07));
#1598 = CARTESIAN_POINT('',(0.175,-0.1,1.000000000029E-07));
#1599 = B_SPLINE_SURFACE_WITH_KNOTS('',1,1,(
    (#1600,#1601)
    ,(#1602,#1603
    )),.UNSPECIFIED.,.F.,.F.,.F.,(2,2),(2,2),(0.13,0.2),(0.,1.06),
  .PIECEWISE_BEZIER_KNOTS.);
#1600 = CARTESIAN_POINT('',(0.175,-0.1,7.00001E-02));
#1601 = CARTESIAN_POINT('',(0.175,0.96,7.00001E-02));
#1602 = CARTESIAN_POINT('',(0.175,-0.1,9.999999998553E-08));
#1603 = CARTESIAN_POINT('',(0.175,0.96,9.999999998553E-08));
#1604 = ADVANCED_FACE('',(#1605),#1649,.T.);
#1605 = FACE_BOUND('',#1606,.T.);
#1606 = EDGE_LOOP('',(#1607,#1616,#1623,#1630,#1637,#1644));
#1607 = ORIENTED_EDGE('',*,*,#1608,.T.);
#1608 = EDGE_CURVE('',#1609,#1611,#1613,.T.);
#1609 = VERTEX_POINT('',#1610);
#1610 = CARTESIAN_POINT('',(-0.175,0.96,7.00001E-02));
#1611 = VERTEX_POINT('',#1612);
#1612 = CARTESIAN_POINT('',(-0.175,0.96,1.000000000029E-07));
#1613 = B_SPLINE_CURVE_WITH_KNOTS('',1,(#1614,#1615),.UNSPECIFIED.,.F.,
  .F.,(2,2),(3.E-02,0.1),.PIECEWISE_BEZIER_KNOTS.);
#1614 = CARTESIAN_POINT('',(-0.175,0.96,7.00001E-02));
#1615 = CARTESIAN_POINT('',(-0.175,0.96,9.999999999941E-08));
#1616 = ORIENTED_EDGE('',*,*,#1617,.F.);
#1617 = EDGE_CURVE('',#1618,#1611,#1620,.T.);
#1618 = VERTEX_POINT('',#1619);
#1619 = CARTESIAN_POINT('',(-0.175,-0.1,1.000000000029E-07));
#1620 = B_SPLINE_CURVE_WITH_KNOTS('',1,(#1621,#1622),.UNSPECIFIED.,.F.,
  .F.,(2,2),(0.,1.06),.PIECEWISE_BEZIER_KNOTS.);
#1621 = CARTESIAN_POINT('',(-0.175,-0.1,1.000000000029E-07));
#1622 = CARTESIAN_POINT('',(-0.175,0.96,1.000000000029E-07));
#1623 = ORIENTED_EDGE('',*,*,#1624,.F.);
#1624 = EDGE_CURVE('',#1625,#1618,#1627,.T.);
#1625 = VERTEX_POINT('',#1626);
#1626 = CARTESIAN_POINT('',(-0.175,-0.1,2.00001E-02));
#1627 = B_SPLINE_CURVE_WITH_KNOTS('',1,(#1628,#1629),.UNSPECIFIED.,.F.,
  .F.,(2,2),(0.18,0.2),.PIECEWISE_BEZIER_KNOTS.);
#1628 = CARTESIAN_POINT('',(-0.175,-0.1,2.00001E-02));
#1629 = CARTESIAN_POINT('',(-0.175,-0.1,1.000000000133E-07));
#1630 = ORIENTED_EDGE('',*,*,#1631,.F.);
#1631 = EDGE_CURVE('',#1632,#1625,#1634,.T.);
#1632 = VERTEX_POINT('',#1633);
#1633 = CARTESIAN_POINT('',(-0.175,0.95,2.00001E-02));
#1634 = B_SPLINE_CURVE_WITH_KNOTS('',1,(#1635,#1636),.UNSPECIFIED.,.F.,
  .F.,(2,2),(-0.95,0.1),.PIECEWISE_BEZIER_KNOTS.);
#1635 = CARTESIAN_POINT('',(-0.175,0.95,2.00001E-02));
#1636 = CARTESIAN_POINT('',(-0.175,-0.1,2.00001E-02));
#1637 = ORIENTED_EDGE('',*,*,#1638,.T.);
#1638 = EDGE_CURVE('',#1632,#1639,#1641,.T.);
#1639 = VERTEX_POINT('',#1640);
#1640 = CARTESIAN_POINT('',(-0.175,0.95,7.00001E-02));
#1641 = B_SPLINE_CURVE_WITH_KNOTS('',1,(#1642,#1643),.UNSPECIFIED.,.F.,
  .F.,(2,2),(-5.E-02,0.),.PIECEWISE_BEZIER_KNOTS.);
#1642 = CARTESIAN_POINT('',(-0.175,0.95,2.00001E-02));
#1643 = CARTESIAN_POINT('',(-0.175,0.95,7.00001E-02));
#1644 = ORIENTED_EDGE('',*,*,#1645,.T.);
#1645 = EDGE_CURVE('',#1639,#1609,#1646,.T.);
#1646 = B_SPLINE_CURVE_WITH_KNOTS('',1,(#1647,#1648),.UNSPECIFIED.,.F.,
  .F.,(2,2),(0.95,0.96),.PIECEWISE_BEZIER_KNOTS.);
#1647 = CARTESIAN_POINT('',(-0.175,0.95,7.00001E-02));
#1648 = CARTESIAN_POINT('',(-0.175,0.96,7.00001E-02));
#1649 = B_SPLINE_SURFACE_WITH_KNOTS('',1,1,(
    (#1650,#1651)
    ,(#1652,#1653
    )),.UNSPECIFIED.,.F.,.F.,.F.,(2,2),(2,2),(-0.2,-0.13),(0.,1.06),
  .PIECEWISE_BEZIER_KNOTS.);
#1650 = CARTESIAN_POINT('',(-0.175,-0.1,9.999999998553E-08));
#1651 = CARTESIAN_POINT('',(-0.175,0.96,9.999999998553E-08));
#1652 = CARTESIAN_POINT('',(-0.175,-0.1,7.00001E-02));
#1653 = CARTESIAN_POINT('',(-0.175,0.96,7.00001E-02));
#1654 = ADVANCED_FACE('',(#1655),#1691,.T.);
#1655 = FACE_BOUND('',#1656,.T.);
#1656 = EDGE_LOOP('',(#1657,#1664,#1671,#1678,#1685,#1690));
#1657 = ORIENTED_EDGE('',*,*,#1658,.F.);
#1658 = EDGE_CURVE('',#1659,#1559,#1661,.T.);
#1659 = VERTEX_POINT('',#1660);
#1660 = CARTESIAN_POINT('',(0.175,1.,7.00001E-02));
#1661 = B_SPLINE_CURVE_WITH_KNOTS('',1,(#1662,#1663),.UNSPECIFIED.,.F.,
  .F.,(2,2),(-1.,-0.96),.PIECEWISE_BEZIER_KNOTS.);
#1662 = CARTESIAN_POINT('',(0.175,1.,7.00001E-02));
#1663 = CARTESIAN_POINT('',(0.175,0.96,7.00001E-02));
#1664 = ORIENTED_EDGE('',*,*,#1665,.T.);
#1665 = EDGE_CURVE('',#1659,#1666,#1668,.T.);
#1666 = VERTEX_POINT('',#1667);
#1667 = CARTESIAN_POINT('',(0.45,1.,7.00001E-02));
#1668 = B_SPLINE_CURVE_WITH_KNOTS('',1,(#1669,#1670),.UNSPECIFIED.,.F.,
  .F.,(2,2),(1.175,1.45),.PIECEWISE_BEZIER_KNOTS.);
#1669 = CARTESIAN_POINT('',(0.175,1.,7.00001E-02));
#1670 = CARTESIAN_POINT('',(0.45,1.,7.00001E-02));
#1671 = ORIENTED_EDGE('',*,*,#1672,.T.);
#1672 = EDGE_CURVE('',#1666,#1673,#1675,.T.);
#1673 = VERTEX_POINT('',#1674);
#1674 = CARTESIAN_POINT('',(0.45,0.96,7.00001E-02));
#1675 = B_SPLINE_CURVE_WITH_KNOTS('',1,(#1676,#1677),.UNSPECIFIED.,.F.,
  .F.,(2,2),(-1.,-0.96),.PIECEWISE_BEZIER_KNOTS.);
#1676 = CARTESIAN_POINT('',(0.45,1.,7.00001E-02));
#1677 = CARTESIAN_POINT('',(0.45,0.96,7.00001E-02));
#1678 = ORIENTED_EDGE('',*,*,#1679,.T.);
#1679 = EDGE_CURVE('',#1673,#1680,#1682,.T.);
#1680 = VERTEX_POINT('',#1681);
#1681 = CARTESIAN_POINT('',(0.45,0.95,7.00001E-02));
#1682 = B_SPLINE_CURVE_WITH_KNOTS('',1,(#1683,#1684),.UNSPECIFIED.,.F.,
  .F.,(2,2),(-0.96,-0.95),.PIECEWISE_BEZIER_KNOTS.);
#1683 = CARTESIAN_POINT('',(0.45,0.96,7.00001E-02));
#1684 = CARTESIAN_POINT('',(0.45,0.95,7.00001E-02));
#1685 = ORIENTED_EDGE('',*,*,#1686,.F.);
#1686 = EDGE_CURVE('',#1568,#1680,#1687,.T.);
#1687 = B_SPLINE_CURVE_WITH_KNOTS('',1,(#1688,#1689),.UNSPECIFIED.,.F.,
  .F.,(2,2),(1.125,1.4),.PIECEWISE_BEZIER_KNOTS.);
#1688 = CARTESIAN_POINT('',(0.175,0.95,7.00001E-02));
#1689 = CARTESIAN_POINT('',(0.45,0.95,7.00001E-02));
#1690 = ORIENTED_EDGE('',*,*,#1567,.F.);
#1691 = B_SPLINE_SURFACE_WITH_KNOTS('',1,1,(
    (#1692,#1693)
    ,(#1694,#1695
  )),.UNSPECIFIED.,.F.,.F.,.F.,(2,2),(2,2),(-0.45,-0.175),(0.95,1.),
  .PIECEWISE_BEZIER_KNOTS.);
#1692 = CARTESIAN_POINT('',(0.45,0.95,7.00001E-02));
#1693 = CARTESIAN_POINT('',(0.45,1.,7.00001E-02));
#1694 = CARTESIAN_POINT('',(0.175,0.95,7.00001E-02));
#1695 = CARTESIAN_POINT('',(0.175,1.,7.00001E-02));
#1696 = ADVANCED_FACE('',(#1697),#1713,.T.);
#1697 = FACE_BOUND('',#1698,.T.);
#1698 = EDGE_LOOP('',(#1699,#1700,#1701,#1708));
#1699 = ORIENTED_EDGE('',*,*,#1574,.F.);
#1700 = ORIENTED_EDGE('',*,*,#1686,.T.);
#1701 = ORIENTED_EDGE('',*,*,#1702,.T.);
#1702 = EDGE_CURVE('',#1680,#1703,#1705,.T.);
#1703 = VERTEX_POINT('',#1704);
#1704 = CARTESIAN_POINT('',(0.45,0.95,2.00001E-02));
#1705 = B_SPLINE_CURVE_WITH_KNOTS('',1,(#1706,#1707),.UNSPECIFIED.,.F.,
  .F.,(2,2),(0.,5.E-02),.PIECEWISE_BEZIER_KNOTS.);
#1706 = CARTESIAN_POINT('',(0.45,0.95,7.00001E-02));
#1707 = CARTESIAN_POINT('',(0.45,0.95,2.00001E-02));
#1708 = ORIENTED_EDGE('',*,*,#1709,.F.);
#1709 = EDGE_CURVE('',#1575,#1703,#1710,.T.);
#1710 = B_SPLINE_CURVE_WITH_KNOTS('',1,(#1711,#1712),.UNSPECIFIED.,.F.,
  .F.,(2,2),(1.125,1.4),.PIECEWISE_BEZIER_KNOTS.);
#1711 = CARTESIAN_POINT('',(0.175,0.95,2.00001E-02));
#1712 = CARTESIAN_POINT('',(0.45,0.95,2.00001E-02));
#1713 = B_SPLINE_SURFACE_WITH_KNOTS('',1,1,(
    (#1714,#1715)
    ,(#1716,#1717
    )),.UNSPECIFIED.,.F.,.F.,.F.,(2,2),(2,2),(-5.E-02,0.),(1.125,1.4),
  .PIECEWISE_BEZIER_KNOTS.);
#1714 = CARTESIAN_POINT('',(0.175,0.95,2.00001E-02));
#1715 = CARTESIAN_POINT('',(0.45,0.95,2.00001E-02));
#1716 = CARTESIAN_POINT('',(0.175,0.95,7.00001E-02));
#1717 = CARTESIAN_POINT('',(0.45,0.95,7.00001E-02));
#1718 = ADVANCED_FACE('',(#1719),#1763,.F.);
#1719 = FACE_BOUND('',#1720,.T.);
#1720 = EDGE_LOOP('',(#1721,#1730,#1737,#1744,#1751,#1758));
#1721 = ORIENTED_EDGE('',*,*,#1722,.T.);
#1722 = EDGE_CURVE('',#1723,#1725,#1727,.T.);
#1723 = VERTEX_POINT('',#1724);
#1724 = CARTESIAN_POINT('',(0.96,-0.1375,7.00001E-02));
#1725 = VERTEX_POINT('',#1726);
#1726 = CARTESIAN_POINT('',(0.96,-0.1375,1.000000000029E-07));
#1727 = B_SPLINE_CURVE_WITH_KNOTS('',1,(#1728,#1729),.UNSPECIFIED.,.F.,
  .F.,(2,2),(3.E-02,0.1),.PIECEWISE_BEZIER_KNOTS.);
#1728 = CARTESIAN_POINT('',(0.96,-0.1375,7.00001E-02));
#1729 = CARTESIAN_POINT('',(0.96,-0.1375,9.999999999941E-08));
#1730 = ORIENTED_EDGE('',*,*,#1731,.T.);
#1731 = EDGE_CURVE('',#1725,#1732,#1734,.T.);
#1732 = VERTEX_POINT('',#1733);
#1733 = CARTESIAN_POINT('',(0.65,-0.1375,1.000000000029E-07));
#1734 = B_SPLINE_CURVE_WITH_KNOTS('',1,(#1735,#1736),.UNSPECIFIED.,.F.,
  .F.,(2,2),(-0.31,0.),.PIECEWISE_BEZIER_KNOTS.);
#1735 = CARTESIAN_POINT('',(0.96,-0.1375,1.000000000029E-07));
#1736 = CARTESIAN_POINT('',(0.65,-0.1375,1.000000000029E-07));
#1737 = ORIENTED_EDGE('',*,*,#1738,.F.);
#1738 = EDGE_CURVE('',#1739,#1732,#1741,.T.);
#1739 = VERTEX_POINT('',#1740);
#1740 = CARTESIAN_POINT('',(0.65,-0.1375,2.00001E-02));
#1741 = B_SPLINE_CURVE_WITH_KNOTS('',1,(#1742,#1743),.UNSPECIFIED.,.F.,
  .F.,(2,2),(0.18,0.2),.PIECEWISE_BEZIER_KNOTS.);
#1742 = CARTESIAN_POINT('',(0.65,-0.1375,2.00001E-02));
#1743 = CARTESIAN_POINT('',(0.65,-0.1375,1.000000000133E-07));
#1744 = ORIENTED_EDGE('',*,*,#1745,.T.);
#1745 = EDGE_CURVE('',#1739,#1746,#1748,.T.);
#1746 = VERTEX_POINT('',#1747);
#1747 = CARTESIAN_POINT('',(0.95,-0.1375,2.00001E-02));
#1748 = B_SPLINE_CURVE_WITH_KNOTS('',1,(#1749,#1750),.UNSPECIFIED.,.F.,
  .F.,(2,2),(0.65,0.95),.PIECEWISE_BEZIER_KNOTS.);
#1749 = CARTESIAN_POINT('',(0.65,-0.1375,2.00001E-02));
#1750 = CARTESIAN_POINT('',(0.95,-0.1375,2.00001E-02));
#1751 = ORIENTED_EDGE('',*,*,#1752,.F.);
#1752 = EDGE_CURVE('',#1753,#1746,#1755,.T.);
#1753 = VERTEX_POINT('',#1754);
#1754 = CARTESIAN_POINT('',(0.95,-0.1375,7.00001E-02));
#1755 = B_SPLINE_CURVE_WITH_KNOTS('',1,(#1756,#1757),.UNSPECIFIED.,.F.,
  .F.,(2,2),(0.,5.E-02),.PIECEWISE_BEZIER_KNOTS.);
#1756 = CARTESIAN_POINT('',(0.95,-0.1375,7.00001E-02));
#1757 = CARTESIAN_POINT('',(0.95,-0.1375,2.00001E-02));
#1758 = ORIENTED_EDGE('',*,*,#1759,.F.);
#1759 = EDGE_CURVE('',#1723,#1753,#1760,.T.);
#1760 = B_SPLINE_CURVE_WITH_KNOTS('',1,(#1761,#1762),.UNSPECIFIED.,.F.,
  .F.,(2,2),(-0.96,-0.95),.PIECEWISE_BEZIER_KNOTS.);
#1761 = CARTESIAN_POINT('',(0.96,-0.1375,7.00001E-02));
#1762 = CARTESIAN_POINT('',(0.95,-0.1375,7.00001E-02));
#1763 = B_SPLINE_SURFACE_WITH_KNOTS('',1,1,(
    (#1764,#1765)
    ,(#1766,#1767
    )),.UNSPECIFIED.,.F.,.F.,.F.,(2,2),(2,2),(0.13,0.2),(0.,0.31),
  .PIECEWISE_BEZIER_KNOTS.);
#1764 = CARTESIAN_POINT('',(0.65,-0.1375,7.00001E-02));
#1765 = CARTESIAN_POINT('',(0.96,-0.1375,7.00001E-02));
#1766 = CARTESIAN_POINT('',(0.65,-0.1375,9.999999998553E-08));
#1767 = CARTESIAN_POINT('',(0.96,-0.1375,9.999999998553E-08));
#1768 = ADVANCED_FACE('',(#1769),#1799,.F.);
#1769 = FACE_BOUND('',#1770,.T.);
#1770 = EDGE_LOOP('',(#1771,#1780,#1787,#1794));
#1771 = ORIENTED_EDGE('',*,*,#1772,.T.);
#1772 = EDGE_CURVE('',#1773,#1775,#1777,.T.);
#1773 = VERTEX_POINT('',#1774);
#1774 = CARTESIAN_POINT('',(1.01,-0.1375,0.1000001));
#1775 = VERTEX_POINT('',#1776);
#1776 = CARTESIAN_POINT('',(1.,-0.1375,0.1000001));
#1777 = B_SPLINE_CURVE_WITH_KNOTS('',1,(#1778,#1779),.UNSPECIFIED.,.F.,
  .F.,(2,2),(0.,9.999999999999E-03),.PIECEWISE_BEZIER_KNOTS.);
#1778 = CARTESIAN_POINT('',(1.01,-0.1375,0.1000001));
#1779 = CARTESIAN_POINT('',(1.,-0.1375,0.1000001));
#1780 = ORIENTED_EDGE('',*,*,#1781,.T.);
#1781 = EDGE_CURVE('',#1775,#1782,#1784,.T.);
#1782 = VERTEX_POINT('',#1783);
#1783 = CARTESIAN_POINT('',(1.,-0.1375,0.2000001));
#1784 = B_SPLINE_CURVE_WITH_KNOTS('',1,(#1785,#1786),.UNSPECIFIED.,.F.,
  .F.,(2,2),(-0.82,-0.72),.PIECEWISE_BEZIER_KNOTS.);
#1785 = CARTESIAN_POINT('',(1.,-0.1375,0.1000001));
#1786 = CARTESIAN_POINT('',(1.,-0.1375,0.2000001));
#1787 = ORIENTED_EDGE('',*,*,#1788,.F.);
#1788 = EDGE_CURVE('',#1789,#1782,#1791,.T.);
#1789 = VERTEX_POINT('',#1790);
#1790 = CARTESIAN_POINT('',(1.01,-0.1375,0.2000001));
#1791 = B_SPLINE_CURVE_WITH_KNOTS('',1,(#1792,#1793),.UNSPECIFIED.,.F.,
  .F.,(2,2),(-0.36,-0.35),.PIECEWISE_BEZIER_KNOTS.);
#1792 = CARTESIAN_POINT('',(1.01,-0.1375,0.2000001));
#1793 = CARTESIAN_POINT('',(1.,-0.1375,0.2000001));
#1794 = ORIENTED_EDGE('',*,*,#1795,.T.);
#1795 = EDGE_CURVE('',#1789,#1773,#1796,.T.);
#1796 = B_SPLINE_CURVE_WITH_KNOTS('',1,(#1797,#1798),.UNSPECIFIED.,.F.,
  .F.,(2,2),(0.,1.E-01),.PIECEWISE_BEZIER_KNOTS.);
#1797 = CARTESIAN_POINT('',(1.01,-0.1375,0.2000001));
#1798 = CARTESIAN_POINT('',(1.01,-0.1375,0.1000001));
#1799 = B_SPLINE_SURFACE_WITH_KNOTS('',1,1,(
    (#1800,#1801)
    ,(#1802,#1803
    )),.UNSPECIFIED.,.F.,.F.,.F.,(2,2),(2,2),(0.,0.1),(0.35,0.36),
  .PIECEWISE_BEZIER_KNOTS.);
#1800 = CARTESIAN_POINT('',(1.,-0.1375,0.2000001));
#1801 = CARTESIAN_POINT('',(1.01,-0.1375,0.2000001));
#1802 = CARTESIAN_POINT('',(1.,-0.1375,0.1000001));
#1803 = CARTESIAN_POINT('',(1.01,-0.1375,0.1000001));
#1804 = ADVANCED_FACE('',(#1805),#1849,.F.);
#1805 = FACE_BOUND('',#1806,.T.);
#1806 = EDGE_LOOP('',(#1807,#1816,#1823,#1830,#1837,#1844));
#1807 = ORIENTED_EDGE('',*,*,#1808,.F.);
#1808 = EDGE_CURVE('',#1809,#1811,#1813,.T.);
#1809 = VERTEX_POINT('',#1810);
#1810 = CARTESIAN_POINT('',(0.96,-0.3625,7.00001E-02));
#1811 = VERTEX_POINT('',#1812);
#1812 = CARTESIAN_POINT('',(0.96,-0.3625,1.000000000029E-07));
#1813 = B_SPLINE_CURVE_WITH_KNOTS('',1,(#1814,#1815),.UNSPECIFIED.,.F.,
  .F.,(2,2),(3.E-02,0.1),.PIECEWISE_BEZIER_KNOTS.);
#1814 = CARTESIAN_POINT('',(0.96,-0.3625,7.00001E-02));
#1815 = CARTESIAN_POINT('',(0.96,-0.3625,9.999999999941E-08));
#1816 = ORIENTED_EDGE('',*,*,#1817,.F.);
#1817 = EDGE_CURVE('',#1818,#1809,#1820,.T.);
#1818 = VERTEX_POINT('',#1819);
#1819 = CARTESIAN_POINT('',(0.95,-0.3625,7.00001E-02));
#1820 = B_SPLINE_CURVE_WITH_KNOTS('',1,(#1821,#1822),.UNSPECIFIED.,.F.,
  .F.,(2,2),(0.95,0.96),.PIECEWISE_BEZIER_KNOTS.);
#1821 = CARTESIAN_POINT('',(0.95,-0.3625,7.00001E-02));
#1822 = CARTESIAN_POINT('',(0.96,-0.3625,7.00001E-02));
#1823 = ORIENTED_EDGE('',*,*,#1824,.F.);
#1824 = EDGE_CURVE('',#1825,#1818,#1827,.T.);
#1825 = VERTEX_POINT('',#1826);
#1826 = CARTESIAN_POINT('',(0.95,-0.3625,2.00001E-02));
#1827 = B_SPLINE_CURVE_WITH_KNOTS('',1,(#1828,#1829),.UNSPECIFIED.,.F.,
  .F.,(2,2),(-5.E-02,0.),.PIECEWISE_BEZIER_KNOTS.);
#1828 = CARTESIAN_POINT('',(0.95,-0.3625,2.00001E-02));
#1829 = CARTESIAN_POINT('',(0.95,-0.3625,7.00001E-02));
#1830 = ORIENTED_EDGE('',*,*,#1831,.T.);
#1831 = EDGE_CURVE('',#1825,#1832,#1834,.T.);
#1832 = VERTEX_POINT('',#1833);
#1833 = CARTESIAN_POINT('',(0.65,-0.3625,2.00001E-02));
#1834 = B_SPLINE_CURVE_WITH_KNOTS('',1,(#1835,#1836),.UNSPECIFIED.,.F.,
  .F.,(2,2),(-0.95,-0.65),.PIECEWISE_BEZIER_KNOTS.);
#1835 = CARTESIAN_POINT('',(0.95,-0.3625,2.00001E-02));
#1836 = CARTESIAN_POINT('',(0.65,-0.3625,2.00001E-02));
#1837 = ORIENTED_EDGE('',*,*,#1838,.T.);
#1838 = EDGE_CURVE('',#1832,#1839,#1841,.T.);
#1839 = VERTEX_POINT('',#1840);
#1840 = CARTESIAN_POINT('',(0.65,-0.3625,1.000000000029E-07));
#1841 = B_SPLINE_CURVE_WITH_KNOTS('',1,(#1842,#1843),.UNSPECIFIED.,.F.,
  .F.,(2,2),(0.18,0.2),.PIECEWISE_BEZIER_KNOTS.);
#1842 = CARTESIAN_POINT('',(0.65,-0.3625,2.00001E-02));
#1843 = CARTESIAN_POINT('',(0.65,-0.3625,1.000000000133E-07));
#1844 = ORIENTED_EDGE('',*,*,#1845,.T.);
#1845 = EDGE_CURVE('',#1839,#1811,#1846,.T.);
#1846 = B_SPLINE_CURVE_WITH_KNOTS('',1,(#1847,#1848),.UNSPECIFIED.,.F.,
  .F.,(2,2),(0.,0.31),.PIECEWISE_BEZIER_KNOTS.);
#1847 = CARTESIAN_POINT('',(0.65,-0.3625,1.000000000029E-07));
#1848 = CARTESIAN_POINT('',(0.96,-0.3625,1.000000000029E-07));
#1849 = B_SPLINE_SURFACE_WITH_KNOTS('',1,1,(
    (#1850,#1851)
    ,(#1852,#1853
    )),.UNSPECIFIED.,.F.,.F.,.F.,(2,2),(2,2),(-0.2,-0.13),(0.,0.31),
  .PIECEWISE_BEZIER_KNOTS.);
#1850 = CARTESIAN_POINT('',(0.65,-0.3625,9.999999998553E-08));
#1851 = CARTESIAN_POINT('',(0.96,-0.3625,9.999999998553E-08));
#1852 = CARTESIAN_POINT('',(0.65,-0.3625,7.00001E-02));
#1853 = CARTESIAN_POINT('',(0.96,-0.3625,7.00001E-02));
#1854 = ADVANCED_FACE('',(#1855),#1885,.F.);
#1855 = FACE_BOUND('',#1856,.T.);
#1856 = EDGE_LOOP('',(#1857,#1866,#1873,#1880));
#1857 = ORIENTED_EDGE('',*,*,#1858,.T.);
#1858 = EDGE_CURVE('',#1859,#1861,#1863,.T.);
#1859 = VERTEX_POINT('',#1860);
#1860 = CARTESIAN_POINT('',(1.,-0.3625,0.1000001));
#1861 = VERTEX_POINT('',#1862);
#1862 = CARTESIAN_POINT('',(1.01,-0.3625,0.1000001));
#1863 = B_SPLINE_CURVE_WITH_KNOTS('',1,(#1864,#1865),.UNSPECIFIED.,.F.,
  .F.,(2,2),(-9.999999999999E-03,0.),.PIECEWISE_BEZIER_KNOTS.);
#1864 = CARTESIAN_POINT('',(1.,-0.3625,0.1000001));
#1865 = CARTESIAN_POINT('',(1.01,-0.3625,0.1000001));
#1866 = ORIENTED_EDGE('',*,*,#1867,.F.);
#1867 = EDGE_CURVE('',#1868,#1861,#1870,.T.);
#1868 = VERTEX_POINT('',#1869);
#1869 = CARTESIAN_POINT('',(1.01,-0.3625,0.2000001));
#1870 = B_SPLINE_CURVE_WITH_KNOTS('',1,(#1871,#1872),.UNSPECIFIED.,.F.,
  .F.,(2,2),(0.,1.E-01),.PIECEWISE_BEZIER_KNOTS.);
#1871 = CARTESIAN_POINT('',(1.01,-0.3625,0.2000001));
#1872 = CARTESIAN_POINT('',(1.01,-0.3625,0.1000001));
#1873 = ORIENTED_EDGE('',*,*,#1874,.F.);
#1874 = EDGE_CURVE('',#1875,#1868,#1877,.T.);
#1875 = VERTEX_POINT('',#1876);
#1876 = CARTESIAN_POINT('',(1.,-0.3625,0.2000001));
#1877 = B_SPLINE_CURVE_WITH_KNOTS('',1,(#1878,#1879),.UNSPECIFIED.,.F.,
  .F.,(2,2),(0.35,0.36),.PIECEWISE_BEZIER_KNOTS.);
#1878 = CARTESIAN_POINT('',(1.,-0.3625,0.2000001));
#1879 = CARTESIAN_POINT('',(1.01,-0.3625,0.2000001));
#1880 = ORIENTED_EDGE('',*,*,#1881,.T.);
#1881 = EDGE_CURVE('',#1875,#1859,#1882,.T.);
#1882 = B_SPLINE_CURVE_WITH_KNOTS('',1,(#1883,#1884),.UNSPECIFIED.,.F.,
  .F.,(2,2),(0.72,0.82),.PIECEWISE_BEZIER_KNOTS.);
#1883 = CARTESIAN_POINT('',(1.,-0.3625,0.2000001));
#1884 = CARTESIAN_POINT('',(1.,-0.3625,0.1000001));
#1885 = B_SPLINE_SURFACE_WITH_KNOTS('',1,1,(
    (#1886,#1887)
    ,(#1888,#1889
    )),.UNSPECIFIED.,.F.,.F.,.F.,(2,2),(2,2),(-0.1,0.),(0.35,0.36),
  .PIECEWISE_BEZIER_KNOTS.);
#1886 = CARTESIAN_POINT('',(1.,-0.3625,0.1000001));
#1887 = CARTESIAN_POINT('',(1.01,-0.3625,0.1000001));
#1888 = CARTESIAN_POINT('',(1.,-0.3625,0.2000001));
#1889 = CARTESIAN_POINT('',(1.01,-0.3625,0.2000001));
#1890 = ADVANCED_FACE('',(#1891),#1905,.F.);
#1891 = FACE_BOUND('',#1892,.T.);
#1892 = EDGE_LOOP('',(#1893,#1898,#1899,#1904));
#1893 = ORIENTED_EDGE('',*,*,#1894,.T.);
#1894 = EDGE_CURVE('',#1861,#1773,#1895,.T.);
#1895 = B_SPLINE_CURVE_WITH_KNOTS('',1,(#1896,#1897),.UNSPECIFIED.,.F.,
  .F.,(2,2),(-0.225,0.),.PIECEWISE_BEZIER_KNOTS.);
#1896 = CARTESIAN_POINT('',(1.01,-0.3625,0.1000001));
#1897 = CARTESIAN_POINT('',(1.01,-0.1375,0.1000001));
#1898 = ORIENTED_EDGE('',*,*,#1795,.F.);
#1899 = ORIENTED_EDGE('',*,*,#1900,.F.);
#1900 = EDGE_CURVE('',#1868,#1789,#1901,.T.);
#1901 = B_SPLINE_CURVE_WITH_KNOTS('',1,(#1902,#1903),.UNSPECIFIED.,.F.,
  .F.,(2,2),(0.,0.225),.PIECEWISE_BEZIER_KNOTS.);
#1902 = CARTESIAN_POINT('',(1.01,-0.3625,0.2000001));
#1903 = CARTESIAN_POINT('',(1.01,-0.1375,0.2000001));
#1904 = ORIENTED_EDGE('',*,*,#1867,.T.);
#1905 = B_SPLINE_SURFACE_WITH_KNOTS('',1,1,(
    (#1906,#1907)
    ,(#1908,#1909
    )),.UNSPECIFIED.,.F.,.F.,.F.,(2,2),(2,2),(-1.E-01,0.),(0.,0.225),
  .PIECEWISE_BEZIER_KNOTS.);
#1906 = CARTESIAN_POINT('',(1.01,-0.3625,0.1000001));
#1907 = CARTESIAN_POINT('',(1.01,-0.1375,0.1000001));
#1908 = CARTESIAN_POINT('',(1.01,-0.3625,0.2000001));
#1909 = CARTESIAN_POINT('',(1.01,-0.1375,0.2000001));
#1910 = ADVANCED_FACE('',(#1911),#1925,.F.);
#1911 = FACE_BOUND('',#1912,.T.);
#1912 = EDGE_LOOP('',(#1913,#1918,#1919,#1924));
#1913 = ORIENTED_EDGE('',*,*,#1914,.T.);
#1914 = EDGE_CURVE('',#1725,#1811,#1915,.T.);
#1915 = B_SPLINE_CURVE_WITH_KNOTS('',1,(#1916,#1917),.UNSPECIFIED.,.F.,
  .F.,(2,2),(0.,0.225),.PIECEWISE_BEZIER_KNOTS.);
#1916 = CARTESIAN_POINT('',(0.96,-0.1375,1.000000000029E-07));
#1917 = CARTESIAN_POINT('',(0.96,-0.3625,1.000000000029E-07));
#1918 = ORIENTED_EDGE('',*,*,#1845,.F.);
#1919 = ORIENTED_EDGE('',*,*,#1920,.F.);
#1920 = EDGE_CURVE('',#1732,#1839,#1921,.T.);
#1921 = B_SPLINE_CURVE_WITH_KNOTS('',1,(#1922,#1923),.UNSPECIFIED.,.F.,
  .F.,(2,2),(-0.225,0.),.PIECEWISE_BEZIER_KNOTS.);
#1922 = CARTESIAN_POINT('',(0.65,-0.1375,1.000000000029E-07));
#1923 = CARTESIAN_POINT('',(0.65,-0.3625,1.000000000029E-07));
#1924 = ORIENTED_EDGE('',*,*,#1731,.F.);
#1925 = B_SPLINE_SURFACE_WITH_KNOTS('',1,1,(
    (#1926,#1927)
    ,(#1928,#1929
  )),.UNSPECIFIED.,.F.,.F.,.F.,(2,2),(2,2),(-0.96,-0.65),(0.1375,0.3625)
  ,.PIECEWISE_BEZIER_KNOTS.);
#1926 = CARTESIAN_POINT('',(0.96,-0.1375,1.000000000029E-07));
#1927 = CARTESIAN_POINT('',(0.96,-0.3625,1.000000000029E-07));
#1928 = CARTESIAN_POINT('',(0.65,-0.1375,1.000000000029E-07));
#1929 = CARTESIAN_POINT('',(0.65,-0.3625,1.000000000029E-07));
#1930 = ADVANCED_FACE('',(#1931),#1975,.F.);
#1931 = FACE_BOUND('',#1932,.T.);
#1932 = EDGE_LOOP('',(#1933,#1942,#1949,#1956,#1963,#1970));
#1933 = ORIENTED_EDGE('',*,*,#1934,.T.);
#1934 = EDGE_CURVE('',#1935,#1937,#1939,.T.);
#1935 = VERTEX_POINT('',#1936);
#1936 = CARTESIAN_POINT('',(0.96,-0.6255,7.00001E-02));
#1937 = VERTEX_POINT('',#1938);
#1938 = CARTESIAN_POINT('',(0.96,-0.6255,1.000000000029E-07));
#1939 = B_SPLINE_CURVE_WITH_KNOTS('',1,(#1940,#1941),.UNSPECIFIED.,.F.,
  .F.,(2,2),(3.E-02,0.1),.PIECEWISE_BEZIER_KNOTS.);
#1940 = CARTESIAN_POINT('',(0.96,-0.6255,7.00001E-02));
#1941 = CARTESIAN_POINT('',(0.96,-0.6255,9.999999999941E-08));
#1942 = ORIENTED_EDGE('',*,*,#1943,.T.);
#1943 = EDGE_CURVE('',#1937,#1944,#1946,.T.);
#1944 = VERTEX_POINT('',#1945);
#1945 = CARTESIAN_POINT('',(0.5,-0.6255,1.000000000029E-07));
#1946 = B_SPLINE_CURVE_WITH_KNOTS('',1,(#1947,#1948),.UNSPECIFIED.,.F.,
  .F.,(2,2),(-0.46,0.),.PIECEWISE_BEZIER_KNOTS.);
#1947 = CARTESIAN_POINT('',(0.96,-0.6255,1.000000000029E-07));
#1948 = CARTESIAN_POINT('',(0.5,-0.6255,1.000000000029E-07));
#1949 = ORIENTED_EDGE('',*,*,#1950,.F.);
#1950 = EDGE_CURVE('',#1951,#1944,#1953,.T.);
#1951 = VERTEX_POINT('',#1952);
#1952 = CARTESIAN_POINT('',(0.5,-0.6255,2.00001E-02));
#1953 = B_SPLINE_CURVE_WITH_KNOTS('',1,(#1954,#1955),.UNSPECIFIED.,.F.,
  .F.,(2,2),(0.18,0.2),.PIECEWISE_BEZIER_KNOTS.);
#1954 = CARTESIAN_POINT('',(0.5,-0.6255,2.00001E-02));
#1955 = CARTESIAN_POINT('',(0.5,-0.6255,1.000000000133E-07));
#1956 = ORIENTED_EDGE('',*,*,#1957,.T.);
#1957 = EDGE_CURVE('',#1951,#1958,#1960,.T.);
#1958 = VERTEX_POINT('',#1959);
#1959 = CARTESIAN_POINT('',(0.95,-0.6255,2.00001E-02));
#1960 = B_SPLINE_CURVE_WITH_KNOTS('',1,(#1961,#1962),.UNSPECIFIED.,.F.,
  .F.,(2,2),(0.5,0.95),.PIECEWISE_BEZIER_KNOTS.);
#1961 = CARTESIAN_POINT('',(0.5,-0.6255,2.00001E-02));
#1962 = CARTESIAN_POINT('',(0.95,-0.6255,2.00001E-02));
#1963 = ORIENTED_EDGE('',*,*,#1964,.F.);
#1964 = EDGE_CURVE('',#1965,#1958,#1967,.T.);
#1965 = VERTEX_POINT('',#1966);
#1966 = CARTESIAN_POINT('',(0.95,-0.6255,7.00001E-02));
#1967 = B_SPLINE_CURVE_WITH_KNOTS('',1,(#1968,#1969),.UNSPECIFIED.,.F.,
  .F.,(2,2),(0.,5.E-02),.PIECEWISE_BEZIER_KNOTS.);
#1968 = CARTESIAN_POINT('',(0.95,-0.6255,7.00001E-02));
#1969 = CARTESIAN_POINT('',(0.95,-0.6255,2.00001E-02));
#1970 = ORIENTED_EDGE('',*,*,#1971,.F.);
#1971 = EDGE_CURVE('',#1935,#1965,#1972,.T.);
#1972 = B_SPLINE_CURVE_WITH_KNOTS('',1,(#1973,#1974),.UNSPECIFIED.,.F.,
  .F.,(2,2),(-0.96,-0.95),.PIECEWISE_BEZIER_KNOTS.);
#1973 = CARTESIAN_POINT('',(0.96,-0.6255,7.00001E-02));
#1974 = CARTESIAN_POINT('',(0.95,-0.6255,7.00001E-02));
#1975 = B_SPLINE_SURFACE_WITH_KNOTS('',1,1,(
    (#1976,#1977)
    ,(#1978,#1979
    )),.UNSPECIFIED.,.F.,.F.,.F.,(2,2),(2,2),(0.13,0.2),(0.,0.46),
  .PIECEWISE_BEZIER_KNOTS.);
#1976 = CARTESIAN_POINT('',(0.5,-0.6255,7.00001E-02));
#1977 = CARTESIAN_POINT('',(0.96,-0.6255,7.00001E-02));
#1978 = CARTESIAN_POINT('',(0.5,-0.6255,9.999999998553E-08));
#1979 = CARTESIAN_POINT('',(0.96,-0.6255,9.999999998553E-08));
#1980 = ADVANCED_FACE('',(#1981),#2011,.F.);
#1981 = FACE_BOUND('',#1982,.T.);
#1982 = EDGE_LOOP('',(#1983,#1992,#1999,#2006));
#1983 = ORIENTED_EDGE('',*,*,#1984,.T.);
#1984 = EDGE_CURVE('',#1985,#1987,#1989,.T.);
#1985 = VERTEX_POINT('',#1986);
#1986 = CARTESIAN_POINT('',(1.01,-0.6255,0.1000001));
#1987 = VERTEX_POINT('',#1988);
#1988 = CARTESIAN_POINT('',(1.,-0.6255,0.1000001));
#1989 = B_SPLINE_CURVE_WITH_KNOTS('',1,(#1990,#1991),.UNSPECIFIED.,.F.,
  .F.,(2,2),(0.,9.999999999999E-03),.PIECEWISE_BEZIER_KNOTS.);
#1990 = CARTESIAN_POINT('',(1.01,-0.6255,0.1000001));
#1991 = CARTESIAN_POINT('',(1.,-0.6255,0.1000001));
#1992 = ORIENTED_EDGE('',*,*,#1993,.T.);
#1993 = EDGE_CURVE('',#1987,#1994,#1996,.T.);
#1994 = VERTEX_POINT('',#1995);
#1995 = CARTESIAN_POINT('',(1.,-0.6255,0.2000001));
#1996 = B_SPLINE_CURVE_WITH_KNOTS('',1,(#1997,#1998),.UNSPECIFIED.,.F.,
  .F.,(2,2),(-0.82,-0.72),.PIECEWISE_BEZIER_KNOTS.);
#1997 = CARTESIAN_POINT('',(1.,-0.6255,0.1000001));
#1998 = CARTESIAN_POINT('',(1.,-0.6255,0.2000001));
#1999 = ORIENTED_EDGE('',*,*,#2000,.F.);
#2000 = EDGE_CURVE('',#2001,#1994,#2003,.T.);
#2001 = VERTEX_POINT('',#2002);
#2002 = CARTESIAN_POINT('',(1.01,-0.6255,0.2000001));
#2003 = B_SPLINE_CURVE_WITH_KNOTS('',1,(#2004,#2005),.UNSPECIFIED.,.F.,
  .F.,(2,2),(-0.51,-0.5),.PIECEWISE_BEZIER_KNOTS.);
#2004 = CARTESIAN_POINT('',(1.01,-0.6255,0.2000001));
#2005 = CARTESIAN_POINT('',(1.,-0.6255,0.2000001));
#2006 = ORIENTED_EDGE('',*,*,#2007,.T.);
#2007 = EDGE_CURVE('',#2001,#1985,#2008,.T.);
#2008 = B_SPLINE_CURVE_WITH_KNOTS('',1,(#2009,#2010),.UNSPECIFIED.,.F.,
  .F.,(2,2),(0.,1.E-01),.PIECEWISE_BEZIER_KNOTS.);
#2009 = CARTESIAN_POINT('',(1.01,-0.6255,0.2000001));
#2010 = CARTESIAN_POINT('',(1.01,-0.6255,0.1000001));
#2011 = B_SPLINE_SURFACE_WITH_KNOTS('',1,1,(
    (#2012,#2013)
    ,(#2014,#2015
    )),.UNSPECIFIED.,.F.,.F.,.F.,(2,2),(2,2),(0.,0.1),(0.5,0.51),
  .PIECEWISE_BEZIER_KNOTS.);
#2012 = CARTESIAN_POINT('',(1.,-0.6255,0.2000001));
#2013 = CARTESIAN_POINT('',(1.01,-0.6255,0.2000001));
#2014 = CARTESIAN_POINT('',(1.,-0.6255,0.1000001));
#2015 = CARTESIAN_POINT('',(1.01,-0.6255,0.1000001));
#2016 = ADVANCED_FACE('',(#2017),#2061,.F.);
#2017 = FACE_BOUND('',#2018,.T.);
#2018 = EDGE_LOOP('',(#2019,#2028,#2035,#2042,#2049,#2056));
#2019 = ORIENTED_EDGE('',*,*,#2020,.F.);
#2020 = EDGE_CURVE('',#2021,#2023,#2025,.T.);
#2021 = VERTEX_POINT('',#2022);
#2022 = CARTESIAN_POINT('',(0.96,-0.8505,7.00001E-02));
#2023 = VERTEX_POINT('',#2024);
#2024 = CARTESIAN_POINT('',(0.96,-0.8505,1.000000000029E-07));
#2025 = B_SPLINE_CURVE_WITH_KNOTS('',1,(#2026,#2027),.UNSPECIFIED.,.F.,
  .F.,(2,2),(3.E-02,0.1),.PIECEWISE_BEZIER_KNOTS.);
#2026 = CARTESIAN_POINT('',(0.96,-0.8505,7.00001E-02));
#2027 = CARTESIAN_POINT('',(0.96,-0.8505,9.999999999941E-08));
#2028 = ORIENTED_EDGE('',*,*,#2029,.F.);
#2029 = EDGE_CURVE('',#2030,#2021,#2032,.T.);
#2030 = VERTEX_POINT('',#2031);
#2031 = CARTESIAN_POINT('',(0.95,-0.8505,7.00001E-02));
#2032 = B_SPLINE_CURVE_WITH_KNOTS('',1,(#2033,#2034),.UNSPECIFIED.,.F.,
  .F.,(2,2),(0.95,0.96),.PIECEWISE_BEZIER_KNOTS.);
#2033 = CARTESIAN_POINT('',(0.95,-0.8505,7.00001E-02));
#2034 = CARTESIAN_POINT('',(0.96,-0.8505,7.00001E-02));
#2035 = ORIENTED_EDGE('',*,*,#2036,.F.);
#2036 = EDGE_CURVE('',#2037,#2030,#2039,.T.);
#2037 = VERTEX_POINT('',#2038);
#2038 = CARTESIAN_POINT('',(0.95,-0.8505,2.00001E-02));
#2039 = B_SPLINE_CURVE_WITH_KNOTS('',1,(#2040,#2041),.UNSPECIFIED.,.F.,
  .F.,(2,2),(-5.E-02,0.),.PIECEWISE_BEZIER_KNOTS.);
#2040 = CARTESIAN_POINT('',(0.95,-0.8505,2.00001E-02));
#2041 = CARTESIAN_POINT('',(0.95,-0.8505,7.00001E-02));
#2042 = ORIENTED_EDGE('',*,*,#2043,.T.);
#2043 = EDGE_CURVE('',#2037,#2044,#2046,.T.);
#2044 = VERTEX_POINT('',#2045);
#2045 = CARTESIAN_POINT('',(0.85,-0.8505,2.00001E-02));
#2046 = B_SPLINE_CURVE_WITH_KNOTS('',1,(#2047,#2048),.UNSPECIFIED.,.F.,
  .F.,(2,2),(-0.95,-0.85),.PIECEWISE_BEZIER_KNOTS.);
#2047 = CARTESIAN_POINT('',(0.95,-0.8505,2.00001E-02));
#2048 = CARTESIAN_POINT('',(0.85,-0.8505,2.00001E-02));
#2049 = ORIENTED_EDGE('',*,*,#2050,.T.);
#2050 = EDGE_CURVE('',#2044,#2051,#2053,.T.);
#2051 = VERTEX_POINT('',#2052);
#2052 = CARTESIAN_POINT('',(0.85,-0.8505,1.000000000029E-07));
#2053 = B_SPLINE_CURVE_WITH_KNOTS('',1,(#2054,#2055),.UNSPECIFIED.,.F.,
  .F.,(2,2),(0.18,0.2),.PIECEWISE_BEZIER_KNOTS.);
#2054 = CARTESIAN_POINT('',(0.85,-0.8505,2.00001E-02));
#2055 = CARTESIAN_POINT('',(0.85,-0.8505,1.000000000133E-07));
#2056 = ORIENTED_EDGE('',*,*,#2057,.T.);
#2057 = EDGE_CURVE('',#2051,#2023,#2058,.T.);
#2058 = B_SPLINE_CURVE_WITH_KNOTS('',1,(#2059,#2060),.UNSPECIFIED.,.F.,
  .F.,(2,2),(-0.16,-5.E-02),.PIECEWISE_BEZIER_KNOTS.);
#2059 = CARTESIAN_POINT('',(0.85,-0.8505,1.000000000029E-07));
#2060 = CARTESIAN_POINT('',(0.96,-0.8505,1.000000000029E-07));
#2061 = B_SPLINE_SURFACE_WITH_KNOTS('',1,1,(
    (#2062,#2063)
    ,(#2064,#2065
  )),.UNSPECIFIED.,.F.,.F.,.F.,(2,2),(2,2),(5.E-02,0.16),(-0.2,-0.13),
  .PIECEWISE_BEZIER_KNOTS.);
#2062 = CARTESIAN_POINT('',(0.96,-0.8505,9.999999998553E-08));
#2063 = CARTESIAN_POINT('',(0.96,-0.8505,7.00001E-02));
#2064 = CARTESIAN_POINT('',(0.85,-0.8505,9.999999998553E-08));
#2065 = CARTESIAN_POINT('',(0.85,-0.8505,7.00001E-02));
#2066 = ADVANCED_FACE('',(#2067),#2097,.F.);
#2067 = FACE_BOUND('',#2068,.T.);
#2068 = EDGE_LOOP('',(#2069,#2078,#2085,#2092));
#2069 = ORIENTED_EDGE('',*,*,#2070,.T.);
#2070 = EDGE_CURVE('',#2071,#2073,#2075,.T.);
#2071 = VERTEX_POINT('',#2072);
#2072 = CARTESIAN_POINT('',(1.,-0.8505,0.1000001));
#2073 = VERTEX_POINT('',#2074);
#2074 = CARTESIAN_POINT('',(1.01,-0.8505,0.1000001));
#2075 = B_SPLINE_CURVE_WITH_KNOTS('',1,(#2076,#2077),.UNSPECIFIED.,.F.,
  .F.,(2,2),(-9.999999999999E-03,0.),.PIECEWISE_BEZIER_KNOTS.);
#2076 = CARTESIAN_POINT('',(1.,-0.8505,0.1000001));
#2077 = CARTESIAN_POINT('',(1.01,-0.8505,0.1000001));
#2078 = ORIENTED_EDGE('',*,*,#2079,.F.);
#2079 = EDGE_CURVE('',#2080,#2073,#2082,.T.);
#2080 = VERTEX_POINT('',#2081);
#2081 = CARTESIAN_POINT('',(1.01,-0.8505,0.2000001));
#2082 = B_SPLINE_CURVE_WITH_KNOTS('',1,(#2083,#2084),.UNSPECIFIED.,.F.,
  .F.,(2,2),(0.,1.E-01),.PIECEWISE_BEZIER_KNOTS.);
#2083 = CARTESIAN_POINT('',(1.01,-0.8505,0.2000001));
#2084 = CARTESIAN_POINT('',(1.01,-0.8505,0.1000001));
#2085 = ORIENTED_EDGE('',*,*,#2086,.F.);
#2086 = EDGE_CURVE('',#2087,#2080,#2089,.T.);
#2087 = VERTEX_POINT('',#2088);
#2088 = CARTESIAN_POINT('',(1.,-0.8505,0.2000001));
#2089 = B_SPLINE_CURVE_WITH_KNOTS('',1,(#2090,#2091),.UNSPECIFIED.,.F.,
  .F.,(2,2),(-9.999999999999E-03,0.),.PIECEWISE_BEZIER_KNOTS.);
#2090 = CARTESIAN_POINT('',(1.,-0.8505,0.2000001));
#2091 = CARTESIAN_POINT('',(1.01,-0.8505,0.2000001));
#2092 = ORIENTED_EDGE('',*,*,#2093,.T.);
#2093 = EDGE_CURVE('',#2087,#2071,#2094,.T.);
#2094 = B_SPLINE_CURVE_WITH_KNOTS('',1,(#2095,#2096),.UNSPECIFIED.,.F.,
  .F.,(2,2),(0.72,0.82),.PIECEWISE_BEZIER_KNOTS.);
#2095 = CARTESIAN_POINT('',(1.,-0.8505,0.2000001));
#2096 = CARTESIAN_POINT('',(1.,-0.8505,0.1000001));
#2097 = B_SPLINE_SURFACE_WITH_KNOTS('',1,1,(
    (#2098,#2099)
    ,(#2100,#2101
    )),.UNSPECIFIED.,.F.,.F.,.F.,(2,2),(2,2),(-0.,9.999999999999E-03),(
    -0.1,0.),.PIECEWISE_BEZIER_KNOTS.);
#2098 = CARTESIAN_POINT('',(1.01,-0.8505,0.1000001));
#2099 = CARTESIAN_POINT('',(1.01,-0.8505,0.2000001));
#2100 = CARTESIAN_POINT('',(1.,-0.8505,0.1000001));
#2101 = CARTESIAN_POINT('',(1.,-0.8505,0.2000001));
#2102 = ADVANCED_FACE('',(#2103),#2139,.F.);
#2103 = FACE_BOUND('',#2104,.T.);
#2104 = EDGE_LOOP('',(#2105,#2114,#2121,#2128,#2133,#2134));
#2105 = ORIENTED_EDGE('',*,*,#2106,.F.);
#2106 = EDGE_CURVE('',#2107,#2109,#2111,.T.);
#2107 = VERTEX_POINT('',#2108);
#2108 = CARTESIAN_POINT('',(0.5,-0.96,7.00001E-02));
#2109 = VERTEX_POINT('',#2110);
#2110 = CARTESIAN_POINT('',(0.5,-0.96,1.000000000029E-07));
#2111 = B_SPLINE_CURVE_WITH_KNOTS('',1,(#2112,#2113),.UNSPECIFIED.,.F.,
  .F.,(2,2),(3.E-02,0.1),.PIECEWISE_BEZIER_KNOTS.);
#2112 = CARTESIAN_POINT('',(0.5,-0.96,7.00001E-02));
#2113 = CARTESIAN_POINT('',(0.5,-0.96,9.999999999941E-08));
#2114 = ORIENTED_EDGE('',*,*,#2115,.F.);
#2115 = EDGE_CURVE('',#2116,#2107,#2118,.T.);
#2116 = VERTEX_POINT('',#2117);
#2117 = CARTESIAN_POINT('',(0.5,-0.95,7.00001E-02));
#2118 = B_SPLINE_CURVE_WITH_KNOTS('',1,(#2119,#2120),.UNSPECIFIED.,.F.,
  .F.,(2,2),(0.95,0.96),.PIECEWISE_BEZIER_KNOTS.);
#2119 = CARTESIAN_POINT('',(0.5,-0.95,7.00001E-02));
#2120 = CARTESIAN_POINT('',(0.5,-0.96,7.00001E-02));
#2121 = ORIENTED_EDGE('',*,*,#2122,.F.);
#2122 = EDGE_CURVE('',#2123,#2116,#2125,.T.);
#2123 = VERTEX_POINT('',#2124);
#2124 = CARTESIAN_POINT('',(0.5,-0.95,2.00001E-02));
#2125 = B_SPLINE_CURVE_WITH_KNOTS('',1,(#2126,#2127),.UNSPECIFIED.,.F.,
  .F.,(2,2),(-5.E-02,0.),.PIECEWISE_BEZIER_KNOTS.);
#2126 = CARTESIAN_POINT('',(0.5,-0.95,2.00001E-02));
#2127 = CARTESIAN_POINT('',(0.5,-0.95,7.00001E-02));
#2128 = ORIENTED_EDGE('',*,*,#2129,.T.);
#2129 = EDGE_CURVE('',#2123,#1951,#2130,.T.);
#2130 = B_SPLINE_CURVE_WITH_KNOTS('',1,(#2131,#2132),.UNSPECIFIED.,.F.,
  .F.,(2,2),(-0.95,-0.6255),.PIECEWISE_BEZIER_KNOTS.);
#2131 = CARTESIAN_POINT('',(0.5,-0.95,2.00001E-02));
#2132 = CARTESIAN_POINT('',(0.5,-0.6255,2.00001E-02));
#2133 = ORIENTED_EDGE('',*,*,#1950,.T.);
#2134 = ORIENTED_EDGE('',*,*,#2135,.T.);
#2135 = EDGE_CURVE('',#1944,#2109,#2136,.T.);
#2136 = B_SPLINE_CURVE_WITH_KNOTS('',1,(#2137,#2138),.UNSPECIFIED.,.F.,
  .F.,(2,2),(-0.3845,-5.E-02),.PIECEWISE_BEZIER_KNOTS.);
#2137 = CARTESIAN_POINT('',(0.5,-0.6255,1.000000000029E-07));
#2138 = CARTESIAN_POINT('',(0.5,-0.96,1.000000000029E-07));
#2139 = B_SPLINE_SURFACE_WITH_KNOTS('',1,1,(
    (#2140,#2141)
    ,(#2142,#2143
    )),.UNSPECIFIED.,.F.,.F.,.F.,(2,2),(2,2),(0.13,0.2),(5.E-02,0.3845),
  .PIECEWISE_BEZIER_KNOTS.);
#2140 = CARTESIAN_POINT('',(0.5,-0.96,7.00001E-02));
#2141 = CARTESIAN_POINT('',(0.5,-0.6255,7.00001E-02));
#2142 = CARTESIAN_POINT('',(0.5,-0.96,9.999999998553E-08));
#2143 = CARTESIAN_POINT('',(0.5,-0.6255,9.999999998553E-08));
#2144 = ADVANCED_FACE('',(#2145),#2167,.F.);
#2145 = FACE_BOUND('',#2146,.T.);
#2146 = EDGE_LOOP('',(#2147,#2154,#2161,#2166));
#2147 = ORIENTED_EDGE('',*,*,#2148,.T.);
#2148 = EDGE_CURVE('',#515,#2149,#2151,.T.);
#2149 = VERTEX_POINT('',#2150);
#2150 = CARTESIAN_POINT('',(0.5,-1.01,0.1000001));
#2151 = B_SPLINE_CURVE_WITH_KNOTS('',1,(#2152,#2153),.UNSPECIFIED.,.F.,
  .F.,(2,2),(-1.E-02,0.),.PIECEWISE_BEZIER_KNOTS.);
#2152 = CARTESIAN_POINT('',(0.5,-1.,0.1000001));
#2153 = CARTESIAN_POINT('',(0.5,-1.01,0.1000001));
#2154 = ORIENTED_EDGE('',*,*,#2155,.F.);
#2155 = EDGE_CURVE('',#2156,#2149,#2158,.T.);
#2156 = VERTEX_POINT('',#2157);
#2157 = CARTESIAN_POINT('',(0.5,-1.01,0.2000001));
#2158 = B_SPLINE_CURVE_WITH_KNOTS('',1,(#2159,#2160),.UNSPECIFIED.,.F.,
  .F.,(2,2),(0.,1.E-01),.PIECEWISE_BEZIER_KNOTS.);
#2159 = CARTESIAN_POINT('',(0.5,-1.01,0.2000001));
#2160 = CARTESIAN_POINT('',(0.5,-1.01,0.1000001));
#2161 = ORIENTED_EDGE('',*,*,#2162,.F.);
#2162 = EDGE_CURVE('',#513,#2156,#2163,.T.);
#2163 = B_SPLINE_CURVE_WITH_KNOTS('',1,(#2164,#2165),.UNSPECIFIED.,.F.,
  .F.,(2,2),(-1.E-02,0.),.PIECEWISE_BEZIER_KNOTS.);
#2164 = CARTESIAN_POINT('',(0.5,-1.,0.2000001));
#2165 = CARTESIAN_POINT('',(0.5,-1.01,0.2000001));
#2166 = ORIENTED_EDGE('',*,*,#512,.T.);
#2167 = B_SPLINE_SURFACE_WITH_KNOTS('',1,1,(
    (#2168,#2169)
    ,(#2170,#2171
    )),.UNSPECIFIED.,.F.,.F.,.F.,(2,2),(2,2),(0.,0.1),(0.,1.E-02),
  .PIECEWISE_BEZIER_KNOTS.);
#2168 = CARTESIAN_POINT('',(0.5,-1.01,0.2000001));
#2169 = CARTESIAN_POINT('',(0.5,-1.,0.2000001));
#2170 = CARTESIAN_POINT('',(0.5,-1.01,0.1000001));
#2171 = CARTESIAN_POINT('',(0.5,-1.,0.1000001));
#2172 = ADVANCED_FACE('',(#2173),#2209,.F.);
#2173 = FACE_BOUND('',#2174,.T.);
#2174 = EDGE_LOOP('',(#2175,#2184,#2189,#2190,#2197,#2204));
#2175 = ORIENTED_EDGE('',*,*,#2176,.T.);
#2176 = EDGE_CURVE('',#2177,#2179,#2181,.T.);
#2177 = VERTEX_POINT('',#2178);
#2178 = CARTESIAN_POINT('',(0.85,-0.96,7.00001E-02));
#2179 = VERTEX_POINT('',#2180);
#2180 = CARTESIAN_POINT('',(0.85,-0.96,1.000000000029E-07));
#2181 = B_SPLINE_CURVE_WITH_KNOTS('',1,(#2182,#2183),.UNSPECIFIED.,.F.,
  .F.,(2,2),(3.E-02,0.1),.PIECEWISE_BEZIER_KNOTS.);
#2182 = CARTESIAN_POINT('',(0.85,-0.96,7.00001E-02));
#2183 = CARTESIAN_POINT('',(0.85,-0.96,9.999999999941E-08));
#2184 = ORIENTED_EDGE('',*,*,#2185,.T.);
#2185 = EDGE_CURVE('',#2179,#2051,#2186,.T.);
#2186 = B_SPLINE_CURVE_WITH_KNOTS('',1,(#2187,#2188),.UNSPECIFIED.,.F.,
  .F.,(2,2),(-0.1095,0.),.PIECEWISE_BEZIER_KNOTS.);
#2187 = CARTESIAN_POINT('',(0.85,-0.96,1.000000000029E-07));
#2188 = CARTESIAN_POINT('',(0.85,-0.8505,1.000000000029E-07));
#2189 = ORIENTED_EDGE('',*,*,#2050,.F.);
#2190 = ORIENTED_EDGE('',*,*,#2191,.T.);
#2191 = EDGE_CURVE('',#2044,#2192,#2194,.T.);
#2192 = VERTEX_POINT('',#2193);
#2193 = CARTESIAN_POINT('',(0.85,-0.95,2.00001E-02));
#2194 = B_SPLINE_CURVE_WITH_KNOTS('',1,(#2195,#2196),.UNSPECIFIED.,.F.,
  .F.,(2,2),(0.8505,0.95),.PIECEWISE_BEZIER_KNOTS.);
#2195 = CARTESIAN_POINT('',(0.85,-0.8505,2.00001E-02));
#2196 = CARTESIAN_POINT('',(0.85,-0.95,2.00001E-02));
#2197 = ORIENTED_EDGE('',*,*,#2198,.F.);
#2198 = EDGE_CURVE('',#2199,#2192,#2201,.T.);
#2199 = VERTEX_POINT('',#2200);
#2200 = CARTESIAN_POINT('',(0.85,-0.95,7.00001E-02));
#2201 = B_SPLINE_CURVE_WITH_KNOTS('',1,(#2202,#2203),.UNSPECIFIED.,.F.,
  .F.,(2,2),(0.,5.E-02),.PIECEWISE_BEZIER_KNOTS.);
#2202 = CARTESIAN_POINT('',(0.85,-0.95,7.00001E-02));
#2203 = CARTESIAN_POINT('',(0.85,-0.95,2.00001E-02));
#2204 = ORIENTED_EDGE('',*,*,#2205,.F.);
#2205 = EDGE_CURVE('',#2177,#2199,#2206,.T.);
#2206 = B_SPLINE_CURVE_WITH_KNOTS('',1,(#2207,#2208),.UNSPECIFIED.,.F.,
  .F.,(2,2),(-0.96,-0.95),.PIECEWISE_BEZIER_KNOTS.);
#2207 = CARTESIAN_POINT('',(0.85,-0.96,7.00001E-02));
#2208 = CARTESIAN_POINT('',(0.85,-0.95,7.00001E-02));
#2209 = B_SPLINE_SURFACE_WITH_KNOTS('',1,1,(
    (#2210,#2211)
    ,(#2212,#2213
    )),.UNSPECIFIED.,.F.,.F.,.F.,(2,2),(2,2),(-0.2,-0.13),(-0.1095,0.),
  .PIECEWISE_BEZIER_KNOTS.);
#2210 = CARTESIAN_POINT('',(0.85,-0.96,9.999999998553E-08));
#2211 = CARTESIAN_POINT('',(0.85,-0.8505,9.999999998553E-08));
#2212 = CARTESIAN_POINT('',(0.85,-0.96,7.00001E-02));
#2213 = CARTESIAN_POINT('',(0.85,-0.8505,7.00001E-02));
#2214 = ADVANCED_FACE('',(#2215),#2237,.F.);
#2215 = FACE_BOUND('',#2216,.T.);
#2216 = EDGE_LOOP('',(#2217,#2224,#2225,#2232));
#2217 = ORIENTED_EDGE('',*,*,#2218,.T.);
#2218 = EDGE_CURVE('',#2219,#529,#2221,.T.);
#2219 = VERTEX_POINT('',#2220);
#2220 = CARTESIAN_POINT('',(0.85,-1.01,0.1000001));
#2221 = B_SPLINE_CURVE_WITH_KNOTS('',1,(#2222,#2223),.UNSPECIFIED.,.F.,
  .F.,(2,2),(0.,1.E-02),.PIECEWISE_BEZIER_KNOTS.);
#2222 = CARTESIAN_POINT('',(0.85,-1.01,0.1000001));
#2223 = CARTESIAN_POINT('',(0.85,-1.,0.1000001));
#2224 = ORIENTED_EDGE('',*,*,#528,.T.);
#2225 = ORIENTED_EDGE('',*,*,#2226,.F.);
#2226 = EDGE_CURVE('',#2227,#522,#2229,.T.);
#2227 = VERTEX_POINT('',#2228);
#2228 = CARTESIAN_POINT('',(0.85,-1.01,0.2000001));
#2229 = B_SPLINE_CURVE_WITH_KNOTS('',1,(#2230,#2231),.UNSPECIFIED.,.F.,
  .F.,(2,2),(-0.1595,-0.1495),.PIECEWISE_BEZIER_KNOTS.);
#2230 = CARTESIAN_POINT('',(0.85,-1.01,0.2000001));
#2231 = CARTESIAN_POINT('',(0.85,-1.,0.2000001));
#2232 = ORIENTED_EDGE('',*,*,#2233,.T.);
#2233 = EDGE_CURVE('',#2227,#2219,#2234,.T.);
#2234 = B_SPLINE_CURVE_WITH_KNOTS('',1,(#2235,#2236),.UNSPECIFIED.,.F.,
  .F.,(2,2),(0.,1.E-01),.PIECEWISE_BEZIER_KNOTS.);
#2235 = CARTESIAN_POINT('',(0.85,-1.01,0.2000001));
#2236 = CARTESIAN_POINT('',(0.85,-1.01,0.1000001));
#2237 = B_SPLINE_SURFACE_WITH_KNOTS('',1,1,(
    (#2238,#2239)
    ,(#2240,#2241
    )),.UNSPECIFIED.,.F.,.F.,.F.,(2,2),(2,2),(-0.1,0.),(-0.1595,-0.1495)
  ,.PIECEWISE_BEZIER_KNOTS.);
#2238 = CARTESIAN_POINT('',(0.85,-1.01,0.1000001));
#2239 = CARTESIAN_POINT('',(0.85,-1.,0.1000001));
#2240 = CARTESIAN_POINT('',(0.85,-1.01,0.2000001));
#2241 = CARTESIAN_POINT('',(0.85,-1.,0.2000001));
#2242 = ADVANCED_FACE('',(#2243),#2257,.F.);
#2243 = FACE_BOUND('',#2244,.T.);
#2244 = EDGE_LOOP('',(#2245,#2250,#2251,#2256));
#2245 = ORIENTED_EDGE('',*,*,#2246,.T.);
#2246 = EDGE_CURVE('',#2073,#1985,#2247,.T.);
#2247 = B_SPLINE_CURVE_WITH_KNOTS('',1,(#2248,#2249),.UNSPECIFIED.,.F.,
  .F.,(2,2),(-0.225,0.),.PIECEWISE_BEZIER_KNOTS.);
#2248 = CARTESIAN_POINT('',(1.01,-0.8505,0.1000001));
#2249 = CARTESIAN_POINT('',(1.01,-0.6255,0.1000001));
#2250 = ORIENTED_EDGE('',*,*,#2007,.F.);
#2251 = ORIENTED_EDGE('',*,*,#2252,.F.);
#2252 = EDGE_CURVE('',#2080,#2001,#2253,.T.);
#2253 = B_SPLINE_CURVE_WITH_KNOTS('',1,(#2254,#2255),.UNSPECIFIED.,.F.,
  .F.,(2,2),(-0.225,0.),.PIECEWISE_BEZIER_KNOTS.);
#2254 = CARTESIAN_POINT('',(1.01,-0.8505,0.2000001));
#2255 = CARTESIAN_POINT('',(1.01,-0.6255,0.2000001));
#2256 = ORIENTED_EDGE('',*,*,#2079,.T.);
#2257 = B_SPLINE_SURFACE_WITH_KNOTS('',1,1,(
    (#2258,#2259)
    ,(#2260,#2261
    )),.UNSPECIFIED.,.F.,.F.,.F.,(2,2),(2,2),(-1.E-01,0.),(-0.225,0.),
  .PIECEWISE_BEZIER_KNOTS.);
#2258 = CARTESIAN_POINT('',(1.01,-0.8505,0.1000001));
#2259 = CARTESIAN_POINT('',(1.01,-0.6255,0.1000001));
#2260 = CARTESIAN_POINT('',(1.01,-0.8505,0.2000001));
#2261 = CARTESIAN_POINT('',(1.01,-0.6255,0.2000001));
#2262 = ADVANCED_FACE('',(#2263),#2277,.F.);
#2263 = FACE_BOUND('',#2264,.T.);
#2264 = EDGE_LOOP('',(#2265,#2270,#2271,#2276));
#2265 = ORIENTED_EDGE('',*,*,#2266,.T.);
#2266 = EDGE_CURVE('',#2149,#2219,#2267,.T.);
#2267 = B_SPLINE_CURVE_WITH_KNOTS('',1,(#2268,#2269),.UNSPECIFIED.,.F.,
  .F.,(2,2),(-0.35,0.),.PIECEWISE_BEZIER_KNOTS.);
#2268 = CARTESIAN_POINT('',(0.5,-1.01,0.1000001));
#2269 = CARTESIAN_POINT('',(0.85,-1.01,0.1000001));
#2270 = ORIENTED_EDGE('',*,*,#2233,.F.);
#2271 = ORIENTED_EDGE('',*,*,#2272,.F.);
#2272 = EDGE_CURVE('',#2156,#2227,#2273,.T.);
#2273 = B_SPLINE_CURVE_WITH_KNOTS('',1,(#2274,#2275),.UNSPECIFIED.,.F.,
  .F.,(2,2),(-0.35,0.),.PIECEWISE_BEZIER_KNOTS.);
#2274 = CARTESIAN_POINT('',(0.5,-1.01,0.2000001));
#2275 = CARTESIAN_POINT('',(0.85,-1.01,0.2000001));
#2276 = ORIENTED_EDGE('',*,*,#2155,.T.);
#2277 = B_SPLINE_SURFACE_WITH_KNOTS('',1,1,(
    (#2278,#2279)
    ,(#2280,#2281
    )),.UNSPECIFIED.,.F.,.F.,.F.,(2,2),(2,2),(-1.E-01,0.),(-0.35,0.),
  .PIECEWISE_BEZIER_KNOTS.);
#2278 = CARTESIAN_POINT('',(0.5,-1.01,0.1000001));
#2279 = CARTESIAN_POINT('',(0.85,-1.01,0.1000001));
#2280 = CARTESIAN_POINT('',(0.5,-1.01,0.2000001));
#2281 = CARTESIAN_POINT('',(0.85,-1.01,0.2000001));
#2282 = ADVANCED_FACE('',(#2283),#2299,.F.);
#2283 = FACE_BOUND('',#2284,.T.);
#2284 = EDGE_LOOP('',(#2285,#2290,#2291,#2292,#2297,#2298));
#2285 = ORIENTED_EDGE('',*,*,#2286,.T.);
#2286 = EDGE_CURVE('',#1937,#2023,#2287,.T.);
#2287 = B_SPLINE_CURVE_WITH_KNOTS('',1,(#2288,#2289),.UNSPECIFIED.,.F.,
  .F.,(2,2),(0.,0.225),.PIECEWISE_BEZIER_KNOTS.);
#2288 = CARTESIAN_POINT('',(0.96,-0.6255,1.000000000029E-07));
#2289 = CARTESIAN_POINT('',(0.96,-0.8505,1.000000000029E-07));
#2290 = ORIENTED_EDGE('',*,*,#2057,.F.);
#2291 = ORIENTED_EDGE('',*,*,#2185,.F.);
#2292 = ORIENTED_EDGE('',*,*,#2293,.T.);
#2293 = EDGE_CURVE('',#2179,#2109,#2294,.T.);
#2294 = B_SPLINE_CURVE_WITH_KNOTS('',1,(#2295,#2296),.UNSPECIFIED.,.F.,
  .F.,(2,2),(0.,0.35),.PIECEWISE_BEZIER_KNOTS.);
#2295 = CARTESIAN_POINT('',(0.85,-0.96,1.000000000029E-07));
#2296 = CARTESIAN_POINT('',(0.5,-0.96,1.000000000029E-07));
#2297 = ORIENTED_EDGE('',*,*,#2135,.F.);
#2298 = ORIENTED_EDGE('',*,*,#1943,.F.);
#2299 = B_SPLINE_SURFACE_WITH_KNOTS('',1,1,(
    (#2300,#2301)
    ,(#2302,#2303
    )),.UNSPECIFIED.,.F.,.F.,.F.,(2,2),(2,2),(-0.96,-0.5),(0.6255,0.96),
  .PIECEWISE_BEZIER_KNOTS.);
#2300 = CARTESIAN_POINT('',(0.96,-0.6255,1.000000000029E-07));
#2301 = CARTESIAN_POINT('',(0.96,-0.96,1.000000000029E-07));
#2302 = CARTESIAN_POINT('',(0.5,-0.6255,1.000000000029E-07));
#2303 = CARTESIAN_POINT('',(0.5,-0.96,1.000000000029E-07));
#2304 = ADVANCED_FACE('',(#2305),#2349,.F.);
#2305 = FACE_BOUND('',#2306,.T.);
#2306 = EDGE_LOOP('',(#2307,#2316,#2323,#2330,#2337,#2344));
#2307 = ORIENTED_EDGE('',*,*,#2308,.F.);
#2308 = EDGE_CURVE('',#2309,#2311,#2313,.T.);
#2309 = VERTEX_POINT('',#2310);
#2310 = CARTESIAN_POINT('',(0.96,0.1375,7.00001E-02));
#2311 = VERTEX_POINT('',#2312);
#2312 = CARTESIAN_POINT('',(0.96,0.1375,1.000000000029E-07));
#2313 = B_SPLINE_CURVE_WITH_KNOTS('',1,(#2314,#2315),.UNSPECIFIED.,.F.,
  .F.,(2,2),(3.E-02,0.1),.PIECEWISE_BEZIER_KNOTS.);
#2314 = CARTESIAN_POINT('',(0.96,0.1375,7.00001E-02));
#2315 = CARTESIAN_POINT('',(0.96,0.1375,9.999999999941E-08));
#2316 = ORIENTED_EDGE('',*,*,#2317,.F.);
#2317 = EDGE_CURVE('',#2318,#2309,#2320,.T.);
#2318 = VERTEX_POINT('',#2319);
#2319 = CARTESIAN_POINT('',(0.95,0.1375,7.00001E-02));
#2320 = B_SPLINE_CURVE_WITH_KNOTS('',1,(#2321,#2322),.UNSPECIFIED.,.F.,
  .F.,(2,2),(0.95,0.96),.PIECEWISE_BEZIER_KNOTS.);
#2321 = CARTESIAN_POINT('',(0.95,0.1375,7.00001E-02));
#2322 = CARTESIAN_POINT('',(0.96,0.1375,7.00001E-02));
#2323 = ORIENTED_EDGE('',*,*,#2324,.F.);
#2324 = EDGE_CURVE('',#2325,#2318,#2327,.T.);
#2325 = VERTEX_POINT('',#2326);
#2326 = CARTESIAN_POINT('',(0.95,0.1375,2.00001E-02));
#2327 = B_SPLINE_CURVE_WITH_KNOTS('',1,(#2328,#2329),.UNSPECIFIED.,.F.,
  .F.,(2,2),(-5.E-02,0.),.PIECEWISE_BEZIER_KNOTS.);
#2328 = CARTESIAN_POINT('',(0.95,0.1375,2.00001E-02));
#2329 = CARTESIAN_POINT('',(0.95,0.1375,7.00001E-02));
#2330 = ORIENTED_EDGE('',*,*,#2331,.T.);
#2331 = EDGE_CURVE('',#2325,#2332,#2334,.T.);
#2332 = VERTEX_POINT('',#2333);
#2333 = CARTESIAN_POINT('',(0.65,0.1375,2.00001E-02));
#2334 = B_SPLINE_CURVE_WITH_KNOTS('',1,(#2335,#2336),.UNSPECIFIED.,.F.,
  .F.,(2,2),(-0.95,-0.65),.PIECEWISE_BEZIER_KNOTS.);
#2335 = CARTESIAN_POINT('',(0.95,0.1375,2.00001E-02));
#2336 = CARTESIAN_POINT('',(0.65,0.1375,2.00001E-02));
#2337 = ORIENTED_EDGE('',*,*,#2338,.T.);
#2338 = EDGE_CURVE('',#2332,#2339,#2341,.T.);
#2339 = VERTEX_POINT('',#2340);
#2340 = CARTESIAN_POINT('',(0.65,0.1375,1.000000000029E-07));
#2341 = B_SPLINE_CURVE_WITH_KNOTS('',1,(#2342,#2343),.UNSPECIFIED.,.F.,
  .F.,(2,2),(0.18,0.2),.PIECEWISE_BEZIER_KNOTS.);
#2342 = CARTESIAN_POINT('',(0.65,0.1375,2.00001E-02));
#2343 = CARTESIAN_POINT('',(0.65,0.1375,1.000000000133E-07));
#2344 = ORIENTED_EDGE('',*,*,#2345,.T.);
#2345 = EDGE_CURVE('',#2339,#2311,#2346,.T.);
#2346 = B_SPLINE_CURVE_WITH_KNOTS('',1,(#2347,#2348),.UNSPECIFIED.,.F.,
  .F.,(2,2),(0.,0.31),.PIECEWISE_BEZIER_KNOTS.);
#2347 = CARTESIAN_POINT('',(0.65,0.1375,1.000000000029E-07));
#2348 = CARTESIAN_POINT('',(0.96,0.1375,1.000000000029E-07));
#2349 = B_SPLINE_SURFACE_WITH_KNOTS('',1,1,(
    (#2350,#2351)
    ,(#2352,#2353
    )),.UNSPECIFIED.,.F.,.F.,.F.,(2,2),(2,2),(-0.2,-0.13),(0.,0.31),
  .PIECEWISE_BEZIER_KNOTS.);
#2350 = CARTESIAN_POINT('',(0.65,0.1375,9.999999998553E-08));
#2351 = CARTESIAN_POINT('',(0.96,0.1375,9.999999998553E-08));
#2352 = CARTESIAN_POINT('',(0.65,0.1375,7.00001E-02));
#2353 = CARTESIAN_POINT('',(0.96,0.1375,7.00001E-02));
#2354 = ADVANCED_FACE('',(#2355),#2385,.F.);
#2355 = FACE_BOUND('',#2356,.T.);
#2356 = EDGE_LOOP('',(#2357,#2366,#2373,#2380));
#2357 = ORIENTED_EDGE('',*,*,#2358,.T.);
#2358 = EDGE_CURVE('',#2359,#2361,#2363,.T.);
#2359 = VERTEX_POINT('',#2360);
#2360 = CARTESIAN_POINT('',(1.,0.1375,0.1000001));
#2361 = VERTEX_POINT('',#2362);
#2362 = CARTESIAN_POINT('',(1.01,0.1375,0.1000001));
#2363 = B_SPLINE_CURVE_WITH_KNOTS('',1,(#2364,#2365),.UNSPECIFIED.,.F.,
  .F.,(2,2),(-9.999999999999E-03,0.),.PIECEWISE_BEZIER_KNOTS.);
#2364 = CARTESIAN_POINT('',(1.,0.1375,0.1000001));
#2365 = CARTESIAN_POINT('',(1.01,0.1375,0.1000001));
#2366 = ORIENTED_EDGE('',*,*,#2367,.F.);
#2367 = EDGE_CURVE('',#2368,#2361,#2370,.T.);
#2368 = VERTEX_POINT('',#2369);
#2369 = CARTESIAN_POINT('',(1.01,0.1375,0.2000001));
#2370 = B_SPLINE_CURVE_WITH_KNOTS('',1,(#2371,#2372),.UNSPECIFIED.,.F.,
  .F.,(2,2),(0.,1.E-01),.PIECEWISE_BEZIER_KNOTS.);
#2371 = CARTESIAN_POINT('',(1.01,0.1375,0.2000001));
#2372 = CARTESIAN_POINT('',(1.01,0.1375,0.1000001));
#2373 = ORIENTED_EDGE('',*,*,#2374,.F.);
#2374 = EDGE_CURVE('',#2375,#2368,#2377,.T.);
#2375 = VERTEX_POINT('',#2376);
#2376 = CARTESIAN_POINT('',(1.,0.1375,0.2000001));
#2377 = B_SPLINE_CURVE_WITH_KNOTS('',1,(#2378,#2379),.UNSPECIFIED.,.F.,
  .F.,(2,2),(0.35,0.36),.PIECEWISE_BEZIER_KNOTS.);
#2378 = CARTESIAN_POINT('',(1.,0.1375,0.2000001));
#2379 = CARTESIAN_POINT('',(1.01,0.1375,0.2000001));
#2380 = ORIENTED_EDGE('',*,*,#2381,.T.);
#2381 = EDGE_CURVE('',#2375,#2359,#2382,.T.);
#2382 = B_SPLINE_CURVE_WITH_KNOTS('',1,(#2383,#2384),.UNSPECIFIED.,.F.,
  .F.,(2,2),(0.72,0.82),.PIECEWISE_BEZIER_KNOTS.);
#2383 = CARTESIAN_POINT('',(1.,0.1375,0.2000001));
#2384 = CARTESIAN_POINT('',(1.,0.1375,0.1000001));
#2385 = B_SPLINE_SURFACE_WITH_KNOTS('',1,1,(
    (#2386,#2387)
    ,(#2388,#2389
    )),.UNSPECIFIED.,.F.,.F.,.F.,(2,2),(2,2),(-0.1,0.),(0.35,0.36),
  .PIECEWISE_BEZIER_KNOTS.);
#2386 = CARTESIAN_POINT('',(1.,0.1375,0.1000001));
#2387 = CARTESIAN_POINT('',(1.01,0.1375,0.1000001));
#2388 = CARTESIAN_POINT('',(1.,0.1375,0.2000001));
#2389 = CARTESIAN_POINT('',(1.01,0.1375,0.2000001));
#2390 = ADVANCED_FACE('',(#2391),#2435,.F.);
#2391 = FACE_BOUND('',#2392,.T.);
#2392 = EDGE_LOOP('',(#2393,#2402,#2409,#2416,#2423,#2430));
#2393 = ORIENTED_EDGE('',*,*,#2394,.T.);
#2394 = EDGE_CURVE('',#2395,#2397,#2399,.T.);
#2395 = VERTEX_POINT('',#2396);
#2396 = CARTESIAN_POINT('',(0.96,0.3625,7.00001E-02));
#2397 = VERTEX_POINT('',#2398);
#2398 = CARTESIAN_POINT('',(0.96,0.3625,1.000000000029E-07));
#2399 = B_SPLINE_CURVE_WITH_KNOTS('',1,(#2400,#2401),.UNSPECIFIED.,.F.,
  .F.,(2,2),(3.E-02,0.1),.PIECEWISE_BEZIER_KNOTS.);
#2400 = CARTESIAN_POINT('',(0.96,0.3625,7.00001E-02));
#2401 = CARTESIAN_POINT('',(0.96,0.3625,9.999999999941E-08));
#2402 = ORIENTED_EDGE('',*,*,#2403,.T.);
#2403 = EDGE_CURVE('',#2397,#2404,#2406,.T.);
#2404 = VERTEX_POINT('',#2405);
#2405 = CARTESIAN_POINT('',(0.65,0.3625,1.000000000029E-07));
#2406 = B_SPLINE_CURVE_WITH_KNOTS('',1,(#2407,#2408),.UNSPECIFIED.,.F.,
  .F.,(2,2),(-0.31,0.),.PIECEWISE_BEZIER_KNOTS.);
#2407 = CARTESIAN_POINT('',(0.96,0.3625,1.000000000029E-07));
#2408 = CARTESIAN_POINT('',(0.65,0.3625,1.000000000029E-07));
#2409 = ORIENTED_EDGE('',*,*,#2410,.F.);
#2410 = EDGE_CURVE('',#2411,#2404,#2413,.T.);
#2411 = VERTEX_POINT('',#2412);
#2412 = CARTESIAN_POINT('',(0.65,0.3625,2.00001E-02));
#2413 = B_SPLINE_CURVE_WITH_KNOTS('',1,(#2414,#2415),.UNSPECIFIED.,.F.,
  .F.,(2,2),(0.18,0.2),.PIECEWISE_BEZIER_KNOTS.);
#2414 = CARTESIAN_POINT('',(0.65,0.3625,2.00001E-02));
#2415 = CARTESIAN_POINT('',(0.65,0.3625,1.000000000133E-07));
#2416 = ORIENTED_EDGE('',*,*,#2417,.T.);
#2417 = EDGE_CURVE('',#2411,#2418,#2420,.T.);
#2418 = VERTEX_POINT('',#2419);
#2419 = CARTESIAN_POINT('',(0.95,0.3625,2.00001E-02));
#2420 = B_SPLINE_CURVE_WITH_KNOTS('',1,(#2421,#2422),.UNSPECIFIED.,.F.,
  .F.,(2,2),(0.65,0.95),.PIECEWISE_BEZIER_KNOTS.);
#2421 = CARTESIAN_POINT('',(0.65,0.3625,2.00001E-02));
#2422 = CARTESIAN_POINT('',(0.95,0.3625,2.00001E-02));
#2423 = ORIENTED_EDGE('',*,*,#2424,.F.);
#2424 = EDGE_CURVE('',#2425,#2418,#2427,.T.);
#2425 = VERTEX_POINT('',#2426);
#2426 = CARTESIAN_POINT('',(0.95,0.3625,7.00001E-02));
#2427 = B_SPLINE_CURVE_WITH_KNOTS('',1,(#2428,#2429),.UNSPECIFIED.,.F.,
  .F.,(2,2),(0.,5.E-02),.PIECEWISE_BEZIER_KNOTS.);
#2428 = CARTESIAN_POINT('',(0.95,0.3625,7.00001E-02));
#2429 = CARTESIAN_POINT('',(0.95,0.3625,2.00001E-02));
#2430 = ORIENTED_EDGE('',*,*,#2431,.F.);
#2431 = EDGE_CURVE('',#2395,#2425,#2432,.T.);
#2432 = B_SPLINE_CURVE_WITH_KNOTS('',1,(#2433,#2434),.UNSPECIFIED.,.F.,
  .F.,(2,2),(-0.96,-0.95),.PIECEWISE_BEZIER_KNOTS.);
#2433 = CARTESIAN_POINT('',(0.96,0.3625,7.00001E-02));
#2434 = CARTESIAN_POINT('',(0.95,0.3625,7.00001E-02));
#2435 = B_SPLINE_SURFACE_WITH_KNOTS('',1,1,(
    (#2436,#2437)
    ,(#2438,#2439
    )),.UNSPECIFIED.,.F.,.F.,.F.,(2,2),(2,2),(0.13,0.2),(0.,0.31),
  .PIECEWISE_BEZIER_KNOTS.);
#2436 = CARTESIAN_POINT('',(0.65,0.3625,7.00001E-02));
#2437 = CARTESIAN_POINT('',(0.96,0.3625,7.00001E-02));
#2438 = CARTESIAN_POINT('',(0.65,0.3625,9.999999998553E-08));
#2439 = CARTESIAN_POINT('',(0.96,0.3625,9.999999998553E-08));
#2440 = ADVANCED_FACE('',(#2441),#2471,.F.);
#2441 = FACE_BOUND('',#2442,.T.);
#2442 = EDGE_LOOP('',(#2443,#2452,#2459,#2466));
#2443 = ORIENTED_EDGE('',*,*,#2444,.T.);
#2444 = EDGE_CURVE('',#2445,#2447,#2449,.T.);
#2445 = VERTEX_POINT('',#2446);
#2446 = CARTESIAN_POINT('',(1.01,0.3625,0.1000001));
#2447 = VERTEX_POINT('',#2448);
#2448 = CARTESIAN_POINT('',(1.,0.3625,0.1000001));
#2449 = B_SPLINE_CURVE_WITH_KNOTS('',1,(#2450,#2451),.UNSPECIFIED.,.F.,
  .F.,(2,2),(0.,9.999999999999E-03),.PIECEWISE_BEZIER_KNOTS.);
#2450 = CARTESIAN_POINT('',(1.01,0.3625,0.1000001));
#2451 = CARTESIAN_POINT('',(1.,0.3625,0.1000001));
#2452 = ORIENTED_EDGE('',*,*,#2453,.T.);
#2453 = EDGE_CURVE('',#2447,#2454,#2456,.T.);
#2454 = VERTEX_POINT('',#2455);
#2455 = CARTESIAN_POINT('',(1.,0.3625,0.2000001));
#2456 = B_SPLINE_CURVE_WITH_KNOTS('',1,(#2457,#2458),.UNSPECIFIED.,.F.,
  .F.,(2,2),(-0.82,-0.72),.PIECEWISE_BEZIER_KNOTS.);
#2457 = CARTESIAN_POINT('',(1.,0.3625,0.1000001));
#2458 = CARTESIAN_POINT('',(1.,0.3625,0.2000001));
#2459 = ORIENTED_EDGE('',*,*,#2460,.F.);
#2460 = EDGE_CURVE('',#2461,#2454,#2463,.T.);
#2461 = VERTEX_POINT('',#2462);
#2462 = CARTESIAN_POINT('',(1.01,0.3625,0.2000001));
#2463 = B_SPLINE_CURVE_WITH_KNOTS('',1,(#2464,#2465),.UNSPECIFIED.,.F.,
  .F.,(2,2),(-0.36,-0.35),.PIECEWISE_BEZIER_KNOTS.);
#2464 = CARTESIAN_POINT('',(1.01,0.3625,0.2000001));
#2465 = CARTESIAN_POINT('',(1.,0.3625,0.2000001));
#2466 = ORIENTED_EDGE('',*,*,#2467,.T.);
#2467 = EDGE_CURVE('',#2461,#2445,#2468,.T.);
#2468 = B_SPLINE_CURVE_WITH_KNOTS('',1,(#2469,#2470),.UNSPECIFIED.,.F.,
  .F.,(2,2),(0.,1.E-01),.PIECEWISE_BEZIER_KNOTS.);
#2469 = CARTESIAN_POINT('',(1.01,0.3625,0.2000001));
#2470 = CARTESIAN_POINT('',(1.01,0.3625,0.1000001));
#2471 = B_SPLINE_SURFACE_WITH_KNOTS('',1,1,(
    (#2472,#2473)
    ,(#2474,#2475
    )),.UNSPECIFIED.,.F.,.F.,.F.,(2,2),(2,2),(0.,0.1),(0.35,0.36),
  .PIECEWISE_BEZIER_KNOTS.);
#2472 = CARTESIAN_POINT('',(1.,0.3625,0.2000001));
#2473 = CARTESIAN_POINT('',(1.01,0.3625,0.2000001));
#2474 = CARTESIAN_POINT('',(1.,0.3625,0.1000001));
#2475 = CARTESIAN_POINT('',(1.01,0.3625,0.1000001));
#2476 = ADVANCED_FACE('',(#2477),#2491,.F.);
#2477 = FACE_BOUND('',#2478,.T.);
#2478 = EDGE_LOOP('',(#2479,#2484,#2485,#2490));
#2479 = ORIENTED_EDGE('',*,*,#2480,.T.);
#2480 = EDGE_CURVE('',#2361,#2445,#2481,.T.);
#2481 = B_SPLINE_CURVE_WITH_KNOTS('',1,(#2482,#2483),.UNSPECIFIED.,.F.,
  .F.,(2,2),(0.,0.225),.PIECEWISE_BEZIER_KNOTS.);
#2482 = CARTESIAN_POINT('',(1.01,0.1375,0.1000001));
#2483 = CARTESIAN_POINT('',(1.01,0.3625,0.1000001));
#2484 = ORIENTED_EDGE('',*,*,#2467,.F.);
#2485 = ORIENTED_EDGE('',*,*,#2486,.F.);
#2486 = EDGE_CURVE('',#2368,#2461,#2487,.T.);
#2487 = B_SPLINE_CURVE_WITH_KNOTS('',1,(#2488,#2489),.UNSPECIFIED.,.F.,
  .F.,(2,2),(-0.225,0.),.PIECEWISE_BEZIER_KNOTS.);
#2488 = CARTESIAN_POINT('',(1.01,0.1375,0.2000001));
#2489 = CARTESIAN_POINT('',(1.01,0.3625,0.2000001));
#2490 = ORIENTED_EDGE('',*,*,#2367,.T.);
#2491 = B_SPLINE_SURFACE_WITH_KNOTS('',1,1,(
    (#2492,#2493)
    ,(#2494,#2495
    )),.UNSPECIFIED.,.F.,.F.,.F.,(2,2),(2,2),(-1.E-01,0.),(-0.225,0.),
  .PIECEWISE_BEZIER_KNOTS.);
#2492 = CARTESIAN_POINT('',(1.01,0.1375,0.1000001));
#2493 = CARTESIAN_POINT('',(1.01,0.3625,0.1000001));
#2494 = CARTESIAN_POINT('',(1.01,0.1375,0.2000001));
#2495 = CARTESIAN_POINT('',(1.01,0.3625,0.2000001));
#2496 = ADVANCED_FACE('',(#2497),#2511,.T.);
#2497 = FACE_BOUND('',#2498,.T.);
#2498 = EDGE_LOOP('',(#2499,#2500,#2505,#2506));
#2499 = ORIENTED_EDGE('',*,*,#2403,.F.);
#2500 = ORIENTED_EDGE('',*,*,#2501,.T.);
#2501 = EDGE_CURVE('',#2397,#2311,#2502,.T.);
#2502 = B_SPLINE_CURVE_WITH_KNOTS('',1,(#2503,#2504),.UNSPECIFIED.,.F.,
  .F.,(2,2),(-0.225,0.),.PIECEWISE_BEZIER_KNOTS.);
#2503 = CARTESIAN_POINT('',(0.96,0.3625,1.000000000029E-07));
#2504 = CARTESIAN_POINT('',(0.96,0.1375,1.000000000029E-07));
#2505 = ORIENTED_EDGE('',*,*,#2345,.F.);
#2506 = ORIENTED_EDGE('',*,*,#2507,.F.);
#2507 = EDGE_CURVE('',#2404,#2339,#2508,.T.);
#2508 = B_SPLINE_CURVE_WITH_KNOTS('',1,(#2509,#2510),.UNSPECIFIED.,.F.,
  .F.,(2,2),(0.,0.225),.PIECEWISE_BEZIER_KNOTS.);
#2509 = CARTESIAN_POINT('',(0.65,0.3625,1.000000000029E-07));
#2510 = CARTESIAN_POINT('',(0.65,0.1375,1.000000000029E-07));
#2511 = B_SPLINE_SURFACE_WITH_KNOTS('',1,1,(
    (#2512,#2513)
    ,(#2514,#2515
    )),.UNSPECIFIED.,.F.,.F.,.F.,(2,2),(2,2),(0.65,0.96),(-0.3625,
    -0.1375),.PIECEWISE_BEZIER_KNOTS.);
#2512 = CARTESIAN_POINT('',(0.65,0.3625,1.000000000029E-07));
#2513 = CARTESIAN_POINT('',(0.65,0.1375,1.000000000029E-07));
#2514 = CARTESIAN_POINT('',(0.96,0.3625,1.000000000029E-07));
#2515 = CARTESIAN_POINT('',(0.96,0.1375,1.000000000029E-07));
#2516 = ADVANCED_FACE('',(#2517),#2561,.F.);
#2517 = FACE_BOUND('',#2518,.T.);
#2518 = EDGE_LOOP('',(#2519,#2528,#2535,#2542,#2549,#2556));
#2519 = ORIENTED_EDGE('',*,*,#2520,.T.);
#2520 = EDGE_CURVE('',#2521,#2523,#2525,.T.);
#2521 = VERTEX_POINT('',#2522);
#2522 = CARTESIAN_POINT('',(0.96,0.8505,7.00001E-02));
#2523 = VERTEX_POINT('',#2524);
#2524 = CARTESIAN_POINT('',(0.96,0.8505,1.000000000029E-07));
#2525 = B_SPLINE_CURVE_WITH_KNOTS('',1,(#2526,#2527),.UNSPECIFIED.,.F.,
  .F.,(2,2),(3.E-02,0.1),.PIECEWISE_BEZIER_KNOTS.);
#2526 = CARTESIAN_POINT('',(0.96,0.8505,7.00001E-02));
#2527 = CARTESIAN_POINT('',(0.96,0.8505,9.999999999941E-08));
#2528 = ORIENTED_EDGE('',*,*,#2529,.T.);
#2529 = EDGE_CURVE('',#2523,#2530,#2532,.T.);
#2530 = VERTEX_POINT('',#2531);
#2531 = CARTESIAN_POINT('',(0.85,0.8505,1.000000000029E-07));
#2532 = B_SPLINE_CURVE_WITH_KNOTS('',1,(#2533,#2534),.UNSPECIFIED.,.F.,
  .F.,(2,2),(5.E-02,0.16),.PIECEWISE_BEZIER_KNOTS.);
#2533 = CARTESIAN_POINT('',(0.96,0.8505,1.000000000029E-07));
#2534 = CARTESIAN_POINT('',(0.85,0.8505,1.000000000029E-07));
#2535 = ORIENTED_EDGE('',*,*,#2536,.F.);
#2536 = EDGE_CURVE('',#2537,#2530,#2539,.T.);
#2537 = VERTEX_POINT('',#2538);
#2538 = CARTESIAN_POINT('',(0.85,0.8505,2.00001E-02));
#2539 = B_SPLINE_CURVE_WITH_KNOTS('',1,(#2540,#2541),.UNSPECIFIED.,.F.,
  .F.,(2,2),(0.18,0.2),.PIECEWISE_BEZIER_KNOTS.);
#2540 = CARTESIAN_POINT('',(0.85,0.8505,2.00001E-02));
#2541 = CARTESIAN_POINT('',(0.85,0.8505,1.000000000133E-07));
#2542 = ORIENTED_EDGE('',*,*,#2543,.T.);
#2543 = EDGE_CURVE('',#2537,#2544,#2546,.T.);
#2544 = VERTEX_POINT('',#2545);
#2545 = CARTESIAN_POINT('',(0.95,0.8505,2.00001E-02));
#2546 = B_SPLINE_CURVE_WITH_KNOTS('',1,(#2547,#2548),.UNSPECIFIED.,.F.,
  .F.,(2,2),(0.85,0.95),.PIECEWISE_BEZIER_KNOTS.);
#2547 = CARTESIAN_POINT('',(0.85,0.8505,2.00001E-02));
#2548 = CARTESIAN_POINT('',(0.95,0.8505,2.00001E-02));
#2549 = ORIENTED_EDGE('',*,*,#2550,.F.);
#2550 = EDGE_CURVE('',#2551,#2544,#2553,.T.);
#2551 = VERTEX_POINT('',#2552);
#2552 = CARTESIAN_POINT('',(0.95,0.8505,7.00001E-02));
#2553 = B_SPLINE_CURVE_WITH_KNOTS('',1,(#2554,#2555),.UNSPECIFIED.,.F.,
  .F.,(2,2),(0.,5.E-02),.PIECEWISE_BEZIER_KNOTS.);
#2554 = CARTESIAN_POINT('',(0.95,0.8505,7.00001E-02));
#2555 = CARTESIAN_POINT('',(0.95,0.8505,2.00001E-02));
#2556 = ORIENTED_EDGE('',*,*,#2557,.F.);
#2557 = EDGE_CURVE('',#2521,#2551,#2558,.T.);
#2558 = B_SPLINE_CURVE_WITH_KNOTS('',1,(#2559,#2560),.UNSPECIFIED.,.F.,
  .F.,(2,2),(-0.96,-0.95),.PIECEWISE_BEZIER_KNOTS.);
#2559 = CARTESIAN_POINT('',(0.96,0.8505,7.00001E-02));
#2560 = CARTESIAN_POINT('',(0.95,0.8505,7.00001E-02));
#2561 = B_SPLINE_SURFACE_WITH_KNOTS('',1,1,(
    (#2562,#2563)
    ,(#2564,#2565
    )),.UNSPECIFIED.,.F.,.F.,.F.,(2,2),(2,2),(-0.16,-5.E-02),(-0.2,-0.13
    ),.PIECEWISE_BEZIER_KNOTS.);
#2562 = CARTESIAN_POINT('',(0.85,0.8505,9.999999998553E-08));
#2563 = CARTESIAN_POINT('',(0.85,0.8505,7.00001E-02));
#2564 = CARTESIAN_POINT('',(0.96,0.8505,9.999999998553E-08));
#2565 = CARTESIAN_POINT('',(0.96,0.8505,7.00001E-02));
#2566 = ADVANCED_FACE('',(#2567),#2597,.F.);
#2567 = FACE_BOUND('',#2568,.T.);
#2568 = EDGE_LOOP('',(#2569,#2578,#2585,#2592));
#2569 = ORIENTED_EDGE('',*,*,#2570,.T.);
#2570 = EDGE_CURVE('',#2571,#2573,#2575,.T.);
#2571 = VERTEX_POINT('',#2572);
#2572 = CARTESIAN_POINT('',(1.01,0.8505,0.1000001));
#2573 = VERTEX_POINT('',#2574);
#2574 = CARTESIAN_POINT('',(1.,0.8505,0.1000001));
#2575 = B_SPLINE_CURVE_WITH_KNOTS('',1,(#2576,#2577),.UNSPECIFIED.,.F.,
  .F.,(2,2),(0.,1.E-02),.PIECEWISE_BEZIER_KNOTS.);
#2576 = CARTESIAN_POINT('',(1.01,0.8505,0.1000001));
#2577 = CARTESIAN_POINT('',(1.,0.8505,0.1000001));
#2578 = ORIENTED_EDGE('',*,*,#2579,.T.);
#2579 = EDGE_CURVE('',#2573,#2580,#2582,.T.);
#2580 = VERTEX_POINT('',#2581);
#2581 = CARTESIAN_POINT('',(1.,0.8505,0.2000001));
#2582 = B_SPLINE_CURVE_WITH_KNOTS('',1,(#2583,#2584),.UNSPECIFIED.,.F.,
  .F.,(2,2),(-0.82,-0.72),.PIECEWISE_BEZIER_KNOTS.);
#2583 = CARTESIAN_POINT('',(1.,0.8505,0.1000001));
#2584 = CARTESIAN_POINT('',(1.,0.8505,0.2000001));
#2585 = ORIENTED_EDGE('',*,*,#2586,.F.);
#2586 = EDGE_CURVE('',#2587,#2580,#2589,.T.);
#2587 = VERTEX_POINT('',#2588);
#2588 = CARTESIAN_POINT('',(1.01,0.8505,0.2000001));
#2589 = B_SPLINE_CURVE_WITH_KNOTS('',1,(#2590,#2591),.UNSPECIFIED.,.F.,
  .F.,(2,2),(0.,1.E-02),.PIECEWISE_BEZIER_KNOTS.);
#2590 = CARTESIAN_POINT('',(1.01,0.8505,0.2000001));
#2591 = CARTESIAN_POINT('',(1.,0.8505,0.2000001));
#2592 = ORIENTED_EDGE('',*,*,#2593,.T.);
#2593 = EDGE_CURVE('',#2587,#2571,#2594,.T.);
#2594 = B_SPLINE_CURVE_WITH_KNOTS('',1,(#2595,#2596),.UNSPECIFIED.,.F.,
  .F.,(2,2),(0.,1.E-01),.PIECEWISE_BEZIER_KNOTS.);
#2595 = CARTESIAN_POINT('',(1.01,0.8505,0.2000001));
#2596 = CARTESIAN_POINT('',(1.01,0.8505,0.1000001));
#2597 = B_SPLINE_SURFACE_WITH_KNOTS('',1,1,(
    (#2598,#2599)
    ,(#2600,#2601
    )),.UNSPECIFIED.,.F.,.F.,.F.,(2,2),(2,2),(-1.E-02,0.),(-0.1,0.),
  .PIECEWISE_BEZIER_KNOTS.);
#2598 = CARTESIAN_POINT('',(1.,0.8505,0.1000001));
#2599 = CARTESIAN_POINT('',(1.,0.8505,0.2000001));
#2600 = CARTESIAN_POINT('',(1.01,0.8505,0.1000001));
#2601 = CARTESIAN_POINT('',(1.01,0.8505,0.2000001));
#2602 = ADVANCED_FACE('',(#2603),#2647,.F.);
#2603 = FACE_BOUND('',#2604,.T.);
#2604 = EDGE_LOOP('',(#2605,#2614,#2621,#2628,#2635,#2642));
#2605 = ORIENTED_EDGE('',*,*,#2606,.F.);
#2606 = EDGE_CURVE('',#2607,#2609,#2611,.T.);
#2607 = VERTEX_POINT('',#2608);
#2608 = CARTESIAN_POINT('',(0.96,0.6255,7.00001E-02));
#2609 = VERTEX_POINT('',#2610);
#2610 = CARTESIAN_POINT('',(0.96,0.6255,1.000000000029E-07));
#2611 = B_SPLINE_CURVE_WITH_KNOTS('',1,(#2612,#2613),.UNSPECIFIED.,.F.,
  .F.,(2,2),(3.E-02,0.1),.PIECEWISE_BEZIER_KNOTS.);
#2612 = CARTESIAN_POINT('',(0.96,0.6255,7.00001E-02));
#2613 = CARTESIAN_POINT('',(0.96,0.6255,9.999999999941E-08));
#2614 = ORIENTED_EDGE('',*,*,#2615,.F.);
#2615 = EDGE_CURVE('',#2616,#2607,#2618,.T.);
#2616 = VERTEX_POINT('',#2617);
#2617 = CARTESIAN_POINT('',(0.95,0.6255,7.00001E-02));
#2618 = B_SPLINE_CURVE_WITH_KNOTS('',1,(#2619,#2620),.UNSPECIFIED.,.F.,
  .F.,(2,2),(0.95,0.96),.PIECEWISE_BEZIER_KNOTS.);
#2619 = CARTESIAN_POINT('',(0.95,0.6255,7.00001E-02));
#2620 = CARTESIAN_POINT('',(0.96,0.6255,7.00001E-02));
#2621 = ORIENTED_EDGE('',*,*,#2622,.F.);
#2622 = EDGE_CURVE('',#2623,#2616,#2625,.T.);
#2623 = VERTEX_POINT('',#2624);
#2624 = CARTESIAN_POINT('',(0.95,0.6255,2.00001E-02));
#2625 = B_SPLINE_CURVE_WITH_KNOTS('',1,(#2626,#2627),.UNSPECIFIED.,.F.,
  .F.,(2,2),(-5.E-02,0.),.PIECEWISE_BEZIER_KNOTS.);
#2626 = CARTESIAN_POINT('',(0.95,0.6255,2.00001E-02));
#2627 = CARTESIAN_POINT('',(0.95,0.6255,7.00001E-02));
#2628 = ORIENTED_EDGE('',*,*,#2629,.T.);
#2629 = EDGE_CURVE('',#2623,#2630,#2632,.T.);
#2630 = VERTEX_POINT('',#2631);
#2631 = CARTESIAN_POINT('',(0.45,0.6255,2.00001E-02));
#2632 = B_SPLINE_CURVE_WITH_KNOTS('',1,(#2633,#2634),.UNSPECIFIED.,.F.,
  .F.,(2,2),(-0.95,-0.45),.PIECEWISE_BEZIER_KNOTS.);
#2633 = CARTESIAN_POINT('',(0.95,0.6255,2.00001E-02));
#2634 = CARTESIAN_POINT('',(0.45,0.6255,2.00001E-02));
#2635 = ORIENTED_EDGE('',*,*,#2636,.T.);
#2636 = EDGE_CURVE('',#2630,#2637,#2639,.T.);
#2637 = VERTEX_POINT('',#2638);
#2638 = CARTESIAN_POINT('',(0.45,0.6255,1.000000000029E-07));
#2639 = B_SPLINE_CURVE_WITH_KNOTS('',1,(#2640,#2641),.UNSPECIFIED.,.F.,
  .F.,(2,2),(0.18,0.2),.PIECEWISE_BEZIER_KNOTS.);
#2640 = CARTESIAN_POINT('',(0.45,0.6255,2.00001E-02));
#2641 = CARTESIAN_POINT('',(0.45,0.6255,1.000000000133E-07));
#2642 = ORIENTED_EDGE('',*,*,#2643,.T.);
#2643 = EDGE_CURVE('',#2637,#2609,#2644,.T.);
#2644 = B_SPLINE_CURVE_WITH_KNOTS('',1,(#2645,#2646),.UNSPECIFIED.,.F.,
  .F.,(2,2),(-5.E-02,0.46),.PIECEWISE_BEZIER_KNOTS.);
#2645 = CARTESIAN_POINT('',(0.45,0.6255,1.000000000029E-07));
#2646 = CARTESIAN_POINT('',(0.96,0.6255,1.000000000029E-07));
#2647 = B_SPLINE_SURFACE_WITH_KNOTS('',1,1,(
    (#2648,#2649)
    ,(#2650,#2651
    )),.UNSPECIFIED.,.F.,.F.,.F.,(2,2),(2,2),(-0.2,-0.13),(-5.E-02,0.46)
  ,.PIECEWISE_BEZIER_KNOTS.);
#2648 = CARTESIAN_POINT('',(0.45,0.6255,9.999999998553E-08));
#2649 = CARTESIAN_POINT('',(0.96,0.6255,9.999999998553E-08));
#2650 = CARTESIAN_POINT('',(0.45,0.6255,7.00001E-02));
#2651 = CARTESIAN_POINT('',(0.96,0.6255,7.00001E-02));
#2652 = ADVANCED_FACE('',(#2653),#2683,.F.);
#2653 = FACE_BOUND('',#2654,.T.);
#2654 = EDGE_LOOP('',(#2655,#2664,#2671,#2678));
#2655 = ORIENTED_EDGE('',*,*,#2656,.T.);
#2656 = EDGE_CURVE('',#2657,#2659,#2661,.T.);
#2657 = VERTEX_POINT('',#2658);
#2658 = CARTESIAN_POINT('',(1.,0.6255,0.1000001));
#2659 = VERTEX_POINT('',#2660);
#2660 = CARTESIAN_POINT('',(1.01,0.6255,0.1000001));
#2661 = B_SPLINE_CURVE_WITH_KNOTS('',1,(#2662,#2663),.UNSPECIFIED.,.F.,
  .F.,(2,2),(-1.E-02,0.),.PIECEWISE_BEZIER_KNOTS.);
#2662 = CARTESIAN_POINT('',(1.,0.6255,0.1000001));
#2663 = CARTESIAN_POINT('',(1.01,0.6255,0.1000001));
#2664 = ORIENTED_EDGE('',*,*,#2665,.F.);
#2665 = EDGE_CURVE('',#2666,#2659,#2668,.T.);
#2666 = VERTEX_POINT('',#2667);
#2667 = CARTESIAN_POINT('',(1.01,0.6255,0.2000001));
#2668 = B_SPLINE_CURVE_WITH_KNOTS('',1,(#2669,#2670),.UNSPECIFIED.,.F.,
  .F.,(2,2),(0.,1.E-01),.PIECEWISE_BEZIER_KNOTS.);
#2669 = CARTESIAN_POINT('',(1.01,0.6255,0.2000001));
#2670 = CARTESIAN_POINT('',(1.01,0.6255,0.1000001));
#2671 = ORIENTED_EDGE('',*,*,#2672,.F.);
#2672 = EDGE_CURVE('',#2673,#2666,#2675,.T.);
#2673 = VERTEX_POINT('',#2674);
#2674 = CARTESIAN_POINT('',(1.,0.6255,0.2000001));
#2675 = B_SPLINE_CURVE_WITH_KNOTS('',1,(#2676,#2677),.UNSPECIFIED.,.F.,
  .F.,(2,2),(0.5,0.51),.PIECEWISE_BEZIER_KNOTS.);
#2676 = CARTESIAN_POINT('',(1.,0.6255,0.2000001));
#2677 = CARTESIAN_POINT('',(1.01,0.6255,0.2000001));
#2678 = ORIENTED_EDGE('',*,*,#2679,.T.);
#2679 = EDGE_CURVE('',#2673,#2657,#2680,.T.);
#2680 = B_SPLINE_CURVE_WITH_KNOTS('',1,(#2681,#2682),.UNSPECIFIED.,.F.,
  .F.,(2,2),(0.72,0.82),.PIECEWISE_BEZIER_KNOTS.);
#2681 = CARTESIAN_POINT('',(1.,0.6255,0.2000001));
#2682 = CARTESIAN_POINT('',(1.,0.6255,0.1000001));
#2683 = B_SPLINE_SURFACE_WITH_KNOTS('',1,1,(
    (#2684,#2685)
    ,(#2686,#2687
    )),.UNSPECIFIED.,.F.,.F.,.F.,(2,2),(2,2),(-0.1,0.),(0.5,0.51),
  .PIECEWISE_BEZIER_KNOTS.);
#2684 = CARTESIAN_POINT('',(1.,0.6255,0.1000001));
#2685 = CARTESIAN_POINT('',(1.01,0.6255,0.1000001));
#2686 = CARTESIAN_POINT('',(1.,0.6255,0.2000001));
#2687 = CARTESIAN_POINT('',(1.01,0.6255,0.2000001));
#2688 = ADVANCED_FACE('',(#2689),#2725,.F.);
#2689 = FACE_BOUND('',#2690,.T.);
#2690 = EDGE_LOOP('',(#2691,#2700,#2707,#2714,#2719,#2720));
#2691 = ORIENTED_EDGE('',*,*,#2692,.F.);
#2692 = EDGE_CURVE('',#2693,#2695,#2697,.T.);
#2693 = VERTEX_POINT('',#2694);
#2694 = CARTESIAN_POINT('',(0.85,0.96,7.00001E-02));
#2695 = VERTEX_POINT('',#2696);
#2696 = CARTESIAN_POINT('',(0.85,0.96,1.000000000029E-07));
#2697 = B_SPLINE_CURVE_WITH_KNOTS('',1,(#2698,#2699),.UNSPECIFIED.,.F.,
  .F.,(2,2),(3.E-02,0.1),.PIECEWISE_BEZIER_KNOTS.);
#2698 = CARTESIAN_POINT('',(0.85,0.96,7.00001E-02));
#2699 = CARTESIAN_POINT('',(0.85,0.96,9.999999999941E-08));
#2700 = ORIENTED_EDGE('',*,*,#2701,.F.);
#2701 = EDGE_CURVE('',#2702,#2693,#2704,.T.);
#2702 = VERTEX_POINT('',#2703);
#2703 = CARTESIAN_POINT('',(0.85,0.95,7.00001E-02));
#2704 = B_SPLINE_CURVE_WITH_KNOTS('',1,(#2705,#2706),.UNSPECIFIED.,.F.,
  .F.,(2,2),(0.95,0.96),.PIECEWISE_BEZIER_KNOTS.);
#2705 = CARTESIAN_POINT('',(0.85,0.95,7.00001E-02));
#2706 = CARTESIAN_POINT('',(0.85,0.96,7.00001E-02));
#2707 = ORIENTED_EDGE('',*,*,#2708,.F.);
#2708 = EDGE_CURVE('',#2709,#2702,#2711,.T.);
#2709 = VERTEX_POINT('',#2710);
#2710 = CARTESIAN_POINT('',(0.85,0.95,2.00001E-02));
#2711 = B_SPLINE_CURVE_WITH_KNOTS('',1,(#2712,#2713),.UNSPECIFIED.,.F.,
  .F.,(2,2),(-5.E-02,0.),.PIECEWISE_BEZIER_KNOTS.);
#2712 = CARTESIAN_POINT('',(0.85,0.95,2.00001E-02));
#2713 = CARTESIAN_POINT('',(0.85,0.95,7.00001E-02));
#2714 = ORIENTED_EDGE('',*,*,#2715,.T.);
#2715 = EDGE_CURVE('',#2709,#2537,#2716,.T.);
#2716 = B_SPLINE_CURVE_WITH_KNOTS('',1,(#2717,#2718),.UNSPECIFIED.,.F.,
  .F.,(2,2),(-0.95,-0.8505),.PIECEWISE_BEZIER_KNOTS.);
#2717 = CARTESIAN_POINT('',(0.85,0.95,2.00001E-02));
#2718 = CARTESIAN_POINT('',(0.85,0.8505,2.00001E-02));
#2719 = ORIENTED_EDGE('',*,*,#2536,.T.);
#2720 = ORIENTED_EDGE('',*,*,#2721,.T.);
#2721 = EDGE_CURVE('',#2530,#2695,#2722,.T.);
#2722 = B_SPLINE_CURVE_WITH_KNOTS('',1,(#2723,#2724),.UNSPECIFIED.,.F.,
  .F.,(2,2),(0.,0.1095),.PIECEWISE_BEZIER_KNOTS.);
#2723 = CARTESIAN_POINT('',(0.85,0.8505,1.000000000029E-07));
#2724 = CARTESIAN_POINT('',(0.85,0.96,1.000000000029E-07));
#2725 = B_SPLINE_SURFACE_WITH_KNOTS('',1,1,(
    (#2726,#2727)
    ,(#2728,#2729
    )),.UNSPECIFIED.,.F.,.F.,.F.,(2,2),(2,2),(-0.2,-0.13),(0.,0.1095),
  .PIECEWISE_BEZIER_KNOTS.);
#2726 = CARTESIAN_POINT('',(0.85,0.8505,9.999999998553E-08));
#2727 = CARTESIAN_POINT('',(0.85,0.96,9.999999998553E-08));
#2728 = CARTESIAN_POINT('',(0.85,0.8505,7.00001E-02));
#2729 = CARTESIAN_POINT('',(0.85,0.96,7.00001E-02));
#2730 = ADVANCED_FACE('',(#2731),#2753,.F.);
#2731 = FACE_BOUND('',#2732,.T.);
#2732 = EDGE_LOOP('',(#2733,#2740,#2745,#2746,#2751,#2752));
#2733 = ORIENTED_EDGE('',*,*,#2734,.T.);
#2734 = EDGE_CURVE('',#1673,#2735,#2737,.T.);
#2735 = VERTEX_POINT('',#2736);
#2736 = CARTESIAN_POINT('',(0.45,0.96,1.000000000029E-07));
#2737 = B_SPLINE_CURVE_WITH_KNOTS('',1,(#2738,#2739),.UNSPECIFIED.,.F.,
  .F.,(2,2),(3.E-02,0.1),.PIECEWISE_BEZIER_KNOTS.);
#2738 = CARTESIAN_POINT('',(0.45,0.96,7.00001E-02));
#2739 = CARTESIAN_POINT('',(0.45,0.96,9.999999999941E-08));
#2740 = ORIENTED_EDGE('',*,*,#2741,.T.);
#2741 = EDGE_CURVE('',#2735,#2637,#2742,.T.);
#2742 = B_SPLINE_CURVE_WITH_KNOTS('',1,(#2743,#2744),.UNSPECIFIED.,.F.,
  .F.,(2,2),(5.E-02,0.3845),.PIECEWISE_BEZIER_KNOTS.);
#2743 = CARTESIAN_POINT('',(0.45,0.96,1.000000000029E-07));
#2744 = CARTESIAN_POINT('',(0.45,0.6255,1.000000000029E-07));
#2745 = ORIENTED_EDGE('',*,*,#2636,.F.);
#2746 = ORIENTED_EDGE('',*,*,#2747,.T.);
#2747 = EDGE_CURVE('',#2630,#1703,#2748,.T.);
#2748 = B_SPLINE_CURVE_WITH_KNOTS('',1,(#2749,#2750),.UNSPECIFIED.,.F.,
  .F.,(2,2),(0.6255,0.95),.PIECEWISE_BEZIER_KNOTS.);
#2749 = CARTESIAN_POINT('',(0.45,0.6255,2.00001E-02));
#2750 = CARTESIAN_POINT('',(0.45,0.95,2.00001E-02));
#2751 = ORIENTED_EDGE('',*,*,#1702,.F.);
#2752 = ORIENTED_EDGE('',*,*,#1679,.F.);
#2753 = B_SPLINE_SURFACE_WITH_KNOTS('',1,1,(
    (#2754,#2755)
    ,(#2756,#2757
    )),.UNSPECIFIED.,.F.,.F.,.F.,(2,2),(2,2),(0.13,0.2),(-0.3845,-5.E-02
    ),.PIECEWISE_BEZIER_KNOTS.);
#2754 = CARTESIAN_POINT('',(0.45,0.6255,7.00001E-02));
#2755 = CARTESIAN_POINT('',(0.45,0.96,7.00001E-02));
#2756 = CARTESIAN_POINT('',(0.45,0.6255,9.999999998553E-08));
#2757 = CARTESIAN_POINT('',(0.45,0.96,9.999999998553E-08));
#2758 = ADVANCED_FACE('',(#2759),#2773,.F.);
#2759 = FACE_BOUND('',#2760,.T.);
#2760 = EDGE_LOOP('',(#2761,#2766,#2767,#2772));
#2761 = ORIENTED_EDGE('',*,*,#2762,.T.);
#2762 = EDGE_CURVE('',#2659,#2571,#2763,.T.);
#2763 = B_SPLINE_CURVE_WITH_KNOTS('',1,(#2764,#2765),.UNSPECIFIED.,.F.,
  .F.,(2,2),(0.,0.225),.PIECEWISE_BEZIER_KNOTS.);
#2764 = CARTESIAN_POINT('',(1.01,0.6255,0.1000001));
#2765 = CARTESIAN_POINT('',(1.01,0.8505,0.1000001));
#2766 = ORIENTED_EDGE('',*,*,#2593,.F.);
#2767 = ORIENTED_EDGE('',*,*,#2768,.F.);
#2768 = EDGE_CURVE('',#2666,#2587,#2769,.T.);
#2769 = B_SPLINE_CURVE_WITH_KNOTS('',1,(#2770,#2771),.UNSPECIFIED.,.F.,
  .F.,(2,2),(0.,0.225),.PIECEWISE_BEZIER_KNOTS.);
#2770 = CARTESIAN_POINT('',(1.01,0.6255,0.2000001));
#2771 = CARTESIAN_POINT('',(1.01,0.8505,0.2000001));
#2772 = ORIENTED_EDGE('',*,*,#2665,.T.);
#2773 = B_SPLINE_SURFACE_WITH_KNOTS('',1,1,(
    (#2774,#2775)
    ,(#2776,#2777
    )),.UNSPECIFIED.,.F.,.F.,.F.,(2,2),(2,2),(-1.E-01,0.),(0.,0.225),
  .PIECEWISE_BEZIER_KNOTS.);
#2774 = CARTESIAN_POINT('',(1.01,0.6255,0.1000001));
#2775 = CARTESIAN_POINT('',(1.01,0.8505,0.1000001));
#2776 = CARTESIAN_POINT('',(1.01,0.6255,0.2000001));
#2777 = CARTESIAN_POINT('',(1.01,0.8505,0.2000001));
#2778 = ADVANCED_FACE('',(#2779),#2795,.T.);
#2779 = FACE_BOUND('',#2780,.T.);
#2780 = EDGE_LOOP('',(#2781,#2782,#2787,#2788,#2789,#2794));
#2781 = ORIENTED_EDGE('',*,*,#2741,.F.);
#2782 = ORIENTED_EDGE('',*,*,#2783,.T.);
#2783 = EDGE_CURVE('',#2735,#2695,#2784,.T.);
#2784 = B_SPLINE_CURVE_WITH_KNOTS('',1,(#2785,#2786),.UNSPECIFIED.,.F.,
  .F.,(2,2),(-0.4,0.),.PIECEWISE_BEZIER_KNOTS.);
#2785 = CARTESIAN_POINT('',(0.45,0.96,1.000000000029E-07));
#2786 = CARTESIAN_POINT('',(0.85,0.96,1.000000000029E-07));
#2787 = ORIENTED_EDGE('',*,*,#2721,.F.);
#2788 = ORIENTED_EDGE('',*,*,#2529,.F.);
#2789 = ORIENTED_EDGE('',*,*,#2790,.T.);
#2790 = EDGE_CURVE('',#2523,#2609,#2791,.T.);
#2791 = B_SPLINE_CURVE_WITH_KNOTS('',1,(#2792,#2793),.UNSPECIFIED.,.F.,
  .F.,(2,2),(-0.225,0.),.PIECEWISE_BEZIER_KNOTS.);
#2792 = CARTESIAN_POINT('',(0.96,0.8505,1.000000000029E-07));
#2793 = CARTESIAN_POINT('',(0.96,0.6255,1.000000000029E-07));
#2794 = ORIENTED_EDGE('',*,*,#2643,.F.);
#2795 = B_SPLINE_SURFACE_WITH_KNOTS('',1,1,(
    (#2796,#2797)
    ,(#2798,#2799
    )),.UNSPECIFIED.,.F.,.F.,.F.,(2,2),(2,2),(0.45,0.96),(-0.96,-0.6255)
  ,.PIECEWISE_BEZIER_KNOTS.);
#2796 = CARTESIAN_POINT('',(0.45,0.96,1.000000000029E-07));
#2797 = CARTESIAN_POINT('',(0.45,0.6255,1.000000000029E-07));
#2798 = CARTESIAN_POINT('',(0.96,0.96,1.000000000029E-07));
#2799 = CARTESIAN_POINT('',(0.96,0.6255,1.000000000029E-07));
#2800 = ADVANCED_FACE('',(#2801),#2817,.F.);
#2801 = FACE_BOUND('',#2802,.T.);
#2802 = EDGE_LOOP('',(#2803,#2804,#2805,#2812));
#2803 = ORIENTED_EDGE('',*,*,#2543,.F.);
#2804 = ORIENTED_EDGE('',*,*,#2715,.F.);
#2805 = ORIENTED_EDGE('',*,*,#2806,.T.);
#2806 = EDGE_CURVE('',#2709,#2807,#2809,.T.);
#2807 = VERTEX_POINT('',#2808);
#2808 = CARTESIAN_POINT('',(0.95,0.95,2.00001E-02));
#2809 = B_SPLINE_CURVE_WITH_KNOTS('',1,(#2810,#2811),.UNSPECIFIED.,.F.,
  .F.,(2,2),(1.8,1.9),.PIECEWISE_BEZIER_KNOTS.);
#2810 = CARTESIAN_POINT('',(0.85,0.95,2.00001E-02));
#2811 = CARTESIAN_POINT('',(0.95,0.95,2.00001E-02));
#2812 = ORIENTED_EDGE('',*,*,#2813,.T.);
#2813 = EDGE_CURVE('',#2807,#2544,#2814,.T.);
#2814 = B_SPLINE_CURVE_WITH_KNOTS('',1,(#2815,#2816),.UNSPECIFIED.,.F.,
  .F.,(2,2),(0.,9.95E-02),.PIECEWISE_BEZIER_KNOTS.);
#2815 = CARTESIAN_POINT('',(0.95,0.95,2.00001E-02));
#2816 = CARTESIAN_POINT('',(0.95,0.8505,2.00001E-02));
#2817 = B_SPLINE_SURFACE_WITH_KNOTS('',1,1,(
    (#2818,#2819)
    ,(#2820,#2821
    )),.UNSPECIFIED.,.F.,.F.,.F.,(2,2),(2,2),(0.85,0.95),(0.8505,0.95),
  .PIECEWISE_BEZIER_KNOTS.);
#2818 = CARTESIAN_POINT('',(0.85,0.8505,2.00001E-02));
#2819 = CARTESIAN_POINT('',(0.85,0.95,2.00001E-02));
#2820 = CARTESIAN_POINT('',(0.95,0.8505,2.00001E-02));
#2821 = CARTESIAN_POINT('',(0.95,0.95,2.00001E-02));
#2822 = ADVANCED_FACE('',(#2823),#2976,.F.);
#2823 = FACE_BOUND('',#2824,.T.);
#2824 = EDGE_LOOP('',(#2825,#2830,#2831,#2832,#2833,#2834,#2839,#2840,
    #2845,#2846,#2851,#2852,#2857,#2858,#2863,#2864,#2865,#2872,#2879,
    #2886,#2893,#2900,#2907,#2914,#2921,#2928,#2935,#2942,#2949,#2956,
    #2963,#2970,#2975));
#2825 = ORIENTED_EDGE('',*,*,#2826,.T.);
#2826 = EDGE_CURVE('',#1625,#1582,#2827,.T.);
#2827 = B_SPLINE_CURVE_WITH_KNOTS('',1,(#2828,#2829),.UNSPECIFIED.,.F.,
  .F.,(2,2),(-0.175,0.175),.PIECEWISE_BEZIER_KNOTS.);
#2828 = CARTESIAN_POINT('',(-0.175,-0.1,2.00001E-02));
#2829 = CARTESIAN_POINT('',(0.175,-0.1,2.00001E-02));
#2830 = ORIENTED_EDGE('',*,*,#1581,.T.);
#2831 = ORIENTED_EDGE('',*,*,#1709,.T.);
#2832 = ORIENTED_EDGE('',*,*,#2747,.F.);
#2833 = ORIENTED_EDGE('',*,*,#2629,.F.);
#2834 = ORIENTED_EDGE('',*,*,#2835,.T.);
#2835 = EDGE_CURVE('',#2623,#2418,#2836,.T.);
#2836 = B_SPLINE_CURVE_WITH_KNOTS('',1,(#2837,#2838),.UNSPECIFIED.,.F.,
  .F.,(2,2),(0.3245,0.5875),.PIECEWISE_BEZIER_KNOTS.);
#2837 = CARTESIAN_POINT('',(0.95,0.6255,2.00001E-02));
#2838 = CARTESIAN_POINT('',(0.95,0.3625,2.00001E-02));
#2839 = ORIENTED_EDGE('',*,*,#2417,.F.);
#2840 = ORIENTED_EDGE('',*,*,#2841,.F.);
#2841 = EDGE_CURVE('',#2332,#2411,#2842,.T.);
#2842 = B_SPLINE_CURVE_WITH_KNOTS('',1,(#2843,#2844),.UNSPECIFIED.,.F.,
  .F.,(2,2),(0.1375,0.3625),.PIECEWISE_BEZIER_KNOTS.);
#2843 = CARTESIAN_POINT('',(0.65,0.1375,2.00001E-02));
#2844 = CARTESIAN_POINT('',(0.65,0.3625,2.00001E-02));
#2845 = ORIENTED_EDGE('',*,*,#2331,.F.);
#2846 = ORIENTED_EDGE('',*,*,#2847,.T.);
#2847 = EDGE_CURVE('',#2325,#1746,#2848,.T.);
#2848 = B_SPLINE_CURVE_WITH_KNOTS('',1,(#2849,#2850),.UNSPECIFIED.,.F.,
  .F.,(2,2),(0.8125,1.0875),.PIECEWISE_BEZIER_KNOTS.);
#2849 = CARTESIAN_POINT('',(0.95,0.1375,2.00001E-02));
#2850 = CARTESIAN_POINT('',(0.95,-0.1375,2.00001E-02));
#2851 = ORIENTED_EDGE('',*,*,#1745,.F.);
#2852 = ORIENTED_EDGE('',*,*,#2853,.F.);
#2853 = EDGE_CURVE('',#1832,#1739,#2854,.T.);
#2854 = B_SPLINE_CURVE_WITH_KNOTS('',1,(#2855,#2856),.UNSPECIFIED.,.F.,
  .F.,(2,2),(-0.3625,-0.1375),.PIECEWISE_BEZIER_KNOTS.);
#2855 = CARTESIAN_POINT('',(0.65,-0.3625,2.00001E-02));
#2856 = CARTESIAN_POINT('',(0.65,-0.1375,2.00001E-02));
#2857 = ORIENTED_EDGE('',*,*,#1831,.F.);
#2858 = ORIENTED_EDGE('',*,*,#2859,.T.);
#2859 = EDGE_CURVE('',#1825,#1958,#2860,.T.);
#2860 = B_SPLINE_CURVE_WITH_KNOTS('',1,(#2861,#2862),.UNSPECIFIED.,.F.,
  .F.,(2,2),(1.3125,1.5755),.PIECEWISE_BEZIER_KNOTS.);
#2861 = CARTESIAN_POINT('',(0.95,-0.3625,2.00001E-02));
#2862 = CARTESIAN_POINT('',(0.95,-0.6255,2.00001E-02));
#2863 = ORIENTED_EDGE('',*,*,#1957,.F.);
#2864 = ORIENTED_EDGE('',*,*,#2129,.F.);
#2865 = ORIENTED_EDGE('',*,*,#2866,.T.);
#2866 = EDGE_CURVE('',#2123,#2867,#2869,.T.);
#2867 = VERTEX_POINT('',#2868);
#2868 = CARTESIAN_POINT('',(-0.5,-0.95,2.00001E-02));
#2869 = B_SPLINE_CURVE_WITH_KNOTS('',1,(#2870,#2871),.UNSPECIFIED.,.F.,
  .F.,(2,2),(0.45,1.45),.PIECEWISE_BEZIER_KNOTS.);
#2870 = CARTESIAN_POINT('',(0.5,-0.95,2.00001E-02));
#2871 = CARTESIAN_POINT('',(-0.5,-0.95,2.00001E-02));
#2872 = ORIENTED_EDGE('',*,*,#2873,.T.);
#2873 = EDGE_CURVE('',#2867,#2874,#2876,.T.);
#2874 = VERTEX_POINT('',#2875);
#2875 = CARTESIAN_POINT('',(-0.5,-0.6255,2.00001E-02));
#2876 = B_SPLINE_CURVE_WITH_KNOTS('',1,(#2877,#2878),.UNSPECIFIED.,.F.,
  .F.,(2,2),(-0.95,-0.6255),.PIECEWISE_BEZIER_KNOTS.);
#2877 = CARTESIAN_POINT('',(-0.5,-0.95,2.00001E-02));
#2878 = CARTESIAN_POINT('',(-0.5,-0.6255,2.00001E-02));
#2879 = ORIENTED_EDGE('',*,*,#2880,.T.);
#2880 = EDGE_CURVE('',#2874,#2881,#2883,.T.);
#2881 = VERTEX_POINT('',#2882);
#2882 = CARTESIAN_POINT('',(-0.95,-0.6255,2.00001E-02));
#2883 = B_SPLINE_CURVE_WITH_KNOTS('',1,(#2884,#2885),.UNSPECIFIED.,.F.,
  .F.,(2,2),(0.5,0.95),.PIECEWISE_BEZIER_KNOTS.);
#2884 = CARTESIAN_POINT('',(-0.5,-0.6255,2.00001E-02));
#2885 = CARTESIAN_POINT('',(-0.95,-0.6255,2.00001E-02));
#2886 = ORIENTED_EDGE('',*,*,#2887,.T.);
#2887 = EDGE_CURVE('',#2881,#2888,#2890,.T.);
#2888 = VERTEX_POINT('',#2889);
#2889 = CARTESIAN_POINT('',(-0.95,-0.3625,2.00001E-02));
#2890 = B_SPLINE_CURVE_WITH_KNOTS('',1,(#2891,#2892),.UNSPECIFIED.,.F.,
  .F.,(2,2),(0.3245,0.5875),.PIECEWISE_BEZIER_KNOTS.);
#2891 = CARTESIAN_POINT('',(-0.95,-0.6255,2.00001E-02));
#2892 = CARTESIAN_POINT('',(-0.95,-0.3625,2.00001E-02));
#2893 = ORIENTED_EDGE('',*,*,#2894,.T.);
#2894 = EDGE_CURVE('',#2888,#2895,#2897,.T.);
#2895 = VERTEX_POINT('',#2896);
#2896 = CARTESIAN_POINT('',(-0.65,-0.3625,2.00001E-02));
#2897 = B_SPLINE_CURVE_WITH_KNOTS('',1,(#2898,#2899),.UNSPECIFIED.,.F.,
  .F.,(2,2),(-0.95,-0.65),.PIECEWISE_BEZIER_KNOTS.);
#2898 = CARTESIAN_POINT('',(-0.95,-0.3625,2.00001E-02));
#2899 = CARTESIAN_POINT('',(-0.65,-0.3625,2.00001E-02));
#2900 = ORIENTED_EDGE('',*,*,#2901,.T.);
#2901 = EDGE_CURVE('',#2895,#2902,#2904,.T.);
#2902 = VERTEX_POINT('',#2903);
#2903 = CARTESIAN_POINT('',(-0.65,-0.1375,2.00001E-02));
#2904 = B_SPLINE_CURVE_WITH_KNOTS('',1,(#2905,#2906),.UNSPECIFIED.,.F.,
  .F.,(2,2),(-0.3625,-0.1375),.PIECEWISE_BEZIER_KNOTS.);
#2905 = CARTESIAN_POINT('',(-0.65,-0.3625,2.00001E-02));
#2906 = CARTESIAN_POINT('',(-0.65,-0.1375,2.00001E-02));
#2907 = ORIENTED_EDGE('',*,*,#2908,.T.);
#2908 = EDGE_CURVE('',#2902,#2909,#2911,.T.);
#2909 = VERTEX_POINT('',#2910);
#2910 = CARTESIAN_POINT('',(-0.95,-0.1375,2.00001E-02));
#2911 = B_SPLINE_CURVE_WITH_KNOTS('',1,(#2912,#2913),.UNSPECIFIED.,.F.,
  .F.,(2,2),(0.65,0.95),.PIECEWISE_BEZIER_KNOTS.);
#2912 = CARTESIAN_POINT('',(-0.65,-0.1375,2.00001E-02));
#2913 = CARTESIAN_POINT('',(-0.95,-0.1375,2.00001E-02));
#2914 = ORIENTED_EDGE('',*,*,#2915,.T.);
#2915 = EDGE_CURVE('',#2909,#2916,#2918,.T.);
#2916 = VERTEX_POINT('',#2917);
#2917 = CARTESIAN_POINT('',(-0.95,0.1375,2.00001E-02));
#2918 = B_SPLINE_CURVE_WITH_KNOTS('',1,(#2919,#2920),.UNSPECIFIED.,.F.,
  .F.,(2,2),(0.8125,1.0875),.PIECEWISE_BEZIER_KNOTS.);
#2919 = CARTESIAN_POINT('',(-0.95,-0.1375,2.00001E-02));
#2920 = CARTESIAN_POINT('',(-0.95,0.1375,2.00001E-02));
#2921 = ORIENTED_EDGE('',*,*,#2922,.T.);
#2922 = EDGE_CURVE('',#2916,#2923,#2925,.T.);
#2923 = VERTEX_POINT('',#2924);
#2924 = CARTESIAN_POINT('',(-0.65,0.1375,2.00001E-02));
#2925 = B_SPLINE_CURVE_WITH_KNOTS('',1,(#2926,#2927),.UNSPECIFIED.,.F.,
  .F.,(2,2),(-0.95,-0.65),.PIECEWISE_BEZIER_KNOTS.);
#2926 = CARTESIAN_POINT('',(-0.95,0.1375,2.00001E-02));
#2927 = CARTESIAN_POINT('',(-0.65,0.1375,2.00001E-02));
#2928 = ORIENTED_EDGE('',*,*,#2929,.T.);
#2929 = EDGE_CURVE('',#2923,#2930,#2932,.T.);
#2930 = VERTEX_POINT('',#2931);
#2931 = CARTESIAN_POINT('',(-0.65,0.3625,2.00001E-02));
#2932 = B_SPLINE_CURVE_WITH_KNOTS('',1,(#2933,#2934),.UNSPECIFIED.,.F.,
  .F.,(2,2),(0.1375,0.3625),.PIECEWISE_BEZIER_KNOTS.);
#2933 = CARTESIAN_POINT('',(-0.65,0.1375,2.00001E-02));
#2934 = CARTESIAN_POINT('',(-0.65,0.3625,2.00001E-02));
#2935 = ORIENTED_EDGE('',*,*,#2936,.T.);
#2936 = EDGE_CURVE('',#2930,#2937,#2939,.T.);
#2937 = VERTEX_POINT('',#2938);
#2938 = CARTESIAN_POINT('',(-0.95,0.3625,2.00001E-02));
#2939 = B_SPLINE_CURVE_WITH_KNOTS('',1,(#2940,#2941),.UNSPECIFIED.,.F.,
  .F.,(2,2),(0.65,0.95),.PIECEWISE_BEZIER_KNOTS.);
#2940 = CARTESIAN_POINT('',(-0.65,0.3625,2.00001E-02));
#2941 = CARTESIAN_POINT('',(-0.95,0.3625,2.00001E-02));
#2942 = ORIENTED_EDGE('',*,*,#2943,.T.);
#2943 = EDGE_CURVE('',#2937,#2944,#2946,.T.);
#2944 = VERTEX_POINT('',#2945);
#2945 = CARTESIAN_POINT('',(-0.95,0.6255,2.00001E-02));
#2946 = B_SPLINE_CURVE_WITH_KNOTS('',1,(#2947,#2948),.UNSPECIFIED.,.F.,
  .F.,(2,2),(1.3125,1.5755),.PIECEWISE_BEZIER_KNOTS.);
#2947 = CARTESIAN_POINT('',(-0.95,0.3625,2.00001E-02));
#2948 = CARTESIAN_POINT('',(-0.95,0.6255,2.00001E-02));
#2949 = ORIENTED_EDGE('',*,*,#2950,.T.);
#2950 = EDGE_CURVE('',#2944,#2951,#2953,.T.);
#2951 = VERTEX_POINT('',#2952);
#2952 = CARTESIAN_POINT('',(-0.55,0.6255,2.00001E-02));
#2953 = B_SPLINE_CURVE_WITH_KNOTS('',1,(#2954,#2955),.UNSPECIFIED.,.F.,
  .F.,(2,2),(-0.95,-0.55),.PIECEWISE_BEZIER_KNOTS.);
#2954 = CARTESIAN_POINT('',(-0.95,0.6255,2.00001E-02));
#2955 = CARTESIAN_POINT('',(-0.55,0.6255,2.00001E-02));
#2956 = ORIENTED_EDGE('',*,*,#2957,.T.);
#2957 = EDGE_CURVE('',#2951,#2958,#2960,.T.);
#2958 = VERTEX_POINT('',#2959);
#2959 = CARTESIAN_POINT('',(-0.45,0.7255,2.00001E-02));
#2960 = B_SPLINE_CURVE_WITH_KNOTS('',1,(#2961,#2962),.UNSPECIFIED.,.F.,
  .F.,(2,2),(5.338656197958E-02,0.194807918217),
  .PIECEWISE_BEZIER_KNOTS.);
#2961 = CARTESIAN_POINT('',(-0.55,0.6255,2.00001E-02));
#2962 = CARTESIAN_POINT('',(-0.45,0.7255,2.00001E-02));
#2963 = ORIENTED_EDGE('',*,*,#2964,.T.);
#2964 = EDGE_CURVE('',#2958,#2965,#2967,.T.);
#2965 = VERTEX_POINT('',#2966);
#2966 = CARTESIAN_POINT('',(-0.45,0.95,2.00001E-02));
#2967 = B_SPLINE_CURVE_WITH_KNOTS('',1,(#2968,#2969),.UNSPECIFIED.,.F.,
  .F.,(2,2),(0.7255,0.95),.PIECEWISE_BEZIER_KNOTS.);
#2968 = CARTESIAN_POINT('',(-0.45,0.7255,2.00001E-02));
#2969 = CARTESIAN_POINT('',(-0.45,0.95,2.00001E-02));
#2970 = ORIENTED_EDGE('',*,*,#2971,.T.);
#2971 = EDGE_CURVE('',#2965,#1632,#2972,.T.);
#2972 = B_SPLINE_CURVE_WITH_KNOTS('',1,(#2973,#2974),.UNSPECIFIED.,.F.,
  .F.,(2,2),(0.5,0.775),.PIECEWISE_BEZIER_KNOTS.);
#2973 = CARTESIAN_POINT('',(-0.45,0.95,2.00001E-02));
#2974 = CARTESIAN_POINT('',(-0.175,0.95,2.00001E-02));
#2975 = ORIENTED_EDGE('',*,*,#1631,.T.);
#2976 = B_SPLINE_SURFACE_WITH_KNOTS('',1,1,(
    (#2977,#2978)
    ,(#2979,#2980
    )),.UNSPECIFIED.,.F.,.F.,.F.,(2,2),(2,2),(-0.95,0.95),(-0.95,0.95),
  .PIECEWISE_BEZIER_KNOTS.);
#2977 = CARTESIAN_POINT('',(-0.95,-0.95,2.00001E-02));
#2978 = CARTESIAN_POINT('',(-0.95,0.95,2.00001E-02));
#2979 = CARTESIAN_POINT('',(0.95,-0.95,2.00001E-02));
#2980 = CARTESIAN_POINT('',(0.95,0.95,2.00001E-02));
#2981 = ADVANCED_FACE('',(#2982),#3108,.F.);
#2982 = FACE_BOUND('',#2983,.T.);
#2983 = EDGE_LOOP('',(#2984,#2991,#2998,#3005,#3010,#3011,#3018,#3023,
    #3024,#3029,#3030,#3037,#3044,#3049,#3050,#3055,#3056,#3063,#3070,
    #3075,#3076,#3081,#3082,#3089,#3096,#3101,#3102,#3107));
#2984 = ORIENTED_EDGE('',*,*,#2985,.F.);
#2985 = EDGE_CURVE('',#2986,#2573,#2988,.T.);
#2986 = VERTEX_POINT('',#2987);
#2987 = CARTESIAN_POINT('',(1.,0.8505,7.00001E-02));
#2988 = B_SPLINE_CURVE_WITH_KNOTS('',1,(#2989,#2990),.UNSPECIFIED.,.F.,
  .F.,(2,2),(-0.85,-0.82),.PIECEWISE_BEZIER_KNOTS.);
#2989 = CARTESIAN_POINT('',(1.,0.8505,7.00001E-02));
#2990 = CARTESIAN_POINT('',(1.,0.8505,0.1000001));
#2991 = ORIENTED_EDGE('',*,*,#2992,.F.);
#2992 = EDGE_CURVE('',#2993,#2986,#2995,.T.);
#2993 = VERTEX_POINT('',#2994);
#2994 = CARTESIAN_POINT('',(1.,1.,7.00001E-02));
#2995 = B_SPLINE_CURVE_WITH_KNOTS('',1,(#2996,#2997),.UNSPECIFIED.,.F.,
  .F.,(2,2),(0.,0.1495),.PIECEWISE_BEZIER_KNOTS.);
#2996 = CARTESIAN_POINT('',(1.,1.,7.00001E-02));
#2997 = CARTESIAN_POINT('',(1.,0.8505,7.00001E-02));
#2998 = ORIENTED_EDGE('',*,*,#2999,.F.);
#2999 = EDGE_CURVE('',#3000,#2993,#3002,.T.);
#3000 = VERTEX_POINT('',#3001);
#3001 = CARTESIAN_POINT('',(1.,1.,0.9200001));
#3002 = B_SPLINE_CURVE_WITH_KNOTS('',1,(#3003,#3004),.UNSPECIFIED.,.F.,
  .F.,(2,2),(-0.,0.85),.PIECEWISE_BEZIER_KNOTS.);
#3003 = CARTESIAN_POINT('',(1.,1.,0.9200001));
#3004 = CARTESIAN_POINT('',(1.,1.,7.00001E-02));
#3005 = ORIENTED_EDGE('',*,*,#3006,.F.);
#3006 = EDGE_CURVE('',#550,#3000,#3007,.T.);
#3007 = B_SPLINE_CURVE_WITH_KNOTS('',1,(#3008,#3009),.UNSPECIFIED.,.F.,
  .F.,(2,2),(-2.,0.),.PIECEWISE_BEZIER_KNOTS.);
#3008 = CARTESIAN_POINT('',(1.,-1.,0.9200001));
#3009 = CARTESIAN_POINT('',(1.,1.,0.9200001));
#3010 = ORIENTED_EDGE('',*,*,#549,.T.);
#3011 = ORIENTED_EDGE('',*,*,#3012,.F.);
#3012 = EDGE_CURVE('',#3013,#543,#3015,.T.);
#3013 = VERTEX_POINT('',#3014);
#3014 = CARTESIAN_POINT('',(1.,-0.8505,7.00001E-02));
#3015 = B_SPLINE_CURVE_WITH_KNOTS('',1,(#3016,#3017),.UNSPECIFIED.,.F.,
  .F.,(2,2),(1.8505,2.),.PIECEWISE_BEZIER_KNOTS.);
#3016 = CARTESIAN_POINT('',(1.,-0.8505,7.00001E-02));
#3017 = CARTESIAN_POINT('',(1.,-1.,7.00001E-02));
#3018 = ORIENTED_EDGE('',*,*,#3019,.F.);
#3019 = EDGE_CURVE('',#2071,#3013,#3020,.T.);
#3020 = B_SPLINE_CURVE_WITH_KNOTS('',1,(#3021,#3022),.UNSPECIFIED.,.F.,
  .F.,(2,2),(0.82,0.85),.PIECEWISE_BEZIER_KNOTS.);
#3021 = CARTESIAN_POINT('',(1.,-0.8505,0.1000001));
#3022 = CARTESIAN_POINT('',(1.,-0.8505,7.00001E-02));
#3023 = ORIENTED_EDGE('',*,*,#2093,.F.);
#3024 = ORIENTED_EDGE('',*,*,#3025,.T.);
#3025 = EDGE_CURVE('',#2087,#1994,#3026,.T.);
#3026 = B_SPLINE_CURVE_WITH_KNOTS('',1,(#3027,#3028),.UNSPECIFIED.,.F.,
  .F.,(2,2),(-1.8505,-1.6255),.PIECEWISE_BEZIER_KNOTS.);
#3027 = CARTESIAN_POINT('',(1.,-0.8505,0.2000001));
#3028 = CARTESIAN_POINT('',(1.,-0.6255,0.2000001));
#3029 = ORIENTED_EDGE('',*,*,#1993,.F.);
#3030 = ORIENTED_EDGE('',*,*,#3031,.F.);
#3031 = EDGE_CURVE('',#3032,#1987,#3034,.T.);
#3032 = VERTEX_POINT('',#3033);
#3033 = CARTESIAN_POINT('',(1.,-0.6255,7.00001E-02));
#3034 = B_SPLINE_CURVE_WITH_KNOTS('',1,(#3035,#3036),.UNSPECIFIED.,.F.,
  .F.,(2,2),(-0.85,-0.82),.PIECEWISE_BEZIER_KNOTS.);
#3035 = CARTESIAN_POINT('',(1.,-0.6255,7.00001E-02));
#3036 = CARTESIAN_POINT('',(1.,-0.6255,0.1000001));
#3037 = ORIENTED_EDGE('',*,*,#3038,.F.);
#3038 = EDGE_CURVE('',#3039,#3032,#3041,.T.);
#3039 = VERTEX_POINT('',#3040);
#3040 = CARTESIAN_POINT('',(1.,-0.3625,7.00001E-02));
#3041 = B_SPLINE_CURVE_WITH_KNOTS('',1,(#3042,#3043),.UNSPECIFIED.,.F.,
  .F.,(2,2),(1.3625,1.6255),.PIECEWISE_BEZIER_KNOTS.);
#3042 = CARTESIAN_POINT('',(1.,-0.3625,7.00001E-02));
#3043 = CARTESIAN_POINT('',(1.,-0.6255,7.00001E-02));
#3044 = ORIENTED_EDGE('',*,*,#3045,.F.);
#3045 = EDGE_CURVE('',#1859,#3039,#3046,.T.);
#3046 = B_SPLINE_CURVE_WITH_KNOTS('',1,(#3047,#3048),.UNSPECIFIED.,.F.,
  .F.,(2,2),(0.82,0.85),.PIECEWISE_BEZIER_KNOTS.);
#3047 = CARTESIAN_POINT('',(1.,-0.3625,0.1000001));
#3048 = CARTESIAN_POINT('',(1.,-0.3625,7.00001E-02));
#3049 = ORIENTED_EDGE('',*,*,#1881,.F.);
#3050 = ORIENTED_EDGE('',*,*,#3051,.T.);
#3051 = EDGE_CURVE('',#1875,#1782,#3052,.T.);
#3052 = B_SPLINE_CURVE_WITH_KNOTS('',1,(#3053,#3054),.UNSPECIFIED.,.F.,
  .F.,(2,2),(-1.3625,-1.1375),.PIECEWISE_BEZIER_KNOTS.);
#3053 = CARTESIAN_POINT('',(1.,-0.3625,0.2000001));
#3054 = CARTESIAN_POINT('',(1.,-0.1375,0.2000001));
#3055 = ORIENTED_EDGE('',*,*,#1781,.F.);
#3056 = ORIENTED_EDGE('',*,*,#3057,.F.);
#3057 = EDGE_CURVE('',#3058,#1775,#3060,.T.);
#3058 = VERTEX_POINT('',#3059);
#3059 = CARTESIAN_POINT('',(1.,-0.1375,7.00001E-02));
#3060 = B_SPLINE_CURVE_WITH_KNOTS('',1,(#3061,#3062),.UNSPECIFIED.,.F.,
  .F.,(2,2),(-0.85,-0.82),.PIECEWISE_BEZIER_KNOTS.);
#3061 = CARTESIAN_POINT('',(1.,-0.1375,7.00001E-02));
#3062 = CARTESIAN_POINT('',(1.,-0.1375,0.1000001));
#3063 = ORIENTED_EDGE('',*,*,#3064,.F.);
#3064 = EDGE_CURVE('',#3065,#3058,#3067,.T.);
#3065 = VERTEX_POINT('',#3066);
#3066 = CARTESIAN_POINT('',(1.,0.1375,7.00001E-02));
#3067 = B_SPLINE_CURVE_WITH_KNOTS('',1,(#3068,#3069),.UNSPECIFIED.,.F.,
  .F.,(2,2),(0.8625,1.1375),.PIECEWISE_BEZIER_KNOTS.);
#3068 = CARTESIAN_POINT('',(1.,0.1375,7.00001E-02));
#3069 = CARTESIAN_POINT('',(1.,-0.1375,7.00001E-02));
#3070 = ORIENTED_EDGE('',*,*,#3071,.F.);
#3071 = EDGE_CURVE('',#2359,#3065,#3072,.T.);
#3072 = B_SPLINE_CURVE_WITH_KNOTS('',1,(#3073,#3074),.UNSPECIFIED.,.F.,
  .F.,(2,2),(0.82,0.85),.PIECEWISE_BEZIER_KNOTS.);
#3073 = CARTESIAN_POINT('',(1.,0.1375,0.1000001));
#3074 = CARTESIAN_POINT('',(1.,0.1375,7.00001E-02));
#3075 = ORIENTED_EDGE('',*,*,#2381,.F.);
#3076 = ORIENTED_EDGE('',*,*,#3077,.F.);
#3077 = EDGE_CURVE('',#2454,#2375,#3078,.T.);
#3078 = B_SPLINE_CURVE_WITH_KNOTS('',1,(#3079,#3080),.UNSPECIFIED.,.F.,
  .F.,(2,2),(0.6375,0.8625),.PIECEWISE_BEZIER_KNOTS.);
#3079 = CARTESIAN_POINT('',(1.,0.3625,0.2000001));
#3080 = CARTESIAN_POINT('',(1.,0.1375,0.2000001));
#3081 = ORIENTED_EDGE('',*,*,#2453,.F.);
#3082 = ORIENTED_EDGE('',*,*,#3083,.F.);
#3083 = EDGE_CURVE('',#3084,#2447,#3086,.T.);
#3084 = VERTEX_POINT('',#3085);
#3085 = CARTESIAN_POINT('',(1.,0.3625,7.00001E-02));
#3086 = B_SPLINE_CURVE_WITH_KNOTS('',1,(#3087,#3088),.UNSPECIFIED.,.F.,
  .F.,(2,2),(-0.85,-0.82),.PIECEWISE_BEZIER_KNOTS.);
#3087 = CARTESIAN_POINT('',(1.,0.3625,7.00001E-02));
#3088 = CARTESIAN_POINT('',(1.,0.3625,0.1000001));
#3089 = ORIENTED_EDGE('',*,*,#3090,.F.);
#3090 = EDGE_CURVE('',#3091,#3084,#3093,.T.);
#3091 = VERTEX_POINT('',#3092);
#3092 = CARTESIAN_POINT('',(1.,0.6255,7.00001E-02));
#3093 = B_SPLINE_CURVE_WITH_KNOTS('',1,(#3094,#3095),.UNSPECIFIED.,.F.,
  .F.,(2,2),(0.3745,0.6375),.PIECEWISE_BEZIER_KNOTS.);
#3094 = CARTESIAN_POINT('',(1.,0.6255,7.00001E-02));
#3095 = CARTESIAN_POINT('',(1.,0.3625,7.00001E-02));
#3096 = ORIENTED_EDGE('',*,*,#3097,.F.);
#3097 = EDGE_CURVE('',#2657,#3091,#3098,.T.);
#3098 = B_SPLINE_CURVE_WITH_KNOTS('',1,(#3099,#3100),.UNSPECIFIED.,.F.,
  .F.,(2,2),(0.82,0.85),.PIECEWISE_BEZIER_KNOTS.);
#3099 = CARTESIAN_POINT('',(1.,0.6255,0.1000001));
#3100 = CARTESIAN_POINT('',(1.,0.6255,7.00001E-02));
#3101 = ORIENTED_EDGE('',*,*,#2679,.F.);
#3102 = ORIENTED_EDGE('',*,*,#3103,.F.);
#3103 = EDGE_CURVE('',#2580,#2673,#3104,.T.);
#3104 = B_SPLINE_CURVE_WITH_KNOTS('',1,(#3105,#3106),.UNSPECIFIED.,.F.,
  .F.,(2,2),(0.1495,0.3745),.PIECEWISE_BEZIER_KNOTS.);
#3105 = CARTESIAN_POINT('',(1.,0.8505,0.2000001));
#3106 = CARTESIAN_POINT('',(1.,0.6255,0.2000001));
#3107 = ORIENTED_EDGE('',*,*,#2579,.F.);
#3108 = B_SPLINE_SURFACE_WITH_KNOTS('',1,1,(
    (#3109,#3110)
    ,(#3111,#3112
    )),.UNSPECIFIED.,.F.,.F.,.F.,(2,2),(2,2),(0.,2.),(-0.85,0.),
  .PIECEWISE_BEZIER_KNOTS.);
#3109 = CARTESIAN_POINT('',(1.,1.,7.00001E-02));
#3110 = CARTESIAN_POINT('',(1.,1.,0.9200001));
#3111 = CARTESIAN_POINT('',(1.,-1.,7.00001E-02));
#3112 = CARTESIAN_POINT('',(1.,-1.,0.9200001));
#3113 = ADVANCED_FACE('',(#3114),#3148,.T.);
#3114 = FACE_BOUND('',#3115,.T.);
#3115 = EDGE_LOOP('',(#3116,#3117,#3122,#3123,#3130,#3135,#3136,#3143));
#3116 = ORIENTED_EDGE('',*,*,#2992,.T.);
#3117 = ORIENTED_EDGE('',*,*,#3118,.T.);
#3118 = EDGE_CURVE('',#2986,#2521,#3119,.T.);
#3119 = B_SPLINE_CURVE_WITH_KNOTS('',1,(#3120,#3121),.UNSPECIFIED.,.F.,
  .F.,(2,2),(-1.,-0.96),.PIECEWISE_BEZIER_KNOTS.);
#3120 = CARTESIAN_POINT('',(1.,0.8505,7.00001E-02));
#3121 = CARTESIAN_POINT('',(0.96,0.8505,7.00001E-02));
#3122 = ORIENTED_EDGE('',*,*,#2557,.T.);
#3123 = ORIENTED_EDGE('',*,*,#3124,.F.);
#3124 = EDGE_CURVE('',#3125,#2551,#3127,.T.);
#3125 = VERTEX_POINT('',#3126);
#3126 = CARTESIAN_POINT('',(0.95,0.95,7.00001E-02));
#3127 = B_SPLINE_CURVE_WITH_KNOTS('',1,(#3128,#3129),.UNSPECIFIED.,.F.,
  .F.,(2,2),(0.,9.95E-02),.PIECEWISE_BEZIER_KNOTS.);
#3128 = CARTESIAN_POINT('',(0.95,0.95,7.00001E-02));
#3129 = CARTESIAN_POINT('',(0.95,0.8505,7.00001E-02));
#3130 = ORIENTED_EDGE('',*,*,#3131,.F.);
#3131 = EDGE_CURVE('',#2702,#3125,#3132,.T.);
#3132 = B_SPLINE_CURVE_WITH_KNOTS('',1,(#3133,#3134),.UNSPECIFIED.,.F.,
  .F.,(2,2),(1.8,1.9),.PIECEWISE_BEZIER_KNOTS.);
#3133 = CARTESIAN_POINT('',(0.85,0.95,7.00001E-02));
#3134 = CARTESIAN_POINT('',(0.95,0.95,7.00001E-02));
#3135 = ORIENTED_EDGE('',*,*,#2701,.T.);
#3136 = ORIENTED_EDGE('',*,*,#3137,.T.);
#3137 = EDGE_CURVE('',#2693,#3138,#3140,.T.);
#3138 = VERTEX_POINT('',#3139);
#3139 = CARTESIAN_POINT('',(0.85,1.,7.00001E-02));
#3140 = B_SPLINE_CURVE_WITH_KNOTS('',1,(#3141,#3142),.UNSPECIFIED.,.F.,
  .F.,(2,2),(0.96,1.),.PIECEWISE_BEZIER_KNOTS.);
#3141 = CARTESIAN_POINT('',(0.85,0.96,7.00001E-02));
#3142 = CARTESIAN_POINT('',(0.85,1.,7.00001E-02));
#3143 = ORIENTED_EDGE('',*,*,#3144,.T.);
#3144 = EDGE_CURVE('',#3138,#2993,#3145,.T.);
#3145 = B_SPLINE_CURVE_WITH_KNOTS('',1,(#3146,#3147),.UNSPECIFIED.,.F.,
  .F.,(2,2),(1.85,2.),.PIECEWISE_BEZIER_KNOTS.);
#3146 = CARTESIAN_POINT('',(0.85,1.,7.00001E-02));
#3147 = CARTESIAN_POINT('',(1.,1.,7.00001E-02));
#3148 = B_SPLINE_SURFACE_WITH_KNOTS('',1,1,(
    (#3149,#3150)
    ,(#3151,#3152
    )),.UNSPECIFIED.,.F.,.F.,.F.,(2,2),(2,2),(-1.,-0.85),(0.8505,1.),
  .PIECEWISE_BEZIER_KNOTS.);
#3149 = CARTESIAN_POINT('',(1.,0.8505,7.00001E-02));
#3150 = CARTESIAN_POINT('',(1.,1.,7.00001E-02));
#3151 = CARTESIAN_POINT('',(0.85,0.8505,7.00001E-02));
#3152 = CARTESIAN_POINT('',(0.85,1.,7.00001E-02));
#3153 = ADVANCED_FACE('',(#3154),#3190,.T.);
#3154 = FACE_BOUND('',#3155,.T.);
#3155 = EDGE_LOOP('',(#3156,#3157,#3164,#3171,#3178,#3185));
#3156 = ORIENTED_EDGE('',*,*,#1645,.F.);
#3157 = ORIENTED_EDGE('',*,*,#3158,.F.);
#3158 = EDGE_CURVE('',#3159,#1639,#3161,.T.);
#3159 = VERTEX_POINT('',#3160);
#3160 = CARTESIAN_POINT('',(-0.45,0.95,7.00001E-02));
#3161 = B_SPLINE_CURVE_WITH_KNOTS('',1,(#3162,#3163),.UNSPECIFIED.,.F.,
  .F.,(2,2),(0.5,0.775),.PIECEWISE_BEZIER_KNOTS.);
#3162 = CARTESIAN_POINT('',(-0.45,0.95,7.00001E-02));
#3163 = CARTESIAN_POINT('',(-0.175,0.95,7.00001E-02));
#3164 = ORIENTED_EDGE('',*,*,#3165,.F.);
#3165 = EDGE_CURVE('',#3166,#3159,#3168,.T.);
#3166 = VERTEX_POINT('',#3167);
#3167 = CARTESIAN_POINT('',(-0.45,0.96,7.00001E-02));
#3168 = B_SPLINE_CURVE_WITH_KNOTS('',1,(#3169,#3170),.UNSPECIFIED.,.F.,
  .F.,(2,2),(-0.96,-0.95),.PIECEWISE_BEZIER_KNOTS.);
#3169 = CARTESIAN_POINT('',(-0.45,0.96,7.00001E-02));
#3170 = CARTESIAN_POINT('',(-0.45,0.95,7.00001E-02));
#3171 = ORIENTED_EDGE('',*,*,#3172,.F.);
#3172 = EDGE_CURVE('',#3173,#3166,#3175,.T.);
#3173 = VERTEX_POINT('',#3174);
#3174 = CARTESIAN_POINT('',(-0.45,1.,7.00001E-02));
#3175 = B_SPLINE_CURVE_WITH_KNOTS('',1,(#3176,#3177),.UNSPECIFIED.,.F.,
  .F.,(2,2),(-1.,-0.96),.PIECEWISE_BEZIER_KNOTS.);
#3176 = CARTESIAN_POINT('',(-0.45,1.,7.00001E-02));
#3177 = CARTESIAN_POINT('',(-0.45,0.96,7.00001E-02));
#3178 = ORIENTED_EDGE('',*,*,#3179,.T.);
#3179 = EDGE_CURVE('',#3173,#3180,#3182,.T.);
#3180 = VERTEX_POINT('',#3181);
#3181 = CARTESIAN_POINT('',(-0.175,1.,7.00001E-02));
#3182 = B_SPLINE_CURVE_WITH_KNOTS('',1,(#3183,#3184),.UNSPECIFIED.,.F.,
  .F.,(2,2),(0.55,0.825),.PIECEWISE_BEZIER_KNOTS.);
#3183 = CARTESIAN_POINT('',(-0.45,1.,7.00001E-02));
#3184 = CARTESIAN_POINT('',(-0.175,1.,7.00001E-02));
#3185 = ORIENTED_EDGE('',*,*,#3186,.F.);
#3186 = EDGE_CURVE('',#1609,#3180,#3187,.T.);
#3187 = B_SPLINE_CURVE_WITH_KNOTS('',1,(#3188,#3189),.UNSPECIFIED.,.F.,
  .F.,(2,2),(0.96,1.),.PIECEWISE_BEZIER_KNOTS.);
#3188 = CARTESIAN_POINT('',(-0.175,0.96,7.00001E-02));
#3189 = CARTESIAN_POINT('',(-0.175,1.,7.00001E-02));
#3190 = B_SPLINE_SURFACE_WITH_KNOTS('',1,1,(
    (#3191,#3192)
    ,(#3193,#3194
    )),.UNSPECIFIED.,.F.,.F.,.F.,(2,2),(2,2),(0.175,0.45),(0.95,1.),
  .PIECEWISE_BEZIER_KNOTS.);
#3191 = CARTESIAN_POINT('',(-0.175,0.95,7.00001E-02));
#3192 = CARTESIAN_POINT('',(-0.175,1.,7.00001E-02));
#3193 = CARTESIAN_POINT('',(-0.45,0.95,7.00001E-02));
#3194 = CARTESIAN_POINT('',(-0.45,1.,7.00001E-02));
#3195 = ADVANCED_FACE('',(#3196),#3216,.T.);
#3196 = FACE_BOUND('',#3197,.T.);
#3197 = EDGE_LOOP('',(#3198,#3203,#3204,#3209,#3210,#3215));
#3198 = ORIENTED_EDGE('',*,*,#3199,.F.);
#3199 = EDGE_CURVE('',#2616,#2425,#3200,.T.);
#3200 = B_SPLINE_CURVE_WITH_KNOTS('',1,(#3201,#3202),.UNSPECIFIED.,.F.,
  .F.,(2,2),(0.3245,0.5875),.PIECEWISE_BEZIER_KNOTS.);
#3201 = CARTESIAN_POINT('',(0.95,0.6255,7.00001E-02));
#3202 = CARTESIAN_POINT('',(0.95,0.3625,7.00001E-02));
#3203 = ORIENTED_EDGE('',*,*,#2615,.T.);
#3204 = ORIENTED_EDGE('',*,*,#3205,.T.);
#3205 = EDGE_CURVE('',#2607,#3091,#3206,.T.);
#3206 = B_SPLINE_CURVE_WITH_KNOTS('',1,(#3207,#3208),.UNSPECIFIED.,.F.,
  .F.,(2,2),(0.96,1.),.PIECEWISE_BEZIER_KNOTS.);
#3207 = CARTESIAN_POINT('',(0.96,0.6255,7.00001E-02));
#3208 = CARTESIAN_POINT('',(1.,0.6255,7.00001E-02));
#3209 = ORIENTED_EDGE('',*,*,#3090,.T.);
#3210 = ORIENTED_EDGE('',*,*,#3211,.T.);
#3211 = EDGE_CURVE('',#3084,#2395,#3212,.T.);
#3212 = B_SPLINE_CURVE_WITH_KNOTS('',1,(#3213,#3214),.UNSPECIFIED.,.F.,
  .F.,(2,2),(-1.,-0.96),.PIECEWISE_BEZIER_KNOTS.);
#3213 = CARTESIAN_POINT('',(1.,0.3625,7.00001E-02));
#3214 = CARTESIAN_POINT('',(0.96,0.3625,7.00001E-02));
#3215 = ORIENTED_EDGE('',*,*,#2431,.T.);
#3216 = B_SPLINE_SURFACE_WITH_KNOTS('',1,1,(
    (#3217,#3218)
    ,(#3219,#3220
    )),.UNSPECIFIED.,.F.,.F.,.F.,(2,2),(2,2),(-1.,-0.95),(0.3625,0.6255)
  ,.PIECEWISE_BEZIER_KNOTS.);
#3217 = CARTESIAN_POINT('',(1.,0.3625,7.00001E-02));
#3218 = CARTESIAN_POINT('',(1.,0.6255,7.00001E-02));
#3219 = CARTESIAN_POINT('',(0.95,0.3625,7.00001E-02));
#3220 = CARTESIAN_POINT('',(0.95,0.6255,7.00001E-02));
#3221 = ADVANCED_FACE('',(#3222),#3232,.T.);
#3222 = FACE_BOUND('',#3223,.T.);
#3223 = EDGE_LOOP('',(#3224,#3225,#3226,#3227));
#3224 = ORIENTED_EDGE('',*,*,#3124,.T.);
#3225 = ORIENTED_EDGE('',*,*,#2550,.T.);
#3226 = ORIENTED_EDGE('',*,*,#2813,.F.);
#3227 = ORIENTED_EDGE('',*,*,#3228,.F.);
#3228 = EDGE_CURVE('',#3125,#2807,#3229,.T.);
#3229 = B_SPLINE_CURVE_WITH_KNOTS('',1,(#3230,#3231),.UNSPECIFIED.,.F.,
  .F.,(2,2),(-0.,5.E-02),.PIECEWISE_BEZIER_KNOTS.);
#3230 = CARTESIAN_POINT('',(0.95,0.95,7.00001E-02));
#3231 = CARTESIAN_POINT('',(0.95,0.95,2.00001E-02));
#3232 = B_SPLINE_SURFACE_WITH_KNOTS('',1,1,(
    (#3233,#3234)
    ,(#3235,#3236
  )),.UNSPECIFIED.,.F.,.F.,.F.,(2,2),(2,2),(-9.95E-02,0.),(-5.E-02,0.),
  .PIECEWISE_BEZIER_KNOTS.);
#3233 = CARTESIAN_POINT('',(0.95,0.8505,2.00001E-02));
#3234 = CARTESIAN_POINT('',(0.95,0.8505,7.00001E-02));
#3235 = CARTESIAN_POINT('',(0.95,0.95,2.00001E-02));
#3236 = CARTESIAN_POINT('',(0.95,0.95,7.00001E-02));
#3237 = ADVANCED_FACE('',(#3238),#3244,.T.);
#3238 = FACE_BOUND('',#3239,.T.);
#3239 = EDGE_LOOP('',(#3240,#3241,#3242,#3243));
#3240 = ORIENTED_EDGE('',*,*,#2835,.F.);
#3241 = ORIENTED_EDGE('',*,*,#2622,.T.);
#3242 = ORIENTED_EDGE('',*,*,#3199,.T.);
#3243 = ORIENTED_EDGE('',*,*,#2424,.T.);
#3244 = B_SPLINE_SURFACE_WITH_KNOTS('',1,1,(
    (#3245,#3246)
    ,(#3247,#3248
    )),.UNSPECIFIED.,.F.,.F.,.F.,(2,2),(2,2),(-0.5875,-0.3245),(-5.E-02,
    0.),.PIECEWISE_BEZIER_KNOTS.);
#3245 = CARTESIAN_POINT('',(0.95,0.3625,2.00001E-02));
#3246 = CARTESIAN_POINT('',(0.95,0.3625,7.00001E-02));
#3247 = CARTESIAN_POINT('',(0.95,0.6255,2.00001E-02));
#3248 = CARTESIAN_POINT('',(0.95,0.6255,7.00001E-02));
#3249 = ADVANCED_FACE('',(#3250),#3256,.T.);
#3250 = FACE_BOUND('',#3251,.T.);
#3251 = EDGE_LOOP('',(#3252,#3253,#3254,#3255));
#3252 = ORIENTED_EDGE('',*,*,#2806,.F.);
#3253 = ORIENTED_EDGE('',*,*,#2708,.T.);
#3254 = ORIENTED_EDGE('',*,*,#3131,.T.);
#3255 = ORIENTED_EDGE('',*,*,#3228,.T.);
#3256 = B_SPLINE_SURFACE_WITH_KNOTS('',1,1,(
    (#3257,#3258)
    ,(#3259,#3260
    )),.UNSPECIFIED.,.F.,.F.,.F.,(2,2),(2,2),(-5.E-02,0.),(1.8,1.9),
  .PIECEWISE_BEZIER_KNOTS.);
#3257 = CARTESIAN_POINT('',(0.85,0.95,2.00001E-02));
#3258 = CARTESIAN_POINT('',(0.95,0.95,2.00001E-02));
#3259 = CARTESIAN_POINT('',(0.85,0.95,7.00001E-02));
#3260 = CARTESIAN_POINT('',(0.95,0.95,7.00001E-02));
#3261 = ADVANCED_FACE('',(#3262),#3272,.T.);
#3262 = FACE_BOUND('',#3263,.T.);
#3263 = EDGE_LOOP('',(#3264,#3265,#3266,#3271));
#3264 = ORIENTED_EDGE('',*,*,#1638,.F.);
#3265 = ORIENTED_EDGE('',*,*,#2971,.F.);
#3266 = ORIENTED_EDGE('',*,*,#3267,.F.);
#3267 = EDGE_CURVE('',#3159,#2965,#3268,.T.);
#3268 = B_SPLINE_CURVE_WITH_KNOTS('',1,(#3269,#3270),.UNSPECIFIED.,.F.,
  .F.,(2,2),(0.,5.E-02),.PIECEWISE_BEZIER_KNOTS.);
#3269 = CARTESIAN_POINT('',(-0.45,0.95,7.00001E-02));
#3270 = CARTESIAN_POINT('',(-0.45,0.95,2.00001E-02));
#3271 = ORIENTED_EDGE('',*,*,#3158,.T.);
#3272 = B_SPLINE_SURFACE_WITH_KNOTS('',1,1,(
    (#3273,#3274)
    ,(#3275,#3276
    )),.UNSPECIFIED.,.F.,.F.,.F.,(2,2),(2,2),(-5.E-02,0.),(0.5,0.775),
  .PIECEWISE_BEZIER_KNOTS.);
#3273 = CARTESIAN_POINT('',(-0.45,0.95,2.00001E-02));
#3274 = CARTESIAN_POINT('',(-0.175,0.95,2.00001E-02));
#3275 = CARTESIAN_POINT('',(-0.45,0.95,7.00001E-02));
#3276 = CARTESIAN_POINT('',(-0.175,0.95,7.00001E-02));
#3277 = ADVANCED_FACE('',(#3278),#3404,.F.);
#3278 = FACE_BOUND('',#3279,.T.);
#3279 = EDGE_LOOP('',(#3280,#3281,#3288,#3295,#3302,#3309,#3314,#3315,
    #3322,#3329,#3336,#3343,#3350,#3357,#3364,#3369,#3370,#3371,#3378,
    #3385,#3392,#3399));
#3280 = ORIENTED_EDGE('',*,*,#1665,.F.);
#3281 = ORIENTED_EDGE('',*,*,#3282,.T.);
#3282 = EDGE_CURVE('',#1659,#3283,#3285,.T.);
#3283 = VERTEX_POINT('',#3284);
#3284 = CARTESIAN_POINT('',(0.175,1.,0.1000001));
#3285 = B_SPLINE_CURVE_WITH_KNOTS('',1,(#3286,#3287),.UNSPECIFIED.,.F.,
  .F.,(2,2),(-0.85,-0.82),.PIECEWISE_BEZIER_KNOTS.);
#3286 = CARTESIAN_POINT('',(0.175,1.,7.00001E-02));
#3287 = CARTESIAN_POINT('',(0.175,1.,0.1000001));
#3288 = ORIENTED_EDGE('',*,*,#3289,.T.);
#3289 = EDGE_CURVE('',#3283,#3290,#3292,.T.);
#3290 = VERTEX_POINT('',#3291);
#3291 = CARTESIAN_POINT('',(0.175,1.,0.2000001));
#3292 = B_SPLINE_CURVE_WITH_KNOTS('',1,(#3293,#3294),.UNSPECIFIED.,.F.,
  .F.,(2,2),(-0.82,-0.72),.PIECEWISE_BEZIER_KNOTS.);
#3293 = CARTESIAN_POINT('',(0.175,1.,0.1000001));
#3294 = CARTESIAN_POINT('',(0.175,1.,0.2000001));
#3295 = ORIENTED_EDGE('',*,*,#3296,.F.);
#3296 = EDGE_CURVE('',#3297,#3290,#3299,.T.);
#3297 = VERTEX_POINT('',#3298);
#3298 = CARTESIAN_POINT('',(-0.175,1.,0.2000001));
#3299 = B_SPLINE_CURVE_WITH_KNOTS('',1,(#3300,#3301),.UNSPECIFIED.,.F.,
  .F.,(2,2),(0.825,1.175),.PIECEWISE_BEZIER_KNOTS.);
#3300 = CARTESIAN_POINT('',(-0.175,1.,0.2000001));
#3301 = CARTESIAN_POINT('',(0.175,1.,0.2000001));
#3302 = ORIENTED_EDGE('',*,*,#3303,.T.);
#3303 = EDGE_CURVE('',#3297,#3304,#3306,.T.);
#3304 = VERTEX_POINT('',#3305);
#3305 = CARTESIAN_POINT('',(-0.175,1.,0.1000001));
#3306 = B_SPLINE_CURVE_WITH_KNOTS('',1,(#3307,#3308),.UNSPECIFIED.,.F.,
  .F.,(2,2),(0.72,0.82),.PIECEWISE_BEZIER_KNOTS.);
#3307 = CARTESIAN_POINT('',(-0.175,1.,0.2000001));
#3308 = CARTESIAN_POINT('',(-0.175,1.,0.1000001));
#3309 = ORIENTED_EDGE('',*,*,#3310,.T.);
#3310 = EDGE_CURVE('',#3304,#3180,#3311,.T.);
#3311 = B_SPLINE_CURVE_WITH_KNOTS('',1,(#3312,#3313),.UNSPECIFIED.,.F.,
  .F.,(2,2),(0.82,0.85),.PIECEWISE_BEZIER_KNOTS.);
#3312 = CARTESIAN_POINT('',(-0.175,1.,0.1000001));
#3313 = CARTESIAN_POINT('',(-0.175,1.,7.00001E-02));
#3314 = ORIENTED_EDGE('',*,*,#3179,.F.);
#3315 = ORIENTED_EDGE('',*,*,#3316,.T.);
#3316 = EDGE_CURVE('',#3173,#3317,#3319,.T.);
#3317 = VERTEX_POINT('',#3318);
#3318 = CARTESIAN_POINT('',(-0.45,1.,0.1000001));
#3319 = B_SPLINE_CURVE_WITH_KNOTS('',1,(#3320,#3321),.UNSPECIFIED.,.F.,
  .F.,(2,2),(-0.85,-0.82),.PIECEWISE_BEZIER_KNOTS.);
#3320 = CARTESIAN_POINT('',(-0.45,1.,7.00001E-02));
#3321 = CARTESIAN_POINT('',(-0.45,1.,0.1000001));
#3322 = ORIENTED_EDGE('',*,*,#3323,.T.);
#3323 = EDGE_CURVE('',#3317,#3324,#3326,.T.);
#3324 = VERTEX_POINT('',#3325);
#3325 = CARTESIAN_POINT('',(-0.45,1.,0.2000001));
#3326 = B_SPLINE_CURVE_WITH_KNOTS('',1,(#3327,#3328),.UNSPECIFIED.,.F.,
  .F.,(2,2),(-0.82,-0.72),.PIECEWISE_BEZIER_KNOTS.);
#3327 = CARTESIAN_POINT('',(-0.45,1.,0.1000001));
#3328 = CARTESIAN_POINT('',(-0.45,1.,0.2000001));
#3329 = ORIENTED_EDGE('',*,*,#3330,.F.);
#3330 = EDGE_CURVE('',#3331,#3324,#3333,.T.);
#3331 = VERTEX_POINT('',#3332);
#3332 = CARTESIAN_POINT('',(-0.85,1.,0.2000001));
#3333 = B_SPLINE_CURVE_WITH_KNOTS('',1,(#3334,#3335),.UNSPECIFIED.,.F.,
  .F.,(2,2),(0.15,0.55),.PIECEWISE_BEZIER_KNOTS.);
#3334 = CARTESIAN_POINT('',(-0.85,1.,0.2000001));
#3335 = CARTESIAN_POINT('',(-0.45,1.,0.2000001));
#3336 = ORIENTED_EDGE('',*,*,#3337,.T.);
#3337 = EDGE_CURVE('',#3331,#3338,#3340,.T.);
#3338 = VERTEX_POINT('',#3339);
#3339 = CARTESIAN_POINT('',(-0.85,1.,0.1000001));
#3340 = B_SPLINE_CURVE_WITH_KNOTS('',1,(#3341,#3342),.UNSPECIFIED.,.F.,
  .F.,(2,2),(0.72,0.82),.PIECEWISE_BEZIER_KNOTS.);
#3341 = CARTESIAN_POINT('',(-0.85,1.,0.2000001));
#3342 = CARTESIAN_POINT('',(-0.85,1.,0.1000001));
#3343 = ORIENTED_EDGE('',*,*,#3344,.T.);
#3344 = EDGE_CURVE('',#3338,#3345,#3347,.T.);
#3345 = VERTEX_POINT('',#3346);
#3346 = CARTESIAN_POINT('',(-0.85,1.,7.00001E-02));
#3347 = B_SPLINE_CURVE_WITH_KNOTS('',1,(#3348,#3349),.UNSPECIFIED.,.F.,
  .F.,(2,2),(0.82,0.85),.PIECEWISE_BEZIER_KNOTS.);
#3348 = CARTESIAN_POINT('',(-0.85,1.,0.1000001));
#3349 = CARTESIAN_POINT('',(-0.85,1.,7.00001E-02));
#3350 = ORIENTED_EDGE('',*,*,#3351,.F.);
#3351 = EDGE_CURVE('',#3352,#3345,#3354,.T.);
#3352 = VERTEX_POINT('',#3353);
#3353 = CARTESIAN_POINT('',(-1.,1.,7.00001E-02));
#3354 = B_SPLINE_CURVE_WITH_KNOTS('',1,(#3355,#3356),.UNSPECIFIED.,.F.,
  .F.,(2,2),(0.,0.15),.PIECEWISE_BEZIER_KNOTS.);
#3355 = CARTESIAN_POINT('',(-1.,1.,7.00001E-02));
#3356 = CARTESIAN_POINT('',(-0.85,1.,7.00001E-02));
#3357 = ORIENTED_EDGE('',*,*,#3358,.F.);
#3358 = EDGE_CURVE('',#3359,#3352,#3361,.T.);
#3359 = VERTEX_POINT('',#3360);
#3360 = CARTESIAN_POINT('',(-1.,1.,0.9200001));
#3361 = B_SPLINE_CURVE_WITH_KNOTS('',1,(#3362,#3363),.UNSPECIFIED.,.F.,
  .F.,(2,2),(-0.,0.85),.PIECEWISE_BEZIER_KNOTS.);
#3362 = CARTESIAN_POINT('',(-1.,1.,0.9200001));
#3363 = CARTESIAN_POINT('',(-1.,1.,7.00001E-02));
#3364 = ORIENTED_EDGE('',*,*,#3365,.F.);
#3365 = EDGE_CURVE('',#3000,#3359,#3366,.T.);
#3366 = B_SPLINE_CURVE_WITH_KNOTS('',1,(#3367,#3368),.UNSPECIFIED.,.F.,
  .F.,(2,2),(-2.,-0.),.PIECEWISE_BEZIER_KNOTS.);
#3367 = CARTESIAN_POINT('',(1.,1.,0.9200001));
#3368 = CARTESIAN_POINT('',(-1.,1.,0.9200001));
#3369 = ORIENTED_EDGE('',*,*,#2999,.T.);
#3370 = ORIENTED_EDGE('',*,*,#3144,.F.);
#3371 = ORIENTED_EDGE('',*,*,#3372,.F.);
#3372 = EDGE_CURVE('',#3373,#3138,#3375,.T.);
#3373 = VERTEX_POINT('',#3374);
#3374 = CARTESIAN_POINT('',(0.85,1.,0.1000001));
#3375 = B_SPLINE_CURVE_WITH_KNOTS('',1,(#3376,#3377),.UNSPECIFIED.,.F.,
  .F.,(2,2),(0.82,0.85),.PIECEWISE_BEZIER_KNOTS.);
#3376 = CARTESIAN_POINT('',(0.85,1.,0.1000001));
#3377 = CARTESIAN_POINT('',(0.85,1.,7.00001E-02));
#3378 = ORIENTED_EDGE('',*,*,#3379,.F.);
#3379 = EDGE_CURVE('',#3380,#3373,#3382,.T.);
#3380 = VERTEX_POINT('',#3381);
#3381 = CARTESIAN_POINT('',(0.85,1.,0.2000001));
#3382 = B_SPLINE_CURVE_WITH_KNOTS('',1,(#3383,#3384),.UNSPECIFIED.,.F.,
  .F.,(2,2),(0.72,0.82),.PIECEWISE_BEZIER_KNOTS.);
#3383 = CARTESIAN_POINT('',(0.85,1.,0.2000001));
#3384 = CARTESIAN_POINT('',(0.85,1.,0.1000001));
#3385 = ORIENTED_EDGE('',*,*,#3386,.F.);
#3386 = EDGE_CURVE('',#3387,#3380,#3389,.T.);
#3387 = VERTEX_POINT('',#3388);
#3388 = CARTESIAN_POINT('',(0.45,1.,0.2000001));
#3389 = B_SPLINE_CURVE_WITH_KNOTS('',1,(#3390,#3391),.UNSPECIFIED.,.F.,
  .F.,(2,2),(1.45,1.85),.PIECEWISE_BEZIER_KNOTS.);
#3390 = CARTESIAN_POINT('',(0.45,1.,0.2000001));
#3391 = CARTESIAN_POINT('',(0.85,1.,0.2000001));
#3392 = ORIENTED_EDGE('',*,*,#3393,.F.);
#3393 = EDGE_CURVE('',#3394,#3387,#3396,.T.);
#3394 = VERTEX_POINT('',#3395);
#3395 = CARTESIAN_POINT('',(0.45,1.,0.1000001));
#3396 = B_SPLINE_CURVE_WITH_KNOTS('',1,(#3397,#3398),.UNSPECIFIED.,.F.,
  .F.,(2,2),(-0.82,-0.72),.PIECEWISE_BEZIER_KNOTS.);
#3397 = CARTESIAN_POINT('',(0.45,1.,0.1000001));
#3398 = CARTESIAN_POINT('',(0.45,1.,0.2000001));
#3399 = ORIENTED_EDGE('',*,*,#3400,.F.);
#3400 = EDGE_CURVE('',#1666,#3394,#3401,.T.);
#3401 = B_SPLINE_CURVE_WITH_KNOTS('',1,(#3402,#3403),.UNSPECIFIED.,.F.,
  .F.,(2,2),(-0.85,-0.82),.PIECEWISE_BEZIER_KNOTS.);
#3402 = CARTESIAN_POINT('',(0.45,1.,7.00001E-02));
#3403 = CARTESIAN_POINT('',(0.45,1.,0.1000001));
#3404 = B_SPLINE_SURFACE_WITH_KNOTS('',1,1,(
    (#3405,#3406)
    ,(#3407,#3408
    )),.UNSPECIFIED.,.F.,.F.,.F.,(2,2),(2,2),(0.,0.85),(0.,2.),
  .PIECEWISE_BEZIER_KNOTS.);
#3405 = CARTESIAN_POINT('',(-1.,1.,0.9200001));
#3406 = CARTESIAN_POINT('',(1.,1.,0.9200001));
#3407 = CARTESIAN_POINT('',(-1.,1.,7.00001E-02));
#3408 = CARTESIAN_POINT('',(1.,1.,7.00001E-02));
#3409 = ADVANCED_FACE('',(#3410),#3430,.T.);
#3410 = FACE_BOUND('',#3411,.T.);
#3411 = EDGE_LOOP('',(#3412,#3417,#3418,#3423,#3424,#3429));
#3412 = ORIENTED_EDGE('',*,*,#3413,.F.);
#3413 = EDGE_CURVE('',#2318,#1753,#3414,.T.);
#3414 = B_SPLINE_CURVE_WITH_KNOTS('',1,(#3415,#3416),.UNSPECIFIED.,.F.,
  .F.,(2,2),(0.8125,1.0875),.PIECEWISE_BEZIER_KNOTS.);
#3415 = CARTESIAN_POINT('',(0.95,0.1375,7.00001E-02));
#3416 = CARTESIAN_POINT('',(0.95,-0.1375,7.00001E-02));
#3417 = ORIENTED_EDGE('',*,*,#2317,.T.);
#3418 = ORIENTED_EDGE('',*,*,#3419,.T.);
#3419 = EDGE_CURVE('',#2309,#3065,#3420,.T.);
#3420 = B_SPLINE_CURVE_WITH_KNOTS('',1,(#3421,#3422),.UNSPECIFIED.,.F.,
  .F.,(2,2),(0.96,1.),.PIECEWISE_BEZIER_KNOTS.);
#3421 = CARTESIAN_POINT('',(0.96,0.1375,7.00001E-02));
#3422 = CARTESIAN_POINT('',(1.,0.1375,7.00001E-02));
#3423 = ORIENTED_EDGE('',*,*,#3064,.T.);
#3424 = ORIENTED_EDGE('',*,*,#3425,.T.);
#3425 = EDGE_CURVE('',#3058,#1723,#3426,.T.);
#3426 = B_SPLINE_CURVE_WITH_KNOTS('',1,(#3427,#3428),.UNSPECIFIED.,.F.,
  .F.,(2,2),(-1.,-0.96),.PIECEWISE_BEZIER_KNOTS.);
#3427 = CARTESIAN_POINT('',(1.,-0.1375,7.00001E-02));
#3428 = CARTESIAN_POINT('',(0.96,-0.1375,7.00001E-02));
#3429 = ORIENTED_EDGE('',*,*,#1759,.T.);
#3430 = B_SPLINE_SURFACE_WITH_KNOTS('',1,1,(
    (#3431,#3432)
    ,(#3433,#3434
    )),.UNSPECIFIED.,.F.,.F.,.F.,(2,2),(2,2),(-1.,-0.95),(-0.1375,0.1375
    ),.PIECEWISE_BEZIER_KNOTS.);
#3431 = CARTESIAN_POINT('',(1.,-0.1375,7.00001E-02));
#3432 = CARTESIAN_POINT('',(1.,0.1375,7.00001E-02));
#3433 = CARTESIAN_POINT('',(0.95,-0.1375,7.00001E-02));
#3434 = CARTESIAN_POINT('',(0.95,0.1375,7.00001E-02));
#3435 = ADVANCED_FACE('',(#3436),#3442,.T.);
#3436 = FACE_BOUND('',#3437,.T.);
#3437 = EDGE_LOOP('',(#3438,#3439,#3440,#3441));
#3438 = ORIENTED_EDGE('',*,*,#2847,.F.);
#3439 = ORIENTED_EDGE('',*,*,#2324,.T.);
#3440 = ORIENTED_EDGE('',*,*,#3413,.T.);
#3441 = ORIENTED_EDGE('',*,*,#1752,.T.);
#3442 = B_SPLINE_SURFACE_WITH_KNOTS('',1,1,(
    (#3443,#3444)
    ,(#3445,#3446
    )),.UNSPECIFIED.,.F.,.F.,.F.,(2,2),(2,2),(-1.0875,-0.8125),(-5.E-02,
    0.),.PIECEWISE_BEZIER_KNOTS.);
#3443 = CARTESIAN_POINT('',(0.95,-0.1375,2.00001E-02));
#3444 = CARTESIAN_POINT('',(0.95,-0.1375,7.00001E-02));
#3445 = CARTESIAN_POINT('',(0.95,0.1375,2.00001E-02));
#3446 = CARTESIAN_POINT('',(0.95,0.1375,7.00001E-02));
#3447 = ADVANCED_FACE('',(#3448),#3468,.T.);
#3448 = FACE_BOUND('',#3449,.T.);
#3449 = EDGE_LOOP('',(#3450,#3451,#3456,#3457,#3462,#3463));
#3450 = ORIENTED_EDGE('',*,*,#3038,.T.);
#3451 = ORIENTED_EDGE('',*,*,#3452,.T.);
#3452 = EDGE_CURVE('',#3032,#1935,#3453,.T.);
#3453 = B_SPLINE_CURVE_WITH_KNOTS('',1,(#3454,#3455),.UNSPECIFIED.,.F.,
  .F.,(2,2),(-1.,-0.96),.PIECEWISE_BEZIER_KNOTS.);
#3454 = CARTESIAN_POINT('',(1.,-0.6255,7.00001E-02));
#3455 = CARTESIAN_POINT('',(0.96,-0.6255,7.00001E-02));
#3456 = ORIENTED_EDGE('',*,*,#1971,.T.);
#3457 = ORIENTED_EDGE('',*,*,#3458,.F.);
#3458 = EDGE_CURVE('',#1818,#1965,#3459,.T.);
#3459 = B_SPLINE_CURVE_WITH_KNOTS('',1,(#3460,#3461),.UNSPECIFIED.,.F.,
  .F.,(2,2),(1.3125,1.5755),.PIECEWISE_BEZIER_KNOTS.);
#3460 = CARTESIAN_POINT('',(0.95,-0.3625,7.00001E-02));
#3461 = CARTESIAN_POINT('',(0.95,-0.6255,7.00001E-02));
#3462 = ORIENTED_EDGE('',*,*,#1817,.T.);
#3463 = ORIENTED_EDGE('',*,*,#3464,.T.);
#3464 = EDGE_CURVE('',#1809,#3039,#3465,.T.);
#3465 = B_SPLINE_CURVE_WITH_KNOTS('',1,(#3466,#3467),.UNSPECIFIED.,.F.,
  .F.,(2,2),(0.96,1.),.PIECEWISE_BEZIER_KNOTS.);
#3466 = CARTESIAN_POINT('',(0.96,-0.3625,7.00001E-02));
#3467 = CARTESIAN_POINT('',(1.,-0.3625,7.00001E-02));
#3468 = B_SPLINE_SURFACE_WITH_KNOTS('',1,1,(
    (#3469,#3470)
    ,(#3471,#3472
    )),.UNSPECIFIED.,.F.,.F.,.F.,(2,2),(2,2),(-1.,-0.95),(-0.6255,
    -0.3625),.PIECEWISE_BEZIER_KNOTS.);
#3469 = CARTESIAN_POINT('',(1.,-0.6255,7.00001E-02));
#3470 = CARTESIAN_POINT('',(1.,-0.3625,7.00001E-02));
#3471 = CARTESIAN_POINT('',(0.95,-0.6255,7.00001E-02));
#3472 = CARTESIAN_POINT('',(0.95,-0.3625,7.00001E-02));
#3473 = ADVANCED_FACE('',(#3474),#3502,.T.);
#3474 = FACE_BOUND('',#3475,.T.);
#3475 = EDGE_LOOP('',(#3476,#3483,#3484,#3489,#3490,#3497));
#3476 = ORIENTED_EDGE('',*,*,#3477,.F.);
#3477 = EDGE_CURVE('',#2116,#3478,#3480,.T.);
#3478 = VERTEX_POINT('',#3479);
#3479 = CARTESIAN_POINT('',(-0.5,-0.95,7.00001E-02));
#3480 = B_SPLINE_CURVE_WITH_KNOTS('',1,(#3481,#3482),.UNSPECIFIED.,.F.,
  .F.,(2,2),(0.45,1.45),.PIECEWISE_BEZIER_KNOTS.);
#3481 = CARTESIAN_POINT('',(0.5,-0.95,7.00001E-02));
#3482 = CARTESIAN_POINT('',(-0.5,-0.95,7.00001E-02));
#3483 = ORIENTED_EDGE('',*,*,#2115,.T.);
#3484 = ORIENTED_EDGE('',*,*,#3485,.T.);
#3485 = EDGE_CURVE('',#2107,#613,#3486,.T.);
#3486 = B_SPLINE_CURVE_WITH_KNOTS('',1,(#3487,#3488),.UNSPECIFIED.,.F.,
  .F.,(2,2),(0.96,1.),.PIECEWISE_BEZIER_KNOTS.);
#3487 = CARTESIAN_POINT('',(0.5,-0.96,7.00001E-02));
#3488 = CARTESIAN_POINT('',(0.5,-1.,7.00001E-02));
#3489 = ORIENTED_EDGE('',*,*,#612,.T.);
#3490 = ORIENTED_EDGE('',*,*,#3491,.F.);
#3491 = EDGE_CURVE('',#3492,#606,#3494,.T.);
#3492 = VERTEX_POINT('',#3493);
#3493 = CARTESIAN_POINT('',(-0.5,-0.96,7.00001E-02));
#3494 = B_SPLINE_CURVE_WITH_KNOTS('',1,(#3495,#3496),.UNSPECIFIED.,.F.,
  .F.,(2,2),(0.96,1.),.PIECEWISE_BEZIER_KNOTS.);
#3495 = CARTESIAN_POINT('',(-0.5,-0.96,7.00001E-02));
#3496 = CARTESIAN_POINT('',(-0.5,-1.,7.00001E-02));
#3497 = ORIENTED_EDGE('',*,*,#3498,.F.);
#3498 = EDGE_CURVE('',#3478,#3492,#3499,.T.);
#3499 = B_SPLINE_CURVE_WITH_KNOTS('',1,(#3500,#3501),.UNSPECIFIED.,.F.,
  .F.,(2,2),(0.95,0.96),.PIECEWISE_BEZIER_KNOTS.);
#3500 = CARTESIAN_POINT('',(-0.5,-0.95,7.00001E-02));
#3501 = CARTESIAN_POINT('',(-0.5,-0.96,7.00001E-02));
#3502 = B_SPLINE_SURFACE_WITH_KNOTS('',1,1,(
    (#3503,#3504)
    ,(#3505,#3506
    )),.UNSPECIFIED.,.F.,.F.,.F.,(2,2),(2,2),(-0.5,0.5),(-1.,-0.95),
  .PIECEWISE_BEZIER_KNOTS.);
#3503 = CARTESIAN_POINT('',(0.5,-1.,7.00001E-02));
#3504 = CARTESIAN_POINT('',(0.5,-0.95,7.00001E-02));
#3505 = CARTESIAN_POINT('',(-0.5,-1.,7.00001E-02));
#3506 = CARTESIAN_POINT('',(-0.5,-0.95,7.00001E-02));
#3507 = ADVANCED_FACE('',(#3508),#3536,.T.);
#3508 = FACE_BOUND('',#3509,.T.);
#3509 = EDGE_LOOP('',(#3510,#3511,#3516,#3517,#3524,#3529,#3530,#3535));
#3510 = ORIENTED_EDGE('',*,*,#542,.T.);
#3511 = ORIENTED_EDGE('',*,*,#3512,.T.);
#3512 = EDGE_CURVE('',#536,#2177,#3513,.T.);
#3513 = B_SPLINE_CURVE_WITH_KNOTS('',1,(#3514,#3515),.UNSPECIFIED.,.F.,
  .F.,(2,2),(-1.,-0.96),.PIECEWISE_BEZIER_KNOTS.);
#3514 = CARTESIAN_POINT('',(0.85,-1.,7.00001E-02));
#3515 = CARTESIAN_POINT('',(0.85,-0.96,7.00001E-02));
#3516 = ORIENTED_EDGE('',*,*,#2205,.T.);
#3517 = ORIENTED_EDGE('',*,*,#3518,.F.);
#3518 = EDGE_CURVE('',#3519,#2199,#3521,.T.);
#3519 = VERTEX_POINT('',#3520);
#3520 = CARTESIAN_POINT('',(0.95,-0.95,7.00001E-02));
#3521 = B_SPLINE_CURVE_WITH_KNOTS('',1,(#3522,#3523),.UNSPECIFIED.,.F.,
  .F.,(2,2),(0.,0.1),.PIECEWISE_BEZIER_KNOTS.);
#3522 = CARTESIAN_POINT('',(0.95,-0.95,7.00001E-02));
#3523 = CARTESIAN_POINT('',(0.85,-0.95,7.00001E-02));
#3524 = ORIENTED_EDGE('',*,*,#3525,.F.);
#3525 = EDGE_CURVE('',#2030,#3519,#3526,.T.);
#3526 = B_SPLINE_CURVE_WITH_KNOTS('',1,(#3527,#3528),.UNSPECIFIED.,.F.,
  .F.,(2,2),(1.8005,1.9),.PIECEWISE_BEZIER_KNOTS.);
#3527 = CARTESIAN_POINT('',(0.95,-0.8505,7.00001E-02));
#3528 = CARTESIAN_POINT('',(0.95,-0.95,7.00001E-02));
#3529 = ORIENTED_EDGE('',*,*,#2029,.T.);
#3530 = ORIENTED_EDGE('',*,*,#3531,.T.);
#3531 = EDGE_CURVE('',#2021,#3013,#3532,.T.);
#3532 = B_SPLINE_CURVE_WITH_KNOTS('',1,(#3533,#3534),.UNSPECIFIED.,.F.,
  .F.,(2,2),(0.96,1.),.PIECEWISE_BEZIER_KNOTS.);
#3533 = CARTESIAN_POINT('',(0.96,-0.8505,7.00001E-02));
#3534 = CARTESIAN_POINT('',(1.,-0.8505,7.00001E-02));
#3535 = ORIENTED_EDGE('',*,*,#3012,.T.);
#3536 = B_SPLINE_SURFACE_WITH_KNOTS('',1,1,(
    (#3537,#3538)
    ,(#3539,#3540
    )),.UNSPECIFIED.,.F.,.F.,.F.,(2,2),(2,2),(-1.,-0.85),(-1.,-0.8505),
  .PIECEWISE_BEZIER_KNOTS.);
#3537 = CARTESIAN_POINT('',(1.,-1.,7.00001E-02));
#3538 = CARTESIAN_POINT('',(1.,-0.8505,7.00001E-02));
#3539 = CARTESIAN_POINT('',(0.85,-1.,7.00001E-02));
#3540 = CARTESIAN_POINT('',(0.85,-0.8505,7.00001E-02));
#3541 = ADVANCED_FACE('',(#3542),#3558,.F.);
#3542 = FACE_BOUND('',#3543,.T.);
#3543 = EDGE_LOOP('',(#3544,#3545,#3546,#3553));
#3544 = ORIENTED_EDGE('',*,*,#2191,.F.);
#3545 = ORIENTED_EDGE('',*,*,#2043,.F.);
#3546 = ORIENTED_EDGE('',*,*,#3547,.T.);
#3547 = EDGE_CURVE('',#2037,#3548,#3550,.T.);
#3548 = VERTEX_POINT('',#3549);
#3549 = CARTESIAN_POINT('',(0.95,-0.95,2.00001E-02));
#3550 = B_SPLINE_CURVE_WITH_KNOTS('',1,(#3551,#3552),.UNSPECIFIED.,.F.,
  .F.,(2,2),(1.8005,1.9),.PIECEWISE_BEZIER_KNOTS.);
#3551 = CARTESIAN_POINT('',(0.95,-0.8505,2.00001E-02));
#3552 = CARTESIAN_POINT('',(0.95,-0.95,2.00001E-02));
#3553 = ORIENTED_EDGE('',*,*,#3554,.T.);
#3554 = EDGE_CURVE('',#3548,#2192,#3555,.T.);
#3555 = B_SPLINE_CURVE_WITH_KNOTS('',1,(#3556,#3557),.UNSPECIFIED.,.F.,
  .F.,(2,2),(0.,0.1),.PIECEWISE_BEZIER_KNOTS.);
#3556 = CARTESIAN_POINT('',(0.95,-0.95,2.00001E-02));
#3557 = CARTESIAN_POINT('',(0.85,-0.95,2.00001E-02));
#3558 = B_SPLINE_SURFACE_WITH_KNOTS('',1,1,(
    (#3559,#3560)
    ,(#3561,#3562
    )),.UNSPECIFIED.,.F.,.F.,.F.,(2,2),(2,2),(0.85,0.95),(-0.95,-0.8505)
  ,.PIECEWISE_BEZIER_KNOTS.);
#3559 = CARTESIAN_POINT('',(0.85,-0.95,2.00001E-02));
#3560 = CARTESIAN_POINT('',(0.85,-0.8505,2.00001E-02));
#3561 = CARTESIAN_POINT('',(0.95,-0.95,2.00001E-02));
#3562 = CARTESIAN_POINT('',(0.95,-0.8505,2.00001E-02));
#3563 = ADVANCED_FACE('',(#3564),#3570,.T.);
#3564 = FACE_BOUND('',#3565,.T.);
#3565 = EDGE_LOOP('',(#3566,#3567,#3568,#3569));
#3566 = ORIENTED_EDGE('',*,*,#3458,.T.);
#3567 = ORIENTED_EDGE('',*,*,#1964,.T.);
#3568 = ORIENTED_EDGE('',*,*,#2859,.F.);
#3569 = ORIENTED_EDGE('',*,*,#1824,.T.);
#3570 = B_SPLINE_SURFACE_WITH_KNOTS('',1,1,(
    (#3571,#3572)
    ,(#3573,#3574
    )),.UNSPECIFIED.,.F.,.F.,.F.,(2,2),(2,2),(-1.5755,-1.3125),(-5.E-02,
    0.),.PIECEWISE_BEZIER_KNOTS.);
#3571 = CARTESIAN_POINT('',(0.95,-0.6255,2.00001E-02));
#3572 = CARTESIAN_POINT('',(0.95,-0.6255,7.00001E-02));
#3573 = CARTESIAN_POINT('',(0.95,-0.3625,2.00001E-02));
#3574 = CARTESIAN_POINT('',(0.95,-0.3625,7.00001E-02));
#3575 = ADVANCED_FACE('',(#3576),#3586,.T.);
#3576 = FACE_BOUND('',#3577,.T.);
#3577 = EDGE_LOOP('',(#3578,#3579,#3580,#3581));
#3578 = ORIENTED_EDGE('',*,*,#3547,.F.);
#3579 = ORIENTED_EDGE('',*,*,#2036,.T.);
#3580 = ORIENTED_EDGE('',*,*,#3525,.T.);
#3581 = ORIENTED_EDGE('',*,*,#3582,.T.);
#3582 = EDGE_CURVE('',#3519,#3548,#3583,.T.);
#3583 = B_SPLINE_CURVE_WITH_KNOTS('',1,(#3584,#3585),.UNSPECIFIED.,.F.,
  .F.,(2,2),(-0.,5.E-02),.PIECEWISE_BEZIER_KNOTS.);
#3584 = CARTESIAN_POINT('',(0.95,-0.95,7.00001E-02));
#3585 = CARTESIAN_POINT('',(0.95,-0.95,2.00001E-02));
#3586 = B_SPLINE_SURFACE_WITH_KNOTS('',1,1,(
    (#3587,#3588)
    ,(#3589,#3590
  )),.UNSPECIFIED.,.F.,.F.,.F.,(2,2),(2,2),(-1.9,-1.8005),(-5.E-02,0.),
  .PIECEWISE_BEZIER_KNOTS.);
#3587 = CARTESIAN_POINT('',(0.95,-0.95,2.00001E-02));
#3588 = CARTESIAN_POINT('',(0.95,-0.95,7.00001E-02));
#3589 = CARTESIAN_POINT('',(0.95,-0.8505,2.00001E-02));
#3590 = CARTESIAN_POINT('',(0.95,-0.8505,7.00001E-02));
#3591 = ADVANCED_FACE('',(#3592),#3602,.T.);
#3592 = FACE_BOUND('',#3593,.T.);
#3593 = EDGE_LOOP('',(#3594,#3595,#3596,#3597));
#3594 = ORIENTED_EDGE('',*,*,#2866,.F.);
#3595 = ORIENTED_EDGE('',*,*,#2122,.T.);
#3596 = ORIENTED_EDGE('',*,*,#3477,.T.);
#3597 = ORIENTED_EDGE('',*,*,#3598,.F.);
#3598 = EDGE_CURVE('',#2867,#3478,#3599,.T.);
#3599 = B_SPLINE_CURVE_WITH_KNOTS('',1,(#3600,#3601),.UNSPECIFIED.,.F.,
  .F.,(2,2),(-5.E-02,0.),.PIECEWISE_BEZIER_KNOTS.);
#3600 = CARTESIAN_POINT('',(-0.5,-0.95,2.00001E-02));
#3601 = CARTESIAN_POINT('',(-0.5,-0.95,7.00001E-02));
#3602 = B_SPLINE_SURFACE_WITH_KNOTS('',1,1,(
    (#3603,#3604)
    ,(#3605,#3606
    )),.UNSPECIFIED.,.F.,.F.,.F.,(2,2),(2,2),(-0.,5.E-02),(-1.45,-0.45),
  .PIECEWISE_BEZIER_KNOTS.);
#3603 = CARTESIAN_POINT('',(-0.5,-0.95,7.00001E-02));
#3604 = CARTESIAN_POINT('',(0.5,-0.95,7.00001E-02));
#3605 = CARTESIAN_POINT('',(-0.5,-0.95,2.00001E-02));
#3606 = CARTESIAN_POINT('',(0.5,-0.95,2.00001E-02));
#3607 = ADVANCED_FACE('',(#3608),#3614,.T.);
#3608 = FACE_BOUND('',#3609,.T.);
#3609 = EDGE_LOOP('',(#3610,#3611,#3612,#3613));
#3610 = ORIENTED_EDGE('',*,*,#3518,.T.);
#3611 = ORIENTED_EDGE('',*,*,#2198,.T.);
#3612 = ORIENTED_EDGE('',*,*,#3554,.F.);
#3613 = ORIENTED_EDGE('',*,*,#3582,.F.);
#3614 = B_SPLINE_SURFACE_WITH_KNOTS('',1,1,(
    (#3615,#3616)
    ,(#3617,#3618
    )),.UNSPECIFIED.,.F.,.F.,.F.,(2,2),(2,2),(0.,5.E-02),(-0.1,0.),
  .PIECEWISE_BEZIER_KNOTS.);
#3615 = CARTESIAN_POINT('',(0.85,-0.95,7.00001E-02));
#3616 = CARTESIAN_POINT('',(0.95,-0.95,7.00001E-02));
#3617 = CARTESIAN_POINT('',(0.85,-0.95,2.00001E-02));
#3618 = CARTESIAN_POINT('',(0.95,-0.95,2.00001E-02));
#3619 = ADVANCED_FACE('',(#3620),#3650,.T.);
#3620 = FACE_BOUND('',#3621,.T.);
#3621 = EDGE_LOOP('',(#3622,#3631,#3638,#3645));
#3622 = ORIENTED_EDGE('',*,*,#3623,.T.);
#3623 = EDGE_CURVE('',#3624,#3626,#3628,.T.);
#3624 = VERTEX_POINT('',#3625);
#3625 = CARTESIAN_POINT('',(-1.01,-0.3625,0.2000001));
#3626 = VERTEX_POINT('',#3627);
#3627 = CARTESIAN_POINT('',(-1.01,-0.3625,0.1000001));
#3628 = B_SPLINE_CURVE_WITH_KNOTS('',1,(#3629,#3630),.UNSPECIFIED.,.F.,
  .F.,(2,2),(0.,1.E-01),.PIECEWISE_BEZIER_KNOTS.);
#3629 = CARTESIAN_POINT('',(-1.01,-0.3625,0.2000001));
#3630 = CARTESIAN_POINT('',(-1.01,-0.3625,0.1000001));
#3631 = ORIENTED_EDGE('',*,*,#3632,.F.);
#3632 = EDGE_CURVE('',#3633,#3626,#3635,.T.);
#3633 = VERTEX_POINT('',#3634);
#3634 = CARTESIAN_POINT('',(-1.,-0.3625,0.1000001));
#3635 = B_SPLINE_CURVE_WITH_KNOTS('',1,(#3636,#3637),.UNSPECIFIED.,.F.,
  .F.,(2,2),(-1.E-02,-0.),.PIECEWISE_BEZIER_KNOTS.);
#3636 = CARTESIAN_POINT('',(-1.,-0.3625,0.1000001));
#3637 = CARTESIAN_POINT('',(-1.01,-0.3625,0.1000001));
#3638 = ORIENTED_EDGE('',*,*,#3639,.F.);
#3639 = EDGE_CURVE('',#3640,#3633,#3642,.T.);
#3640 = VERTEX_POINT('',#3641);
#3641 = CARTESIAN_POINT('',(-1.,-0.3625,0.2000001));
#3642 = B_SPLINE_CURVE_WITH_KNOTS('',1,(#3643,#3644),.UNSPECIFIED.,.F.,
  .F.,(2,2),(0.72,0.82),.PIECEWISE_BEZIER_KNOTS.);
#3643 = CARTESIAN_POINT('',(-1.,-0.3625,0.2000001));
#3644 = CARTESIAN_POINT('',(-1.,-0.3625,0.1000001));
#3645 = ORIENTED_EDGE('',*,*,#3646,.T.);
#3646 = EDGE_CURVE('',#3640,#3624,#3647,.T.);
#3647 = B_SPLINE_CURVE_WITH_KNOTS('',1,(#3648,#3649),.UNSPECIFIED.,.F.,
  .F.,(2,2),(0.35,0.36),.PIECEWISE_BEZIER_KNOTS.);
#3648 = CARTESIAN_POINT('',(-1.,-0.3625,0.2000001));
#3649 = CARTESIAN_POINT('',(-1.01,-0.3625,0.2000001));
#3650 = B_SPLINE_SURFACE_WITH_KNOTS('',1,1,(
    (#3651,#3652)
    ,(#3653,#3654
    )),.UNSPECIFIED.,.F.,.F.,.F.,(2,2),(2,2),(0.,0.1),(-0.36,-0.35),
  .PIECEWISE_BEZIER_KNOTS.);
#3651 = CARTESIAN_POINT('',(-1.01,-0.3625,0.2000001));
#3652 = CARTESIAN_POINT('',(-1.,-0.3625,0.2000001));
#3653 = CARTESIAN_POINT('',(-1.01,-0.3625,0.1000001));
#3654 = CARTESIAN_POINT('',(-1.,-0.3625,0.1000001));
#3655 = ADVANCED_FACE('',(#3656),#3686,.T.);
#3656 = FACE_BOUND('',#3657,.T.);
#3657 = EDGE_LOOP('',(#3658,#3667,#3674,#3681));
#3658 = ORIENTED_EDGE('',*,*,#3659,.F.);
#3659 = EDGE_CURVE('',#3660,#3662,#3664,.T.);
#3660 = VERTEX_POINT('',#3661);
#3661 = CARTESIAN_POINT('',(-1.,-0.1375,0.1000001));
#3662 = VERTEX_POINT('',#3663);
#3663 = CARTESIAN_POINT('',(-1.,-0.1375,0.2000001));
#3664 = B_SPLINE_CURVE_WITH_KNOTS('',1,(#3665,#3666),.UNSPECIFIED.,.F.,
  .F.,(2,2),(-0.82,-0.72),.PIECEWISE_BEZIER_KNOTS.);
#3665 = CARTESIAN_POINT('',(-1.,-0.1375,0.1000001));
#3666 = CARTESIAN_POINT('',(-1.,-0.1375,0.2000001));
#3667 = ORIENTED_EDGE('',*,*,#3668,.F.);
#3668 = EDGE_CURVE('',#3669,#3660,#3671,.T.);
#3669 = VERTEX_POINT('',#3670);
#3670 = CARTESIAN_POINT('',(-1.01,-0.1375,0.1000001));
#3671 = B_SPLINE_CURVE_WITH_KNOTS('',1,(#3672,#3673),.UNSPECIFIED.,.F.,
  .F.,(2,2),(0.,1.E-02),.PIECEWISE_BEZIER_KNOTS.);
#3672 = CARTESIAN_POINT('',(-1.01,-0.1375,0.1000001));
#3673 = CARTESIAN_POINT('',(-1.,-0.1375,0.1000001));
#3674 = ORIENTED_EDGE('',*,*,#3675,.F.);
#3675 = EDGE_CURVE('',#3676,#3669,#3678,.T.);
#3676 = VERTEX_POINT('',#3677);
#3677 = CARTESIAN_POINT('',(-1.01,-0.1375,0.2000001));
#3678 = B_SPLINE_CURVE_WITH_KNOTS('',1,(#3679,#3680),.UNSPECIFIED.,.F.,
  .F.,(2,2),(0.,1.E-01),.PIECEWISE_BEZIER_KNOTS.);
#3679 = CARTESIAN_POINT('',(-1.01,-0.1375,0.2000001));
#3680 = CARTESIAN_POINT('',(-1.01,-0.1375,0.1000001));
#3681 = ORIENTED_EDGE('',*,*,#3682,.T.);
#3682 = EDGE_CURVE('',#3676,#3662,#3683,.T.);
#3683 = B_SPLINE_CURVE_WITH_KNOTS('',1,(#3684,#3685),.UNSPECIFIED.,.F.,
  .F.,(2,2),(-0.36,-0.35),.PIECEWISE_BEZIER_KNOTS.);
#3684 = CARTESIAN_POINT('',(-1.01,-0.1375,0.2000001));
#3685 = CARTESIAN_POINT('',(-1.,-0.1375,0.2000001));
#3686 = B_SPLINE_SURFACE_WITH_KNOTS('',1,1,(
    (#3687,#3688)
    ,(#3689,#3690
    )),.UNSPECIFIED.,.F.,.F.,.F.,(2,2),(2,2),(-0.1,0.),(-0.36,-0.35),
  .PIECEWISE_BEZIER_KNOTS.);
#3687 = CARTESIAN_POINT('',(-1.01,-0.1375,0.1000001));
#3688 = CARTESIAN_POINT('',(-1.,-0.1375,0.1000001));
#3689 = CARTESIAN_POINT('',(-1.01,-0.1375,0.2000001));
#3690 = CARTESIAN_POINT('',(-1.,-0.1375,0.2000001));
#3691 = ADVANCED_FACE('',(#3692),#3706,.T.);
#3692 = FACE_BOUND('',#3693,.T.);
#3693 = EDGE_LOOP('',(#3694,#3695,#3700,#3701));
#3694 = ORIENTED_EDGE('',*,*,#3675,.T.);
#3695 = ORIENTED_EDGE('',*,*,#3696,.F.);
#3696 = EDGE_CURVE('',#3626,#3669,#3697,.T.);
#3697 = B_SPLINE_CURVE_WITH_KNOTS('',1,(#3698,#3699),.UNSPECIFIED.,.F.,
  .F.,(2,2),(-0.225,0.),.PIECEWISE_BEZIER_KNOTS.);
#3698 = CARTESIAN_POINT('',(-1.01,-0.3625,0.1000001));
#3699 = CARTESIAN_POINT('',(-1.01,-0.1375,0.1000001));
#3700 = ORIENTED_EDGE('',*,*,#3623,.F.);
#3701 = ORIENTED_EDGE('',*,*,#3702,.T.);
#3702 = EDGE_CURVE('',#3624,#3676,#3703,.T.);
#3703 = B_SPLINE_CURVE_WITH_KNOTS('',1,(#3704,#3705),.UNSPECIFIED.,.F.,
  .F.,(2,2),(0.,0.225),.PIECEWISE_BEZIER_KNOTS.);
#3704 = CARTESIAN_POINT('',(-1.01,-0.3625,0.2000001));
#3705 = CARTESIAN_POINT('',(-1.01,-0.1375,0.2000001));
#3706 = B_SPLINE_SURFACE_WITH_KNOTS('',1,1,(
    (#3707,#3708)
    ,(#3709,#3710
    )),.UNSPECIFIED.,.F.,.F.,.F.,(2,2),(2,2),(-1.E-01,0.),(0.,0.225),
  .PIECEWISE_BEZIER_KNOTS.);
#3707 = CARTESIAN_POINT('',(-1.01,-0.3625,0.1000001));
#3708 = CARTESIAN_POINT('',(-1.01,-0.1375,0.1000001));
#3709 = CARTESIAN_POINT('',(-1.01,-0.3625,0.2000001));
#3710 = CARTESIAN_POINT('',(-1.01,-0.1375,0.2000001));
#3711 = ADVANCED_FACE('',(#3712),#3742,.T.);
#3712 = FACE_BOUND('',#3713,.T.);
#3713 = EDGE_LOOP('',(#3714,#3723,#3730,#3737));
#3714 = ORIENTED_EDGE('',*,*,#3715,.T.);
#3715 = EDGE_CURVE('',#3716,#3718,#3720,.T.);
#3716 = VERTEX_POINT('',#3717);
#3717 = CARTESIAN_POINT('',(-1.01,-0.8505,0.2000001));
#3718 = VERTEX_POINT('',#3719);
#3719 = CARTESIAN_POINT('',(-1.01,-0.8505,0.1000001));
#3720 = B_SPLINE_CURVE_WITH_KNOTS('',1,(#3721,#3722),.UNSPECIFIED.,.F.,
  .F.,(2,2),(0.,1.E-01),.PIECEWISE_BEZIER_KNOTS.);
#3721 = CARTESIAN_POINT('',(-1.01,-0.8505,0.2000001));
#3722 = CARTESIAN_POINT('',(-1.01,-0.8505,0.1000001));
#3723 = ORIENTED_EDGE('',*,*,#3724,.F.);
#3724 = EDGE_CURVE('',#3725,#3718,#3727,.T.);
#3725 = VERTEX_POINT('',#3726);
#3726 = CARTESIAN_POINT('',(-1.,-0.8505,0.1000001));
#3727 = B_SPLINE_CURVE_WITH_KNOTS('',1,(#3728,#3729),.UNSPECIFIED.,.F.,
  .F.,(2,2),(-1.E-02,-0.),.PIECEWISE_BEZIER_KNOTS.);
#3728 = CARTESIAN_POINT('',(-1.,-0.8505,0.1000001));
#3729 = CARTESIAN_POINT('',(-1.01,-0.8505,0.1000001));
#3730 = ORIENTED_EDGE('',*,*,#3731,.F.);
#3731 = EDGE_CURVE('',#3732,#3725,#3734,.T.);
#3732 = VERTEX_POINT('',#3733);
#3733 = CARTESIAN_POINT('',(-1.,-0.8505,0.2000001));
#3734 = B_SPLINE_CURVE_WITH_KNOTS('',1,(#3735,#3736),.UNSPECIFIED.,.F.,
  .F.,(2,2),(0.72,0.82),.PIECEWISE_BEZIER_KNOTS.);
#3735 = CARTESIAN_POINT('',(-1.,-0.8505,0.2000001));
#3736 = CARTESIAN_POINT('',(-1.,-0.8505,0.1000001));
#3737 = ORIENTED_EDGE('',*,*,#3738,.T.);
#3738 = EDGE_CURVE('',#3732,#3716,#3739,.T.);
#3739 = B_SPLINE_CURVE_WITH_KNOTS('',1,(#3740,#3741),.UNSPECIFIED.,.F.,
  .F.,(2,2),(-1.E-02,0.),.PIECEWISE_BEZIER_KNOTS.);
#3740 = CARTESIAN_POINT('',(-1.,-0.8505,0.2000001));
#3741 = CARTESIAN_POINT('',(-1.01,-0.8505,0.2000001));
#3742 = B_SPLINE_SURFACE_WITH_KNOTS('',1,1,(
    (#3743,#3744)
    ,(#3745,#3746
    )),.UNSPECIFIED.,.F.,.F.,.F.,(2,2),(2,2),(0.,1.E-02),(-0.1,0.),
  .PIECEWISE_BEZIER_KNOTS.);
#3743 = CARTESIAN_POINT('',(-1.01,-0.8505,0.1000001));
#3744 = CARTESIAN_POINT('',(-1.01,-0.8505,0.2000001));
#3745 = CARTESIAN_POINT('',(-1.,-0.8505,0.1000001));
#3746 = CARTESIAN_POINT('',(-1.,-0.8505,0.2000001));
#3747 = ADVANCED_FACE('',(#3748),#3770,.T.);
#3748 = FACE_BOUND('',#3749,.T.);
#3749 = EDGE_LOOP('',(#3750,#3751,#3758,#3765));
#3750 = ORIENTED_EDGE('',*,*,#584,.F.);
#3751 = ORIENTED_EDGE('',*,*,#3752,.F.);
#3752 = EDGE_CURVE('',#3753,#578,#3755,.T.);
#3753 = VERTEX_POINT('',#3754);
#3754 = CARTESIAN_POINT('',(-0.85,-1.01,0.1000001));
#3755 = B_SPLINE_CURVE_WITH_KNOTS('',1,(#3756,#3757),.UNSPECIFIED.,.F.,
  .F.,(2,2),(0.,1.E-02),.PIECEWISE_BEZIER_KNOTS.);
#3756 = CARTESIAN_POINT('',(-0.85,-1.01,0.1000001));
#3757 = CARTESIAN_POINT('',(-0.85,-1.,0.1000001));
#3758 = ORIENTED_EDGE('',*,*,#3759,.F.);
#3759 = EDGE_CURVE('',#3760,#3753,#3762,.T.);
#3760 = VERTEX_POINT('',#3761);
#3761 = CARTESIAN_POINT('',(-0.85,-1.01,0.2000001));
#3762 = B_SPLINE_CURVE_WITH_KNOTS('',1,(#3763,#3764),.UNSPECIFIED.,.F.,
  .F.,(2,2),(0.,1.E-01),.PIECEWISE_BEZIER_KNOTS.);
#3763 = CARTESIAN_POINT('',(-0.85,-1.01,0.2000001));
#3764 = CARTESIAN_POINT('',(-0.85,-1.01,0.1000001));
#3765 = ORIENTED_EDGE('',*,*,#3766,.T.);
#3766 = EDGE_CURVE('',#3760,#585,#3767,.T.);
#3767 = B_SPLINE_CURVE_WITH_KNOTS('',1,(#3768,#3769),.UNSPECIFIED.,.F.,
  .F.,(2,2),(-0.1595,-0.1495),.PIECEWISE_BEZIER_KNOTS.);
#3768 = CARTESIAN_POINT('',(-0.85,-1.01,0.2000001));
#3769 = CARTESIAN_POINT('',(-0.85,-1.,0.2000001));
#3770 = B_SPLINE_SURFACE_WITH_KNOTS('',1,1,(
    (#3771,#3772)
    ,(#3773,#3774
    )),.UNSPECIFIED.,.F.,.F.,.F.,(2,2),(2,2),(-0.1,0.),(-0.1595,-0.1495)
  ,.PIECEWISE_BEZIER_KNOTS.);
#3771 = CARTESIAN_POINT('',(-0.85,-1.01,0.1000001));
#3772 = CARTESIAN_POINT('',(-0.85,-1.,0.1000001));
#3773 = CARTESIAN_POINT('',(-0.85,-1.01,0.2000001));
#3774 = CARTESIAN_POINT('',(-0.85,-1.,0.2000001));
#3775 = ADVANCED_FACE('',(#3776),#3798,.T.);
#3776 = FACE_BOUND('',#3777,.T.);
#3777 = EDGE_LOOP('',(#3778,#3787,#3792,#3793));
#3778 = ORIENTED_EDGE('',*,*,#3779,.T.);
#3779 = EDGE_CURVE('',#3780,#3782,#3784,.T.);
#3780 = VERTEX_POINT('',#3781);
#3781 = CARTESIAN_POINT('',(-0.5,-1.01,0.2000001));
#3782 = VERTEX_POINT('',#3783);
#3783 = CARTESIAN_POINT('',(-0.5,-1.01,0.1000001));
#3784 = B_SPLINE_CURVE_WITH_KNOTS('',1,(#3785,#3786),.UNSPECIFIED.,.F.,
  .F.,(2,2),(0.,1.E-01),.PIECEWISE_BEZIER_KNOTS.);
#3785 = CARTESIAN_POINT('',(-0.5,-1.01,0.2000001));
#3786 = CARTESIAN_POINT('',(-0.5,-1.01,0.1000001));
#3787 = ORIENTED_EDGE('',*,*,#3788,.F.);
#3788 = EDGE_CURVE('',#599,#3782,#3789,.T.);
#3789 = B_SPLINE_CURVE_WITH_KNOTS('',1,(#3790,#3791),.UNSPECIFIED.,.F.,
  .F.,(2,2),(-1.E-02,-0.),.PIECEWISE_BEZIER_KNOTS.);
#3790 = CARTESIAN_POINT('',(-0.5,-1.,0.1000001));
#3791 = CARTESIAN_POINT('',(-0.5,-1.01,0.1000001));
#3792 = ORIENTED_EDGE('',*,*,#598,.F.);
#3793 = ORIENTED_EDGE('',*,*,#3794,.T.);
#3794 = EDGE_CURVE('',#592,#3780,#3795,.T.);
#3795 = B_SPLINE_CURVE_WITH_KNOTS('',1,(#3796,#3797),.UNSPECIFIED.,.F.,
  .F.,(2,2),(-1.E-02,-0.),.PIECEWISE_BEZIER_KNOTS.);
#3796 = CARTESIAN_POINT('',(-0.5,-1.,0.2000001));
#3797 = CARTESIAN_POINT('',(-0.5,-1.01,0.2000001));
#3798 = B_SPLINE_SURFACE_WITH_KNOTS('',1,1,(
    (#3799,#3800)
    ,(#3801,#3802
    )),.UNSPECIFIED.,.F.,.F.,.F.,(2,2),(2,2),(0.,0.1),(0.,1.E-02),
  .PIECEWISE_BEZIER_KNOTS.);
#3799 = CARTESIAN_POINT('',(-0.5,-1.01,0.2000001));
#3800 = CARTESIAN_POINT('',(-0.5,-1.,0.2000001));
#3801 = CARTESIAN_POINT('',(-0.5,-1.01,0.1000001));
#3802 = CARTESIAN_POINT('',(-0.5,-1.,0.1000001));
#3803 = ADVANCED_FACE('',(#3804),#3834,.T.);
#3804 = FACE_BOUND('',#3805,.T.);
#3805 = EDGE_LOOP('',(#3806,#3815,#3822,#3829));
#3806 = ORIENTED_EDGE('',*,*,#3807,.F.);
#3807 = EDGE_CURVE('',#3808,#3810,#3812,.T.);
#3808 = VERTEX_POINT('',#3809);
#3809 = CARTESIAN_POINT('',(-1.,-0.6255,0.1000001));
#3810 = VERTEX_POINT('',#3811);
#3811 = CARTESIAN_POINT('',(-1.,-0.6255,0.2000001));
#3812 = B_SPLINE_CURVE_WITH_KNOTS('',1,(#3813,#3814),.UNSPECIFIED.,.F.,
  .F.,(2,2),(-0.82,-0.72),.PIECEWISE_BEZIER_KNOTS.);
#3813 = CARTESIAN_POINT('',(-1.,-0.6255,0.1000001));
#3814 = CARTESIAN_POINT('',(-1.,-0.6255,0.2000001));
#3815 = ORIENTED_EDGE('',*,*,#3816,.F.);
#3816 = EDGE_CURVE('',#3817,#3808,#3819,.T.);
#3817 = VERTEX_POINT('',#3818);
#3818 = CARTESIAN_POINT('',(-1.01,-0.6255,0.1000001));
#3819 = B_SPLINE_CURVE_WITH_KNOTS('',1,(#3820,#3821),.UNSPECIFIED.,.F.,
  .F.,(2,2),(0.,1.E-02),.PIECEWISE_BEZIER_KNOTS.);
#3820 = CARTESIAN_POINT('',(-1.01,-0.6255,0.1000001));
#3821 = CARTESIAN_POINT('',(-1.,-0.6255,0.1000001));
#3822 = ORIENTED_EDGE('',*,*,#3823,.F.);
#3823 = EDGE_CURVE('',#3824,#3817,#3826,.T.);
#3824 = VERTEX_POINT('',#3825);
#3825 = CARTESIAN_POINT('',(-1.01,-0.6255,0.2000001));
#3826 = B_SPLINE_CURVE_WITH_KNOTS('',1,(#3827,#3828),.UNSPECIFIED.,.F.,
  .F.,(2,2),(0.,1.E-01),.PIECEWISE_BEZIER_KNOTS.);
#3827 = CARTESIAN_POINT('',(-1.01,-0.6255,0.2000001));
#3828 = CARTESIAN_POINT('',(-1.01,-0.6255,0.1000001));
#3829 = ORIENTED_EDGE('',*,*,#3830,.T.);
#3830 = EDGE_CURVE('',#3824,#3810,#3831,.T.);
#3831 = B_SPLINE_CURVE_WITH_KNOTS('',1,(#3832,#3833),.UNSPECIFIED.,.F.,
  .F.,(2,2),(-0.51,-0.5),.PIECEWISE_BEZIER_KNOTS.);
#3832 = CARTESIAN_POINT('',(-1.01,-0.6255,0.2000001));
#3833 = CARTESIAN_POINT('',(-1.,-0.6255,0.2000001));
#3834 = B_SPLINE_SURFACE_WITH_KNOTS('',1,1,(
    (#3835,#3836)
    ,(#3837,#3838
    )),.UNSPECIFIED.,.F.,.F.,.F.,(2,2),(2,2),(-0.1,0.),(-0.51,-0.5),
  .PIECEWISE_BEZIER_KNOTS.);
#3835 = CARTESIAN_POINT('',(-1.01,-0.6255,0.1000001));
#3836 = CARTESIAN_POINT('',(-1.,-0.6255,0.1000001));
#3837 = CARTESIAN_POINT('',(-1.01,-0.6255,0.2000001));
#3838 = CARTESIAN_POINT('',(-1.,-0.6255,0.2000001));
#3839 = ADVANCED_FACE('',(#3840),#3854,.T.);
#3840 = FACE_BOUND('',#3841,.T.);
#3841 = EDGE_LOOP('',(#3842,#3843,#3848,#3849));
#3842 = ORIENTED_EDGE('',*,*,#3823,.T.);
#3843 = ORIENTED_EDGE('',*,*,#3844,.F.);
#3844 = EDGE_CURVE('',#3718,#3817,#3845,.T.);
#3845 = B_SPLINE_CURVE_WITH_KNOTS('',1,(#3846,#3847),.UNSPECIFIED.,.F.,
  .F.,(2,2),(-0.225,0.),.PIECEWISE_BEZIER_KNOTS.);
#3846 = CARTESIAN_POINT('',(-1.01,-0.8505,0.1000001));
#3847 = CARTESIAN_POINT('',(-1.01,-0.6255,0.1000001));
#3848 = ORIENTED_EDGE('',*,*,#3715,.F.);
#3849 = ORIENTED_EDGE('',*,*,#3850,.T.);
#3850 = EDGE_CURVE('',#3716,#3824,#3851,.T.);
#3851 = B_SPLINE_CURVE_WITH_KNOTS('',1,(#3852,#3853),.UNSPECIFIED.,.F.,
  .F.,(2,2),(-0.225,0.),.PIECEWISE_BEZIER_KNOTS.);
#3852 = CARTESIAN_POINT('',(-1.01,-0.8505,0.2000001));
#3853 = CARTESIAN_POINT('',(-1.01,-0.6255,0.2000001));
#3854 = B_SPLINE_SURFACE_WITH_KNOTS('',1,1,(
    (#3855,#3856)
    ,(#3857,#3858
    )),.UNSPECIFIED.,.F.,.F.,.F.,(2,2),(2,2),(-1.E-01,0.),(-0.225,0.),
  .PIECEWISE_BEZIER_KNOTS.);
#3855 = CARTESIAN_POINT('',(-1.01,-0.8505,0.1000001));
#3856 = CARTESIAN_POINT('',(-1.01,-0.6255,0.1000001));
#3857 = CARTESIAN_POINT('',(-1.01,-0.8505,0.2000001));
#3858 = CARTESIAN_POINT('',(-1.01,-0.6255,0.2000001));
#3859 = ADVANCED_FACE('',(#3860),#3874,.T.);
#3860 = FACE_BOUND('',#3861,.T.);
#3861 = EDGE_LOOP('',(#3862,#3863,#3868,#3869));
#3862 = ORIENTED_EDGE('',*,*,#3759,.T.);
#3863 = ORIENTED_EDGE('',*,*,#3864,.F.);
#3864 = EDGE_CURVE('',#3782,#3753,#3865,.T.);
#3865 = B_SPLINE_CURVE_WITH_KNOTS('',1,(#3866,#3867),.UNSPECIFIED.,.F.,
  .F.,(2,2),(-0.35,-0.),.PIECEWISE_BEZIER_KNOTS.);
#3866 = CARTESIAN_POINT('',(-0.5,-1.01,0.1000001));
#3867 = CARTESIAN_POINT('',(-0.85,-1.01,0.1000001));
#3868 = ORIENTED_EDGE('',*,*,#3779,.F.);
#3869 = ORIENTED_EDGE('',*,*,#3870,.T.);
#3870 = EDGE_CURVE('',#3780,#3760,#3871,.T.);
#3871 = B_SPLINE_CURVE_WITH_KNOTS('',1,(#3872,#3873),.UNSPECIFIED.,.F.,
  .F.,(2,2),(-0.35,-0.),.PIECEWISE_BEZIER_KNOTS.);
#3872 = CARTESIAN_POINT('',(-0.5,-1.01,0.2000001));
#3873 = CARTESIAN_POINT('',(-0.85,-1.01,0.2000001));
#3874 = B_SPLINE_SURFACE_WITH_KNOTS('',1,1,(
    (#3875,#3876)
    ,(#3877,#3878
    )),.UNSPECIFIED.,.F.,.F.,.F.,(2,2),(2,2),(0.,1.E-01),(0.,0.35),
  .PIECEWISE_BEZIER_KNOTS.);
#3875 = CARTESIAN_POINT('',(-0.85,-1.01,0.2000001));
#3876 = CARTESIAN_POINT('',(-0.5,-1.01,0.2000001));
#3877 = CARTESIAN_POINT('',(-0.85,-1.01,0.1000001));
#3878 = CARTESIAN_POINT('',(-0.5,-1.01,0.1000001));
#3879 = ADVANCED_FACE('',(#3880),#3910,.T.);
#3880 = FACE_BOUND('',#3881,.T.);
#3881 = EDGE_LOOP('',(#3882,#3891,#3898,#3905));
#3882 = ORIENTED_EDGE('',*,*,#3883,.F.);
#3883 = EDGE_CURVE('',#3884,#3886,#3888,.T.);
#3884 = VERTEX_POINT('',#3885);
#3885 = CARTESIAN_POINT('',(-1.,0.3625,0.1000001));
#3886 = VERTEX_POINT('',#3887);
#3887 = CARTESIAN_POINT('',(-1.,0.3625,0.2000001));
#3888 = B_SPLINE_CURVE_WITH_KNOTS('',1,(#3889,#3890),.UNSPECIFIED.,.F.,
  .F.,(2,2),(-0.82,-0.72),.PIECEWISE_BEZIER_KNOTS.);
#3889 = CARTESIAN_POINT('',(-1.,0.3625,0.1000001));
#3890 = CARTESIAN_POINT('',(-1.,0.3625,0.2000001));
#3891 = ORIENTED_EDGE('',*,*,#3892,.F.);
#3892 = EDGE_CURVE('',#3893,#3884,#3895,.T.);
#3893 = VERTEX_POINT('',#3894);
#3894 = CARTESIAN_POINT('',(-1.01,0.3625,0.1000001));
#3895 = B_SPLINE_CURVE_WITH_KNOTS('',1,(#3896,#3897),.UNSPECIFIED.,.F.,
  .F.,(2,2),(0.,1.E-02),.PIECEWISE_BEZIER_KNOTS.);
#3896 = CARTESIAN_POINT('',(-1.01,0.3625,0.1000001));
#3897 = CARTESIAN_POINT('',(-1.,0.3625,0.1000001));
#3898 = ORIENTED_EDGE('',*,*,#3899,.F.);
#3899 = EDGE_CURVE('',#3900,#3893,#3902,.T.);
#3900 = VERTEX_POINT('',#3901);
#3901 = CARTESIAN_POINT('',(-1.01,0.3625,0.2000001));
#3902 = B_SPLINE_CURVE_WITH_KNOTS('',1,(#3903,#3904),.UNSPECIFIED.,.F.,
  .F.,(2,2),(0.,1.E-01),.PIECEWISE_BEZIER_KNOTS.);
#3903 = CARTESIAN_POINT('',(-1.01,0.3625,0.2000001));
#3904 = CARTESIAN_POINT('',(-1.01,0.3625,0.1000001));
#3905 = ORIENTED_EDGE('',*,*,#3906,.T.);
#3906 = EDGE_CURVE('',#3900,#3886,#3907,.T.);
#3907 = B_SPLINE_CURVE_WITH_KNOTS('',1,(#3908,#3909),.UNSPECIFIED.,.F.,
  .F.,(2,2),(-0.36,-0.35),.PIECEWISE_BEZIER_KNOTS.);
#3908 = CARTESIAN_POINT('',(-1.01,0.3625,0.2000001));
#3909 = CARTESIAN_POINT('',(-1.,0.3625,0.2000001));
#3910 = B_SPLINE_SURFACE_WITH_KNOTS('',1,1,(
    (#3911,#3912)
    ,(#3913,#3914
    )),.UNSPECIFIED.,.F.,.F.,.F.,(2,2),(2,2),(-0.1,0.),(-0.36,-0.35),
  .PIECEWISE_BEZIER_KNOTS.);
#3911 = CARTESIAN_POINT('',(-1.01,0.3625,0.1000001));
#3912 = CARTESIAN_POINT('',(-1.,0.3625,0.1000001));
#3913 = CARTESIAN_POINT('',(-1.01,0.3625,0.2000001));
#3914 = CARTESIAN_POINT('',(-1.,0.3625,0.2000001));
#3915 = ADVANCED_FACE('',(#3916),#3946,.T.);
#3916 = FACE_BOUND('',#3917,.T.);
#3917 = EDGE_LOOP('',(#3918,#3927,#3934,#3941));
#3918 = ORIENTED_EDGE('',*,*,#3919,.T.);
#3919 = EDGE_CURVE('',#3920,#3922,#3924,.T.);
#3920 = VERTEX_POINT('',#3921);
#3921 = CARTESIAN_POINT('',(-1.01,0.1375,0.2000001));
#3922 = VERTEX_POINT('',#3923);
#3923 = CARTESIAN_POINT('',(-1.01,0.1375,0.1000001));
#3924 = B_SPLINE_CURVE_WITH_KNOTS('',1,(#3925,#3926),.UNSPECIFIED.,.F.,
  .F.,(2,2),(0.,1.E-01),.PIECEWISE_BEZIER_KNOTS.);
#3925 = CARTESIAN_POINT('',(-1.01,0.1375,0.2000001));
#3926 = CARTESIAN_POINT('',(-1.01,0.1375,0.1000001));
#3927 = ORIENTED_EDGE('',*,*,#3928,.F.);
#3928 = EDGE_CURVE('',#3929,#3922,#3931,.T.);
#3929 = VERTEX_POINT('',#3930);
#3930 = CARTESIAN_POINT('',(-1.,0.1375,0.1000001));
#3931 = B_SPLINE_CURVE_WITH_KNOTS('',1,(#3932,#3933),.UNSPECIFIED.,.F.,
  .F.,(2,2),(-1.E-02,-0.),.PIECEWISE_BEZIER_KNOTS.);
#3932 = CARTESIAN_POINT('',(-1.,0.1375,0.1000001));
#3933 = CARTESIAN_POINT('',(-1.01,0.1375,0.1000001));
#3934 = ORIENTED_EDGE('',*,*,#3935,.F.);
#3935 = EDGE_CURVE('',#3936,#3929,#3938,.T.);
#3936 = VERTEX_POINT('',#3937);
#3937 = CARTESIAN_POINT('',(-1.,0.1375,0.2000001));
#3938 = B_SPLINE_CURVE_WITH_KNOTS('',1,(#3939,#3940),.UNSPECIFIED.,.F.,
  .F.,(2,2),(0.72,0.82),.PIECEWISE_BEZIER_KNOTS.);
#3939 = CARTESIAN_POINT('',(-1.,0.1375,0.2000001));
#3940 = CARTESIAN_POINT('',(-1.,0.1375,0.1000001));
#3941 = ORIENTED_EDGE('',*,*,#3942,.T.);
#3942 = EDGE_CURVE('',#3936,#3920,#3943,.T.);
#3943 = B_SPLINE_CURVE_WITH_KNOTS('',1,(#3944,#3945),.UNSPECIFIED.,.F.,
  .F.,(2,2),(0.35,0.36),.PIECEWISE_BEZIER_KNOTS.);
#3944 = CARTESIAN_POINT('',(-1.,0.1375,0.2000001));
#3945 = CARTESIAN_POINT('',(-1.01,0.1375,0.2000001));
#3946 = B_SPLINE_SURFACE_WITH_KNOTS('',1,1,(
    (#3947,#3948)
    ,(#3949,#3950
    )),.UNSPECIFIED.,.F.,.F.,.F.,(2,2),(2,2),(0.,0.1),(-0.36,-0.35),
  .PIECEWISE_BEZIER_KNOTS.);
#3947 = CARTESIAN_POINT('',(-1.01,0.1375,0.2000001));
#3948 = CARTESIAN_POINT('',(-1.,0.1375,0.2000001));
#3949 = CARTESIAN_POINT('',(-1.01,0.1375,0.1000001));
#3950 = CARTESIAN_POINT('',(-1.,0.1375,0.1000001));
#3951 = ADVANCED_FACE('',(#3952),#3966,.T.);
#3952 = FACE_BOUND('',#3953,.T.);
#3953 = EDGE_LOOP('',(#3954,#3955,#3960,#3961));
#3954 = ORIENTED_EDGE('',*,*,#3899,.T.);
#3955 = ORIENTED_EDGE('',*,*,#3956,.F.);
#3956 = EDGE_CURVE('',#3922,#3893,#3957,.T.);
#3957 = B_SPLINE_CURVE_WITH_KNOTS('',1,(#3958,#3959),.UNSPECIFIED.,.F.,
  .F.,(2,2),(0.,0.225),.PIECEWISE_BEZIER_KNOTS.);
#3958 = CARTESIAN_POINT('',(-1.01,0.1375,0.1000001));
#3959 = CARTESIAN_POINT('',(-1.01,0.3625,0.1000001));
#3960 = ORIENTED_EDGE('',*,*,#3919,.F.);
#3961 = ORIENTED_EDGE('',*,*,#3962,.T.);
#3962 = EDGE_CURVE('',#3920,#3900,#3963,.T.);
#3963 = B_SPLINE_CURVE_WITH_KNOTS('',1,(#3964,#3965),.UNSPECIFIED.,.F.,
  .F.,(2,2),(-0.225,0.),.PIECEWISE_BEZIER_KNOTS.);
#3964 = CARTESIAN_POINT('',(-1.01,0.1375,0.2000001));
#3965 = CARTESIAN_POINT('',(-1.01,0.3625,0.2000001));
#3966 = B_SPLINE_SURFACE_WITH_KNOTS('',1,1,(
    (#3967,#3968)
    ,(#3969,#3970
    )),.UNSPECIFIED.,.F.,.F.,.F.,(2,2),(2,2),(-1.E-01,0.),(-0.225,0.),
  .PIECEWISE_BEZIER_KNOTS.);
#3967 = CARTESIAN_POINT('',(-1.01,0.1375,0.1000001));
#3968 = CARTESIAN_POINT('',(-1.01,0.3625,0.1000001));
#3969 = CARTESIAN_POINT('',(-1.01,0.1375,0.2000001));
#3970 = CARTESIAN_POINT('',(-1.01,0.3625,0.2000001));
#3971 = ADVANCED_FACE('',(#3972),#4002,.T.);
#3972 = FACE_BOUND('',#3973,.T.);
#3973 = EDGE_LOOP('',(#3974,#3983,#3990,#3997));
#3974 = ORIENTED_EDGE('',*,*,#3975,.T.);
#3975 = EDGE_CURVE('',#3976,#3978,#3980,.T.);
#3976 = VERTEX_POINT('',#3977);
#3977 = CARTESIAN_POINT('',(-1.01,0.6255,0.2000001));
#3978 = VERTEX_POINT('',#3979);
#3979 = CARTESIAN_POINT('',(-1.01,0.6255,0.1000001));
#3980 = B_SPLINE_CURVE_WITH_KNOTS('',1,(#3981,#3982),.UNSPECIFIED.,.F.,
  .F.,(2,2),(0.,1.E-01),.PIECEWISE_BEZIER_KNOTS.);
#3981 = CARTESIAN_POINT('',(-1.01,0.6255,0.2000001));
#3982 = CARTESIAN_POINT('',(-1.01,0.6255,0.1000001));
#3983 = ORIENTED_EDGE('',*,*,#3984,.F.);
#3984 = EDGE_CURVE('',#3985,#3978,#3987,.T.);
#3985 = VERTEX_POINT('',#3986);
#3986 = CARTESIAN_POINT('',(-1.,0.6255,0.1000001));
#3987 = B_SPLINE_CURVE_WITH_KNOTS('',1,(#3988,#3989),.UNSPECIFIED.,.F.,
  .F.,(2,2),(-1.E-02,-0.),.PIECEWISE_BEZIER_KNOTS.);
#3988 = CARTESIAN_POINT('',(-1.,0.6255,0.1000001));
#3989 = CARTESIAN_POINT('',(-1.01,0.6255,0.1000001));
#3990 = ORIENTED_EDGE('',*,*,#3991,.F.);
#3991 = EDGE_CURVE('',#3992,#3985,#3994,.T.);
#3992 = VERTEX_POINT('',#3993);
#3993 = CARTESIAN_POINT('',(-1.,0.6255,0.2000001));
#3994 = B_SPLINE_CURVE_WITH_KNOTS('',1,(#3995,#3996),.UNSPECIFIED.,.F.,
  .F.,(2,2),(0.72,0.82),.PIECEWISE_BEZIER_KNOTS.);
#3995 = CARTESIAN_POINT('',(-1.,0.6255,0.2000001));
#3996 = CARTESIAN_POINT('',(-1.,0.6255,0.1000001));
#3997 = ORIENTED_EDGE('',*,*,#3998,.T.);
#3998 = EDGE_CURVE('',#3992,#3976,#3999,.T.);
#3999 = B_SPLINE_CURVE_WITH_KNOTS('',1,(#4000,#4001),.UNSPECIFIED.,.F.,
  .F.,(2,2),(0.5,0.51),.PIECEWISE_BEZIER_KNOTS.);
#4000 = CARTESIAN_POINT('',(-1.,0.6255,0.2000001));
#4001 = CARTESIAN_POINT('',(-1.01,0.6255,0.2000001));
#4002 = B_SPLINE_SURFACE_WITH_KNOTS('',1,1,(
    (#4003,#4004)
    ,(#4005,#4006
    )),.UNSPECIFIED.,.F.,.F.,.F.,(2,2),(2,2),(0.,0.1),(-0.51,-0.5),
  .PIECEWISE_BEZIER_KNOTS.);
#4003 = CARTESIAN_POINT('',(-1.01,0.6255,0.2000001));
#4004 = CARTESIAN_POINT('',(-1.,0.6255,0.2000001));
#4005 = CARTESIAN_POINT('',(-1.01,0.6255,0.1000001));
#4006 = CARTESIAN_POINT('',(-1.,0.6255,0.1000001));
#4007 = ADVANCED_FACE('',(#4008),#4032,.T.);
#4008 = FACE_BOUND('',#4009,.T.);
#4009 = EDGE_LOOP('',(#4010,#4011,#4018,#4025,#4030,#4031));
#4010 = ORIENTED_EDGE('',*,*,#2964,.F.);
#4011 = ORIENTED_EDGE('',*,*,#4012,.T.);
#4012 = EDGE_CURVE('',#2958,#4013,#4015,.T.);
#4013 = VERTEX_POINT('',#4014);
#4014 = CARTESIAN_POINT('',(-0.45,0.7255,1.000000000029E-07));
#4015 = B_SPLINE_CURVE_WITH_KNOTS('',1,(#4016,#4017),.UNSPECIFIED.,.F.,
  .F.,(2,2),(0.18,0.2),.PIECEWISE_BEZIER_KNOTS.);
#4016 = CARTESIAN_POINT('',(-0.45,0.7255,2.00001E-02));
#4017 = CARTESIAN_POINT('',(-0.45,0.7255,1.000000000133E-07));
#4018 = ORIENTED_EDGE('',*,*,#4019,.F.);
#4019 = EDGE_CURVE('',#4020,#4013,#4022,.T.);
#4020 = VERTEX_POINT('',#4021);
#4021 = CARTESIAN_POINT('',(-0.45,0.96,1.000000000029E-07));
#4022 = B_SPLINE_CURVE_WITH_KNOTS('',1,(#4023,#4024),.UNSPECIFIED.,.F.,
  .F.,(2,2),(5.E-02,0.2845),.PIECEWISE_BEZIER_KNOTS.);
#4023 = CARTESIAN_POINT('',(-0.45,0.96,1.000000000029E-07));
#4024 = CARTESIAN_POINT('',(-0.45,0.7255,1.000000000029E-07));
#4025 = ORIENTED_EDGE('',*,*,#4026,.F.);
#4026 = EDGE_CURVE('',#3166,#4020,#4027,.T.);
#4027 = B_SPLINE_CURVE_WITH_KNOTS('',1,(#4028,#4029),.UNSPECIFIED.,.F.,
  .F.,(2,2),(3.E-02,0.1),.PIECEWISE_BEZIER_KNOTS.);
#4028 = CARTESIAN_POINT('',(-0.45,0.96,7.00001E-02));
#4029 = CARTESIAN_POINT('',(-0.45,0.96,9.999999999941E-08));
#4030 = ORIENTED_EDGE('',*,*,#3165,.T.);
#4031 = ORIENTED_EDGE('',*,*,#3267,.T.);
#4032 = B_SPLINE_SURFACE_WITH_KNOTS('',1,1,(
    (#4033,#4034)
    ,(#4035,#4036
    )),.UNSPECIFIED.,.F.,.F.,.F.,(2,2),(2,2),(0.13,0.2),(-0.2845,-5.E-02
    ),.PIECEWISE_BEZIER_KNOTS.);
#4033 = CARTESIAN_POINT('',(-0.45,0.7255,7.00001E-02));
#4034 = CARTESIAN_POINT('',(-0.45,0.96,7.00001E-02));
#4035 = CARTESIAN_POINT('',(-0.45,0.7255,9.999999998553E-08));
#4036 = CARTESIAN_POINT('',(-0.45,0.96,9.999999998553E-08));
#4037 = ADVANCED_FACE('',(#4038),#4082,.T.);
#4038 = FACE_BOUND('',#4039,.T.);
#4039 = EDGE_LOOP('',(#4040,#4049,#4056,#4063,#4070,#4077));
#4040 = ORIENTED_EDGE('',*,*,#4041,.T.);
#4041 = EDGE_CURVE('',#4042,#4044,#4046,.T.);
#4042 = VERTEX_POINT('',#4043);
#4043 = CARTESIAN_POINT('',(-0.85,0.96,7.00001E-02));
#4044 = VERTEX_POINT('',#4045);
#4045 = CARTESIAN_POINT('',(-0.85,0.96,1.000000000029E-07));
#4046 = B_SPLINE_CURVE_WITH_KNOTS('',1,(#4047,#4048),.UNSPECIFIED.,.F.,
  .F.,(2,2),(3.E-02,0.1),.PIECEWISE_BEZIER_KNOTS.);
#4047 = CARTESIAN_POINT('',(-0.85,0.96,7.00001E-02));
#4048 = CARTESIAN_POINT('',(-0.85,0.96,9.999999999941E-08));
#4049 = ORIENTED_EDGE('',*,*,#4050,.F.);
#4050 = EDGE_CURVE('',#4051,#4044,#4053,.T.);
#4051 = VERTEX_POINT('',#4052);
#4052 = CARTESIAN_POINT('',(-0.85,0.8505,1.000000000029E-07));
#4053 = B_SPLINE_CURVE_WITH_KNOTS('',1,(#4054,#4055),.UNSPECIFIED.,.F.,
  .F.,(2,2),(0.,0.1095),.PIECEWISE_BEZIER_KNOTS.);
#4054 = CARTESIAN_POINT('',(-0.85,0.8505,1.000000000029E-07));
#4055 = CARTESIAN_POINT('',(-0.85,0.96,1.000000000029E-07));
#4056 = ORIENTED_EDGE('',*,*,#4057,.F.);
#4057 = EDGE_CURVE('',#4058,#4051,#4060,.T.);
#4058 = VERTEX_POINT('',#4059);
#4059 = CARTESIAN_POINT('',(-0.85,0.8505,2.00001E-02));
#4060 = B_SPLINE_CURVE_WITH_KNOTS('',1,(#4061,#4062),.UNSPECIFIED.,.F.,
  .F.,(2,2),(0.18,0.2),.PIECEWISE_BEZIER_KNOTS.);
#4061 = CARTESIAN_POINT('',(-0.85,0.8505,2.00001E-02));
#4062 = CARTESIAN_POINT('',(-0.85,0.8505,1.000000000133E-07));
#4063 = ORIENTED_EDGE('',*,*,#4064,.F.);
#4064 = EDGE_CURVE('',#4065,#4058,#4067,.T.);
#4065 = VERTEX_POINT('',#4066);
#4066 = CARTESIAN_POINT('',(-0.85,0.95,2.00001E-02));
#4067 = B_SPLINE_CURVE_WITH_KNOTS('',1,(#4068,#4069),.UNSPECIFIED.,.F.,
  .F.,(2,2),(-0.95,-0.8505),.PIECEWISE_BEZIER_KNOTS.);
#4068 = CARTESIAN_POINT('',(-0.85,0.95,2.00001E-02));
#4069 = CARTESIAN_POINT('',(-0.85,0.8505,2.00001E-02));
#4070 = ORIENTED_EDGE('',*,*,#4071,.T.);
#4071 = EDGE_CURVE('',#4065,#4072,#4074,.T.);
#4072 = VERTEX_POINT('',#4073);
#4073 = CARTESIAN_POINT('',(-0.85,0.95,7.00001E-02));
#4074 = B_SPLINE_CURVE_WITH_KNOTS('',1,(#4075,#4076),.UNSPECIFIED.,.F.,
  .F.,(2,2),(-5.E-02,0.),.PIECEWISE_BEZIER_KNOTS.);
#4075 = CARTESIAN_POINT('',(-0.85,0.95,2.00001E-02));
#4076 = CARTESIAN_POINT('',(-0.85,0.95,7.00001E-02));
#4077 = ORIENTED_EDGE('',*,*,#4078,.T.);
#4078 = EDGE_CURVE('',#4072,#4042,#4079,.T.);
#4079 = B_SPLINE_CURVE_WITH_KNOTS('',1,(#4080,#4081),.UNSPECIFIED.,.F.,
  .F.,(2,2),(0.95,0.96),.PIECEWISE_BEZIER_KNOTS.);
#4080 = CARTESIAN_POINT('',(-0.85,0.95,7.00001E-02));
#4081 = CARTESIAN_POINT('',(-0.85,0.96,7.00001E-02));
#4082 = B_SPLINE_SURFACE_WITH_KNOTS('',1,1,(
    (#4083,#4084)
    ,(#4085,#4086
    )),.UNSPECIFIED.,.F.,.F.,.F.,(2,2),(2,2),(-0.2,-0.13),(0.,0.1095),
  .PIECEWISE_BEZIER_KNOTS.);
#4083 = CARTESIAN_POINT('',(-0.85,0.8505,9.999999998553E-08));
#4084 = CARTESIAN_POINT('',(-0.85,0.96,9.999999998553E-08));
#4085 = CARTESIAN_POINT('',(-0.85,0.8505,7.00001E-02));
#4086 = CARTESIAN_POINT('',(-0.85,0.96,7.00001E-02));
#4087 = ADVANCED_FACE('',(#4088),#4118,.T.);
#4088 = FACE_BOUND('',#4089,.T.);
#4089 = EDGE_LOOP('',(#4090,#4099,#4106,#4113));
#4090 = ORIENTED_EDGE('',*,*,#4091,.F.);
#4091 = EDGE_CURVE('',#4092,#4094,#4096,.T.);
#4092 = VERTEX_POINT('',#4093);
#4093 = CARTESIAN_POINT('',(-1.,0.8505,0.1000001));
#4094 = VERTEX_POINT('',#4095);
#4095 = CARTESIAN_POINT('',(-1.,0.8505,0.2000001));
#4096 = B_SPLINE_CURVE_WITH_KNOTS('',1,(#4097,#4098),.UNSPECIFIED.,.F.,
  .F.,(2,2),(-0.82,-0.72),.PIECEWISE_BEZIER_KNOTS.);
#4097 = CARTESIAN_POINT('',(-1.,0.8505,0.1000001));
#4098 = CARTESIAN_POINT('',(-1.,0.8505,0.2000001));
#4099 = ORIENTED_EDGE('',*,*,#4100,.F.);
#4100 = EDGE_CURVE('',#4101,#4092,#4103,.T.);
#4101 = VERTEX_POINT('',#4102);
#4102 = CARTESIAN_POINT('',(-1.01,0.8505,0.1000001));
#4103 = B_SPLINE_CURVE_WITH_KNOTS('',1,(#4104,#4105),.UNSPECIFIED.,.F.,
  .F.,(2,2),(0.,1.E-02),.PIECEWISE_BEZIER_KNOTS.);
#4104 = CARTESIAN_POINT('',(-1.01,0.8505,0.1000001));
#4105 = CARTESIAN_POINT('',(-1.,0.8505,0.1000001));
#4106 = ORIENTED_EDGE('',*,*,#4107,.F.);
#4107 = EDGE_CURVE('',#4108,#4101,#4110,.T.);
#4108 = VERTEX_POINT('',#4109);
#4109 = CARTESIAN_POINT('',(-1.01,0.8505,0.2000001));
#4110 = B_SPLINE_CURVE_WITH_KNOTS('',1,(#4111,#4112),.UNSPECIFIED.,.F.,
  .F.,(2,2),(0.,1.E-01),.PIECEWISE_BEZIER_KNOTS.);
#4111 = CARTESIAN_POINT('',(-1.01,0.8505,0.2000001));
#4112 = CARTESIAN_POINT('',(-1.01,0.8505,0.1000001));
#4113 = ORIENTED_EDGE('',*,*,#4114,.T.);
#4114 = EDGE_CURVE('',#4108,#4094,#4115,.T.);
#4115 = B_SPLINE_CURVE_WITH_KNOTS('',1,(#4116,#4117),.UNSPECIFIED.,.F.,
  .F.,(2,2),(0.,1.E-02),.PIECEWISE_BEZIER_KNOTS.);
#4116 = CARTESIAN_POINT('',(-1.01,0.8505,0.2000001));
#4117 = CARTESIAN_POINT('',(-1.,0.8505,0.2000001));
#4118 = B_SPLINE_SURFACE_WITH_KNOTS('',1,1,(
    (#4119,#4120)
    ,(#4121,#4122
    )),.UNSPECIFIED.,.F.,.F.,.F.,(2,2),(2,2),(-1.E-02,0.),(-0.1,0.),
  .PIECEWISE_BEZIER_KNOTS.);
#4119 = CARTESIAN_POINT('',(-1.,0.8505,0.1000001));
#4120 = CARTESIAN_POINT('',(-1.,0.8505,0.2000001));
#4121 = CARTESIAN_POINT('',(-1.01,0.8505,0.1000001));
#4122 = CARTESIAN_POINT('',(-1.01,0.8505,0.2000001));
#4123 = ADVANCED_FACE('',(#4124),#4138,.T.);
#4124 = FACE_BOUND('',#4125,.T.);
#4125 = EDGE_LOOP('',(#4126,#4127,#4132,#4133));
#4126 = ORIENTED_EDGE('',*,*,#4107,.T.);
#4127 = ORIENTED_EDGE('',*,*,#4128,.F.);
#4128 = EDGE_CURVE('',#3978,#4101,#4129,.T.);
#4129 = B_SPLINE_CURVE_WITH_KNOTS('',1,(#4130,#4131),.UNSPECIFIED.,.F.,
  .F.,(2,2),(0.,0.225),.PIECEWISE_BEZIER_KNOTS.);
#4130 = CARTESIAN_POINT('',(-1.01,0.6255,0.1000001));
#4131 = CARTESIAN_POINT('',(-1.01,0.8505,0.1000001));
#4132 = ORIENTED_EDGE('',*,*,#3975,.F.);
#4133 = ORIENTED_EDGE('',*,*,#4134,.T.);
#4134 = EDGE_CURVE('',#3976,#4108,#4135,.T.);
#4135 = B_SPLINE_CURVE_WITH_KNOTS('',1,(#4136,#4137),.UNSPECIFIED.,.F.,
  .F.,(2,2),(0.,0.225),.PIECEWISE_BEZIER_KNOTS.);
#4136 = CARTESIAN_POINT('',(-1.01,0.6255,0.2000001));
#4137 = CARTESIAN_POINT('',(-1.01,0.8505,0.2000001));
#4138 = B_SPLINE_SURFACE_WITH_KNOTS('',1,1,(
    (#4139,#4140)
    ,(#4141,#4142
    )),.UNSPECIFIED.,.F.,.F.,.F.,(2,2),(2,2),(-1.E-01,0.),(0.,0.225),
  .PIECEWISE_BEZIER_KNOTS.);
#4139 = CARTESIAN_POINT('',(-1.01,0.6255,0.1000001));
#4140 = CARTESIAN_POINT('',(-1.01,0.8505,0.1000001));
#4141 = CARTESIAN_POINT('',(-1.01,0.6255,0.2000001));
#4142 = CARTESIAN_POINT('',(-1.01,0.8505,0.2000001));
#4143 = ADVANCED_FACE('',(#4144),#4188,.T.);
#4144 = FACE_BOUND('',#4145,.T.);
#4145 = EDGE_LOOP('',(#4146,#4155,#4162,#4169,#4176,#4183));
#4146 = ORIENTED_EDGE('',*,*,#4147,.F.);
#4147 = EDGE_CURVE('',#4148,#4150,#4152,.T.);
#4148 = VERTEX_POINT('',#4149);
#4149 = CARTESIAN_POINT('',(-0.95,0.6255,7.00001E-02));
#4150 = VERTEX_POINT('',#4151);
#4151 = CARTESIAN_POINT('',(-0.96,0.6255,7.00001E-02));
#4152 = B_SPLINE_CURVE_WITH_KNOTS('',1,(#4153,#4154),.UNSPECIFIED.,.F.,
  .F.,(2,2),(0.95,0.96),.PIECEWISE_BEZIER_KNOTS.);
#4153 = CARTESIAN_POINT('',(-0.95,0.6255,7.00001E-02));
#4154 = CARTESIAN_POINT('',(-0.96,0.6255,7.00001E-02));
#4155 = ORIENTED_EDGE('',*,*,#4156,.F.);
#4156 = EDGE_CURVE('',#4157,#4148,#4159,.T.);
#4157 = VERTEX_POINT('',#4158);
#4158 = CARTESIAN_POINT('',(-0.95,0.3625,7.00001E-02));
#4159 = B_SPLINE_CURVE_WITH_KNOTS('',1,(#4160,#4161),.UNSPECIFIED.,.F.,
  .F.,(2,2),(1.3125,1.5755),.PIECEWISE_BEZIER_KNOTS.);
#4160 = CARTESIAN_POINT('',(-0.95,0.3625,7.00001E-02));
#4161 = CARTESIAN_POINT('',(-0.95,0.6255,7.00001E-02));
#4162 = ORIENTED_EDGE('',*,*,#4163,.F.);
#4163 = EDGE_CURVE('',#4164,#4157,#4166,.T.);
#4164 = VERTEX_POINT('',#4165);
#4165 = CARTESIAN_POINT('',(-0.96,0.3625,7.00001E-02));
#4166 = B_SPLINE_CURVE_WITH_KNOTS('',1,(#4167,#4168),.UNSPECIFIED.,.F.,
  .F.,(2,2),(-0.96,-0.95),.PIECEWISE_BEZIER_KNOTS.);
#4167 = CARTESIAN_POINT('',(-0.96,0.3625,7.00001E-02));
#4168 = CARTESIAN_POINT('',(-0.95,0.3625,7.00001E-02));
#4169 = ORIENTED_EDGE('',*,*,#4170,.F.);
#4170 = EDGE_CURVE('',#4171,#4164,#4173,.T.);
#4171 = VERTEX_POINT('',#4172);
#4172 = CARTESIAN_POINT('',(-1.,0.3625,7.00001E-02));
#4173 = B_SPLINE_CURVE_WITH_KNOTS('',1,(#4174,#4175),.UNSPECIFIED.,.F.,
  .F.,(2,2),(-1.,-0.96),.PIECEWISE_BEZIER_KNOTS.);
#4174 = CARTESIAN_POINT('',(-1.,0.3625,7.00001E-02));
#4175 = CARTESIAN_POINT('',(-0.96,0.3625,7.00001E-02));
#4176 = ORIENTED_EDGE('',*,*,#4177,.T.);
#4177 = EDGE_CURVE('',#4171,#4178,#4180,.T.);
#4178 = VERTEX_POINT('',#4179);
#4179 = CARTESIAN_POINT('',(-1.,0.6255,7.00001E-02));
#4180 = B_SPLINE_CURVE_WITH_KNOTS('',1,(#4181,#4182),.UNSPECIFIED.,.F.,
  .F.,(2,2),(1.3625,1.6255),.PIECEWISE_BEZIER_KNOTS.);
#4181 = CARTESIAN_POINT('',(-1.,0.3625,7.00001E-02));
#4182 = CARTESIAN_POINT('',(-1.,0.6255,7.00001E-02));
#4183 = ORIENTED_EDGE('',*,*,#4184,.F.);
#4184 = EDGE_CURVE('',#4150,#4178,#4185,.T.);
#4185 = B_SPLINE_CURVE_WITH_KNOTS('',1,(#4186,#4187),.UNSPECIFIED.,.F.,
  .F.,(2,2),(0.96,1.),.PIECEWISE_BEZIER_KNOTS.);
#4186 = CARTESIAN_POINT('',(-0.96,0.6255,7.00001E-02));
#4187 = CARTESIAN_POINT('',(-1.,0.6255,7.00001E-02));
#4188 = B_SPLINE_SURFACE_WITH_KNOTS('',1,1,(
    (#4189,#4190)
    ,(#4191,#4192
    )),.UNSPECIFIED.,.F.,.F.,.F.,(2,2),(2,2),(0.95,1.),(0.3625,0.6255),
  .PIECEWISE_BEZIER_KNOTS.);
#4189 = CARTESIAN_POINT('',(-0.95,0.3625,7.00001E-02));
#4190 = CARTESIAN_POINT('',(-0.95,0.6255,7.00001E-02));
#4191 = CARTESIAN_POINT('',(-1.,0.3625,7.00001E-02));
#4192 = CARTESIAN_POINT('',(-1.,0.6255,7.00001E-02));
#4193 = ADVANCED_FACE('',(#4194),#4208,.T.);
#4194 = FACE_BOUND('',#4195,.T.);
#4195 = EDGE_LOOP('',(#4196,#4201,#4202,#4207));
#4196 = ORIENTED_EDGE('',*,*,#4197,.F.);
#4197 = EDGE_CURVE('',#2944,#4148,#4198,.T.);
#4198 = B_SPLINE_CURVE_WITH_KNOTS('',1,(#4199,#4200),.UNSPECIFIED.,.F.,
  .F.,(2,2),(-5.E-02,0.),.PIECEWISE_BEZIER_KNOTS.);
#4199 = CARTESIAN_POINT('',(-0.95,0.6255,2.00001E-02));
#4200 = CARTESIAN_POINT('',(-0.95,0.6255,7.00001E-02));
#4201 = ORIENTED_EDGE('',*,*,#2943,.F.);
#4202 = ORIENTED_EDGE('',*,*,#4203,.F.);
#4203 = EDGE_CURVE('',#4157,#2937,#4204,.T.);
#4204 = B_SPLINE_CURVE_WITH_KNOTS('',1,(#4205,#4206),.UNSPECIFIED.,.F.,
  .F.,(2,2),(0.,5.E-02),.PIECEWISE_BEZIER_KNOTS.);
#4205 = CARTESIAN_POINT('',(-0.95,0.3625,7.00001E-02));
#4206 = CARTESIAN_POINT('',(-0.95,0.3625,2.00001E-02));
#4207 = ORIENTED_EDGE('',*,*,#4156,.T.);
#4208 = B_SPLINE_SURFACE_WITH_KNOTS('',1,1,(
    (#4209,#4210)
    ,(#4211,#4212
    )),.UNSPECIFIED.,.F.,.F.,.F.,(2,2),(2,2),(-1.5755,-1.3125),(-5.E-02,
    0.),.PIECEWISE_BEZIER_KNOTS.);
#4209 = CARTESIAN_POINT('',(-0.95,0.6255,2.00001E-02));
#4210 = CARTESIAN_POINT('',(-0.95,0.6255,7.00001E-02));
#4211 = CARTESIAN_POINT('',(-0.95,0.3625,2.00001E-02));
#4212 = CARTESIAN_POINT('',(-0.95,0.3625,7.00001E-02));
#4213 = ADVANCED_FACE('',(#4214),#4256,.T.);
#4214 = FACE_BOUND('',#4215,.T.);
#4215 = EDGE_LOOP('',(#4216,#4217,#4224,#4231,#4238,#4245,#4250,#4251));
#4216 = ORIENTED_EDGE('',*,*,#4078,.F.);
#4217 = ORIENTED_EDGE('',*,*,#4218,.F.);
#4218 = EDGE_CURVE('',#4219,#4072,#4221,.T.);
#4219 = VERTEX_POINT('',#4220);
#4220 = CARTESIAN_POINT('',(-0.95,0.95,7.00001E-02));
#4221 = B_SPLINE_CURVE_WITH_KNOTS('',1,(#4222,#4223),.UNSPECIFIED.,.F.,
  .F.,(2,2),(0.,0.1),.PIECEWISE_BEZIER_KNOTS.);
#4222 = CARTESIAN_POINT('',(-0.95,0.95,7.00001E-02));
#4223 = CARTESIAN_POINT('',(-0.85,0.95,7.00001E-02));
#4224 = ORIENTED_EDGE('',*,*,#4225,.F.);
#4225 = EDGE_CURVE('',#4226,#4219,#4228,.T.);
#4226 = VERTEX_POINT('',#4227);
#4227 = CARTESIAN_POINT('',(-0.95,0.8505,7.00001E-02));
#4228 = B_SPLINE_CURVE_WITH_KNOTS('',1,(#4229,#4230),.UNSPECIFIED.,.F.,
  .F.,(2,2),(1.8005,1.9),.PIECEWISE_BEZIER_KNOTS.);
#4229 = CARTESIAN_POINT('',(-0.95,0.8505,7.00001E-02));
#4230 = CARTESIAN_POINT('',(-0.95,0.95,7.00001E-02));
#4231 = ORIENTED_EDGE('',*,*,#4232,.F.);
#4232 = EDGE_CURVE('',#4233,#4226,#4235,.T.);
#4233 = VERTEX_POINT('',#4234);
#4234 = CARTESIAN_POINT('',(-0.96,0.8505,7.00001E-02));
#4235 = B_SPLINE_CURVE_WITH_KNOTS('',1,(#4236,#4237),.UNSPECIFIED.,.F.,
  .F.,(2,2),(-0.96,-0.95),.PIECEWISE_BEZIER_KNOTS.);
#4236 = CARTESIAN_POINT('',(-0.96,0.8505,7.00001E-02));
#4237 = CARTESIAN_POINT('',(-0.95,0.8505,7.00001E-02));
#4238 = ORIENTED_EDGE('',*,*,#4239,.F.);
#4239 = EDGE_CURVE('',#4240,#4233,#4242,.T.);
#4240 = VERTEX_POINT('',#4241);
#4241 = CARTESIAN_POINT('',(-1.,0.8505,7.00001E-02));
#4242 = B_SPLINE_CURVE_WITH_KNOTS('',1,(#4243,#4244),.UNSPECIFIED.,.F.,
  .F.,(2,2),(-1.,-0.96),.PIECEWISE_BEZIER_KNOTS.);
#4243 = CARTESIAN_POINT('',(-1.,0.8505,7.00001E-02));
#4244 = CARTESIAN_POINT('',(-0.96,0.8505,7.00001E-02));
#4245 = ORIENTED_EDGE('',*,*,#4246,.T.);
#4246 = EDGE_CURVE('',#4240,#3352,#4247,.T.);
#4247 = B_SPLINE_CURVE_WITH_KNOTS('',1,(#4248,#4249),.UNSPECIFIED.,.F.,
  .F.,(2,2),(1.8505,2.),.PIECEWISE_BEZIER_KNOTS.);
#4248 = CARTESIAN_POINT('',(-1.,0.8505,7.00001E-02));
#4249 = CARTESIAN_POINT('',(-1.,1.,7.00001E-02));
#4250 = ORIENTED_EDGE('',*,*,#3351,.T.);
#4251 = ORIENTED_EDGE('',*,*,#4252,.F.);
#4252 = EDGE_CURVE('',#4042,#3345,#4253,.T.);
#4253 = B_SPLINE_CURVE_WITH_KNOTS('',1,(#4254,#4255),.UNSPECIFIED.,.F.,
  .F.,(2,2),(0.96,1.),.PIECEWISE_BEZIER_KNOTS.);
#4254 = CARTESIAN_POINT('',(-0.85,0.96,7.00001E-02));
#4255 = CARTESIAN_POINT('',(-0.85,1.,7.00001E-02));
#4256 = B_SPLINE_SURFACE_WITH_KNOTS('',1,1,(
    (#4257,#4258)
    ,(#4259,#4260
    )),.UNSPECIFIED.,.F.,.F.,.F.,(2,2),(2,2),(0.85,1.),(0.8505,1.),
  .PIECEWISE_BEZIER_KNOTS.);
#4257 = CARTESIAN_POINT('',(-0.85,0.8505,7.00001E-02));
#4258 = CARTESIAN_POINT('',(-0.85,1.,7.00001E-02));
#4259 = CARTESIAN_POINT('',(-1.,0.8505,7.00001E-02));
#4260 = CARTESIAN_POINT('',(-1.,1.,7.00001E-02));
#4261 = ADVANCED_FACE('',(#4262),#4284,.T.);
#4262 = FACE_BOUND('',#4263,.T.);
#4263 = EDGE_LOOP('',(#4264,#4271,#4272,#4279));
#4264 = ORIENTED_EDGE('',*,*,#4265,.F.);
#4265 = EDGE_CURVE('',#4226,#4266,#4268,.T.);
#4266 = VERTEX_POINT('',#4267);
#4267 = CARTESIAN_POINT('',(-0.95,0.8505,2.00001E-02));
#4268 = B_SPLINE_CURVE_WITH_KNOTS('',1,(#4269,#4270),.UNSPECIFIED.,.F.,
  .F.,(2,2),(0.,5.E-02),.PIECEWISE_BEZIER_KNOTS.);
#4269 = CARTESIAN_POINT('',(-0.95,0.8505,7.00001E-02));
#4270 = CARTESIAN_POINT('',(-0.95,0.8505,2.00001E-02));
#4271 = ORIENTED_EDGE('',*,*,#4225,.T.);
#4272 = ORIENTED_EDGE('',*,*,#4273,.T.);
#4273 = EDGE_CURVE('',#4219,#4274,#4276,.T.);
#4274 = VERTEX_POINT('',#4275);
#4275 = CARTESIAN_POINT('',(-0.95,0.95,2.00001E-02));
#4276 = B_SPLINE_CURVE_WITH_KNOTS('',1,(#4277,#4278),.UNSPECIFIED.,.F.,
  .F.,(2,2),(-0.,5.E-02),.PIECEWISE_BEZIER_KNOTS.);
#4277 = CARTESIAN_POINT('',(-0.95,0.95,7.00001E-02));
#4278 = CARTESIAN_POINT('',(-0.95,0.95,2.00001E-02));
#4279 = ORIENTED_EDGE('',*,*,#4280,.F.);
#4280 = EDGE_CURVE('',#4266,#4274,#4281,.T.);
#4281 = B_SPLINE_CURVE_WITH_KNOTS('',1,(#4282,#4283),.UNSPECIFIED.,.F.,
  .F.,(2,2),(1.8005,1.9),.PIECEWISE_BEZIER_KNOTS.);
#4282 = CARTESIAN_POINT('',(-0.95,0.8505,2.00001E-02));
#4283 = CARTESIAN_POINT('',(-0.95,0.95,2.00001E-02));
#4284 = B_SPLINE_SURFACE_WITH_KNOTS('',1,1,(
    (#4285,#4286)
    ,(#4287,#4288
  )),.UNSPECIFIED.,.F.,.F.,.F.,(2,2),(2,2),(-1.9,-1.8005),(-5.E-02,0.),
  .PIECEWISE_BEZIER_KNOTS.);
#4285 = CARTESIAN_POINT('',(-0.95,0.95,2.00001E-02));
#4286 = CARTESIAN_POINT('',(-0.95,0.95,7.00001E-02));
#4287 = CARTESIAN_POINT('',(-0.95,0.8505,2.00001E-02));
#4288 = CARTESIAN_POINT('',(-0.95,0.8505,7.00001E-02));
#4289 = ADVANCED_FACE('',(#4290),#4320,.T.);
#4290 = FACE_BOUND('',#4291,.T.);
#4291 = EDGE_LOOP('',(#4292,#4301,#4308,#4315));
#4292 = ORIENTED_EDGE('',*,*,#4293,.F.);
#4293 = EDGE_CURVE('',#4294,#4296,#4298,.T.);
#4294 = VERTEX_POINT('',#4295);
#4295 = CARTESIAN_POINT('',(-0.95,-0.8505,2.00001E-02));
#4296 = VERTEX_POINT('',#4297);
#4297 = CARTESIAN_POINT('',(-0.95,-0.8505,7.00001E-02));
#4298 = B_SPLINE_CURVE_WITH_KNOTS('',1,(#4299,#4300),.UNSPECIFIED.,.F.,
  .F.,(2,2),(-5.E-02,0.),.PIECEWISE_BEZIER_KNOTS.);
#4299 = CARTESIAN_POINT('',(-0.95,-0.8505,2.00001E-02));
#4300 = CARTESIAN_POINT('',(-0.95,-0.8505,7.00001E-02));
#4301 = ORIENTED_EDGE('',*,*,#4302,.F.);
#4302 = EDGE_CURVE('',#4303,#4294,#4305,.T.);
#4303 = VERTEX_POINT('',#4304);
#4304 = CARTESIAN_POINT('',(-0.95,-0.95,2.00001E-02));
#4305 = B_SPLINE_CURVE_WITH_KNOTS('',1,(#4306,#4307),.UNSPECIFIED.,.F.,
  .F.,(2,2),(0.,9.95E-02),.PIECEWISE_BEZIER_KNOTS.);
#4306 = CARTESIAN_POINT('',(-0.95,-0.95,2.00001E-02));
#4307 = CARTESIAN_POINT('',(-0.95,-0.8505,2.00001E-02));
#4308 = ORIENTED_EDGE('',*,*,#4309,.F.);
#4309 = EDGE_CURVE('',#4310,#4303,#4312,.T.);
#4310 = VERTEX_POINT('',#4311);
#4311 = CARTESIAN_POINT('',(-0.95,-0.95,7.00001E-02));
#4312 = B_SPLINE_CURVE_WITH_KNOTS('',1,(#4313,#4314),.UNSPECIFIED.,.F.,
  .F.,(2,2),(-0.,5.E-02),.PIECEWISE_BEZIER_KNOTS.);
#4313 = CARTESIAN_POINT('',(-0.95,-0.95,7.00001E-02));
#4314 = CARTESIAN_POINT('',(-0.95,-0.95,2.00001E-02));
#4315 = ORIENTED_EDGE('',*,*,#4316,.T.);
#4316 = EDGE_CURVE('',#4310,#4296,#4317,.T.);
#4317 = B_SPLINE_CURVE_WITH_KNOTS('',1,(#4318,#4319),.UNSPECIFIED.,.F.,
  .F.,(2,2),(0.,9.95E-02),.PIECEWISE_BEZIER_KNOTS.);
#4318 = CARTESIAN_POINT('',(-0.95,-0.95,7.00001E-02));
#4319 = CARTESIAN_POINT('',(-0.95,-0.8505,7.00001E-02));
#4320 = B_SPLINE_SURFACE_WITH_KNOTS('',1,1,(
    (#4321,#4322)
    ,(#4323,#4324
  )),.UNSPECIFIED.,.F.,.F.,.F.,(2,2),(2,2),(-9.95E-02,0.),(-5.E-02,0.),
  .PIECEWISE_BEZIER_KNOTS.);
#4321 = CARTESIAN_POINT('',(-0.95,-0.8505,2.00001E-02));
#4322 = CARTESIAN_POINT('',(-0.95,-0.8505,7.00001E-02));
#4323 = CARTESIAN_POINT('',(-0.95,-0.95,2.00001E-02));
#4324 = CARTESIAN_POINT('',(-0.95,-0.95,7.00001E-02));
#4325 = ADVANCED_FACE('',(#4326),#4368,.T.);
#4326 = FACE_BOUND('',#4327,.T.);
#4327 = EDGE_LOOP('',(#4328,#4335,#4336,#4343,#4350,#4355,#4356,#4363));
#4328 = ORIENTED_EDGE('',*,*,#4329,.F.);
#4329 = EDGE_CURVE('',#4296,#4330,#4332,.T.);
#4330 = VERTEX_POINT('',#4331);
#4331 = CARTESIAN_POINT('',(-0.96,-0.8505,7.00001E-02));
#4332 = B_SPLINE_CURVE_WITH_KNOTS('',1,(#4333,#4334),.UNSPECIFIED.,.F.,
  .F.,(2,2),(0.95,0.96),.PIECEWISE_BEZIER_KNOTS.);
#4333 = CARTESIAN_POINT('',(-0.95,-0.8505,7.00001E-02));
#4334 = CARTESIAN_POINT('',(-0.96,-0.8505,7.00001E-02));
#4335 = ORIENTED_EDGE('',*,*,#4316,.F.);
#4336 = ORIENTED_EDGE('',*,*,#4337,.F.);
#4337 = EDGE_CURVE('',#4338,#4310,#4340,.T.);
#4338 = VERTEX_POINT('',#4339);
#4339 = CARTESIAN_POINT('',(-0.85,-0.95,7.00001E-02));
#4340 = B_SPLINE_CURVE_WITH_KNOTS('',1,(#4341,#4342),.UNSPECIFIED.,.F.,
  .F.,(2,2),(1.8,1.9),.PIECEWISE_BEZIER_KNOTS.);
#4341 = CARTESIAN_POINT('',(-0.85,-0.95,7.00001E-02));
#4342 = CARTESIAN_POINT('',(-0.95,-0.95,7.00001E-02));
#4343 = ORIENTED_EDGE('',*,*,#4344,.F.);
#4344 = EDGE_CURVE('',#4345,#4338,#4347,.T.);
#4345 = VERTEX_POINT('',#4346);
#4346 = CARTESIAN_POINT('',(-0.85,-0.96,7.00001E-02));
#4347 = B_SPLINE_CURVE_WITH_KNOTS('',1,(#4348,#4349),.UNSPECIFIED.,.F.,
  .F.,(2,2),(-0.96,-0.95),.PIECEWISE_BEZIER_KNOTS.);
#4348 = CARTESIAN_POINT('',(-0.85,-0.96,7.00001E-02));
#4349 = CARTESIAN_POINT('',(-0.85,-0.95,7.00001E-02));
#4350 = ORIENTED_EDGE('',*,*,#4351,.F.);
#4351 = EDGE_CURVE('',#571,#4345,#4352,.T.);
#4352 = B_SPLINE_CURVE_WITH_KNOTS('',1,(#4353,#4354),.UNSPECIFIED.,.F.,
  .F.,(2,2),(-1.,-0.96),.PIECEWISE_BEZIER_KNOTS.);
#4353 = CARTESIAN_POINT('',(-0.85,-1.,7.00001E-02));
#4354 = CARTESIAN_POINT('',(-0.85,-0.96,7.00001E-02));
#4355 = ORIENTED_EDGE('',*,*,#570,.T.);
#4356 = ORIENTED_EDGE('',*,*,#4357,.T.);
#4357 = EDGE_CURVE('',#564,#4358,#4360,.T.);
#4358 = VERTEX_POINT('',#4359);
#4359 = CARTESIAN_POINT('',(-1.,-0.8505,7.00001E-02));
#4360 = B_SPLINE_CURVE_WITH_KNOTS('',1,(#4361,#4362),.UNSPECIFIED.,.F.,
  .F.,(2,2),(0.,0.1495),.PIECEWISE_BEZIER_KNOTS.);
#4361 = CARTESIAN_POINT('',(-1.,-1.,7.00001E-02));
#4362 = CARTESIAN_POINT('',(-1.,-0.8505,7.00001E-02));
#4363 = ORIENTED_EDGE('',*,*,#4364,.F.);
#4364 = EDGE_CURVE('',#4330,#4358,#4365,.T.);
#4365 = B_SPLINE_CURVE_WITH_KNOTS('',1,(#4366,#4367),.UNSPECIFIED.,.F.,
  .F.,(2,2),(0.96,1.),.PIECEWISE_BEZIER_KNOTS.);
#4366 = CARTESIAN_POINT('',(-0.96,-0.8505,7.00001E-02));
#4367 = CARTESIAN_POINT('',(-1.,-0.8505,7.00001E-02));
#4368 = B_SPLINE_SURFACE_WITH_KNOTS('',1,1,(
    (#4369,#4370)
    ,(#4371,#4372
    )),.UNSPECIFIED.,.F.,.F.,.F.,(2,2),(2,2),(0.85,1.),(-1.,-0.8505),
  .PIECEWISE_BEZIER_KNOTS.);
#4369 = CARTESIAN_POINT('',(-0.85,-1.,7.00001E-02));
#4370 = CARTESIAN_POINT('',(-0.85,-0.8505,7.00001E-02));
#4371 = CARTESIAN_POINT('',(-1.,-1.,7.00001E-02));
#4372 = CARTESIAN_POINT('',(-1.,-0.8505,7.00001E-02));
#4373 = ADVANCED_FACE('',(#4374),#4418,.T.);
#4374 = FACE_BOUND('',#4375,.T.);
#4375 = EDGE_LOOP('',(#4376,#4385,#4392,#4399,#4406,#4413));
#4376 = ORIENTED_EDGE('',*,*,#4377,.F.);
#4377 = EDGE_CURVE('',#4378,#4380,#4382,.T.);
#4378 = VERTEX_POINT('',#4379);
#4379 = CARTESIAN_POINT('',(-0.95,0.1375,7.00001E-02));
#4380 = VERTEX_POINT('',#4381);
#4381 = CARTESIAN_POINT('',(-0.96,0.1375,7.00001E-02));
#4382 = B_SPLINE_CURVE_WITH_KNOTS('',1,(#4383,#4384),.UNSPECIFIED.,.F.,
  .F.,(2,2),(0.95,0.96),.PIECEWISE_BEZIER_KNOTS.);
#4383 = CARTESIAN_POINT('',(-0.95,0.1375,7.00001E-02));
#4384 = CARTESIAN_POINT('',(-0.96,0.1375,7.00001E-02));
#4385 = ORIENTED_EDGE('',*,*,#4386,.F.);
#4386 = EDGE_CURVE('',#4387,#4378,#4389,.T.);
#4387 = VERTEX_POINT('',#4388);
#4388 = CARTESIAN_POINT('',(-0.95,-0.1375,7.00001E-02));
#4389 = B_SPLINE_CURVE_WITH_KNOTS('',1,(#4390,#4391),.UNSPECIFIED.,.F.,
  .F.,(2,2),(0.8125,1.0875),.PIECEWISE_BEZIER_KNOTS.);
#4390 = CARTESIAN_POINT('',(-0.95,-0.1375,7.00001E-02));
#4391 = CARTESIAN_POINT('',(-0.95,0.1375,7.00001E-02));
#4392 = ORIENTED_EDGE('',*,*,#4393,.F.);
#4393 = EDGE_CURVE('',#4394,#4387,#4396,.T.);
#4394 = VERTEX_POINT('',#4395);
#4395 = CARTESIAN_POINT('',(-0.96,-0.1375,7.00001E-02));
#4396 = B_SPLINE_CURVE_WITH_KNOTS('',1,(#4397,#4398),.UNSPECIFIED.,.F.,
  .F.,(2,2),(-0.96,-0.95),.PIECEWISE_BEZIER_KNOTS.);
#4397 = CARTESIAN_POINT('',(-0.96,-0.1375,7.00001E-02));
#4398 = CARTESIAN_POINT('',(-0.95,-0.1375,7.00001E-02));
#4399 = ORIENTED_EDGE('',*,*,#4400,.F.);
#4400 = EDGE_CURVE('',#4401,#4394,#4403,.T.);
#4401 = VERTEX_POINT('',#4402);
#4402 = CARTESIAN_POINT('',(-1.,-0.1375,7.00001E-02));
#4403 = B_SPLINE_CURVE_WITH_KNOTS('',1,(#4404,#4405),.UNSPECIFIED.,.F.,
  .F.,(2,2),(-1.,-0.96),.PIECEWISE_BEZIER_KNOTS.);
#4404 = CARTESIAN_POINT('',(-1.,-0.1375,7.00001E-02));
#4405 = CARTESIAN_POINT('',(-0.96,-0.1375,7.00001E-02));
#4406 = ORIENTED_EDGE('',*,*,#4407,.T.);
#4407 = EDGE_CURVE('',#4401,#4408,#4410,.T.);
#4408 = VERTEX_POINT('',#4409);
#4409 = CARTESIAN_POINT('',(-1.,0.1375,7.00001E-02));
#4410 = B_SPLINE_CURVE_WITH_KNOTS('',1,(#4411,#4412),.UNSPECIFIED.,.F.,
  .F.,(2,2),(0.8625,1.1375),.PIECEWISE_BEZIER_KNOTS.);
#4411 = CARTESIAN_POINT('',(-1.,-0.1375,7.00001E-02));
#4412 = CARTESIAN_POINT('',(-1.,0.1375,7.00001E-02));
#4413 = ORIENTED_EDGE('',*,*,#4414,.F.);
#4414 = EDGE_CURVE('',#4380,#4408,#4415,.T.);
#4415 = B_SPLINE_CURVE_WITH_KNOTS('',1,(#4416,#4417),.UNSPECIFIED.,.F.,
  .F.,(2,2),(0.96,1.),.PIECEWISE_BEZIER_KNOTS.);
#4416 = CARTESIAN_POINT('',(-0.96,0.1375,7.00001E-02));
#4417 = CARTESIAN_POINT('',(-1.,0.1375,7.00001E-02));
#4418 = B_SPLINE_SURFACE_WITH_KNOTS('',1,1,(
    (#4419,#4420)
    ,(#4421,#4422
    )),.UNSPECIFIED.,.F.,.F.,.F.,(2,2),(2,2),(0.95,1.),(-0.1375,0.1375),
  .PIECEWISE_BEZIER_KNOTS.);
#4419 = CARTESIAN_POINT('',(-0.95,-0.1375,7.00001E-02));
#4420 = CARTESIAN_POINT('',(-0.95,0.1375,7.00001E-02));
#4421 = CARTESIAN_POINT('',(-1.,-0.1375,7.00001E-02));
#4422 = CARTESIAN_POINT('',(-1.,0.1375,7.00001E-02));
#4423 = ADVANCED_FACE('',(#4424),#4440,.T.);
#4424 = FACE_BOUND('',#4425,.T.);
#4425 = EDGE_LOOP('',(#4426,#4433,#4434,#4435));
#4426 = ORIENTED_EDGE('',*,*,#4427,.F.);
#4427 = EDGE_CURVE('',#4338,#4428,#4430,.T.);
#4428 = VERTEX_POINT('',#4429);
#4429 = CARTESIAN_POINT('',(-0.85,-0.95,2.00001E-02));
#4430 = B_SPLINE_CURVE_WITH_KNOTS('',1,(#4431,#4432),.UNSPECIFIED.,.F.,
  .F.,(2,2),(0.,5.E-02),.PIECEWISE_BEZIER_KNOTS.);
#4431 = CARTESIAN_POINT('',(-0.85,-0.95,7.00001E-02));
#4432 = CARTESIAN_POINT('',(-0.85,-0.95,2.00001E-02));
#4433 = ORIENTED_EDGE('',*,*,#4337,.T.);
#4434 = ORIENTED_EDGE('',*,*,#4309,.T.);
#4435 = ORIENTED_EDGE('',*,*,#4436,.F.);
#4436 = EDGE_CURVE('',#4428,#4303,#4437,.T.);
#4437 = B_SPLINE_CURVE_WITH_KNOTS('',1,(#4438,#4439),.UNSPECIFIED.,.F.,
  .F.,(2,2),(1.8,1.9),.PIECEWISE_BEZIER_KNOTS.);
#4438 = CARTESIAN_POINT('',(-0.85,-0.95,2.00001E-02));
#4439 = CARTESIAN_POINT('',(-0.95,-0.95,2.00001E-02));
#4440 = B_SPLINE_SURFACE_WITH_KNOTS('',1,1,(
    (#4441,#4442)
    ,(#4443,#4444
    )),.UNSPECIFIED.,.F.,.F.,.F.,(2,2),(2,2),(0.,5.E-02),(-1.9,-1.8),
  .PIECEWISE_BEZIER_KNOTS.);
#4441 = CARTESIAN_POINT('',(-0.95,-0.95,7.00001E-02));
#4442 = CARTESIAN_POINT('',(-0.85,-0.95,7.00001E-02));
#4443 = CARTESIAN_POINT('',(-0.95,-0.95,2.00001E-02));
#4444 = CARTESIAN_POINT('',(-0.85,-0.95,2.00001E-02));
#4445 = ADVANCED_FACE('',(#4446),#4462,.F.);
#4446 = FACE_BOUND('',#4447,.T.);
#4447 = EDGE_LOOP('',(#4448,#4449,#4456,#4461));
#4448 = ORIENTED_EDGE('',*,*,#4302,.T.);
#4449 = ORIENTED_EDGE('',*,*,#4450,.T.);
#4450 = EDGE_CURVE('',#4294,#4451,#4453,.T.);
#4451 = VERTEX_POINT('',#4452);
#4452 = CARTESIAN_POINT('',(-0.85,-0.8505,2.00001E-02));
#4453 = B_SPLINE_CURVE_WITH_KNOTS('',1,(#4454,#4455),.UNSPECIFIED.,.F.,
  .F.,(2,2),(-0.95,-0.85),.PIECEWISE_BEZIER_KNOTS.);
#4454 = CARTESIAN_POINT('',(-0.95,-0.8505,2.00001E-02));
#4455 = CARTESIAN_POINT('',(-0.85,-0.8505,2.00001E-02));
#4456 = ORIENTED_EDGE('',*,*,#4457,.T.);
#4457 = EDGE_CURVE('',#4451,#4428,#4458,.T.);
#4458 = B_SPLINE_CURVE_WITH_KNOTS('',1,(#4459,#4460),.UNSPECIFIED.,.F.,
  .F.,(2,2),(0.8505,0.95),.PIECEWISE_BEZIER_KNOTS.);
#4459 = CARTESIAN_POINT('',(-0.85,-0.8505,2.00001E-02));
#4460 = CARTESIAN_POINT('',(-0.85,-0.95,2.00001E-02));
#4461 = ORIENTED_EDGE('',*,*,#4436,.T.);
#4462 = B_SPLINE_SURFACE_WITH_KNOTS('',1,1,(
    (#4463,#4464)
    ,(#4465,#4466
  )),.UNSPECIFIED.,.F.,.F.,.F.,(2,2),(2,2),(-0.95,-0.85),(-0.95,-0.8505)
  ,.PIECEWISE_BEZIER_KNOTS.);
#4463 = CARTESIAN_POINT('',(-0.95,-0.95,2.00001E-02));
#4464 = CARTESIAN_POINT('',(-0.95,-0.8505,2.00001E-02));
#4465 = CARTESIAN_POINT('',(-0.85,-0.95,2.00001E-02));
#4466 = CARTESIAN_POINT('',(-0.85,-0.8505,2.00001E-02));
#4467 = ADVANCED_FACE('',(#4468),#4490,.T.);
#4468 = FACE_BOUND('',#4469,.T.);
#4469 = EDGE_LOOP('',(#4470,#4477,#4484,#4489));
#4470 = ORIENTED_EDGE('',*,*,#4471,.F.);
#4471 = EDGE_CURVE('',#4472,#2881,#4474,.T.);
#4472 = VERTEX_POINT('',#4473);
#4473 = CARTESIAN_POINT('',(-0.95,-0.6255,7.00001E-02));
#4474 = B_SPLINE_CURVE_WITH_KNOTS('',1,(#4475,#4476),.UNSPECIFIED.,.F.,
  .F.,(2,2),(0.,5.E-02),.PIECEWISE_BEZIER_KNOTS.);
#4475 = CARTESIAN_POINT('',(-0.95,-0.6255,7.00001E-02));
#4476 = CARTESIAN_POINT('',(-0.95,-0.6255,2.00001E-02));
#4477 = ORIENTED_EDGE('',*,*,#4478,.T.);
#4478 = EDGE_CURVE('',#4472,#4479,#4481,.T.);
#4479 = VERTEX_POINT('',#4480);
#4480 = CARTESIAN_POINT('',(-0.95,-0.3625,7.00001E-02));
#4481 = B_SPLINE_CURVE_WITH_KNOTS('',1,(#4482,#4483),.UNSPECIFIED.,.F.,
  .F.,(2,2),(0.3245,0.5875),.PIECEWISE_BEZIER_KNOTS.);
#4482 = CARTESIAN_POINT('',(-0.95,-0.6255,7.00001E-02));
#4483 = CARTESIAN_POINT('',(-0.95,-0.3625,7.00001E-02));
#4484 = ORIENTED_EDGE('',*,*,#4485,.F.);
#4485 = EDGE_CURVE('',#2888,#4479,#4486,.T.);
#4486 = B_SPLINE_CURVE_WITH_KNOTS('',1,(#4487,#4488),.UNSPECIFIED.,.F.,
  .F.,(2,2),(-5.E-02,0.),.PIECEWISE_BEZIER_KNOTS.);
#4487 = CARTESIAN_POINT('',(-0.95,-0.3625,2.00001E-02));
#4488 = CARTESIAN_POINT('',(-0.95,-0.3625,7.00001E-02));
#4489 = ORIENTED_EDGE('',*,*,#2887,.F.);
#4490 = B_SPLINE_SURFACE_WITH_KNOTS('',1,1,(
    (#4491,#4492)
    ,(#4493,#4494
    )),.UNSPECIFIED.,.F.,.F.,.F.,(2,2),(2,2),(-0.5875,-0.3245),(-5.E-02,
    0.),.PIECEWISE_BEZIER_KNOTS.);
#4491 = CARTESIAN_POINT('',(-0.95,-0.3625,2.00001E-02));
#4492 = CARTESIAN_POINT('',(-0.95,-0.3625,7.00001E-02));
#4493 = CARTESIAN_POINT('',(-0.95,-0.6255,2.00001E-02));
#4494 = CARTESIAN_POINT('',(-0.95,-0.6255,7.00001E-02));
#4495 = ADVANCED_FACE('',(#4496),#4586,.F.);
#4496 = FACE_BOUND('',#4497,.T.);
#4497 = EDGE_LOOP('',(#4498,#4503,#4504,#4509,#4510,#4515,#4516,#4521,
    #4522,#4527,#4528,#4533,#4534,#4539,#4540,#4547,#4554,#4559,#4560,
    #4565,#4566,#4571,#4572,#4573,#4578,#4579,#4580,#4585));
#4498 = ORIENTED_EDGE('',*,*,#4499,.F.);
#4499 = EDGE_CURVE('',#3992,#4094,#4500,.T.);
#4500 = B_SPLINE_CURVE_WITH_KNOTS('',1,(#4501,#4502),.UNSPECIFIED.,.F.,
  .F.,(2,2),(-0.3745,-0.1495),.PIECEWISE_BEZIER_KNOTS.);
#4501 = CARTESIAN_POINT('',(-1.,0.6255,0.2000001));
#4502 = CARTESIAN_POINT('',(-1.,0.8505,0.2000001));
#4503 = ORIENTED_EDGE('',*,*,#3991,.T.);
#4504 = ORIENTED_EDGE('',*,*,#4505,.T.);
#4505 = EDGE_CURVE('',#3985,#4178,#4506,.T.);
#4506 = B_SPLINE_CURVE_WITH_KNOTS('',1,(#4507,#4508),.UNSPECIFIED.,.F.,
  .F.,(2,2),(0.82,0.85),.PIECEWISE_BEZIER_KNOTS.);
#4507 = CARTESIAN_POINT('',(-1.,0.6255,0.1000001));
#4508 = CARTESIAN_POINT('',(-1.,0.6255,7.00001E-02));
#4509 = ORIENTED_EDGE('',*,*,#4177,.F.);
#4510 = ORIENTED_EDGE('',*,*,#4511,.T.);
#4511 = EDGE_CURVE('',#4171,#3884,#4512,.T.);
#4512 = B_SPLINE_CURVE_WITH_KNOTS('',1,(#4513,#4514),.UNSPECIFIED.,.F.,
  .F.,(2,2),(-0.85,-0.82),.PIECEWISE_BEZIER_KNOTS.);
#4513 = CARTESIAN_POINT('',(-1.,0.3625,7.00001E-02));
#4514 = CARTESIAN_POINT('',(-1.,0.3625,0.1000001));
#4515 = ORIENTED_EDGE('',*,*,#3883,.T.);
#4516 = ORIENTED_EDGE('',*,*,#4517,.F.);
#4517 = EDGE_CURVE('',#3936,#3886,#4518,.T.);
#4518 = B_SPLINE_CURVE_WITH_KNOTS('',1,(#4519,#4520),.UNSPECIFIED.,.F.,
  .F.,(2,2),(-0.8625,-0.6375),.PIECEWISE_BEZIER_KNOTS.);
#4519 = CARTESIAN_POINT('',(-1.,0.1375,0.2000001));
#4520 = CARTESIAN_POINT('',(-1.,0.3625,0.2000001));
#4521 = ORIENTED_EDGE('',*,*,#3935,.T.);
#4522 = ORIENTED_EDGE('',*,*,#4523,.T.);
#4523 = EDGE_CURVE('',#3929,#4408,#4524,.T.);
#4524 = B_SPLINE_CURVE_WITH_KNOTS('',1,(#4525,#4526),.UNSPECIFIED.,.F.,
  .F.,(2,2),(0.82,0.85),.PIECEWISE_BEZIER_KNOTS.);
#4525 = CARTESIAN_POINT('',(-1.,0.1375,0.1000001));
#4526 = CARTESIAN_POINT('',(-1.,0.1375,7.00001E-02));
#4527 = ORIENTED_EDGE('',*,*,#4407,.F.);
#4528 = ORIENTED_EDGE('',*,*,#4529,.T.);
#4529 = EDGE_CURVE('',#4401,#3660,#4530,.T.);
#4530 = B_SPLINE_CURVE_WITH_KNOTS('',1,(#4531,#4532),.UNSPECIFIED.,.F.,
  .F.,(2,2),(-0.85,-0.82),.PIECEWISE_BEZIER_KNOTS.);
#4531 = CARTESIAN_POINT('',(-1.,-0.1375,7.00001E-02));
#4532 = CARTESIAN_POINT('',(-1.,-0.1375,0.1000001));
#4533 = ORIENTED_EDGE('',*,*,#3659,.T.);
#4534 = ORIENTED_EDGE('',*,*,#4535,.T.);
#4535 = EDGE_CURVE('',#3662,#3640,#4536,.T.);
#4536 = B_SPLINE_CURVE_WITH_KNOTS('',1,(#4537,#4538),.UNSPECIFIED.,.F.,
  .F.,(2,2),(1.1375,1.3625),.PIECEWISE_BEZIER_KNOTS.);
#4537 = CARTESIAN_POINT('',(-1.,-0.1375,0.2000001));
#4538 = CARTESIAN_POINT('',(-1.,-0.3625,0.2000001));
#4539 = ORIENTED_EDGE('',*,*,#3639,.T.);
#4540 = ORIENTED_EDGE('',*,*,#4541,.T.);
#4541 = EDGE_CURVE('',#3633,#4542,#4544,.T.);
#4542 = VERTEX_POINT('',#4543);
#4543 = CARTESIAN_POINT('',(-1.,-0.3625,7.00001E-02));
#4544 = B_SPLINE_CURVE_WITH_KNOTS('',1,(#4545,#4546),.UNSPECIFIED.,.F.,
  .F.,(2,2),(0.82,0.85),.PIECEWISE_BEZIER_KNOTS.);
#4545 = CARTESIAN_POINT('',(-1.,-0.3625,0.1000001));
#4546 = CARTESIAN_POINT('',(-1.,-0.3625,7.00001E-02));
#4547 = ORIENTED_EDGE('',*,*,#4548,.F.);
#4548 = EDGE_CURVE('',#4549,#4542,#4551,.T.);
#4549 = VERTEX_POINT('',#4550);
#4550 = CARTESIAN_POINT('',(-1.,-0.6255,7.00001E-02));
#4551 = B_SPLINE_CURVE_WITH_KNOTS('',1,(#4552,#4553),.UNSPECIFIED.,.F.,
  .F.,(2,2),(0.3745,0.6375),.PIECEWISE_BEZIER_KNOTS.);
#4552 = CARTESIAN_POINT('',(-1.,-0.6255,7.00001E-02));
#4553 = CARTESIAN_POINT('',(-1.,-0.3625,7.00001E-02));
#4554 = ORIENTED_EDGE('',*,*,#4555,.T.);
#4555 = EDGE_CURVE('',#4549,#3808,#4556,.T.);
#4556 = B_SPLINE_CURVE_WITH_KNOTS('',1,(#4557,#4558),.UNSPECIFIED.,.F.,
  .F.,(2,2),(-0.85,-0.82),.PIECEWISE_BEZIER_KNOTS.);
#4557 = CARTESIAN_POINT('',(-1.,-0.6255,7.00001E-02));
#4558 = CARTESIAN_POINT('',(-1.,-0.6255,0.1000001));
#4559 = ORIENTED_EDGE('',*,*,#3807,.T.);
#4560 = ORIENTED_EDGE('',*,*,#4561,.T.);
#4561 = EDGE_CURVE('',#3810,#3732,#4562,.T.);
#4562 = B_SPLINE_CURVE_WITH_KNOTS('',1,(#4563,#4564),.UNSPECIFIED.,.F.,
  .F.,(2,2),(1.6255,1.8505),.PIECEWISE_BEZIER_KNOTS.);
#4563 = CARTESIAN_POINT('',(-1.,-0.6255,0.2000001));
#4564 = CARTESIAN_POINT('',(-1.,-0.8505,0.2000001));
#4565 = ORIENTED_EDGE('',*,*,#3731,.T.);
#4566 = ORIENTED_EDGE('',*,*,#4567,.T.);
#4567 = EDGE_CURVE('',#3725,#4358,#4568,.T.);
#4568 = B_SPLINE_CURVE_WITH_KNOTS('',1,(#4569,#4570),.UNSPECIFIED.,.F.,
  .F.,(2,2),(0.82,0.85),.PIECEWISE_BEZIER_KNOTS.);
#4569 = CARTESIAN_POINT('',(-1.,-0.8505,0.1000001));
#4570 = CARTESIAN_POINT('',(-1.,-0.8505,7.00001E-02));
#4571 = ORIENTED_EDGE('',*,*,#4357,.F.);
#4572 = ORIENTED_EDGE('',*,*,#563,.F.);
#4573 = ORIENTED_EDGE('',*,*,#4574,.F.);
#4574 = EDGE_CURVE('',#3359,#557,#4575,.T.);
#4575 = B_SPLINE_CURVE_WITH_KNOTS('',1,(#4576,#4577),.UNSPECIFIED.,.F.,
  .F.,(2,2),(0.,2.),.PIECEWISE_BEZIER_KNOTS.);
#4576 = CARTESIAN_POINT('',(-1.,1.,0.9200001));
#4577 = CARTESIAN_POINT('',(-1.,-1.,0.9200001));
#4578 = ORIENTED_EDGE('',*,*,#3358,.T.);
#4579 = ORIENTED_EDGE('',*,*,#4246,.F.);
#4580 = ORIENTED_EDGE('',*,*,#4581,.T.);
#4581 = EDGE_CURVE('',#4240,#4092,#4582,.T.);
#4582 = B_SPLINE_CURVE_WITH_KNOTS('',1,(#4583,#4584),.UNSPECIFIED.,.F.,
  .F.,(2,2),(-0.85,-0.82),.PIECEWISE_BEZIER_KNOTS.);
#4583 = CARTESIAN_POINT('',(-1.,0.8505,7.00001E-02));
#4584 = CARTESIAN_POINT('',(-1.,0.8505,0.1000001));
#4585 = ORIENTED_EDGE('',*,*,#4091,.T.);
#4586 = B_SPLINE_SURFACE_WITH_KNOTS('',1,1,(
    (#4587,#4588)
    ,(#4589,#4590
    )),.UNSPECIFIED.,.F.,.F.,.F.,(2,2),(2,2),(-2.,0.),(-0.85,0.),
  .PIECEWISE_BEZIER_KNOTS.);
#4587 = CARTESIAN_POINT('',(-1.,-1.,7.00001E-02));
#4588 = CARTESIAN_POINT('',(-1.,-1.,0.9200001));
#4589 = CARTESIAN_POINT('',(-1.,1.,7.00001E-02));
#4590 = CARTESIAN_POINT('',(-1.,1.,0.9200001));
#4591 = ADVANCED_FACE('',(#4592,#4603),#4609,.T.);
#4592 = FACE_BOUND('',#4593,.T.);
#4593 = EDGE_LOOP('',(#4594,#4602));
#4594 = ORIENTED_EDGE('',*,*,#4595,.F.);
#4595 = EDGE_CURVE('',#24,#31,#4596,.T.);
#4596 = ( BOUNDED_CURVE() B_SPLINE_CURVE(2,(#4597,#4598,#4599,#4600,
#4601),.UNSPECIFIED.,.F.,.F.) B_SPLINE_CURVE_WITH_KNOTS((3,2,3),(0.,
1.570796326795,3.14159265359),.PIECEWISE_BEZIER_KNOTS.) CURVE() 
GEOMETRIC_REPRESENTATION_ITEM() RATIONAL_B_SPLINE_CURVE((1.,
0.707106781187,1.,0.707106781187,1.)) REPRESENTATION_ITEM('') );
#4597 = CARTESIAN_POINT('',(-0.550090407758,0.665944308309,0.9200001));
#4598 = CARTESIAN_POINT('',(-0.550090407758,0.765608580905,0.9200001));
#4599 = CARTESIAN_POINT('',(-0.649754680353,0.765608580905,0.9200001));
#4600 = CARTESIAN_POINT('',(-0.749418952948,0.765608580905,0.9200001));
#4601 = CARTESIAN_POINT('',(-0.749418952948,0.665944308309,0.9200001));
#4602 = ORIENTED_EDGE('',*,*,#30,.F.);
#4603 = FACE_BOUND('',#4604,.T.);
#4604 = EDGE_LOOP('',(#4605,#4606,#4607,#4608));
#4605 = ORIENTED_EDGE('',*,*,#3006,.T.);
#4606 = ORIENTED_EDGE('',*,*,#3365,.T.);
#4607 = ORIENTED_EDGE('',*,*,#4574,.T.);
#4608 = ORIENTED_EDGE('',*,*,#556,.T.);
#4609 = B_SPLINE_SURFACE_WITH_KNOTS('',1,1,(
    (#4610,#4611)
    ,(#4612,#4613
    )),.UNSPECIFIED.,.F.,.F.,.F.,(2,2),(2,2),(-1.,1.),(-1.,1.),
  .PIECEWISE_BEZIER_KNOTS.);
#4610 = CARTESIAN_POINT('',(-1.,-1.,0.9200001));
#4611 = CARTESIAN_POINT('',(-1.,1.,0.9200001));
#4612 = CARTESIAN_POINT('',(1.,-1.,0.9200001));
#4613 = CARTESIAN_POINT('',(1.,1.,0.9200001));
#4614 = ADVANCED_FACE('',(#4615),#4628,.F.);
#4615 = FACE_BOUND('',#4616,.F.);
#4616 = EDGE_LOOP('',(#4617,#4618,#4619,#4627));
#4617 = ORIENTED_EDGE('',*,*,#4595,.F.);
#4618 = ORIENTED_EDGE('',*,*,#21,.F.);
#4619 = ORIENTED_EDGE('',*,*,#4620,.T.);
#4620 = EDGE_CURVE('',#22,#41,#4621,.T.);
#4621 = ( BOUNDED_CURVE() B_SPLINE_CURVE(2,(#4622,#4623,#4624,#4625,
#4626),.UNSPECIFIED.,.F.,.F.) B_SPLINE_CURVE_WITH_KNOTS((3,2,3),(0.,
1.570796326795,3.14159265359),.PIECEWISE_BEZIER_KNOTS.) CURVE() 
GEOMETRIC_REPRESENTATION_ITEM() RATIONAL_B_SPLINE_CURVE((1.,
0.707106781187,1.,0.707106781187,1.)) REPRESENTATION_ITEM('') );
#4622 = CARTESIAN_POINT('',(-0.550090407758,0.665944308309,0.9100001));
#4623 = CARTESIAN_POINT('',(-0.550090407758,0.765608580905,0.9100001));
#4624 = CARTESIAN_POINT('',(-0.649754680353,0.765608580905,0.9100001));
#4625 = CARTESIAN_POINT('',(-0.749418952948,0.765608580905,0.9100001));
#4626 = CARTESIAN_POINT('',(-0.749418952948,0.665944308309,0.9100001));
#4627 = ORIENTED_EDGE('',*,*,#40,.T.);
#4628 = ( BOUNDED_SURFACE() B_SPLINE_SURFACE(2,1,(
    (#4629,#4630)
    ,(#4631,#4632)
    ,(#4633,#4634)
    ,(#4635,#4636)
    ,(#4637,#4638
)),.UNSPECIFIED.,.F.,.F.,.F.) B_SPLINE_SURFACE_WITH_KNOTS((3,2,3),(2,2),
  (0.,1.570796326795,3.14159265359),(0.,1.E-02),
.PIECEWISE_BEZIER_KNOTS.) GEOMETRIC_REPRESENTATION_ITEM() 
RATIONAL_B_SPLINE_SURFACE((
    (1.,1.)
    ,(0.707106781187,0.707106781187)
    ,(1.,1.)
    ,(0.707106781187,0.707106781187)
,(1.,1.))) REPRESENTATION_ITEM('') SURFACE() );
#4629 = CARTESIAN_POINT('',(-0.550090407758,0.665944308309,0.9100001));
#4630 = CARTESIAN_POINT('',(-0.550090407758,0.665944308309,0.9200001));
#4631 = CARTESIAN_POINT('',(-0.550090407758,0.765608580905,0.9100001));
#4632 = CARTESIAN_POINT('',(-0.550090407758,0.765608580905,0.9200001));
#4633 = CARTESIAN_POINT('',(-0.649754680353,0.765608580905,0.9100001));
#4634 = CARTESIAN_POINT('',(-0.649754680353,0.765608580905,0.9200001));
#4635 = CARTESIAN_POINT('',(-0.749418952948,0.765608580905,0.9100001));
#4636 = CARTESIAN_POINT('',(-0.749418952948,0.765608580905,0.9200001));
#4637 = CARTESIAN_POINT('',(-0.749418952948,0.665944308309,0.9100001));
#4638 = CARTESIAN_POINT('',(-0.749418952948,0.665944308309,0.9200001));
#4639 = ADVANCED_FACE('',(#4640),#4644,.T.);
#4640 = FACE_BOUND('',#4641,.T.);
#4641 = EDGE_LOOP('',(#4642,#4643));
#4642 = ORIENTED_EDGE('',*,*,#4620,.T.);
#4643 = ORIENTED_EDGE('',*,*,#47,.T.);
#4644 = B_SPLINE_SURFACE_WITH_KNOTS('',1,1,(
    (#4645,#4646)
    ,(#4647,#4648
    )),.UNSPECIFIED.,.F.,.F.,.F.,(2,2),(2,2),(-9.966427259537E-02,
    9.966427259537E-02),(-9.966427259537E-02,9.966427259537E-02),
  .PIECEWISE_BEZIER_KNOTS.);
#4645 = CARTESIAN_POINT('',(-0.749418952948,0.566280035714,0.9100001));
#4646 = CARTESIAN_POINT('',(-0.749418952948,0.765608580905,0.9100001));
#4647 = CARTESIAN_POINT('',(-0.550090407758,0.566280035714,0.9100001));
#4648 = CARTESIAN_POINT('',(-0.550090407758,0.765608580905,0.9100001));
#4649 = ADVANCED_FACE('',(#4650),#4678,.T.);
#4650 = FACE_BOUND('',#4651,.T.);
#4651 = EDGE_LOOP('',(#4652,#4659,#4660,#4667,#4672,#4673));
#4652 = ORIENTED_EDGE('',*,*,#4653,.F.);
#4653 = EDGE_CURVE('',#4549,#4654,#4656,.T.);
#4654 = VERTEX_POINT('',#4655);
#4655 = CARTESIAN_POINT('',(-0.96,-0.6255,7.00001E-02));
#4656 = B_SPLINE_CURVE_WITH_KNOTS('',1,(#4657,#4658),.UNSPECIFIED.,.F.,
  .F.,(2,2),(-1.,-0.96),.PIECEWISE_BEZIER_KNOTS.);
#4657 = CARTESIAN_POINT('',(-1.,-0.6255,7.00001E-02));
#4658 = CARTESIAN_POINT('',(-0.96,-0.6255,7.00001E-02));
#4659 = ORIENTED_EDGE('',*,*,#4548,.T.);
#4660 = ORIENTED_EDGE('',*,*,#4661,.F.);
#4661 = EDGE_CURVE('',#4662,#4542,#4664,.T.);
#4662 = VERTEX_POINT('',#4663);
#4663 = CARTESIAN_POINT('',(-0.96,-0.3625,7.00001E-02));
#4664 = B_SPLINE_CURVE_WITH_KNOTS('',1,(#4665,#4666),.UNSPECIFIED.,.F.,
  .F.,(2,2),(0.96,1.),.PIECEWISE_BEZIER_KNOTS.);
#4665 = CARTESIAN_POINT('',(-0.96,-0.3625,7.00001E-02));
#4666 = CARTESIAN_POINT('',(-1.,-0.3625,7.00001E-02));
#4667 = ORIENTED_EDGE('',*,*,#4668,.F.);
#4668 = EDGE_CURVE('',#4479,#4662,#4669,.T.);
#4669 = B_SPLINE_CURVE_WITH_KNOTS('',1,(#4670,#4671),.UNSPECIFIED.,.F.,
  .F.,(2,2),(0.95,0.96),.PIECEWISE_BEZIER_KNOTS.);
#4670 = CARTESIAN_POINT('',(-0.95,-0.3625,7.00001E-02));
#4671 = CARTESIAN_POINT('',(-0.96,-0.3625,7.00001E-02));
#4672 = ORIENTED_EDGE('',*,*,#4478,.F.);
#4673 = ORIENTED_EDGE('',*,*,#4674,.F.);
#4674 = EDGE_CURVE('',#4654,#4472,#4675,.T.);
#4675 = B_SPLINE_CURVE_WITH_KNOTS('',1,(#4676,#4677),.UNSPECIFIED.,.F.,
  .F.,(2,2),(-0.96,-0.95),.PIECEWISE_BEZIER_KNOTS.);
#4676 = CARTESIAN_POINT('',(-0.96,-0.6255,7.00001E-02));
#4677 = CARTESIAN_POINT('',(-0.95,-0.6255,7.00001E-02));
#4678 = B_SPLINE_SURFACE_WITH_KNOTS('',1,1,(
    (#4679,#4680)
    ,(#4681,#4682
    )),.UNSPECIFIED.,.F.,.F.,.F.,(2,2),(2,2),(0.95,1.),(-0.6255,-0.3625)
  ,.PIECEWISE_BEZIER_KNOTS.);
#4679 = CARTESIAN_POINT('',(-0.95,-0.6255,7.00001E-02));
#4680 = CARTESIAN_POINT('',(-0.95,-0.3625,7.00001E-02));
#4681 = CARTESIAN_POINT('',(-1.,-0.6255,7.00001E-02));
#4682 = CARTESIAN_POINT('',(-1.,-0.3625,7.00001E-02));
#4683 = ADVANCED_FACE('',(#4684),#4694,.T.);
#4684 = FACE_BOUND('',#4685,.T.);
#4685 = EDGE_LOOP('',(#4686,#4687,#4692,#4693));
#4686 = ORIENTED_EDGE('',*,*,#4071,.F.);
#4687 = ORIENTED_EDGE('',*,*,#4688,.F.);
#4688 = EDGE_CURVE('',#4274,#4065,#4689,.T.);
#4689 = B_SPLINE_CURVE_WITH_KNOTS('',1,(#4690,#4691),.UNSPECIFIED.,.F.,
  .F.,(2,2),(0.,0.1),.PIECEWISE_BEZIER_KNOTS.);
#4690 = CARTESIAN_POINT('',(-0.95,0.95,2.00001E-02));
#4691 = CARTESIAN_POINT('',(-0.85,0.95,2.00001E-02));
#4692 = ORIENTED_EDGE('',*,*,#4273,.F.);
#4693 = ORIENTED_EDGE('',*,*,#4218,.T.);
#4694 = B_SPLINE_SURFACE_WITH_KNOTS('',1,1,(
    (#4695,#4696)
    ,(#4697,#4698
    )),.UNSPECIFIED.,.F.,.F.,.F.,(2,2),(2,2),(-5.E-02,0.),(0.,0.1),
  .PIECEWISE_BEZIER_KNOTS.);
#4695 = CARTESIAN_POINT('',(-0.95,0.95,2.00001E-02));
#4696 = CARTESIAN_POINT('',(-0.85,0.95,2.00001E-02));
#4697 = CARTESIAN_POINT('',(-0.95,0.95,7.00001E-02));
#4698 = CARTESIAN_POINT('',(-0.85,0.95,7.00001E-02));
#4699 = ADVANCED_FACE('',(#4700),#4714,.T.);
#4700 = FACE_BOUND('',#4701,.T.);
#4701 = EDGE_LOOP('',(#4702,#4707,#4708,#4713));
#4702 = ORIENTED_EDGE('',*,*,#4703,.F.);
#4703 = EDGE_CURVE('',#2916,#4378,#4704,.T.);
#4704 = B_SPLINE_CURVE_WITH_KNOTS('',1,(#4705,#4706),.UNSPECIFIED.,.F.,
  .F.,(2,2),(-5.E-02,0.),.PIECEWISE_BEZIER_KNOTS.);
#4705 = CARTESIAN_POINT('',(-0.95,0.1375,2.00001E-02));
#4706 = CARTESIAN_POINT('',(-0.95,0.1375,7.00001E-02));
#4707 = ORIENTED_EDGE('',*,*,#2915,.F.);
#4708 = ORIENTED_EDGE('',*,*,#4709,.F.);
#4709 = EDGE_CURVE('',#4387,#2909,#4710,.T.);
#4710 = B_SPLINE_CURVE_WITH_KNOTS('',1,(#4711,#4712),.UNSPECIFIED.,.F.,
  .F.,(2,2),(0.,5.E-02),.PIECEWISE_BEZIER_KNOTS.);
#4711 = CARTESIAN_POINT('',(-0.95,-0.1375,7.00001E-02));
#4712 = CARTESIAN_POINT('',(-0.95,-0.1375,2.00001E-02));
#4713 = ORIENTED_EDGE('',*,*,#4386,.T.);
#4714 = B_SPLINE_SURFACE_WITH_KNOTS('',1,1,(
    (#4715,#4716)
    ,(#4717,#4718
    )),.UNSPECIFIED.,.F.,.F.,.F.,(2,2),(2,2),(-1.0875,-0.8125),(-5.E-02,
    0.),.PIECEWISE_BEZIER_KNOTS.);
#4715 = CARTESIAN_POINT('',(-0.95,0.1375,2.00001E-02));
#4716 = CARTESIAN_POINT('',(-0.95,0.1375,7.00001E-02));
#4717 = CARTESIAN_POINT('',(-0.95,-0.1375,2.00001E-02));
#4718 = CARTESIAN_POINT('',(-0.95,-0.1375,7.00001E-02));
#4719 = ADVANCED_FACE('',(#4720),#4730,.F.);
#4720 = FACE_BOUND('',#4721,.T.);
#4721 = EDGE_LOOP('',(#4722,#4723,#4724,#4729));
#4722 = ORIENTED_EDGE('',*,*,#4688,.T.);
#4723 = ORIENTED_EDGE('',*,*,#4064,.T.);
#4724 = ORIENTED_EDGE('',*,*,#4725,.T.);
#4725 = EDGE_CURVE('',#4058,#4266,#4726,.T.);
#4726 = B_SPLINE_CURVE_WITH_KNOTS('',1,(#4727,#4728),.UNSPECIFIED.,.F.,
  .F.,(2,2),(0.85,0.95),.PIECEWISE_BEZIER_KNOTS.);
#4727 = CARTESIAN_POINT('',(-0.85,0.8505,2.00001E-02));
#4728 = CARTESIAN_POINT('',(-0.95,0.8505,2.00001E-02));
#4729 = ORIENTED_EDGE('',*,*,#4280,.T.);
#4730 = B_SPLINE_SURFACE_WITH_KNOTS('',1,1,(
    (#4731,#4732)
    ,(#4733,#4734
  )),.UNSPECIFIED.,.F.,.F.,.F.,(2,2),(2,2),(-0.95,-0.85),(0.8505,0.95),
  .PIECEWISE_BEZIER_KNOTS.);
#4731 = CARTESIAN_POINT('',(-0.95,0.8505,2.00001E-02));
#4732 = CARTESIAN_POINT('',(-0.95,0.95,2.00001E-02));
#4733 = CARTESIAN_POINT('',(-0.85,0.8505,2.00001E-02));
#4734 = CARTESIAN_POINT('',(-0.85,0.95,2.00001E-02));
#4735 = ADVANCED_FACE('',(#4736),#4742,.T.);
#4736 = FACE_BOUND('',#4737,.T.);
#4737 = EDGE_LOOP('',(#4738,#4739,#4740,#4741));
#4738 = ORIENTED_EDGE('',*,*,#4535,.F.);
#4739 = ORIENTED_EDGE('',*,*,#3682,.F.);
#4740 = ORIENTED_EDGE('',*,*,#3702,.F.);
#4741 = ORIENTED_EDGE('',*,*,#3646,.F.);
#4742 = B_SPLINE_SURFACE_WITH_KNOTS('',1,1,(
    (#4743,#4744)
    ,(#4745,#4746
    )),.UNSPECIFIED.,.F.,.F.,.F.,(2,2),(2,2),(-1.01,-1.),(-0.3625,
    -0.1375),.PIECEWISE_BEZIER_KNOTS.);
#4743 = CARTESIAN_POINT('',(-1.01,-0.3625,0.2000001));
#4744 = CARTESIAN_POINT('',(-1.01,-0.1375,0.2000001));
#4745 = CARTESIAN_POINT('',(-1.,-0.3625,0.2000001));
#4746 = CARTESIAN_POINT('',(-1.,-0.1375,0.2000001));
#4747 = ADVANCED_FACE('',(#4748),#4772,.T.);
#4748 = FACE_BOUND('',#4749,.T.);
#4749 = EDGE_LOOP('',(#4750,#4757,#4764,#4769,#4770,#4771));
#4750 = ORIENTED_EDGE('',*,*,#4751,.T.);
#4751 = EDGE_CURVE('',#4662,#4752,#4754,.T.);
#4752 = VERTEX_POINT('',#4753);
#4753 = CARTESIAN_POINT('',(-0.96,-0.3625,1.000000000029E-07));
#4754 = B_SPLINE_CURVE_WITH_KNOTS('',1,(#4755,#4756),.UNSPECIFIED.,.F.,
  .F.,(2,2),(3.E-02,0.1),.PIECEWISE_BEZIER_KNOTS.);
#4755 = CARTESIAN_POINT('',(-0.96,-0.3625,7.00001E-02));
#4756 = CARTESIAN_POINT('',(-0.96,-0.3625,9.999999999941E-08));
#4757 = ORIENTED_EDGE('',*,*,#4758,.F.);
#4758 = EDGE_CURVE('',#4759,#4752,#4761,.T.);
#4759 = VERTEX_POINT('',#4760);
#4760 = CARTESIAN_POINT('',(-0.65,-0.3625,1.000000000029E-07));
#4761 = B_SPLINE_CURVE_WITH_KNOTS('',1,(#4762,#4763),.UNSPECIFIED.,.F.,
  .F.,(2,2),(0.,0.31),.PIECEWISE_BEZIER_KNOTS.);
#4762 = CARTESIAN_POINT('',(-0.65,-0.3625,1.000000000029E-07));
#4763 = CARTESIAN_POINT('',(-0.96,-0.3625,1.000000000029E-07));
#4764 = ORIENTED_EDGE('',*,*,#4765,.F.);
#4765 = EDGE_CURVE('',#2895,#4759,#4766,.T.);
#4766 = B_SPLINE_CURVE_WITH_KNOTS('',1,(#4767,#4768),.UNSPECIFIED.,.F.,
  .F.,(2,2),(0.18,0.2),.PIECEWISE_BEZIER_KNOTS.);
#4767 = CARTESIAN_POINT('',(-0.65,-0.3625,2.00001E-02));
#4768 = CARTESIAN_POINT('',(-0.65,-0.3625,1.000000000133E-07));
#4769 = ORIENTED_EDGE('',*,*,#2894,.F.);
#4770 = ORIENTED_EDGE('',*,*,#4485,.T.);
#4771 = ORIENTED_EDGE('',*,*,#4668,.T.);
#4772 = B_SPLINE_SURFACE_WITH_KNOTS('',1,1,(
    (#4773,#4774)
    ,(#4775,#4776
    )),.UNSPECIFIED.,.F.,.F.,.F.,(2,2),(2,2),(0.13,0.2),(-0.31,0.),
  .PIECEWISE_BEZIER_KNOTS.);
#4773 = CARTESIAN_POINT('',(-0.96,-0.3625,7.00001E-02));
#4774 = CARTESIAN_POINT('',(-0.65,-0.3625,7.00001E-02));
#4775 = CARTESIAN_POINT('',(-0.96,-0.3625,9.999999998553E-08));
#4776 = CARTESIAN_POINT('',(-0.65,-0.3625,9.999999998553E-08));
#4777 = ADVANCED_FACE('',(#4778),#4794,.T.);
#4778 = FACE_BOUND('',#4779,.T.);
#4779 = EDGE_LOOP('',(#4780,#4781,#4782,#4789));
#4780 = ORIENTED_EDGE('',*,*,#2901,.F.);
#4781 = ORIENTED_EDGE('',*,*,#4765,.T.);
#4782 = ORIENTED_EDGE('',*,*,#4783,.F.);
#4783 = EDGE_CURVE('',#4784,#4759,#4786,.T.);
#4784 = VERTEX_POINT('',#4785);
#4785 = CARTESIAN_POINT('',(-0.65,-0.1375,1.000000000029E-07));
#4786 = B_SPLINE_CURVE_WITH_KNOTS('',1,(#4787,#4788),.UNSPECIFIED.,.F.,
  .F.,(2,2),(-0.225,-0.),.PIECEWISE_BEZIER_KNOTS.);
#4787 = CARTESIAN_POINT('',(-0.65,-0.1375,1.000000000029E-07));
#4788 = CARTESIAN_POINT('',(-0.65,-0.3625,1.000000000029E-07));
#4789 = ORIENTED_EDGE('',*,*,#4790,.F.);
#4790 = EDGE_CURVE('',#2902,#4784,#4791,.T.);
#4791 = B_SPLINE_CURVE_WITH_KNOTS('',1,(#4792,#4793),.UNSPECIFIED.,.F.,
  .F.,(2,2),(0.18,0.2),.PIECEWISE_BEZIER_KNOTS.);
#4792 = CARTESIAN_POINT('',(-0.65,-0.1375,2.00001E-02));
#4793 = CARTESIAN_POINT('',(-0.65,-0.1375,1.000000000133E-07));
#4794 = B_SPLINE_SURFACE_WITH_KNOTS('',1,1,(
    (#4795,#4796)
    ,(#4797,#4798
    )),.UNSPECIFIED.,.F.,.F.,.F.,(2,2),(2,2),(0.18,0.2),(0.,0.225),
  .PIECEWISE_BEZIER_KNOTS.);
#4795 = CARTESIAN_POINT('',(-0.65,-0.3625,2.00001E-02));
#4796 = CARTESIAN_POINT('',(-0.65,-0.1375,2.00001E-02));
#4797 = CARTESIAN_POINT('',(-0.65,-0.3625,1.000000000133E-07));
#4798 = CARTESIAN_POINT('',(-0.65,-0.1375,1.000000000133E-07));
#4799 = ADVANCED_FACE('',(#4800),#4818,.T.);
#4800 = FACE_BOUND('',#4801,.T.);
#4801 = EDGE_LOOP('',(#4802,#4809,#4810,#4811,#4812,#4813));
#4802 = ORIENTED_EDGE('',*,*,#4803,.F.);
#4803 = EDGE_CURVE('',#4394,#4804,#4806,.T.);
#4804 = VERTEX_POINT('',#4805);
#4805 = CARTESIAN_POINT('',(-0.96,-0.1375,1.000000000029E-07));
#4806 = B_SPLINE_CURVE_WITH_KNOTS('',1,(#4807,#4808),.UNSPECIFIED.,.F.,
  .F.,(2,2),(3.E-02,0.1),.PIECEWISE_BEZIER_KNOTS.);
#4807 = CARTESIAN_POINT('',(-0.96,-0.1375,7.00001E-02));
#4808 = CARTESIAN_POINT('',(-0.96,-0.1375,9.999999999941E-08));
#4809 = ORIENTED_EDGE('',*,*,#4393,.T.);
#4810 = ORIENTED_EDGE('',*,*,#4709,.T.);
#4811 = ORIENTED_EDGE('',*,*,#2908,.F.);
#4812 = ORIENTED_EDGE('',*,*,#4790,.T.);
#4813 = ORIENTED_EDGE('',*,*,#4814,.F.);
#4814 = EDGE_CURVE('',#4804,#4784,#4815,.T.);
#4815 = B_SPLINE_CURVE_WITH_KNOTS('',1,(#4816,#4817),.UNSPECIFIED.,.F.,
  .F.,(2,2),(-0.31,0.),.PIECEWISE_BEZIER_KNOTS.);
#4816 = CARTESIAN_POINT('',(-0.96,-0.1375,1.000000000029E-07));
#4817 = CARTESIAN_POINT('',(-0.65,-0.1375,1.000000000029E-07));
#4818 = B_SPLINE_SURFACE_WITH_KNOTS('',1,1,(
    (#4819,#4820)
    ,(#4821,#4822
    )),.UNSPECIFIED.,.F.,.F.,.F.,(2,2),(2,2),(-0.2,-0.13),(-0.31,0.),
  .PIECEWISE_BEZIER_KNOTS.);
#4819 = CARTESIAN_POINT('',(-0.96,-0.1375,9.999999998553E-08));
#4820 = CARTESIAN_POINT('',(-0.65,-0.1375,9.999999998553E-08));
#4821 = CARTESIAN_POINT('',(-0.96,-0.1375,7.00001E-02));
#4822 = CARTESIAN_POINT('',(-0.65,-0.1375,7.00001E-02));
#4823 = ADVANCED_FACE('',(#4824),#4834,.F.);
#4824 = FACE_BOUND('',#4825,.T.);
#4825 = EDGE_LOOP('',(#4826,#4827,#4832,#4833));
#4826 = ORIENTED_EDGE('',*,*,#4758,.T.);
#4827 = ORIENTED_EDGE('',*,*,#4828,.F.);
#4828 = EDGE_CURVE('',#4804,#4752,#4829,.T.);
#4829 = B_SPLINE_CURVE_WITH_KNOTS('',1,(#4830,#4831),.UNSPECIFIED.,.F.,
  .F.,(2,2),(0.,0.225),.PIECEWISE_BEZIER_KNOTS.);
#4830 = CARTESIAN_POINT('',(-0.96,-0.1375,1.000000000029E-07));
#4831 = CARTESIAN_POINT('',(-0.96,-0.3625,1.000000000029E-07));
#4832 = ORIENTED_EDGE('',*,*,#4814,.T.);
#4833 = ORIENTED_EDGE('',*,*,#4783,.T.);
#4834 = B_SPLINE_SURFACE_WITH_KNOTS('',1,1,(
    (#4835,#4836)
    ,(#4837,#4838
  )),.UNSPECIFIED.,.F.,.F.,.F.,(2,2),(2,2),(-0.96,-0.65),(-0.3625,
    -0.1375),.PIECEWISE_BEZIER_KNOTS.);
#4835 = CARTESIAN_POINT('',(-0.96,-0.3625,1.000000000029E-07));
#4836 = CARTESIAN_POINT('',(-0.96,-0.1375,1.000000000029E-07));
#4837 = CARTESIAN_POINT('',(-0.65,-0.3625,1.000000000029E-07));
#4838 = CARTESIAN_POINT('',(-0.65,-0.1375,1.000000000029E-07));
#4839 = ADVANCED_FACE('',(#4840),#4846,.T.);
#4840 = FACE_BOUND('',#4841,.T.);
#4841 = EDGE_LOOP('',(#4842,#4843,#4844,#4845));
#4842 = ORIENTED_EDGE('',*,*,#4561,.F.);
#4843 = ORIENTED_EDGE('',*,*,#3830,.F.);
#4844 = ORIENTED_EDGE('',*,*,#3850,.F.);
#4845 = ORIENTED_EDGE('',*,*,#3738,.F.);
#4846 = B_SPLINE_SURFACE_WITH_KNOTS('',1,1,(
    (#4847,#4848)
    ,(#4849,#4850
    )),.UNSPECIFIED.,.F.,.F.,.F.,(2,2),(2,2),(-1.01,-1.),(-0.8505,
    -0.6255),.PIECEWISE_BEZIER_KNOTS.);
#4847 = CARTESIAN_POINT('',(-1.01,-0.8505,0.2000001));
#4848 = CARTESIAN_POINT('',(-1.01,-0.6255,0.2000001));
#4849 = CARTESIAN_POINT('',(-1.,-0.8505,0.2000001));
#4850 = CARTESIAN_POINT('',(-1.,-0.6255,0.2000001));
#4851 = ADVANCED_FACE('',(#4852),#4858,.T.);
#4852 = FACE_BOUND('',#4853,.T.);
#4853 = EDGE_LOOP('',(#4854,#4855,#4856,#4857));
#4854 = ORIENTED_EDGE('',*,*,#591,.F.);
#4855 = ORIENTED_EDGE('',*,*,#3766,.F.);
#4856 = ORIENTED_EDGE('',*,*,#3870,.F.);
#4857 = ORIENTED_EDGE('',*,*,#3794,.F.);
#4858 = B_SPLINE_SURFACE_WITH_KNOTS('',1,1,(
    (#4859,#4860)
    ,(#4861,#4862
    )),.UNSPECIFIED.,.F.,.F.,.F.,(2,2),(2,2),(-0.85,-0.5),(-1.01,-1.),
  .PIECEWISE_BEZIER_KNOTS.);
#4859 = CARTESIAN_POINT('',(-0.85,-1.01,0.2000001));
#4860 = CARTESIAN_POINT('',(-0.85,-1.,0.2000001));
#4861 = CARTESIAN_POINT('',(-0.5,-1.01,0.2000001));
#4862 = CARTESIAN_POINT('',(-0.5,-1.,0.2000001));
#4863 = ADVANCED_FACE('',(#4864),#4888,.T.);
#4864 = FACE_BOUND('',#4865,.T.);
#4865 = EDGE_LOOP('',(#4866,#4873,#4880,#4885,#4886,#4887));
#4866 = ORIENTED_EDGE('',*,*,#4867,.T.);
#4867 = EDGE_CURVE('',#4330,#4868,#4870,.T.);
#4868 = VERTEX_POINT('',#4869);
#4869 = CARTESIAN_POINT('',(-0.96,-0.8505,1.000000000029E-07));
#4870 = B_SPLINE_CURVE_WITH_KNOTS('',1,(#4871,#4872),.UNSPECIFIED.,.F.,
  .F.,(2,2),(3.E-02,0.1),.PIECEWISE_BEZIER_KNOTS.);
#4871 = CARTESIAN_POINT('',(-0.96,-0.8505,7.00001E-02));
#4872 = CARTESIAN_POINT('',(-0.96,-0.8505,9.999999999941E-08));
#4873 = ORIENTED_EDGE('',*,*,#4874,.F.);
#4874 = EDGE_CURVE('',#4875,#4868,#4877,.T.);
#4875 = VERTEX_POINT('',#4876);
#4876 = CARTESIAN_POINT('',(-0.85,-0.8505,1.000000000029E-07));
#4877 = B_SPLINE_CURVE_WITH_KNOTS('',1,(#4878,#4879),.UNSPECIFIED.,.F.,
  .F.,(2,2),(-0.16,-5.E-02),.PIECEWISE_BEZIER_KNOTS.);
#4878 = CARTESIAN_POINT('',(-0.85,-0.8505,1.000000000029E-07));
#4879 = CARTESIAN_POINT('',(-0.96,-0.8505,1.000000000029E-07));
#4880 = ORIENTED_EDGE('',*,*,#4881,.F.);
#4881 = EDGE_CURVE('',#4451,#4875,#4882,.T.);
#4882 = B_SPLINE_CURVE_WITH_KNOTS('',1,(#4883,#4884),.UNSPECIFIED.,.F.,
  .F.,(2,2),(0.18,0.2),.PIECEWISE_BEZIER_KNOTS.);
#4883 = CARTESIAN_POINT('',(-0.85,-0.8505,2.00001E-02));
#4884 = CARTESIAN_POINT('',(-0.85,-0.8505,1.000000000133E-07));
#4885 = ORIENTED_EDGE('',*,*,#4450,.F.);
#4886 = ORIENTED_EDGE('',*,*,#4293,.T.);
#4887 = ORIENTED_EDGE('',*,*,#4329,.T.);
#4888 = B_SPLINE_SURFACE_WITH_KNOTS('',1,1,(
    (#4889,#4890)
    ,(#4891,#4892
  )),.UNSPECIFIED.,.F.,.F.,.F.,(2,2),(2,2),(5.E-02,0.16),(-0.2,-0.13),
  .PIECEWISE_BEZIER_KNOTS.);
#4889 = CARTESIAN_POINT('',(-0.96,-0.8505,9.999999998553E-08));
#4890 = CARTESIAN_POINT('',(-0.96,-0.8505,7.00001E-02));
#4891 = CARTESIAN_POINT('',(-0.85,-0.8505,9.999999998553E-08));
#4892 = CARTESIAN_POINT('',(-0.85,-0.8505,7.00001E-02));
#4893 = ADVANCED_FACE('',(#4894),#4912,.T.);
#4894 = FACE_BOUND('',#4895,.T.);
#4895 = EDGE_LOOP('',(#4896,#4903,#4904,#4905,#4906,#4907));
#4896 = ORIENTED_EDGE('',*,*,#4897,.F.);
#4897 = EDGE_CURVE('',#4345,#4898,#4900,.T.);
#4898 = VERTEX_POINT('',#4899);
#4899 = CARTESIAN_POINT('',(-0.85,-0.96,1.000000000029E-07));
#4900 = B_SPLINE_CURVE_WITH_KNOTS('',1,(#4901,#4902),.UNSPECIFIED.,.F.,
  .F.,(2,2),(3.E-02,0.1),.PIECEWISE_BEZIER_KNOTS.);
#4901 = CARTESIAN_POINT('',(-0.85,-0.96,7.00001E-02));
#4902 = CARTESIAN_POINT('',(-0.85,-0.96,9.999999999941E-08));
#4903 = ORIENTED_EDGE('',*,*,#4344,.T.);
#4904 = ORIENTED_EDGE('',*,*,#4427,.T.);
#4905 = ORIENTED_EDGE('',*,*,#4457,.F.);
#4906 = ORIENTED_EDGE('',*,*,#4881,.T.);
#4907 = ORIENTED_EDGE('',*,*,#4908,.F.);
#4908 = EDGE_CURVE('',#4898,#4875,#4909,.T.);
#4909 = B_SPLINE_CURVE_WITH_KNOTS('',1,(#4910,#4911),.UNSPECIFIED.,.F.,
  .F.,(2,2),(-0.1095,0.),.PIECEWISE_BEZIER_KNOTS.);
#4910 = CARTESIAN_POINT('',(-0.85,-0.96,1.000000000029E-07));
#4911 = CARTESIAN_POINT('',(-0.85,-0.8505,1.000000000029E-07));
#4912 = B_SPLINE_SURFACE_WITH_KNOTS('',1,1,(
    (#4913,#4914)
    ,(#4915,#4916
    )),.UNSPECIFIED.,.F.,.F.,.F.,(2,2),(2,2),(-0.2,-0.13),(-0.1095,0.),
  .PIECEWISE_BEZIER_KNOTS.);
#4913 = CARTESIAN_POINT('',(-0.85,-0.96,9.999999998553E-08));
#4914 = CARTESIAN_POINT('',(-0.85,-0.8505,9.999999998553E-08));
#4915 = CARTESIAN_POINT('',(-0.85,-0.96,7.00001E-02));
#4916 = CARTESIAN_POINT('',(-0.85,-0.8505,7.00001E-02));
#4917 = ADVANCED_FACE('',(#4918),#4942,.T.);
#4918 = FACE_BOUND('',#4919,.T.);
#4919 = EDGE_LOOP('',(#4920,#4927,#4934,#4939,#4940,#4941));
#4920 = ORIENTED_EDGE('',*,*,#4921,.T.);
#4921 = EDGE_CURVE('',#3492,#4922,#4924,.T.);
#4922 = VERTEX_POINT('',#4923);
#4923 = CARTESIAN_POINT('',(-0.5,-0.96,1.000000000029E-07));
#4924 = B_SPLINE_CURVE_WITH_KNOTS('',1,(#4925,#4926),.UNSPECIFIED.,.F.,
  .F.,(2,2),(3.E-02,0.1),.PIECEWISE_BEZIER_KNOTS.);
#4925 = CARTESIAN_POINT('',(-0.5,-0.96,7.00001E-02));
#4926 = CARTESIAN_POINT('',(-0.5,-0.96,9.999999999941E-08));
#4927 = ORIENTED_EDGE('',*,*,#4928,.F.);
#4928 = EDGE_CURVE('',#4929,#4922,#4931,.T.);
#4929 = VERTEX_POINT('',#4930);
#4930 = CARTESIAN_POINT('',(-0.5,-0.6255,1.000000000029E-07));
#4931 = B_SPLINE_CURVE_WITH_KNOTS('',1,(#4932,#4933),.UNSPECIFIED.,.F.,
  .F.,(2,2),(-0.3845,-5.E-02),.PIECEWISE_BEZIER_KNOTS.);
#4932 = CARTESIAN_POINT('',(-0.5,-0.6255,1.000000000029E-07));
#4933 = CARTESIAN_POINT('',(-0.5,-0.96,1.000000000029E-07));
#4934 = ORIENTED_EDGE('',*,*,#4935,.F.);
#4935 = EDGE_CURVE('',#2874,#4929,#4936,.T.);
#4936 = B_SPLINE_CURVE_WITH_KNOTS('',1,(#4937,#4938),.UNSPECIFIED.,.F.,
  .F.,(2,2),(0.18,0.2),.PIECEWISE_BEZIER_KNOTS.);
#4937 = CARTESIAN_POINT('',(-0.5,-0.6255,2.00001E-02));
#4938 = CARTESIAN_POINT('',(-0.5,-0.6255,1.000000000133E-07));
#4939 = ORIENTED_EDGE('',*,*,#2873,.F.);
#4940 = ORIENTED_EDGE('',*,*,#3598,.T.);
#4941 = ORIENTED_EDGE('',*,*,#3498,.T.);
#4942 = B_SPLINE_SURFACE_WITH_KNOTS('',1,1,(
    (#4943,#4944)
    ,(#4945,#4946
    )),.UNSPECIFIED.,.F.,.F.,.F.,(2,2),(2,2),(0.13,0.2),(5.E-02,0.3845),
  .PIECEWISE_BEZIER_KNOTS.);
#4943 = CARTESIAN_POINT('',(-0.5,-0.96,7.00001E-02));
#4944 = CARTESIAN_POINT('',(-0.5,-0.6255,7.00001E-02));
#4945 = CARTESIAN_POINT('',(-0.5,-0.96,9.999999998553E-08));
#4946 = CARTESIAN_POINT('',(-0.5,-0.6255,9.999999998553E-08));
#4947 = ADVANCED_FACE('',(#4948),#4966,.T.);
#4948 = FACE_BOUND('',#4949,.T.);
#4949 = EDGE_LOOP('',(#4950,#4957,#4958,#4959,#4960,#4961));
#4950 = ORIENTED_EDGE('',*,*,#4951,.F.);
#4951 = EDGE_CURVE('',#4654,#4952,#4954,.T.);
#4952 = VERTEX_POINT('',#4953);
#4953 = CARTESIAN_POINT('',(-0.96,-0.6255,1.000000000029E-07));
#4954 = B_SPLINE_CURVE_WITH_KNOTS('',1,(#4955,#4956),.UNSPECIFIED.,.F.,
  .F.,(2,2),(3.E-02,0.1),.PIECEWISE_BEZIER_KNOTS.);
#4955 = CARTESIAN_POINT('',(-0.96,-0.6255,7.00001E-02));
#4956 = CARTESIAN_POINT('',(-0.96,-0.6255,9.999999999941E-08));
#4957 = ORIENTED_EDGE('',*,*,#4674,.T.);
#4958 = ORIENTED_EDGE('',*,*,#4471,.T.);
#4959 = ORIENTED_EDGE('',*,*,#2880,.F.);
#4960 = ORIENTED_EDGE('',*,*,#4935,.T.);
#4961 = ORIENTED_EDGE('',*,*,#4962,.F.);
#4962 = EDGE_CURVE('',#4952,#4929,#4963,.T.);
#4963 = B_SPLINE_CURVE_WITH_KNOTS('',1,(#4964,#4965),.UNSPECIFIED.,.F.,
  .F.,(2,2),(-0.46,0.),.PIECEWISE_BEZIER_KNOTS.);
#4964 = CARTESIAN_POINT('',(-0.96,-0.6255,1.000000000029E-07));
#4965 = CARTESIAN_POINT('',(-0.5,-0.6255,1.000000000029E-07));
#4966 = B_SPLINE_SURFACE_WITH_KNOTS('',1,1,(
    (#4967,#4968)
    ,(#4969,#4970
    )),.UNSPECIFIED.,.F.,.F.,.F.,(2,2),(2,2),(-0.2,-0.13),(-0.46,0.),
  .PIECEWISE_BEZIER_KNOTS.);
#4967 = CARTESIAN_POINT('',(-0.96,-0.6255,9.999999998553E-08));
#4968 = CARTESIAN_POINT('',(-0.5,-0.6255,9.999999998553E-08));
#4969 = CARTESIAN_POINT('',(-0.96,-0.6255,7.00001E-02));
#4970 = CARTESIAN_POINT('',(-0.5,-0.6255,7.00001E-02));
#4971 = ADVANCED_FACE('',(#4972),#4988,.F.);
#4972 = FACE_BOUND('',#4973,.T.);
#4973 = EDGE_LOOP('',(#4974,#4975,#4980,#4981,#4982,#4987));
#4974 = ORIENTED_EDGE('',*,*,#4874,.T.);
#4975 = ORIENTED_EDGE('',*,*,#4976,.F.);
#4976 = EDGE_CURVE('',#4952,#4868,#4977,.T.);
#4977 = B_SPLINE_CURVE_WITH_KNOTS('',1,(#4978,#4979),.UNSPECIFIED.,.F.,
  .F.,(2,2),(0.,0.225),.PIECEWISE_BEZIER_KNOTS.);
#4978 = CARTESIAN_POINT('',(-0.96,-0.6255,1.000000000029E-07));
#4979 = CARTESIAN_POINT('',(-0.96,-0.8505,1.000000000029E-07));
#4980 = ORIENTED_EDGE('',*,*,#4962,.T.);
#4981 = ORIENTED_EDGE('',*,*,#4928,.T.);
#4982 = ORIENTED_EDGE('',*,*,#4983,.F.);
#4983 = EDGE_CURVE('',#4898,#4922,#4984,.T.);
#4984 = B_SPLINE_CURVE_WITH_KNOTS('',1,(#4985,#4986),.UNSPECIFIED.,.F.,
  .F.,(2,2),(0.,0.35),.PIECEWISE_BEZIER_KNOTS.);
#4985 = CARTESIAN_POINT('',(-0.85,-0.96,1.000000000029E-07));
#4986 = CARTESIAN_POINT('',(-0.5,-0.96,1.000000000029E-07));
#4987 = ORIENTED_EDGE('',*,*,#4908,.T.);
#4988 = B_SPLINE_SURFACE_WITH_KNOTS('',1,1,(
    (#4989,#4990)
    ,(#4991,#4992
    )),.UNSPECIFIED.,.F.,.F.,.F.,(2,2),(2,2),(-0.96,-0.5),(-0.96,-0.6255
    ),.PIECEWISE_BEZIER_KNOTS.);
#4989 = CARTESIAN_POINT('',(-0.96,-0.96,1.000000000029E-07));
#4990 = CARTESIAN_POINT('',(-0.96,-0.6255,1.000000000029E-07));
#4991 = CARTESIAN_POINT('',(-0.5,-0.96,1.000000000029E-07));
#4992 = CARTESIAN_POINT('',(-0.5,-0.6255,1.000000000029E-07));
#4993 = ADVANCED_FACE('',(#4994),#5000,.F.);
#4994 = FACE_BOUND('',#4995,.T.);
#4995 = EDGE_LOOP('',(#4996,#4997,#4998,#4999));
#4996 = ORIENTED_EDGE('',*,*,#3942,.F.);
#4997 = ORIENTED_EDGE('',*,*,#4517,.T.);
#4998 = ORIENTED_EDGE('',*,*,#3906,.F.);
#4999 = ORIENTED_EDGE('',*,*,#3962,.F.);
#5000 = B_SPLINE_SURFACE_WITH_KNOTS('',1,1,(
    (#5001,#5002)
    ,(#5003,#5004
    )),.UNSPECIFIED.,.F.,.F.,.F.,(2,2),(2,2),(1.,1.01),(0.1375,0.3625),
  .PIECEWISE_BEZIER_KNOTS.);
#5001 = CARTESIAN_POINT('',(-1.,0.1375,0.2000001));
#5002 = CARTESIAN_POINT('',(-1.,0.3625,0.2000001));
#5003 = CARTESIAN_POINT('',(-1.01,0.1375,0.2000001));
#5004 = CARTESIAN_POINT('',(-1.01,0.3625,0.2000001));
#5005 = ADVANCED_FACE('',(#5006),#5028,.T.);
#5006 = FACE_BOUND('',#5007,.T.);
#5007 = EDGE_LOOP('',(#5008,#5009,#5016,#5023));
#5008 = ORIENTED_EDGE('',*,*,#2929,.F.);
#5009 = ORIENTED_EDGE('',*,*,#5010,.T.);
#5010 = EDGE_CURVE('',#2923,#5011,#5013,.T.);
#5011 = VERTEX_POINT('',#5012);
#5012 = CARTESIAN_POINT('',(-0.65,0.1375,1.000000000029E-07));
#5013 = B_SPLINE_CURVE_WITH_KNOTS('',1,(#5014,#5015),.UNSPECIFIED.,.F.,
  .F.,(2,2),(0.18,0.2),.PIECEWISE_BEZIER_KNOTS.);
#5014 = CARTESIAN_POINT('',(-0.65,0.1375,2.00001E-02));
#5015 = CARTESIAN_POINT('',(-0.65,0.1375,1.000000000133E-07));
#5016 = ORIENTED_EDGE('',*,*,#5017,.F.);
#5017 = EDGE_CURVE('',#5018,#5011,#5020,.T.);
#5018 = VERTEX_POINT('',#5019);
#5019 = CARTESIAN_POINT('',(-0.65,0.3625,1.000000000029E-07));
#5020 = B_SPLINE_CURVE_WITH_KNOTS('',1,(#5021,#5022),.UNSPECIFIED.,.F.,
  .F.,(2,2),(0.,0.225),.PIECEWISE_BEZIER_KNOTS.);
#5021 = CARTESIAN_POINT('',(-0.65,0.3625,1.000000000029E-07));
#5022 = CARTESIAN_POINT('',(-0.65,0.1375,1.000000000029E-07));
#5023 = ORIENTED_EDGE('',*,*,#5024,.F.);
#5024 = EDGE_CURVE('',#2930,#5018,#5025,.T.);
#5025 = B_SPLINE_CURVE_WITH_KNOTS('',1,(#5026,#5027),.UNSPECIFIED.,.F.,
  .F.,(2,2),(0.18,0.2),.PIECEWISE_BEZIER_KNOTS.);
#5026 = CARTESIAN_POINT('',(-0.65,0.3625,2.00001E-02));
#5027 = CARTESIAN_POINT('',(-0.65,0.3625,1.000000000133E-07));
#5028 = B_SPLINE_SURFACE_WITH_KNOTS('',1,1,(
    (#5029,#5030)
    ,(#5031,#5032
    )),.UNSPECIFIED.,.F.,.F.,.F.,(2,2),(2,2),(0.18,0.2),(-0.225,0.),
  .PIECEWISE_BEZIER_KNOTS.);
#5029 = CARTESIAN_POINT('',(-0.65,0.1375,2.00001E-02));
#5030 = CARTESIAN_POINT('',(-0.65,0.3625,2.00001E-02));
#5031 = CARTESIAN_POINT('',(-0.65,0.1375,1.000000000133E-07));
#5032 = CARTESIAN_POINT('',(-0.65,0.3625,1.000000000133E-07));
#5033 = ADVANCED_FACE('',(#5034),#5052,.T.);
#5034 = FACE_BOUND('',#5035,.T.);
#5035 = EDGE_LOOP('',(#5036,#5043,#5044,#5045,#5046,#5047));
#5036 = ORIENTED_EDGE('',*,*,#5037,.F.);
#5037 = EDGE_CURVE('',#4164,#5038,#5040,.T.);
#5038 = VERTEX_POINT('',#5039);
#5039 = CARTESIAN_POINT('',(-0.96,0.3625,1.000000000029E-07));
#5040 = B_SPLINE_CURVE_WITH_KNOTS('',1,(#5041,#5042),.UNSPECIFIED.,.F.,
  .F.,(2,2),(3.E-02,0.1),.PIECEWISE_BEZIER_KNOTS.);
#5041 = CARTESIAN_POINT('',(-0.96,0.3625,7.00001E-02));
#5042 = CARTESIAN_POINT('',(-0.96,0.3625,9.999999999941E-08));
#5043 = ORIENTED_EDGE('',*,*,#4163,.T.);
#5044 = ORIENTED_EDGE('',*,*,#4203,.T.);
#5045 = ORIENTED_EDGE('',*,*,#2936,.F.);
#5046 = ORIENTED_EDGE('',*,*,#5024,.T.);
#5047 = ORIENTED_EDGE('',*,*,#5048,.F.);
#5048 = EDGE_CURVE('',#5038,#5018,#5049,.T.);
#5049 = B_SPLINE_CURVE_WITH_KNOTS('',1,(#5050,#5051),.UNSPECIFIED.,.F.,
  .F.,(2,2),(-0.31,0.),.PIECEWISE_BEZIER_KNOTS.);
#5050 = CARTESIAN_POINT('',(-0.96,0.3625,1.000000000029E-07));
#5051 = CARTESIAN_POINT('',(-0.65,0.3625,1.000000000029E-07));
#5052 = B_SPLINE_SURFACE_WITH_KNOTS('',1,1,(
    (#5053,#5054)
    ,(#5055,#5056
    )),.UNSPECIFIED.,.F.,.F.,.F.,(2,2),(2,2),(-0.2,-0.13),(-0.31,0.),
  .PIECEWISE_BEZIER_KNOTS.);
#5053 = CARTESIAN_POINT('',(-0.96,0.3625,9.999999998553E-08));
#5054 = CARTESIAN_POINT('',(-0.65,0.3625,9.999999998553E-08));
#5055 = CARTESIAN_POINT('',(-0.96,0.3625,7.00001E-02));
#5056 = CARTESIAN_POINT('',(-0.65,0.3625,7.00001E-02));
#5057 = ADVANCED_FACE('',(#5058),#5076,.T.);
#5058 = FACE_BOUND('',#5059,.T.);
#5059 = EDGE_LOOP('',(#5060,#5067,#5072,#5073,#5074,#5075));
#5060 = ORIENTED_EDGE('',*,*,#5061,.T.);
#5061 = EDGE_CURVE('',#4380,#5062,#5064,.T.);
#5062 = VERTEX_POINT('',#5063);
#5063 = CARTESIAN_POINT('',(-0.96,0.1375,1.000000000029E-07));
#5064 = B_SPLINE_CURVE_WITH_KNOTS('',1,(#5065,#5066),.UNSPECIFIED.,.F.,
  .F.,(2,2),(3.E-02,0.1),.PIECEWISE_BEZIER_KNOTS.);
#5065 = CARTESIAN_POINT('',(-0.96,0.1375,7.00001E-02));
#5066 = CARTESIAN_POINT('',(-0.96,0.1375,9.999999999941E-08));
#5067 = ORIENTED_EDGE('',*,*,#5068,.F.);
#5068 = EDGE_CURVE('',#5011,#5062,#5069,.T.);
#5069 = B_SPLINE_CURVE_WITH_KNOTS('',1,(#5070,#5071),.UNSPECIFIED.,.F.,
  .F.,(2,2),(0.,0.31),.PIECEWISE_BEZIER_KNOTS.);
#5070 = CARTESIAN_POINT('',(-0.65,0.1375,1.000000000029E-07));
#5071 = CARTESIAN_POINT('',(-0.96,0.1375,1.000000000029E-07));
#5072 = ORIENTED_EDGE('',*,*,#5010,.F.);
#5073 = ORIENTED_EDGE('',*,*,#2922,.F.);
#5074 = ORIENTED_EDGE('',*,*,#4703,.T.);
#5075 = ORIENTED_EDGE('',*,*,#4377,.T.);
#5076 = B_SPLINE_SURFACE_WITH_KNOTS('',1,1,(
    (#5077,#5078)
    ,(#5079,#5080
    )),.UNSPECIFIED.,.F.,.F.,.F.,(2,2),(2,2),(0.13,0.2),(-0.31,0.),
  .PIECEWISE_BEZIER_KNOTS.);
#5077 = CARTESIAN_POINT('',(-0.96,0.1375,7.00001E-02));
#5078 = CARTESIAN_POINT('',(-0.65,0.1375,7.00001E-02));
#5079 = CARTESIAN_POINT('',(-0.96,0.1375,9.999999998553E-08));
#5080 = CARTESIAN_POINT('',(-0.65,0.1375,9.999999998553E-08));
#5081 = ADVANCED_FACE('',(#5082),#5092,.T.);
#5082 = FACE_BOUND('',#5083,.T.);
#5083 = EDGE_LOOP('',(#5084,#5089,#5090,#5091));
#5084 = ORIENTED_EDGE('',*,*,#5085,.F.);
#5085 = EDGE_CURVE('',#5038,#5062,#5086,.T.);
#5086 = B_SPLINE_CURVE_WITH_KNOTS('',1,(#5087,#5088),.UNSPECIFIED.,.F.,
  .F.,(2,2),(-0.225,-0.),.PIECEWISE_BEZIER_KNOTS.);
#5087 = CARTESIAN_POINT('',(-0.96,0.3625,1.000000000029E-07));
#5088 = CARTESIAN_POINT('',(-0.96,0.1375,1.000000000029E-07));
#5089 = ORIENTED_EDGE('',*,*,#5048,.T.);
#5090 = ORIENTED_EDGE('',*,*,#5017,.T.);
#5091 = ORIENTED_EDGE('',*,*,#5068,.T.);
#5092 = B_SPLINE_SURFACE_WITH_KNOTS('',1,1,(
    (#5093,#5094)
    ,(#5095,#5096
    )),.UNSPECIFIED.,.F.,.F.,.F.,(2,2),(2,2),(0.65,0.96),(0.1375,0.3625)
  ,.PIECEWISE_BEZIER_KNOTS.);
#5093 = CARTESIAN_POINT('',(-0.65,0.1375,1.000000000029E-07));
#5094 = CARTESIAN_POINT('',(-0.65,0.3625,1.000000000029E-07));
#5095 = CARTESIAN_POINT('',(-0.96,0.1375,1.000000000029E-07));
#5096 = CARTESIAN_POINT('',(-0.96,0.3625,1.000000000029E-07));
#5097 = ADVANCED_FACE('',(#5098),#5120,.F.);
#5098 = FACE_BOUND('',#5099,.T.);
#5099 = EDGE_LOOP('',(#5100,#5107,#5108,#5115));
#5100 = ORIENTED_EDGE('',*,*,#5101,.F.);
#5101 = EDGE_CURVE('',#3331,#5102,#5104,.T.);
#5102 = VERTEX_POINT('',#5103);
#5103 = CARTESIAN_POINT('',(-0.85,1.01,0.2000001));
#5104 = B_SPLINE_CURVE_WITH_KNOTS('',1,(#5105,#5106),.UNSPECIFIED.,.F.,
  .F.,(2,2),(0.1495,0.1595),.PIECEWISE_BEZIER_KNOTS.);
#5105 = CARTESIAN_POINT('',(-0.85,1.,0.2000001));
#5106 = CARTESIAN_POINT('',(-0.85,1.01,0.2000001));
#5107 = ORIENTED_EDGE('',*,*,#3330,.T.);
#5108 = ORIENTED_EDGE('',*,*,#5109,.F.);
#5109 = EDGE_CURVE('',#5110,#3324,#5112,.T.);
#5110 = VERTEX_POINT('',#5111);
#5111 = CARTESIAN_POINT('',(-0.45,1.01,0.2000001));
#5112 = B_SPLINE_CURVE_WITH_KNOTS('',1,(#5113,#5114),.UNSPECIFIED.,.F.,
  .F.,(2,2),(0.,1.E-02),.PIECEWISE_BEZIER_KNOTS.);
#5113 = CARTESIAN_POINT('',(-0.45,1.01,0.2000001));
#5114 = CARTESIAN_POINT('',(-0.45,1.,0.2000001));
#5115 = ORIENTED_EDGE('',*,*,#5116,.F.);
#5116 = EDGE_CURVE('',#5102,#5110,#5117,.T.);
#5117 = B_SPLINE_CURVE_WITH_KNOTS('',1,(#5118,#5119),.UNSPECIFIED.,.F.,
  .F.,(2,2),(0.,0.4),.PIECEWISE_BEZIER_KNOTS.);
#5118 = CARTESIAN_POINT('',(-0.85,1.01,0.2000001));
#5119 = CARTESIAN_POINT('',(-0.45,1.01,0.2000001));
#5120 = B_SPLINE_SURFACE_WITH_KNOTS('',1,1,(
    (#5121,#5122)
    ,(#5123,#5124
    )),.UNSPECIFIED.,.F.,.F.,.F.,(2,2),(2,2),(0.45,0.85),(1.,1.01),
  .PIECEWISE_BEZIER_KNOTS.);
#5121 = CARTESIAN_POINT('',(-0.45,1.,0.2000001));
#5122 = CARTESIAN_POINT('',(-0.45,1.01,0.2000001));
#5123 = CARTESIAN_POINT('',(-0.85,1.,0.2000001));
#5124 = CARTESIAN_POINT('',(-0.85,1.01,0.2000001));
#5125 = ADVANCED_FACE('',(#5126),#5132,.F.);
#5126 = FACE_BOUND('',#5127,.T.);
#5127 = EDGE_LOOP('',(#5128,#5129,#5130,#5131));
#5128 = ORIENTED_EDGE('',*,*,#3998,.F.);
#5129 = ORIENTED_EDGE('',*,*,#4499,.T.);
#5130 = ORIENTED_EDGE('',*,*,#4114,.F.);
#5131 = ORIENTED_EDGE('',*,*,#4134,.F.);
#5132 = B_SPLINE_SURFACE_WITH_KNOTS('',1,1,(
    (#5133,#5134)
    ,(#5135,#5136
    )),.UNSPECIFIED.,.F.,.F.,.F.,(2,2),(2,2),(1.,1.01),(0.6255,0.8505),
  .PIECEWISE_BEZIER_KNOTS.);
#5133 = CARTESIAN_POINT('',(-1.,0.6255,0.2000001));
#5134 = CARTESIAN_POINT('',(-1.,0.8505,0.2000001));
#5135 = CARTESIAN_POINT('',(-1.01,0.6255,0.2000001));
#5136 = CARTESIAN_POINT('',(-1.01,0.8505,0.2000001));
#5137 = ADVANCED_FACE('',(#5138),#5162,.T.);
#5138 = FACE_BOUND('',#5139,.T.);
#5139 = EDGE_LOOP('',(#5140,#5149,#5154,#5155,#5156,#5157));
#5140 = ORIENTED_EDGE('',*,*,#5141,.F.);
#5141 = EDGE_CURVE('',#5142,#5144,#5146,.T.);
#5142 = VERTEX_POINT('',#5143);
#5143 = CARTESIAN_POINT('',(-0.55,0.6255,1.000000000029E-07));
#5144 = VERTEX_POINT('',#5145);
#5145 = CARTESIAN_POINT('',(-0.96,0.6255,1.000000000029E-07));
#5146 = B_SPLINE_CURVE_WITH_KNOTS('',1,(#5147,#5148),.UNSPECIFIED.,.F.,
  .F.,(2,2),(5.E-02,0.46),.PIECEWISE_BEZIER_KNOTS.);
#5147 = CARTESIAN_POINT('',(-0.55,0.6255,1.000000000029E-07));
#5148 = CARTESIAN_POINT('',(-0.96,0.6255,1.000000000029E-07));
#5149 = ORIENTED_EDGE('',*,*,#5150,.T.);
#5150 = EDGE_CURVE('',#5142,#2951,#5151,.T.);
#5151 = B_SPLINE_CURVE_WITH_KNOTS('',1,(#5152,#5153),.UNSPECIFIED.,.F.,
  .F.,(2,2),(-0.2,-0.18),.PIECEWISE_BEZIER_KNOTS.);
#5152 = CARTESIAN_POINT('',(-0.55,0.6255,1.000000000133E-07));
#5153 = CARTESIAN_POINT('',(-0.55,0.6255,2.00001E-02));
#5154 = ORIENTED_EDGE('',*,*,#2950,.F.);
#5155 = ORIENTED_EDGE('',*,*,#4197,.T.);
#5156 = ORIENTED_EDGE('',*,*,#4147,.T.);
#5157 = ORIENTED_EDGE('',*,*,#5158,.T.);
#5158 = EDGE_CURVE('',#4150,#5144,#5159,.T.);
#5159 = B_SPLINE_CURVE_WITH_KNOTS('',1,(#5160,#5161),.UNSPECIFIED.,.F.,
  .F.,(2,2),(3.E-02,0.1),.PIECEWISE_BEZIER_KNOTS.);
#5160 = CARTESIAN_POINT('',(-0.96,0.6255,7.00001E-02));
#5161 = CARTESIAN_POINT('',(-0.96,0.6255,9.999999999941E-08));
#5162 = B_SPLINE_SURFACE_WITH_KNOTS('',1,1,(
    (#5163,#5164)
    ,(#5165,#5166
    )),.UNSPECIFIED.,.F.,.F.,.F.,(2,2),(2,2),(0.13,0.2),(-0.46,-5.E-02),
  .PIECEWISE_BEZIER_KNOTS.);
#5163 = CARTESIAN_POINT('',(-0.96,0.6255,7.00001E-02));
#5164 = CARTESIAN_POINT('',(-0.55,0.6255,7.00001E-02));
#5165 = CARTESIAN_POINT('',(-0.96,0.6255,9.999999998553E-08));
#5166 = CARTESIAN_POINT('',(-0.55,0.6255,9.999999998553E-08));
#5167 = ADVANCED_FACE('',(#5168),#5184,.T.);
#5168 = FACE_BOUND('',#5169,.T.);
#5169 = EDGE_LOOP('',(#5170,#5177,#5182,#5183));
#5170 = ORIENTED_EDGE('',*,*,#5171,.F.);
#5171 = EDGE_CURVE('',#5172,#3317,#5174,.T.);
#5172 = VERTEX_POINT('',#5173);
#5173 = CARTESIAN_POINT('',(-0.45,1.01,0.1000001));
#5174 = B_SPLINE_CURVE_WITH_KNOTS('',1,(#5175,#5176),.UNSPECIFIED.,.F.,
  .F.,(2,2),(0.,1.E-02),.PIECEWISE_BEZIER_KNOTS.);
#5175 = CARTESIAN_POINT('',(-0.45,1.01,0.1000001));
#5176 = CARTESIAN_POINT('',(-0.45,1.,0.1000001));
#5177 = ORIENTED_EDGE('',*,*,#5178,.F.);
#5178 = EDGE_CURVE('',#5110,#5172,#5179,.T.);
#5179 = B_SPLINE_CURVE_WITH_KNOTS('',1,(#5180,#5181),.UNSPECIFIED.,.F.,
  .F.,(2,2),(0.,1.E-01),.PIECEWISE_BEZIER_KNOTS.);
#5180 = CARTESIAN_POINT('',(-0.45,1.01,0.2000001));
#5181 = CARTESIAN_POINT('',(-0.45,1.01,0.1000001));
#5182 = ORIENTED_EDGE('',*,*,#5109,.T.);
#5183 = ORIENTED_EDGE('',*,*,#3323,.F.);
#5184 = B_SPLINE_SURFACE_WITH_KNOTS('',1,1,(
    (#5185,#5186)
    ,(#5187,#5188
    )),.UNSPECIFIED.,.F.,.F.,.F.,(2,2),(2,2),(0.,0.1),(-1.E-02,0.),
  .PIECEWISE_BEZIER_KNOTS.);
#5185 = CARTESIAN_POINT('',(-0.45,1.,0.2000001));
#5186 = CARTESIAN_POINT('',(-0.45,1.01,0.2000001));
#5187 = CARTESIAN_POINT('',(-0.45,1.,0.1000001));
#5188 = CARTESIAN_POINT('',(-0.45,1.01,0.1000001));
#5189 = ADVANCED_FACE('',(#5190),#5206,.T.);
#5190 = FACE_BOUND('',#5191,.T.);
#5191 = EDGE_LOOP('',(#5192,#5199,#5200,#5201));
#5192 = ORIENTED_EDGE('',*,*,#5193,.F.);
#5193 = EDGE_CURVE('',#3338,#5194,#5196,.T.);
#5194 = VERTEX_POINT('',#5195);
#5195 = CARTESIAN_POINT('',(-0.85,1.01,0.1000001));
#5196 = B_SPLINE_CURVE_WITH_KNOTS('',1,(#5197,#5198),.UNSPECIFIED.,.F.,
  .F.,(2,2),(-1.E-02,0.),.PIECEWISE_BEZIER_KNOTS.);
#5197 = CARTESIAN_POINT('',(-0.85,1.,0.1000001));
#5198 = CARTESIAN_POINT('',(-0.85,1.01,0.1000001));
#5199 = ORIENTED_EDGE('',*,*,#3337,.F.);
#5200 = ORIENTED_EDGE('',*,*,#5101,.T.);
#5201 = ORIENTED_EDGE('',*,*,#5202,.T.);
#5202 = EDGE_CURVE('',#5102,#5194,#5203,.T.);
#5203 = B_SPLINE_CURVE_WITH_KNOTS('',1,(#5204,#5205),.UNSPECIFIED.,.F.,
  .F.,(2,2),(0.,1.E-01),.PIECEWISE_BEZIER_KNOTS.);
#5204 = CARTESIAN_POINT('',(-0.85,1.01,0.2000001));
#5205 = CARTESIAN_POINT('',(-0.85,1.01,0.1000001));
#5206 = B_SPLINE_SURFACE_WITH_KNOTS('',1,1,(
    (#5207,#5208)
    ,(#5209,#5210
    )),.UNSPECIFIED.,.F.,.F.,.F.,(2,2),(2,2),(-0.1,0.),(0.1495,0.1595),
  .PIECEWISE_BEZIER_KNOTS.);
#5207 = CARTESIAN_POINT('',(-0.85,1.,0.1000001));
#5208 = CARTESIAN_POINT('',(-0.85,1.01,0.1000001));
#5209 = CARTESIAN_POINT('',(-0.85,1.,0.2000001));
#5210 = CARTESIAN_POINT('',(-0.85,1.01,0.2000001));
#5211 = ADVANCED_FACE('',(#5212),#5230,.T.);
#5212 = FACE_BOUND('',#5213,.T.);
#5213 = EDGE_LOOP('',(#5214,#5221,#5222,#5223,#5224,#5225));
#5214 = ORIENTED_EDGE('',*,*,#5215,.F.);
#5215 = EDGE_CURVE('',#4233,#5216,#5218,.T.);
#5216 = VERTEX_POINT('',#5217);
#5217 = CARTESIAN_POINT('',(-0.96,0.8505,1.000000000029E-07));
#5218 = B_SPLINE_CURVE_WITH_KNOTS('',1,(#5219,#5220),.UNSPECIFIED.,.F.,
  .F.,(2,2),(3.E-02,0.1),.PIECEWISE_BEZIER_KNOTS.);
#5219 = CARTESIAN_POINT('',(-0.96,0.8505,7.00001E-02));
#5220 = CARTESIAN_POINT('',(-0.96,0.8505,9.999999999941E-08));
#5221 = ORIENTED_EDGE('',*,*,#4232,.T.);
#5222 = ORIENTED_EDGE('',*,*,#4265,.T.);
#5223 = ORIENTED_EDGE('',*,*,#4725,.F.);
#5224 = ORIENTED_EDGE('',*,*,#4057,.T.);
#5225 = ORIENTED_EDGE('',*,*,#5226,.F.);
#5226 = EDGE_CURVE('',#5216,#4051,#5227,.T.);
#5227 = B_SPLINE_CURVE_WITH_KNOTS('',1,(#5228,#5229),.UNSPECIFIED.,.F.,
  .F.,(2,2),(5.E-02,0.16),.PIECEWISE_BEZIER_KNOTS.);
#5228 = CARTESIAN_POINT('',(-0.96,0.8505,1.000000000029E-07));
#5229 = CARTESIAN_POINT('',(-0.85,0.8505,1.000000000029E-07));
#5230 = B_SPLINE_SURFACE_WITH_KNOTS('',1,1,(
    (#5231,#5232)
    ,(#5233,#5234
    )),.UNSPECIFIED.,.F.,.F.,.F.,(2,2),(2,2),(-0.16,-5.E-02),(-0.2,-0.13
    ),.PIECEWISE_BEZIER_KNOTS.);
#5231 = CARTESIAN_POINT('',(-0.85,0.8505,9.999999998553E-08));
#5232 = CARTESIAN_POINT('',(-0.85,0.8505,7.00001E-02));
#5233 = CARTESIAN_POINT('',(-0.96,0.8505,9.999999998553E-08));
#5234 = CARTESIAN_POINT('',(-0.96,0.8505,7.00001E-02));
#5235 = ADVANCED_FACE('',(#5236),#5246,.T.);
#5236 = FACE_BOUND('',#5237,.T.);
#5237 = EDGE_LOOP('',(#5238,#5243,#5244,#5245));
#5238 = ORIENTED_EDGE('',*,*,#5239,.F.);
#5239 = EDGE_CURVE('',#5194,#5172,#5240,.T.);
#5240 = B_SPLINE_CURVE_WITH_KNOTS('',1,(#5241,#5242),.UNSPECIFIED.,.F.,
  .F.,(2,2),(0.,0.4),.PIECEWISE_BEZIER_KNOTS.);
#5241 = CARTESIAN_POINT('',(-0.85,1.01,0.1000001));
#5242 = CARTESIAN_POINT('',(-0.45,1.01,0.1000001));
#5243 = ORIENTED_EDGE('',*,*,#5202,.F.);
#5244 = ORIENTED_EDGE('',*,*,#5116,.T.);
#5245 = ORIENTED_EDGE('',*,*,#5178,.T.);
#5246 = B_SPLINE_SURFACE_WITH_KNOTS('',1,1,(
    (#5247,#5248)
    ,(#5249,#5250
    )),.UNSPECIFIED.,.F.,.F.,.F.,(2,2),(2,2),(-1.E-01,0.),(-0.35,5.E-02)
  ,.PIECEWISE_BEZIER_KNOTS.);
#5247 = CARTESIAN_POINT('',(-0.85,1.01,0.1000001));
#5248 = CARTESIAN_POINT('',(-0.45,1.01,0.1000001));
#5249 = CARTESIAN_POINT('',(-0.85,1.01,0.2000001));
#5250 = CARTESIAN_POINT('',(-0.45,1.01,0.2000001));
#5251 = ADVANCED_FACE('',(#5252),#5273,.T.);
#5252 = FACE_BOUND('',#5253,.T.);
#5253 = EDGE_LOOP('',(#5254,#5255,#5260,#5261,#5266,#5267,#5268));
#5254 = ORIENTED_EDGE('',*,*,#4019,.T.);
#5255 = ORIENTED_EDGE('',*,*,#5256,.T.);
#5256 = EDGE_CURVE('',#4013,#5142,#5257,.T.);
#5257 = B_SPLINE_CURVE_WITH_KNOTS('',1,(#5258,#5259),.UNSPECIFIED.,.F.,
  .F.,(2,2),(-0.194807918217,-5.338656197958E-02),
  .PIECEWISE_BEZIER_KNOTS.);
#5258 = CARTESIAN_POINT('',(-0.45,0.7255,1.000000000029E-07));
#5259 = CARTESIAN_POINT('',(-0.55,0.6255,1.000000000029E-07));
#5260 = ORIENTED_EDGE('',*,*,#5141,.T.);
#5261 = ORIENTED_EDGE('',*,*,#5262,.F.);
#5262 = EDGE_CURVE('',#5216,#5144,#5263,.T.);
#5263 = B_SPLINE_CURVE_WITH_KNOTS('',1,(#5264,#5265),.UNSPECIFIED.,.F.,
  .F.,(2,2),(-0.225,-0.),.PIECEWISE_BEZIER_KNOTS.);
#5264 = CARTESIAN_POINT('',(-0.96,0.8505,1.000000000029E-07));
#5265 = CARTESIAN_POINT('',(-0.96,0.6255,1.000000000029E-07));
#5266 = ORIENTED_EDGE('',*,*,#5226,.T.);
#5267 = ORIENTED_EDGE('',*,*,#4050,.T.);
#5268 = ORIENTED_EDGE('',*,*,#5269,.F.);
#5269 = EDGE_CURVE('',#4020,#4044,#5270,.T.);
#5270 = B_SPLINE_CURVE_WITH_KNOTS('',1,(#5271,#5272),.UNSPECIFIED.,.F.,
  .F.,(2,2),(-0.4,-0.),.PIECEWISE_BEZIER_KNOTS.);
#5271 = CARTESIAN_POINT('',(-0.45,0.96,1.000000000029E-07));
#5272 = CARTESIAN_POINT('',(-0.85,0.96,1.000000000029E-07));
#5273 = B_SPLINE_SURFACE_WITH_KNOTS('',1,1,(
    (#5274,#5275)
    ,(#5276,#5277
    )),.UNSPECIFIED.,.F.,.F.,.F.,(2,2),(2,2),(0.45,0.96),(0.6255,0.96),
  .PIECEWISE_BEZIER_KNOTS.);
#5274 = CARTESIAN_POINT('',(-0.45,0.6255,1.000000000029E-07));
#5275 = CARTESIAN_POINT('',(-0.45,0.96,1.000000000029E-07));
#5276 = CARTESIAN_POINT('',(-0.96,0.6255,1.000000000029E-07));
#5277 = CARTESIAN_POINT('',(-0.96,0.96,1.000000000029E-07));
#5278 = ADVANCED_FACE('',(#5279),#5295,.F.);
#5279 = FACE_BOUND('',#5280,.T.);
#5280 = EDGE_LOOP('',(#5281,#5282,#5283,#5290));
#5281 = ORIENTED_EDGE('',*,*,#4184,.T.);
#5282 = ORIENTED_EDGE('',*,*,#4505,.F.);
#5283 = ORIENTED_EDGE('',*,*,#5284,.F.);
#5284 = EDGE_CURVE('',#5285,#3985,#5287,.T.);
#5285 = VERTEX_POINT('',#5286);
#5286 = CARTESIAN_POINT('',(-0.96,0.6255,0.1000001));
#5287 = B_SPLINE_CURVE_WITH_KNOTS('',1,(#5288,#5289),.UNSPECIFIED.,.F.,
  .F.,(2,2),(-5.E-02,-1.E-02),.PIECEWISE_BEZIER_KNOTS.);
#5288 = CARTESIAN_POINT('',(-0.96,0.6255,0.1000001));
#5289 = CARTESIAN_POINT('',(-1.,0.6255,0.1000001));
#5290 = ORIENTED_EDGE('',*,*,#5291,.T.);
#5291 = EDGE_CURVE('',#5285,#4150,#5292,.T.);
#5292 = B_SPLINE_CURVE_WITH_KNOTS('',1,(#5293,#5294),.UNSPECIFIED.,.F.,
  .F.,(2,2),(-0.,3.E-02),.PIECEWISE_BEZIER_KNOTS.);
#5293 = CARTESIAN_POINT('',(-0.96,0.6255,0.1000001));
#5294 = CARTESIAN_POINT('',(-0.96,0.6255,7.00001E-02));
#5295 = B_SPLINE_SURFACE_WITH_KNOTS('',1,1,(
    (#5296,#5297)
    ,(#5298,#5299
    )),.UNSPECIFIED.,.F.,.F.,.F.,(2,2),(2,2),(0.,3.E-02),(1.E-02,5.E-02)
  ,.PIECEWISE_BEZIER_KNOTS.);
#5296 = CARTESIAN_POINT('',(-1.,0.6255,0.1000001));
#5297 = CARTESIAN_POINT('',(-0.96,0.6255,0.1000001));
#5298 = CARTESIAN_POINT('',(-1.,0.6255,7.00001E-02));
#5299 = CARTESIAN_POINT('',(-0.96,0.6255,7.00001E-02));
#5300 = ADVANCED_FACE('',(#5301),#5319,.F.);
#5301 = FACE_BOUND('',#5302,.T.);
#5302 = EDGE_LOOP('',(#5303,#5304,#5305,#5306,#5313,#5318));
#5303 = ORIENTED_EDGE('',*,*,#5262,.T.);
#5304 = ORIENTED_EDGE('',*,*,#5158,.F.);
#5305 = ORIENTED_EDGE('',*,*,#5291,.F.);
#5306 = ORIENTED_EDGE('',*,*,#5307,.F.);
#5307 = EDGE_CURVE('',#5308,#5285,#5310,.T.);
#5308 = VERTEX_POINT('',#5309);
#5309 = CARTESIAN_POINT('',(-0.96,0.8505,0.1000001));
#5310 = B_SPLINE_CURVE_WITH_KNOTS('',1,(#5311,#5312),.UNSPECIFIED.,.F.,
  .F.,(2,2),(-0.225,-0.),.PIECEWISE_BEZIER_KNOTS.);
#5311 = CARTESIAN_POINT('',(-0.96,0.8505,0.1000001));
#5312 = CARTESIAN_POINT('',(-0.96,0.6255,0.1000001));
#5313 = ORIENTED_EDGE('',*,*,#5314,.T.);
#5314 = EDGE_CURVE('',#5308,#4233,#5315,.T.);
#5315 = B_SPLINE_CURVE_WITH_KNOTS('',1,(#5316,#5317),.UNSPECIFIED.,.F.,
  .F.,(2,2),(-0.,3.E-02),.PIECEWISE_BEZIER_KNOTS.);
#5316 = CARTESIAN_POINT('',(-0.96,0.8505,0.1000001));
#5317 = CARTESIAN_POINT('',(-0.96,0.8505,7.00001E-02));
#5318 = ORIENTED_EDGE('',*,*,#5215,.T.);
#5319 = B_SPLINE_SURFACE_WITH_KNOTS('',1,1,(
    (#5320,#5321)
    ,(#5322,#5323
    )),.UNSPECIFIED.,.F.,.F.,.F.,(2,2),(2,2),(0.,0.1),(0.,0.225),
  .PIECEWISE_BEZIER_KNOTS.);
#5320 = CARTESIAN_POINT('',(-0.96,0.6255,0.1000001));
#5321 = CARTESIAN_POINT('',(-0.96,0.8505,0.1000001));
#5322 = CARTESIAN_POINT('',(-0.96,0.6255,9.999999999941E-08));
#5323 = CARTESIAN_POINT('',(-0.96,0.8505,9.999999999941E-08));
#5324 = ADVANCED_FACE('',(#5325),#5335,.F.);
#5325 = FACE_BOUND('',#5326,.T.);
#5326 = EDGE_LOOP('',(#5327,#5328,#5329,#5334));
#5327 = ORIENTED_EDGE('',*,*,#4239,.T.);
#5328 = ORIENTED_EDGE('',*,*,#5314,.F.);
#5329 = ORIENTED_EDGE('',*,*,#5330,.F.);
#5330 = EDGE_CURVE('',#4092,#5308,#5331,.T.);
#5331 = B_SPLINE_CURVE_WITH_KNOTS('',1,(#5332,#5333),.UNSPECIFIED.,.F.,
  .F.,(2,2),(1.E-02,5.E-02),.PIECEWISE_BEZIER_KNOTS.);
#5332 = CARTESIAN_POINT('',(-1.,0.8505,0.1000001));
#5333 = CARTESIAN_POINT('',(-0.96,0.8505,0.1000001));
#5334 = ORIENTED_EDGE('',*,*,#4581,.F.);
#5335 = B_SPLINE_SURFACE_WITH_KNOTS('',1,1,(
    (#5336,#5337)
    ,(#5338,#5339)),.UNSPECIFIED.,.F.,.F.,.F.,(2,2),(2,2),(-3.E-02,0.),(
    9.999999999999E-03,5.E-02),.PIECEWISE_BEZIER_KNOTS.);
#5336 = CARTESIAN_POINT('',(-1.,0.8505,7.00001E-02));
#5337 = CARTESIAN_POINT('',(-0.96,0.8505,7.00001E-02));
#5338 = CARTESIAN_POINT('',(-1.,0.8505,0.1000001));
#5339 = CARTESIAN_POINT('',(-0.96,0.8505,0.1000001));
#5340 = ADVANCED_FACE('',(#5341),#5349,.T.);
#5341 = FACE_BOUND('',#5342,.T.);
#5342 = EDGE_LOOP('',(#5343,#5344,#5345,#5346,#5347,#5348));
#5343 = ORIENTED_EDGE('',*,*,#4128,.T.);
#5344 = ORIENTED_EDGE('',*,*,#4100,.T.);
#5345 = ORIENTED_EDGE('',*,*,#5330,.T.);
#5346 = ORIENTED_EDGE('',*,*,#5307,.T.);
#5347 = ORIENTED_EDGE('',*,*,#5284,.T.);
#5348 = ORIENTED_EDGE('',*,*,#3984,.T.);
#5349 = B_SPLINE_SURFACE_WITH_KNOTS('',1,1,(
    (#5350,#5351)
    ,(#5352,#5353
    )),.UNSPECIFIED.,.F.,.F.,.F.,(2,2),(2,2),(0.96,1.01),(0.6255,0.8505)
  ,.PIECEWISE_BEZIER_KNOTS.);
#5350 = CARTESIAN_POINT('',(-0.96,0.6255,0.1000001));
#5351 = CARTESIAN_POINT('',(-0.96,0.8505,0.1000001));
#5352 = CARTESIAN_POINT('',(-1.01,0.6255,0.1000001));
#5353 = CARTESIAN_POINT('',(-1.01,0.8505,0.1000001));
#5354 = ADVANCED_FACE('',(#5355),#5371,.F.);
#5355 = FACE_BOUND('',#5356,.T.);
#5356 = EDGE_LOOP('',(#5357,#5358,#5359,#5366));
#5357 = ORIENTED_EDGE('',*,*,#4252,.T.);
#5358 = ORIENTED_EDGE('',*,*,#3344,.F.);
#5359 = ORIENTED_EDGE('',*,*,#5360,.F.);
#5360 = EDGE_CURVE('',#5361,#3338,#5363,.T.);
#5361 = VERTEX_POINT('',#5362);
#5362 = CARTESIAN_POINT('',(-0.85,0.96,0.1000001));
#5363 = B_SPLINE_CURVE_WITH_KNOTS('',1,(#5364,#5365),.UNSPECIFIED.,.F.,
  .F.,(2,2),(-5.E-02,-1.E-02),.PIECEWISE_BEZIER_KNOTS.);
#5364 = CARTESIAN_POINT('',(-0.85,0.96,0.1000001));
#5365 = CARTESIAN_POINT('',(-0.85,1.,0.1000001));
#5366 = ORIENTED_EDGE('',*,*,#5367,.T.);
#5367 = EDGE_CURVE('',#5361,#4042,#5368,.T.);
#5368 = B_SPLINE_CURVE_WITH_KNOTS('',1,(#5369,#5370),.UNSPECIFIED.,.F.,
  .F.,(2,2),(-0.,3.E-02),.PIECEWISE_BEZIER_KNOTS.);
#5369 = CARTESIAN_POINT('',(-0.85,0.96,0.1000001));
#5370 = CARTESIAN_POINT('',(-0.85,0.96,7.00001E-02));
#5371 = B_SPLINE_SURFACE_WITH_KNOTS('',1,1,(
    (#5372,#5373)
    ,(#5374,#5375
    )),.UNSPECIFIED.,.F.,.F.,.F.,(2,2),(2,2),(-3.E-02,0.),(-5.E-02,
    -1.E-02),.PIECEWISE_BEZIER_KNOTS.);
#5372 = CARTESIAN_POINT('',(-0.85,0.96,7.00001E-02));
#5373 = CARTESIAN_POINT('',(-0.85,1.,7.00001E-02));
#5374 = CARTESIAN_POINT('',(-0.85,0.96,0.1000001));
#5375 = CARTESIAN_POINT('',(-0.85,1.,0.1000001));
#5376 = ADVANCED_FACE('',(#5377),#5395,.F.);
#5377 = FACE_BOUND('',#5378,.T.);
#5378 = EDGE_LOOP('',(#5379,#5380,#5381,#5382,#5389,#5394));
#5379 = ORIENTED_EDGE('',*,*,#5269,.T.);
#5380 = ORIENTED_EDGE('',*,*,#4041,.F.);
#5381 = ORIENTED_EDGE('',*,*,#5367,.F.);
#5382 = ORIENTED_EDGE('',*,*,#5383,.F.);
#5383 = EDGE_CURVE('',#5384,#5361,#5386,.T.);
#5384 = VERTEX_POINT('',#5385);
#5385 = CARTESIAN_POINT('',(-0.45,0.96,0.1000001));
#5386 = B_SPLINE_CURVE_WITH_KNOTS('',1,(#5387,#5388),.UNSPECIFIED.,.F.,
  .F.,(2,2),(-0.4,-0.),.PIECEWISE_BEZIER_KNOTS.);
#5387 = CARTESIAN_POINT('',(-0.45,0.96,0.1000001));
#5388 = CARTESIAN_POINT('',(-0.85,0.96,0.1000001));
#5389 = ORIENTED_EDGE('',*,*,#5390,.T.);
#5390 = EDGE_CURVE('',#5384,#3166,#5391,.T.);
#5391 = B_SPLINE_CURVE_WITH_KNOTS('',1,(#5392,#5393),.UNSPECIFIED.,.F.,
  .F.,(2,2),(-0.,3.E-02),.PIECEWISE_BEZIER_KNOTS.);
#5392 = CARTESIAN_POINT('',(-0.45,0.96,0.1000001));
#5393 = CARTESIAN_POINT('',(-0.45,0.96,7.00001E-02));
#5394 = ORIENTED_EDGE('',*,*,#4026,.T.);
#5395 = B_SPLINE_SURFACE_WITH_KNOTS('',1,1,(
    (#5396,#5397)
    ,(#5398,#5399
    )),.UNSPECIFIED.,.F.,.F.,.F.,(2,2),(2,2),(0.,0.1),(0.,0.4),
  .PIECEWISE_BEZIER_KNOTS.);
#5396 = CARTESIAN_POINT('',(-0.85,0.96,0.1000001));
#5397 = CARTESIAN_POINT('',(-0.45,0.96,0.1000001));
#5398 = CARTESIAN_POINT('',(-0.85,0.96,9.999999999941E-08));
#5399 = CARTESIAN_POINT('',(-0.45,0.96,9.999999999941E-08));
#5400 = ADVANCED_FACE('',(#5401),#5411,.F.);
#5401 = FACE_BOUND('',#5402,.T.);
#5402 = EDGE_LOOP('',(#5403,#5404,#5405,#5410));
#5403 = ORIENTED_EDGE('',*,*,#3172,.T.);
#5404 = ORIENTED_EDGE('',*,*,#5390,.F.);
#5405 = ORIENTED_EDGE('',*,*,#5406,.F.);
#5406 = EDGE_CURVE('',#3317,#5384,#5407,.T.);
#5407 = B_SPLINE_CURVE_WITH_KNOTS('',1,(#5408,#5409),.UNSPECIFIED.,.F.,
  .F.,(2,2),(1.E-02,5.E-02),.PIECEWISE_BEZIER_KNOTS.);
#5408 = CARTESIAN_POINT('',(-0.45,1.,0.1000001));
#5409 = CARTESIAN_POINT('',(-0.45,0.96,0.1000001));
#5410 = ORIENTED_EDGE('',*,*,#3316,.F.);
#5411 = B_SPLINE_SURFACE_WITH_KNOTS('',1,1,(
    (#5412,#5413)
    ,(#5414,#5415
    )),.UNSPECIFIED.,.F.,.F.,.F.,(2,2),(2,2),(-0.,3.E-02),(-5.E-02,
    -1.E-02),.PIECEWISE_BEZIER_KNOTS.);
#5412 = CARTESIAN_POINT('',(-0.45,0.96,0.1000001));
#5413 = CARTESIAN_POINT('',(-0.45,1.,0.1000001));
#5414 = CARTESIAN_POINT('',(-0.45,0.96,7.00001E-02));
#5415 = CARTESIAN_POINT('',(-0.45,1.,7.00001E-02));
#5416 = ADVANCED_FACE('',(#5417),#5425,.F.);
#5417 = FACE_BOUND('',#5418,.T.);
#5418 = EDGE_LOOP('',(#5419,#5420,#5421,#5422,#5423,#5424));
#5419 = ORIENTED_EDGE('',*,*,#5360,.T.);
#5420 = ORIENTED_EDGE('',*,*,#5193,.T.);
#5421 = ORIENTED_EDGE('',*,*,#5239,.T.);
#5422 = ORIENTED_EDGE('',*,*,#5171,.T.);
#5423 = ORIENTED_EDGE('',*,*,#5406,.T.);
#5424 = ORIENTED_EDGE('',*,*,#5383,.T.);
#5425 = B_SPLINE_SURFACE_WITH_KNOTS('',1,1,(
    (#5426,#5427)
    ,(#5428,#5429
  )),.UNSPECIFIED.,.F.,.F.,.F.,(2,2),(2,2),(-0.85,-0.45),(0.96,1.01),
  .PIECEWISE_BEZIER_KNOTS.);
#5426 = CARTESIAN_POINT('',(-0.85,0.96,0.1000001));
#5427 = CARTESIAN_POINT('',(-0.85,1.01,0.1000001));
#5428 = CARTESIAN_POINT('',(-0.45,0.96,0.1000001));
#5429 = CARTESIAN_POINT('',(-0.45,1.01,0.1000001));
#5430 = ADVANCED_FACE('',(#5431),#5447,.F.);
#5431 = FACE_BOUND('',#5432,.T.);
#5432 = EDGE_LOOP('',(#5433,#5434,#5435,#5442));
#5433 = ORIENTED_EDGE('',*,*,#4414,.T.);
#5434 = ORIENTED_EDGE('',*,*,#4523,.F.);
#5435 = ORIENTED_EDGE('',*,*,#5436,.F.);
#5436 = EDGE_CURVE('',#5437,#3929,#5439,.T.);
#5437 = VERTEX_POINT('',#5438);
#5438 = CARTESIAN_POINT('',(-0.96,0.1375,0.1000001));
#5439 = B_SPLINE_CURVE_WITH_KNOTS('',1,(#5440,#5441),.UNSPECIFIED.,.F.,
  .F.,(2,2),(-5.E-02,-1.E-02),.PIECEWISE_BEZIER_KNOTS.);
#5440 = CARTESIAN_POINT('',(-0.96,0.1375,0.1000001));
#5441 = CARTESIAN_POINT('',(-1.,0.1375,0.1000001));
#5442 = ORIENTED_EDGE('',*,*,#5443,.T.);
#5443 = EDGE_CURVE('',#5437,#4380,#5444,.T.);
#5444 = B_SPLINE_CURVE_WITH_KNOTS('',1,(#5445,#5446),.UNSPECIFIED.,.F.,
  .F.,(2,2),(-0.,3.E-02),.PIECEWISE_BEZIER_KNOTS.);
#5445 = CARTESIAN_POINT('',(-0.96,0.1375,0.1000001));
#5446 = CARTESIAN_POINT('',(-0.96,0.1375,7.00001E-02));
#5447 = B_SPLINE_SURFACE_WITH_KNOTS('',1,1,(
    (#5448,#5449)
    ,(#5450,#5451
    )),.UNSPECIFIED.,.F.,.F.,.F.,(2,2),(2,2),(0.,3.E-02),(1.E-02,5.E-02)
  ,.PIECEWISE_BEZIER_KNOTS.);
#5448 = CARTESIAN_POINT('',(-1.,0.1375,0.1000001));
#5449 = CARTESIAN_POINT('',(-0.96,0.1375,0.1000001));
#5450 = CARTESIAN_POINT('',(-1.,0.1375,7.00001E-02));
#5451 = CARTESIAN_POINT('',(-0.96,0.1375,7.00001E-02));
#5452 = ADVANCED_FACE('',(#5453),#5471,.F.);
#5453 = FACE_BOUND('',#5454,.T.);
#5454 = EDGE_LOOP('',(#5455,#5456,#5457,#5458,#5465,#5470));
#5455 = ORIENTED_EDGE('',*,*,#5085,.T.);
#5456 = ORIENTED_EDGE('',*,*,#5061,.F.);
#5457 = ORIENTED_EDGE('',*,*,#5443,.F.);
#5458 = ORIENTED_EDGE('',*,*,#5459,.F.);
#5459 = EDGE_CURVE('',#5460,#5437,#5462,.T.);
#5460 = VERTEX_POINT('',#5461);
#5461 = CARTESIAN_POINT('',(-0.96,0.3625,0.1000001));
#5462 = B_SPLINE_CURVE_WITH_KNOTS('',1,(#5463,#5464),.UNSPECIFIED.,.F.,
  .F.,(2,2),(-0.225,-0.),.PIECEWISE_BEZIER_KNOTS.);
#5463 = CARTESIAN_POINT('',(-0.96,0.3625,0.1000001));
#5464 = CARTESIAN_POINT('',(-0.96,0.1375,0.1000001));
#5465 = ORIENTED_EDGE('',*,*,#5466,.T.);
#5466 = EDGE_CURVE('',#5460,#4164,#5467,.T.);
#5467 = B_SPLINE_CURVE_WITH_KNOTS('',1,(#5468,#5469),.UNSPECIFIED.,.F.,
  .F.,(2,2),(-0.,3.E-02),.PIECEWISE_BEZIER_KNOTS.);
#5468 = CARTESIAN_POINT('',(-0.96,0.3625,0.1000001));
#5469 = CARTESIAN_POINT('',(-0.96,0.3625,7.00001E-02));
#5470 = ORIENTED_EDGE('',*,*,#5037,.T.);
#5471 = B_SPLINE_SURFACE_WITH_KNOTS('',1,1,(
    (#5472,#5473)
    ,(#5474,#5475
    )),.UNSPECIFIED.,.F.,.F.,.F.,(2,2),(2,2),(0.,0.1),(0.,0.225),
  .PIECEWISE_BEZIER_KNOTS.);
#5472 = CARTESIAN_POINT('',(-0.96,0.1375,0.1000001));
#5473 = CARTESIAN_POINT('',(-0.96,0.3625,0.1000001));
#5474 = CARTESIAN_POINT('',(-0.96,0.1375,9.999999999941E-08));
#5475 = CARTESIAN_POINT('',(-0.96,0.3625,9.999999999941E-08));
#5476 = ADVANCED_FACE('',(#5477),#5487,.F.);
#5477 = FACE_BOUND('',#5478,.T.);
#5478 = EDGE_LOOP('',(#5479,#5480,#5481,#5486));
#5479 = ORIENTED_EDGE('',*,*,#4170,.T.);
#5480 = ORIENTED_EDGE('',*,*,#5466,.F.);
#5481 = ORIENTED_EDGE('',*,*,#5482,.F.);
#5482 = EDGE_CURVE('',#3884,#5460,#5483,.T.);
#5483 = B_SPLINE_CURVE_WITH_KNOTS('',1,(#5484,#5485),.UNSPECIFIED.,.F.,
  .F.,(2,2),(1.E-02,5.E-02),.PIECEWISE_BEZIER_KNOTS.);
#5484 = CARTESIAN_POINT('',(-1.,0.3625,0.1000001));
#5485 = CARTESIAN_POINT('',(-0.96,0.3625,0.1000001));
#5486 = ORIENTED_EDGE('',*,*,#4511,.F.);
#5487 = B_SPLINE_SURFACE_WITH_KNOTS('',1,1,(
    (#5488,#5489)
    ,(#5490,#5491
    )),.UNSPECIFIED.,.F.,.F.,.F.,(2,2),(2,2),(-3.E-02,0.),(1.E-02,5.E-02
    ),.PIECEWISE_BEZIER_KNOTS.);
#5488 = CARTESIAN_POINT('',(-1.,0.3625,7.00001E-02));
#5489 = CARTESIAN_POINT('',(-0.96,0.3625,7.00001E-02));
#5490 = CARTESIAN_POINT('',(-1.,0.3625,0.1000001));
#5491 = CARTESIAN_POINT('',(-0.96,0.3625,0.1000001));
#5492 = ADVANCED_FACE('',(#5493),#5501,.T.);
#5493 = FACE_BOUND('',#5494,.T.);
#5494 = EDGE_LOOP('',(#5495,#5496,#5497,#5498,#5499,#5500));
#5495 = ORIENTED_EDGE('',*,*,#3956,.T.);
#5496 = ORIENTED_EDGE('',*,*,#3892,.T.);
#5497 = ORIENTED_EDGE('',*,*,#5482,.T.);
#5498 = ORIENTED_EDGE('',*,*,#5459,.T.);
#5499 = ORIENTED_EDGE('',*,*,#5436,.T.);
#5500 = ORIENTED_EDGE('',*,*,#3928,.T.);
#5501 = B_SPLINE_SURFACE_WITH_KNOTS('',1,1,(
    (#5502,#5503)
    ,(#5504,#5505
    )),.UNSPECIFIED.,.F.,.F.,.F.,(2,2),(2,2),(0.96,1.01),(0.1375,0.3625)
  ,.PIECEWISE_BEZIER_KNOTS.);
#5502 = CARTESIAN_POINT('',(-0.96,0.1375,0.1000001));
#5503 = CARTESIAN_POINT('',(-0.96,0.3625,0.1000001));
#5504 = CARTESIAN_POINT('',(-1.01,0.1375,0.1000001));
#5505 = CARTESIAN_POINT('',(-1.01,0.3625,0.1000001));
#5506 = ADVANCED_FACE('',(#5507),#5523,.F.);
#5507 = FACE_BOUND('',#5508,.T.);
#5508 = EDGE_LOOP('',(#5509,#5510,#5517,#5522));
#5509 = ORIENTED_EDGE('',*,*,#4351,.T.);
#5510 = ORIENTED_EDGE('',*,*,#5511,.F.);
#5511 = EDGE_CURVE('',#5512,#4345,#5514,.T.);
#5512 = VERTEX_POINT('',#5513);
#5513 = CARTESIAN_POINT('',(-0.85,-0.96,0.1000001));
#5514 = B_SPLINE_CURVE_WITH_KNOTS('',1,(#5515,#5516),.UNSPECIFIED.,.F.,
  .F.,(2,2),(-0.,3.E-02),.PIECEWISE_BEZIER_KNOTS.);
#5515 = CARTESIAN_POINT('',(-0.85,-0.96,0.1000001));
#5516 = CARTESIAN_POINT('',(-0.85,-0.96,7.00001E-02));
#5517 = ORIENTED_EDGE('',*,*,#5518,.F.);
#5518 = EDGE_CURVE('',#578,#5512,#5519,.T.);
#5519 = B_SPLINE_CURVE_WITH_KNOTS('',1,(#5520,#5521),.UNSPECIFIED.,.F.,
  .F.,(2,2),(1.E-02,5.E-02),.PIECEWISE_BEZIER_KNOTS.);
#5520 = CARTESIAN_POINT('',(-0.85,-1.,0.1000001));
#5521 = CARTESIAN_POINT('',(-0.85,-0.96,0.1000001));
#5522 = ORIENTED_EDGE('',*,*,#577,.F.);
#5523 = B_SPLINE_SURFACE_WITH_KNOTS('',1,1,(
    (#5524,#5525)
    ,(#5526,#5527
    )),.UNSPECIFIED.,.F.,.F.,.F.,(2,2),(2,2),(-3.E-02,0.),(1.E-02,5.E-02
    ),.PIECEWISE_BEZIER_KNOTS.);
#5524 = CARTESIAN_POINT('',(-0.85,-1.,7.00001E-02));
#5525 = CARTESIAN_POINT('',(-0.85,-0.96,7.00001E-02));
#5526 = CARTESIAN_POINT('',(-0.85,-1.,0.1000001));
#5527 = CARTESIAN_POINT('',(-0.85,-0.96,0.1000001));
#5528 = ADVANCED_FACE('',(#5529),#5545,.F.);
#5529 = FACE_BOUND('',#5530,.T.);
#5530 = EDGE_LOOP('',(#5531,#5532,#5533,#5540));
#5531 = ORIENTED_EDGE('',*,*,#3491,.T.);
#5532 = ORIENTED_EDGE('',*,*,#605,.F.);
#5533 = ORIENTED_EDGE('',*,*,#5534,.F.);
#5534 = EDGE_CURVE('',#5535,#599,#5537,.T.);
#5535 = VERTEX_POINT('',#5536);
#5536 = CARTESIAN_POINT('',(-0.5,-0.96,0.1000001));
#5537 = B_SPLINE_CURVE_WITH_KNOTS('',1,(#5538,#5539),.UNSPECIFIED.,.F.,
  .F.,(2,2),(-5.E-02,-1.E-02),.PIECEWISE_BEZIER_KNOTS.);
#5538 = CARTESIAN_POINT('',(-0.5,-0.96,0.1000001));
#5539 = CARTESIAN_POINT('',(-0.5,-1.,0.1000001));
#5540 = ORIENTED_EDGE('',*,*,#5541,.T.);
#5541 = EDGE_CURVE('',#5535,#3492,#5542,.T.);
#5542 = B_SPLINE_CURVE_WITH_KNOTS('',1,(#5543,#5544),.UNSPECIFIED.,.F.,
  .F.,(2,2),(-0.,3.E-02),.PIECEWISE_BEZIER_KNOTS.);
#5543 = CARTESIAN_POINT('',(-0.5,-0.96,0.1000001));
#5544 = CARTESIAN_POINT('',(-0.5,-0.96,7.00001E-02));
#5545 = B_SPLINE_SURFACE_WITH_KNOTS('',1,1,(
    (#5546,#5547)
    ,(#5548,#5549
    )),.UNSPECIFIED.,.F.,.F.,.F.,(2,2),(2,2),(0.,3.E-02),(1.E-02,5.E-02)
  ,.PIECEWISE_BEZIER_KNOTS.);
#5546 = CARTESIAN_POINT('',(-0.5,-1.,0.1000001));
#5547 = CARTESIAN_POINT('',(-0.5,-0.96,0.1000001));
#5548 = CARTESIAN_POINT('',(-0.5,-1.,7.00001E-02));
#5549 = CARTESIAN_POINT('',(-0.5,-0.96,7.00001E-02));
#5550 = ADVANCED_FACE('',(#5551),#5563,.F.);
#5551 = FACE_BOUND('',#5552,.T.);
#5552 = EDGE_LOOP('',(#5553,#5554,#5555,#5556,#5561,#5562));
#5553 = ORIENTED_EDGE('',*,*,#4983,.T.);
#5554 = ORIENTED_EDGE('',*,*,#4921,.F.);
#5555 = ORIENTED_EDGE('',*,*,#5541,.F.);
#5556 = ORIENTED_EDGE('',*,*,#5557,.F.);
#5557 = EDGE_CURVE('',#5512,#5535,#5558,.T.);
#5558 = B_SPLINE_CURVE_WITH_KNOTS('',1,(#5559,#5560),.UNSPECIFIED.,.F.,
  .F.,(2,2),(0.,0.35),.PIECEWISE_BEZIER_KNOTS.);
#5559 = CARTESIAN_POINT('',(-0.85,-0.96,0.1000001));
#5560 = CARTESIAN_POINT('',(-0.5,-0.96,0.1000001));
#5561 = ORIENTED_EDGE('',*,*,#5511,.T.);
#5562 = ORIENTED_EDGE('',*,*,#4897,.T.);
#5563 = B_SPLINE_SURFACE_WITH_KNOTS('',1,1,(
    (#5564,#5565)
    ,(#5566,#5567
    )),.UNSPECIFIED.,.F.,.F.,.F.,(2,2),(2,2),(-0.1,0.),(0.,0.35),
  .PIECEWISE_BEZIER_KNOTS.);
#5564 = CARTESIAN_POINT('',(-0.85,-0.96,9.999999999941E-08));
#5565 = CARTESIAN_POINT('',(-0.5,-0.96,9.999999999941E-08));
#5566 = CARTESIAN_POINT('',(-0.85,-0.96,0.1000001));
#5567 = CARTESIAN_POINT('',(-0.5,-0.96,0.1000001));
#5568 = ADVANCED_FACE('',(#5569),#5577,.T.);
#5569 = FACE_BOUND('',#5570,.T.);
#5570 = EDGE_LOOP('',(#5571,#5572,#5573,#5574,#5575,#5576));
#5571 = ORIENTED_EDGE('',*,*,#3752,.T.);
#5572 = ORIENTED_EDGE('',*,*,#5518,.T.);
#5573 = ORIENTED_EDGE('',*,*,#5557,.T.);
#5574 = ORIENTED_EDGE('',*,*,#5534,.T.);
#5575 = ORIENTED_EDGE('',*,*,#3788,.T.);
#5576 = ORIENTED_EDGE('',*,*,#3864,.T.);
#5577 = B_SPLINE_SURFACE_WITH_KNOTS('',1,1,(
    (#5578,#5579)
    ,(#5580,#5581
    )),.UNSPECIFIED.,.F.,.F.,.F.,(2,2),(2,2),(0.5,0.85),(-1.01,-0.96),
  .PIECEWISE_BEZIER_KNOTS.);
#5578 = CARTESIAN_POINT('',(-0.5,-1.01,0.1000001));
#5579 = CARTESIAN_POINT('',(-0.5,-0.96,0.1000001));
#5580 = CARTESIAN_POINT('',(-0.85,-1.01,0.1000001));
#5581 = CARTESIAN_POINT('',(-0.85,-0.96,0.1000001));
#5582 = ADVANCED_FACE('',(#5583),#5599,.F.);
#5583 = FACE_BOUND('',#5584,.T.);
#5584 = EDGE_LOOP('',(#5585,#5586,#5593,#5598));
#5585 = ORIENTED_EDGE('',*,*,#4653,.T.);
#5586 = ORIENTED_EDGE('',*,*,#5587,.F.);
#5587 = EDGE_CURVE('',#5588,#4654,#5590,.T.);
#5588 = VERTEX_POINT('',#5589);
#5589 = CARTESIAN_POINT('',(-0.96,-0.6255,0.1000001));
#5590 = B_SPLINE_CURVE_WITH_KNOTS('',1,(#5591,#5592),.UNSPECIFIED.,.F.,
  .F.,(2,2),(-0.,3.E-02),.PIECEWISE_BEZIER_KNOTS.);
#5591 = CARTESIAN_POINT('',(-0.96,-0.6255,0.1000001));
#5592 = CARTESIAN_POINT('',(-0.96,-0.6255,7.00001E-02));
#5593 = ORIENTED_EDGE('',*,*,#5594,.F.);
#5594 = EDGE_CURVE('',#3808,#5588,#5595,.T.);
#5595 = B_SPLINE_CURVE_WITH_KNOTS('',1,(#5596,#5597),.UNSPECIFIED.,.F.,
  .F.,(2,2),(1.E-02,5.E-02),.PIECEWISE_BEZIER_KNOTS.);
#5596 = CARTESIAN_POINT('',(-1.,-0.6255,0.1000001));
#5597 = CARTESIAN_POINT('',(-0.96,-0.6255,0.1000001));
#5598 = ORIENTED_EDGE('',*,*,#4555,.F.);
#5599 = B_SPLINE_SURFACE_WITH_KNOTS('',1,1,(
    (#5600,#5601)
    ,(#5602,#5603
    )),.UNSPECIFIED.,.F.,.F.,.F.,(2,2),(2,2),(-3.E-02,0.),(1.E-02,5.E-02
    ),.PIECEWISE_BEZIER_KNOTS.);
#5600 = CARTESIAN_POINT('',(-1.,-0.6255,7.00001E-02));
#5601 = CARTESIAN_POINT('',(-0.96,-0.6255,7.00001E-02));
#5602 = CARTESIAN_POINT('',(-1.,-0.6255,0.1000001));
#5603 = CARTESIAN_POINT('',(-0.96,-0.6255,0.1000001));
#5604 = ADVANCED_FACE('',(#5605),#5621,.F.);
#5605 = FACE_BOUND('',#5606,.T.);
#5606 = EDGE_LOOP('',(#5607,#5608,#5609,#5616));
#5607 = ORIENTED_EDGE('',*,*,#4364,.T.);
#5608 = ORIENTED_EDGE('',*,*,#4567,.F.);
#5609 = ORIENTED_EDGE('',*,*,#5610,.F.);
#5610 = EDGE_CURVE('',#5611,#3725,#5613,.T.);
#5611 = VERTEX_POINT('',#5612);
#5612 = CARTESIAN_POINT('',(-0.96,-0.8505,0.1000001));
#5613 = B_SPLINE_CURVE_WITH_KNOTS('',1,(#5614,#5615),.UNSPECIFIED.,.F.,
  .F.,(2,2),(-5.E-02,-1.E-02),.PIECEWISE_BEZIER_KNOTS.);
#5614 = CARTESIAN_POINT('',(-0.96,-0.8505,0.1000001));
#5615 = CARTESIAN_POINT('',(-1.,-0.8505,0.1000001));
#5616 = ORIENTED_EDGE('',*,*,#5617,.T.);
#5617 = EDGE_CURVE('',#5611,#4330,#5618,.T.);
#5618 = B_SPLINE_CURVE_WITH_KNOTS('',1,(#5619,#5620),.UNSPECIFIED.,.F.,
  .F.,(2,2),(-0.,3.E-02),.PIECEWISE_BEZIER_KNOTS.);
#5619 = CARTESIAN_POINT('',(-0.96,-0.8505,0.1000001));
#5620 = CARTESIAN_POINT('',(-0.96,-0.8505,7.00001E-02));
#5621 = B_SPLINE_SURFACE_WITH_KNOTS('',1,1,(
    (#5622,#5623)
    ,(#5624,#5625
    )),.UNSPECIFIED.,.F.,.F.,.F.,(2,2),(2,2),(0.,3.E-02),(1.E-02,5.E-02)
  ,.PIECEWISE_BEZIER_KNOTS.);
#5622 = CARTESIAN_POINT('',(-1.,-0.8505,0.1000001));
#5623 = CARTESIAN_POINT('',(-0.96,-0.8505,0.1000001));
#5624 = CARTESIAN_POINT('',(-1.,-0.8505,7.00001E-02));
#5625 = CARTESIAN_POINT('',(-0.96,-0.8505,7.00001E-02));
#5626 = ADVANCED_FACE('',(#5627),#5639,.F.);
#5627 = FACE_BOUND('',#5628,.T.);
#5628 = EDGE_LOOP('',(#5629,#5630,#5631,#5632,#5637,#5638));
#5629 = ORIENTED_EDGE('',*,*,#4976,.T.);
#5630 = ORIENTED_EDGE('',*,*,#4867,.F.);
#5631 = ORIENTED_EDGE('',*,*,#5617,.F.);
#5632 = ORIENTED_EDGE('',*,*,#5633,.F.);
#5633 = EDGE_CURVE('',#5588,#5611,#5634,.T.);
#5634 = B_SPLINE_CURVE_WITH_KNOTS('',1,(#5635,#5636),.UNSPECIFIED.,.F.,
  .F.,(2,2),(0.,0.225),.PIECEWISE_BEZIER_KNOTS.);
#5635 = CARTESIAN_POINT('',(-0.96,-0.6255,0.1000001));
#5636 = CARTESIAN_POINT('',(-0.96,-0.8505,0.1000001));
#5637 = ORIENTED_EDGE('',*,*,#5587,.T.);
#5638 = ORIENTED_EDGE('',*,*,#4951,.T.);
#5639 = B_SPLINE_SURFACE_WITH_KNOTS('',1,1,(
    (#5640,#5641)
    ,(#5642,#5643
    )),.UNSPECIFIED.,.F.,.F.,.F.,(2,2),(2,2),(-0.,0.1),(-0.225,0.),
  .PIECEWISE_BEZIER_KNOTS.);
#5640 = CARTESIAN_POINT('',(-0.96,-0.8505,0.1000001));
#5641 = CARTESIAN_POINT('',(-0.96,-0.6255,0.1000001));
#5642 = CARTESIAN_POINT('',(-0.96,-0.8505,9.999999999941E-08));
#5643 = CARTESIAN_POINT('',(-0.96,-0.6255,9.999999999941E-08));
#5644 = ADVANCED_FACE('',(#5645),#5653,.T.);
#5645 = FACE_BOUND('',#5646,.T.);
#5646 = EDGE_LOOP('',(#5647,#5648,#5649,#5650,#5651,#5652));
#5647 = ORIENTED_EDGE('',*,*,#3816,.T.);
#5648 = ORIENTED_EDGE('',*,*,#5594,.T.);
#5649 = ORIENTED_EDGE('',*,*,#5633,.T.);
#5650 = ORIENTED_EDGE('',*,*,#5610,.T.);
#5651 = ORIENTED_EDGE('',*,*,#3724,.T.);
#5652 = ORIENTED_EDGE('',*,*,#3844,.T.);
#5653 = B_SPLINE_SURFACE_WITH_KNOTS('',1,1,(
    (#5654,#5655)
    ,(#5656,#5657
    )),.UNSPECIFIED.,.F.,.F.,.F.,(2,2),(2,2),(0.96,1.01),(-0.8505,
    -0.6255),.PIECEWISE_BEZIER_KNOTS.);
#5654 = CARTESIAN_POINT('',(-0.96,-0.8505,0.1000001));
#5655 = CARTESIAN_POINT('',(-0.96,-0.6255,0.1000001));
#5656 = CARTESIAN_POINT('',(-1.01,-0.8505,0.1000001));
#5657 = CARTESIAN_POINT('',(-1.01,-0.6255,0.1000001));
#5658 = ADVANCED_FACE('',(#5659),#5675,.F.);
#5659 = FACE_BOUND('',#5660,.T.);
#5660 = EDGE_LOOP('',(#5661,#5668,#5673,#5674));
#5661 = ORIENTED_EDGE('',*,*,#5662,.F.);
#5662 = EDGE_CURVE('',#5663,#3633,#5665,.T.);
#5663 = VERTEX_POINT('',#5664);
#5664 = CARTESIAN_POINT('',(-0.96,-0.3625,0.1000001));
#5665 = B_SPLINE_CURVE_WITH_KNOTS('',1,(#5666,#5667),.UNSPECIFIED.,.F.,
  .F.,(2,2),(-5.E-02,-1.E-02),.PIECEWISE_BEZIER_KNOTS.);
#5666 = CARTESIAN_POINT('',(-0.96,-0.3625,0.1000001));
#5667 = CARTESIAN_POINT('',(-1.,-0.3625,0.1000001));
#5668 = ORIENTED_EDGE('',*,*,#5669,.T.);
#5669 = EDGE_CURVE('',#5663,#4662,#5670,.T.);
#5670 = B_SPLINE_CURVE_WITH_KNOTS('',1,(#5671,#5672),.UNSPECIFIED.,.F.,
  .F.,(2,2),(-0.,3.E-02),.PIECEWISE_BEZIER_KNOTS.);
#5671 = CARTESIAN_POINT('',(-0.96,-0.3625,0.1000001));
#5672 = CARTESIAN_POINT('',(-0.96,-0.3625,7.00001E-02));
#5673 = ORIENTED_EDGE('',*,*,#4661,.T.);
#5674 = ORIENTED_EDGE('',*,*,#4541,.F.);
#5675 = B_SPLINE_SURFACE_WITH_KNOTS('',1,1,(
    (#5676,#5677)
    ,(#5678,#5679
    )),.UNSPECIFIED.,.F.,.F.,.F.,(2,2),(2,2),(0.,3.E-02),(1.E-02,5.E-02)
  ,.PIECEWISE_BEZIER_KNOTS.);
#5676 = CARTESIAN_POINT('',(-1.,-0.3625,0.1000001));
#5677 = CARTESIAN_POINT('',(-0.96,-0.3625,0.1000001));
#5678 = CARTESIAN_POINT('',(-1.,-0.3625,7.00001E-02));
#5679 = CARTESIAN_POINT('',(-0.96,-0.3625,7.00001E-02));
#5680 = ADVANCED_FACE('',(#5681),#5697,.F.);
#5681 = FACE_BOUND('',#5682,.T.);
#5682 = EDGE_LOOP('',(#5683,#5684,#5691,#5696));
#5683 = ORIENTED_EDGE('',*,*,#4400,.T.);
#5684 = ORIENTED_EDGE('',*,*,#5685,.F.);
#5685 = EDGE_CURVE('',#5686,#4394,#5688,.T.);
#5686 = VERTEX_POINT('',#5687);
#5687 = CARTESIAN_POINT('',(-0.96,-0.1375,0.1000001));
#5688 = B_SPLINE_CURVE_WITH_KNOTS('',1,(#5689,#5690),.UNSPECIFIED.,.F.,
  .F.,(2,2),(-0.,3.E-02),.PIECEWISE_BEZIER_KNOTS.);
#5689 = CARTESIAN_POINT('',(-0.96,-0.1375,0.1000001));
#5690 = CARTESIAN_POINT('',(-0.96,-0.1375,7.00001E-02));
#5691 = ORIENTED_EDGE('',*,*,#5692,.F.);
#5692 = EDGE_CURVE('',#3660,#5686,#5693,.T.);
#5693 = B_SPLINE_CURVE_WITH_KNOTS('',1,(#5694,#5695),.UNSPECIFIED.,.F.,
  .F.,(2,2),(1.E-02,5.E-02),.PIECEWISE_BEZIER_KNOTS.);
#5694 = CARTESIAN_POINT('',(-1.,-0.1375,0.1000001));
#5695 = CARTESIAN_POINT('',(-0.96,-0.1375,0.1000001));
#5696 = ORIENTED_EDGE('',*,*,#4529,.F.);
#5697 = B_SPLINE_SURFACE_WITH_KNOTS('',1,1,(
    (#5698,#5699)
    ,(#5700,#5701
    )),.UNSPECIFIED.,.F.,.F.,.F.,(2,2),(2,2),(-3.E-02,0.),(1.E-02,5.E-02
    ),.PIECEWISE_BEZIER_KNOTS.);
#5698 = CARTESIAN_POINT('',(-1.,-0.1375,7.00001E-02));
#5699 = CARTESIAN_POINT('',(-0.96,-0.1375,7.00001E-02));
#5700 = CARTESIAN_POINT('',(-1.,-0.1375,0.1000001));
#5701 = CARTESIAN_POINT('',(-0.96,-0.1375,0.1000001));
#5702 = ADVANCED_FACE('',(#5703),#5715,.F.);
#5703 = FACE_BOUND('',#5704,.T.);
#5704 = EDGE_LOOP('',(#5705,#5706,#5707,#5708,#5713,#5714));
#5705 = ORIENTED_EDGE('',*,*,#4828,.T.);
#5706 = ORIENTED_EDGE('',*,*,#4751,.F.);
#5707 = ORIENTED_EDGE('',*,*,#5669,.F.);
#5708 = ORIENTED_EDGE('',*,*,#5709,.F.);
#5709 = EDGE_CURVE('',#5686,#5663,#5710,.T.);
#5710 = B_SPLINE_CURVE_WITH_KNOTS('',1,(#5711,#5712),.UNSPECIFIED.,.F.,
  .F.,(2,2),(0.,0.225),.PIECEWISE_BEZIER_KNOTS.);
#5711 = CARTESIAN_POINT('',(-0.96,-0.1375,0.1000001));
#5712 = CARTESIAN_POINT('',(-0.96,-0.3625,0.1000001));
#5713 = ORIENTED_EDGE('',*,*,#5685,.T.);
#5714 = ORIENTED_EDGE('',*,*,#4803,.T.);
#5715 = B_SPLINE_SURFACE_WITH_KNOTS('',1,1,(
    (#5716,#5717)
    ,(#5718,#5719
    )),.UNSPECIFIED.,.F.,.F.,.F.,(2,2),(2,2),(-0.,0.1),(-0.225,0.),
  .PIECEWISE_BEZIER_KNOTS.);
#5716 = CARTESIAN_POINT('',(-0.96,-0.3625,0.1000001));
#5717 = CARTESIAN_POINT('',(-0.96,-0.1375,0.1000001));
#5718 = CARTESIAN_POINT('',(-0.96,-0.3625,9.999999999941E-08));
#5719 = CARTESIAN_POINT('',(-0.96,-0.1375,9.999999999941E-08));
#5720 = ADVANCED_FACE('',(#5721),#5729,.T.);
#5721 = FACE_BOUND('',#5722,.T.);
#5722 = EDGE_LOOP('',(#5723,#5724,#5725,#5726,#5727,#5728));
#5723 = ORIENTED_EDGE('',*,*,#3668,.T.);
#5724 = ORIENTED_EDGE('',*,*,#5692,.T.);
#5725 = ORIENTED_EDGE('',*,*,#5709,.T.);
#5726 = ORIENTED_EDGE('',*,*,#5662,.T.);
#5727 = ORIENTED_EDGE('',*,*,#3632,.T.);
#5728 = ORIENTED_EDGE('',*,*,#3696,.T.);
#5729 = B_SPLINE_SURFACE_WITH_KNOTS('',1,1,(
    (#5730,#5731)
    ,(#5732,#5733
    )),.UNSPECIFIED.,.F.,.F.,.F.,(2,2),(2,2),(0.96,1.01),(-0.3625,
    -0.1375),.PIECEWISE_BEZIER_KNOTS.);
#5730 = CARTESIAN_POINT('',(-0.96,-0.3625,0.1000001));
#5731 = CARTESIAN_POINT('',(-0.96,-0.1375,0.1000001));
#5732 = CARTESIAN_POINT('',(-1.01,-0.3625,0.1000001));
#5733 = CARTESIAN_POINT('',(-1.01,-0.1375,0.1000001));
#5734 = ADVANCED_FACE('',(#5735),#5741,.F.);
#5735 = FACE_BOUND('',#5736,.T.);
#5736 = EDGE_LOOP('',(#5737,#5738,#5739,#5740));
#5737 = ORIENTED_EDGE('',*,*,#1838,.F.);
#5738 = ORIENTED_EDGE('',*,*,#2853,.T.);
#5739 = ORIENTED_EDGE('',*,*,#1738,.T.);
#5740 = ORIENTED_EDGE('',*,*,#1920,.T.);
#5741 = B_SPLINE_SURFACE_WITH_KNOTS('',1,1,(
    (#5742,#5743)
    ,(#5744,#5745
    )),.UNSPECIFIED.,.F.,.F.,.F.,(2,2),(2,2),(0.18,0.2),(0.,0.225),
  .PIECEWISE_BEZIER_KNOTS.);
#5742 = CARTESIAN_POINT('',(0.65,-0.3625,2.00001E-02));
#5743 = CARTESIAN_POINT('',(0.65,-0.1375,2.00001E-02));
#5744 = CARTESIAN_POINT('',(0.65,-0.3625,1.000000000133E-07));
#5745 = CARTESIAN_POINT('',(0.65,-0.1375,1.000000000133E-07));
#5746 = ADVANCED_FACE('',(#5747),#5753,.T.);
#5747 = FACE_BOUND('',#5748,.T.);
#5748 = EDGE_LOOP('',(#5749,#5750,#5751,#5752));
#5749 = ORIENTED_EDGE('',*,*,#3051,.F.);
#5750 = ORIENTED_EDGE('',*,*,#1874,.T.);
#5751 = ORIENTED_EDGE('',*,*,#1900,.T.);
#5752 = ORIENTED_EDGE('',*,*,#1788,.T.);
#5753 = B_SPLINE_SURFACE_WITH_KNOTS('',1,1,(
    (#5754,#5755)
    ,(#5756,#5757
    )),.UNSPECIFIED.,.F.,.F.,.F.,(2,2),(2,2),(-1.01,-1.),(0.1375,0.3625)
  ,.PIECEWISE_BEZIER_KNOTS.);
#5754 = CARTESIAN_POINT('',(1.01,-0.1375,0.2000001));
#5755 = CARTESIAN_POINT('',(1.01,-0.3625,0.2000001));
#5756 = CARTESIAN_POINT('',(1.,-0.1375,0.2000001));
#5757 = CARTESIAN_POINT('',(1.,-0.3625,0.2000001));
#5758 = ADVANCED_FACE('',(#5759),#5765,.T.);
#5759 = FACE_BOUND('',#5760,.T.);
#5760 = EDGE_LOOP('',(#5761,#5762,#5763,#5764));
#5761 = ORIENTED_EDGE('',*,*,#3025,.F.);
#5762 = ORIENTED_EDGE('',*,*,#2086,.T.);
#5763 = ORIENTED_EDGE('',*,*,#2252,.T.);
#5764 = ORIENTED_EDGE('',*,*,#2000,.T.);
#5765 = B_SPLINE_SURFACE_WITH_KNOTS('',1,1,(
    (#5766,#5767)
    ,(#5768,#5769
    )),.UNSPECIFIED.,.F.,.F.,.F.,(2,2),(2,2),(-1.01,-1.),(0.6255,0.8505)
  ,.PIECEWISE_BEZIER_KNOTS.);
#5766 = CARTESIAN_POINT('',(1.01,-0.6255,0.2000001));
#5767 = CARTESIAN_POINT('',(1.01,-0.8505,0.2000001));
#5768 = CARTESIAN_POINT('',(1.,-0.6255,0.2000001));
#5769 = CARTESIAN_POINT('',(1.,-0.8505,0.2000001));
#5770 = ADVANCED_FACE('',(#5771),#5777,.T.);
#5771 = FACE_BOUND('',#5772,.T.);
#5772 = EDGE_LOOP('',(#5773,#5774,#5775,#5776));
#5773 = ORIENTED_EDGE('',*,*,#521,.F.);
#5774 = ORIENTED_EDGE('',*,*,#2162,.T.);
#5775 = ORIENTED_EDGE('',*,*,#2272,.T.);
#5776 = ORIENTED_EDGE('',*,*,#2226,.T.);
#5777 = B_SPLINE_SURFACE_WITH_KNOTS('',1,1,(
    (#5778,#5779)
    ,(#5780,#5781
    )),.UNSPECIFIED.,.F.,.F.,.F.,(2,2),(2,2),(-0.85,-0.5),(1.,1.01),
  .PIECEWISE_BEZIER_KNOTS.);
#5778 = CARTESIAN_POINT('',(0.85,-1.,0.2000001));
#5779 = CARTESIAN_POINT('',(0.85,-1.01,0.2000001));
#5780 = CARTESIAN_POINT('',(0.5,-1.,0.2000001));
#5781 = CARTESIAN_POINT('',(0.5,-1.01,0.2000001));
#5782 = ADVANCED_FACE('',(#5783),#5789,.F.);
#5783 = FACE_BOUND('',#5784,.T.);
#5784 = EDGE_LOOP('',(#5785,#5786,#5787,#5788));
#5785 = ORIENTED_EDGE('',*,*,#2338,.F.);
#5786 = ORIENTED_EDGE('',*,*,#2841,.T.);
#5787 = ORIENTED_EDGE('',*,*,#2410,.T.);
#5788 = ORIENTED_EDGE('',*,*,#2507,.T.);
#5789 = B_SPLINE_SURFACE_WITH_KNOTS('',1,1,(
    (#5790,#5791)
    ,(#5792,#5793
    )),.UNSPECIFIED.,.F.,.F.,.F.,(2,2),(2,2),(0.18,0.2),(-0.225,0.),
  .PIECEWISE_BEZIER_KNOTS.);
#5790 = CARTESIAN_POINT('',(0.65,0.1375,2.00001E-02));
#5791 = CARTESIAN_POINT('',(0.65,0.3625,2.00001E-02));
#5792 = CARTESIAN_POINT('',(0.65,0.1375,1.000000000133E-07));
#5793 = CARTESIAN_POINT('',(0.65,0.3625,1.000000000133E-07));
#5794 = ADVANCED_FACE('',(#5795),#5801,.F.);
#5795 = FACE_BOUND('',#5796,.T.);
#5796 = EDGE_LOOP('',(#5797,#5798,#5799,#5800));
#5797 = ORIENTED_EDGE('',*,*,#2460,.T.);
#5798 = ORIENTED_EDGE('',*,*,#3077,.T.);
#5799 = ORIENTED_EDGE('',*,*,#2374,.T.);
#5800 = ORIENTED_EDGE('',*,*,#2486,.T.);
#5801 = B_SPLINE_SURFACE_WITH_KNOTS('',1,1,(
    (#5802,#5803)
    ,(#5804,#5805
    )),.UNSPECIFIED.,.F.,.F.,.F.,(2,2),(2,2),(1.,1.01),(-0.3625,-0.1375)
  ,.PIECEWISE_BEZIER_KNOTS.);
#5802 = CARTESIAN_POINT('',(1.,0.3625,0.2000001));
#5803 = CARTESIAN_POINT('',(1.,0.1375,0.2000001));
#5804 = CARTESIAN_POINT('',(1.01,0.3625,0.2000001));
#5805 = CARTESIAN_POINT('',(1.01,0.1375,0.2000001));
#5806 = ADVANCED_FACE('',(#5807),#5829,.F.);
#5807 = FACE_BOUND('',#5808,.T.);
#5808 = EDGE_LOOP('',(#5809,#5810,#5817,#5824));
#5809 = ORIENTED_EDGE('',*,*,#3379,.T.);
#5810 = ORIENTED_EDGE('',*,*,#5811,.T.);
#5811 = EDGE_CURVE('',#3373,#5812,#5814,.T.);
#5812 = VERTEX_POINT('',#5813);
#5813 = CARTESIAN_POINT('',(0.85,1.01,0.1000001));
#5814 = B_SPLINE_CURVE_WITH_KNOTS('',1,(#5815,#5816),.UNSPECIFIED.,.F.,
  .F.,(2,2),(-1.E-02,0.),.PIECEWISE_BEZIER_KNOTS.);
#5815 = CARTESIAN_POINT('',(0.85,1.,0.1000001));
#5816 = CARTESIAN_POINT('',(0.85,1.01,0.1000001));
#5817 = ORIENTED_EDGE('',*,*,#5818,.F.);
#5818 = EDGE_CURVE('',#5819,#5812,#5821,.T.);
#5819 = VERTEX_POINT('',#5820);
#5820 = CARTESIAN_POINT('',(0.85,1.01,0.2000001));
#5821 = B_SPLINE_CURVE_WITH_KNOTS('',1,(#5822,#5823),.UNSPECIFIED.,.F.,
  .F.,(2,2),(0.,1.E-01),.PIECEWISE_BEZIER_KNOTS.);
#5822 = CARTESIAN_POINT('',(0.85,1.01,0.2000001));
#5823 = CARTESIAN_POINT('',(0.85,1.01,0.1000001));
#5824 = ORIENTED_EDGE('',*,*,#5825,.F.);
#5825 = EDGE_CURVE('',#3380,#5819,#5826,.T.);
#5826 = B_SPLINE_CURVE_WITH_KNOTS('',1,(#5827,#5828),.UNSPECIFIED.,.F.,
  .F.,(2,2),(0.1495,0.1595),.PIECEWISE_BEZIER_KNOTS.);
#5827 = CARTESIAN_POINT('',(0.85,1.,0.2000001));
#5828 = CARTESIAN_POINT('',(0.85,1.01,0.2000001));
#5829 = B_SPLINE_SURFACE_WITH_KNOTS('',1,1,(
    (#5830,#5831)
    ,(#5832,#5833
    )),.UNSPECIFIED.,.F.,.F.,.F.,(2,2),(2,2),(-0.1,0.),(0.1495,0.1595),
  .PIECEWISE_BEZIER_KNOTS.);
#5830 = CARTESIAN_POINT('',(0.85,1.,0.1000001));
#5831 = CARTESIAN_POINT('',(0.85,1.01,0.1000001));
#5832 = CARTESIAN_POINT('',(0.85,1.,0.2000001));
#5833 = CARTESIAN_POINT('',(0.85,1.01,0.2000001));
#5834 = ADVANCED_FACE('',(#5835),#5857,.F.);
#5835 = FACE_BOUND('',#5836,.T.);
#5836 = EDGE_LOOP('',(#5837,#5846,#5851,#5852));
#5837 = ORIENTED_EDGE('',*,*,#5838,.T.);
#5838 = EDGE_CURVE('',#5839,#5841,#5843,.T.);
#5839 = VERTEX_POINT('',#5840);
#5840 = CARTESIAN_POINT('',(0.45,1.01,0.2000001));
#5841 = VERTEX_POINT('',#5842);
#5842 = CARTESIAN_POINT('',(0.45,1.01,0.1000001));
#5843 = B_SPLINE_CURVE_WITH_KNOTS('',1,(#5844,#5845),.UNSPECIFIED.,.F.,
  .F.,(2,2),(0.,1.E-01),.PIECEWISE_BEZIER_KNOTS.);
#5844 = CARTESIAN_POINT('',(0.45,1.01,0.2000001));
#5845 = CARTESIAN_POINT('',(0.45,1.01,0.1000001));
#5846 = ORIENTED_EDGE('',*,*,#5847,.T.);
#5847 = EDGE_CURVE('',#5841,#3394,#5848,.T.);
#5848 = B_SPLINE_CURVE_WITH_KNOTS('',1,(#5849,#5850),.UNSPECIFIED.,.F.,
  .F.,(2,2),(0.,1.E-02),.PIECEWISE_BEZIER_KNOTS.);
#5849 = CARTESIAN_POINT('',(0.45,1.01,0.1000001));
#5850 = CARTESIAN_POINT('',(0.45,1.,0.1000001));
#5851 = ORIENTED_EDGE('',*,*,#3393,.T.);
#5852 = ORIENTED_EDGE('',*,*,#5853,.F.);
#5853 = EDGE_CURVE('',#5839,#3387,#5854,.T.);
#5854 = B_SPLINE_CURVE_WITH_KNOTS('',1,(#5855,#5856),.UNSPECIFIED.,.F.,
  .F.,(2,2),(0.,1.E-02),.PIECEWISE_BEZIER_KNOTS.);
#5855 = CARTESIAN_POINT('',(0.45,1.01,0.2000001));
#5856 = CARTESIAN_POINT('',(0.45,1.,0.2000001));
#5857 = B_SPLINE_SURFACE_WITH_KNOTS('',1,1,(
    (#5858,#5859)
    ,(#5860,#5861
    )),.UNSPECIFIED.,.F.,.F.,.F.,(2,2),(2,2),(0.,0.1),(-1.E-02,0.),
  .PIECEWISE_BEZIER_KNOTS.);
#5858 = CARTESIAN_POINT('',(0.45,1.,0.2000001));
#5859 = CARTESIAN_POINT('',(0.45,1.01,0.2000001));
#5860 = CARTESIAN_POINT('',(0.45,1.,0.1000001));
#5861 = CARTESIAN_POINT('',(0.45,1.01,0.1000001));
#5862 = ADVANCED_FACE('',(#5863),#5869,.F.);
#5863 = FACE_BOUND('',#5864,.T.);
#5864 = EDGE_LOOP('',(#5865,#5866,#5867,#5868));
#5865 = ORIENTED_EDGE('',*,*,#2586,.T.);
#5866 = ORIENTED_EDGE('',*,*,#3103,.T.);
#5867 = ORIENTED_EDGE('',*,*,#2672,.T.);
#5868 = ORIENTED_EDGE('',*,*,#2768,.T.);
#5869 = B_SPLINE_SURFACE_WITH_KNOTS('',1,1,(
    (#5870,#5871)
    ,(#5872,#5873
    )),.UNSPECIFIED.,.F.,.F.,.F.,(2,2),(2,2),(1.,1.01),(-0.8505,-0.6255)
  ,.PIECEWISE_BEZIER_KNOTS.);
#5870 = CARTESIAN_POINT('',(1.,0.8505,0.2000001));
#5871 = CARTESIAN_POINT('',(1.,0.6255,0.2000001));
#5872 = CARTESIAN_POINT('',(1.01,0.8505,0.2000001));
#5873 = CARTESIAN_POINT('',(1.01,0.6255,0.2000001));
#5874 = ADVANCED_FACE('',(#5875),#5885,.F.);
#5875 = FACE_BOUND('',#5876,.T.);
#5876 = EDGE_LOOP('',(#5877,#5878,#5879,#5880));
#5877 = ORIENTED_EDGE('',*,*,#5853,.T.);
#5878 = ORIENTED_EDGE('',*,*,#3386,.T.);
#5879 = ORIENTED_EDGE('',*,*,#5825,.T.);
#5880 = ORIENTED_EDGE('',*,*,#5881,.T.);
#5881 = EDGE_CURVE('',#5819,#5839,#5882,.T.);
#5882 = B_SPLINE_CURVE_WITH_KNOTS('',1,(#5883,#5884),.UNSPECIFIED.,.F.,
  .F.,(2,2),(-0.35,5.E-02),.PIECEWISE_BEZIER_KNOTS.);
#5883 = CARTESIAN_POINT('',(0.85,1.01,0.2000001));
#5884 = CARTESIAN_POINT('',(0.45,1.01,0.2000001));
#5885 = B_SPLINE_SURFACE_WITH_KNOTS('',1,1,(
    (#5886,#5887)
    ,(#5888,#5889
    )),.UNSPECIFIED.,.F.,.F.,.F.,(2,2),(2,2),(0.45,0.85),(-1.01,-1.),
  .PIECEWISE_BEZIER_KNOTS.);
#5886 = CARTESIAN_POINT('',(0.45,1.01,0.2000001));
#5887 = CARTESIAN_POINT('',(0.45,1.,0.2000001));
#5888 = CARTESIAN_POINT('',(0.85,1.01,0.2000001));
#5889 = CARTESIAN_POINT('',(0.85,1.,0.2000001));
#5890 = ADVANCED_FACE('',(#5891),#5901,.F.);
#5891 = FACE_BOUND('',#5892,.T.);
#5892 = EDGE_LOOP('',(#5893,#5894,#5899,#5900));
#5893 = ORIENTED_EDGE('',*,*,#5818,.T.);
#5894 = ORIENTED_EDGE('',*,*,#5895,.T.);
#5895 = EDGE_CURVE('',#5812,#5841,#5896,.T.);
#5896 = B_SPLINE_CURVE_WITH_KNOTS('',1,(#5897,#5898),.UNSPECIFIED.,.F.,
  .F.,(2,2),(0.,0.4),.PIECEWISE_BEZIER_KNOTS.);
#5897 = CARTESIAN_POINT('',(0.85,1.01,0.1000001));
#5898 = CARTESIAN_POINT('',(0.45,1.01,0.1000001));
#5899 = ORIENTED_EDGE('',*,*,#5838,.F.);
#5900 = ORIENTED_EDGE('',*,*,#5881,.F.);
#5901 = B_SPLINE_SURFACE_WITH_KNOTS('',1,1,(
    (#5902,#5903)
    ,(#5904,#5905
    )),.UNSPECIFIED.,.F.,.F.,.F.,(2,2),(2,2),(0.,1.E-01),(-0.4,0.),
  .PIECEWISE_BEZIER_KNOTS.);
#5902 = CARTESIAN_POINT('',(0.45,1.01,0.2000001));
#5903 = CARTESIAN_POINT('',(0.85,1.01,0.2000001));
#5904 = CARTESIAN_POINT('',(0.45,1.01,0.1000001));
#5905 = CARTESIAN_POINT('',(0.85,1.01,0.1000001));
#5906 = ADVANCED_FACE('',(#5907),#5923,.T.);
#5907 = FACE_BOUND('',#5908,.T.);
#5908 = EDGE_LOOP('',(#5909,#5910,#5917,#5922));
#5909 = ORIENTED_EDGE('',*,*,#2985,.T.);
#5910 = ORIENTED_EDGE('',*,*,#5911,.T.);
#5911 = EDGE_CURVE('',#2573,#5912,#5914,.T.);
#5912 = VERTEX_POINT('',#5913);
#5913 = CARTESIAN_POINT('',(0.96,0.8505,0.1000001));
#5914 = B_SPLINE_CURVE_WITH_KNOTS('',1,(#5915,#5916),.UNSPECIFIED.,.F.,
  .F.,(2,2),(1.E-02,5.E-02),.PIECEWISE_BEZIER_KNOTS.);
#5915 = CARTESIAN_POINT('',(1.,0.8505,0.1000001));
#5916 = CARTESIAN_POINT('',(0.96,0.8505,0.1000001));
#5917 = ORIENTED_EDGE('',*,*,#5918,.T.);
#5918 = EDGE_CURVE('',#5912,#2521,#5919,.T.);
#5919 = B_SPLINE_CURVE_WITH_KNOTS('',1,(#5920,#5921),.UNSPECIFIED.,.F.,
  .F.,(2,2),(-0.,3.E-02),.PIECEWISE_BEZIER_KNOTS.);
#5920 = CARTESIAN_POINT('',(0.96,0.8505,0.1000001));
#5921 = CARTESIAN_POINT('',(0.96,0.8505,7.00001E-02));
#5922 = ORIENTED_EDGE('',*,*,#3118,.F.);
#5923 = B_SPLINE_SURFACE_WITH_KNOTS('',1,1,(
    (#5924,#5925)
    ,(#5926,#5927
    )),.UNSPECIFIED.,.F.,.F.,.F.,(2,2),(2,2),(0.,3.E-02),(-5.E-02,
    -9.999999999999E-03),.PIECEWISE_BEZIER_KNOTS.);
#5924 = CARTESIAN_POINT('',(0.96,0.8505,0.1000001));
#5925 = CARTESIAN_POINT('',(1.,0.8505,0.1000001));
#5926 = CARTESIAN_POINT('',(0.96,0.8505,7.00001E-02));
#5927 = CARTESIAN_POINT('',(1.,0.8505,7.00001E-02));
#5928 = ADVANCED_FACE('',(#5929),#5945,.T.);
#5929 = FACE_BOUND('',#5930,.T.);
#5930 = EDGE_LOOP('',(#5931,#5932,#5933,#5940));
#5931 = ORIENTED_EDGE('',*,*,#3097,.T.);
#5932 = ORIENTED_EDGE('',*,*,#3205,.F.);
#5933 = ORIENTED_EDGE('',*,*,#5934,.F.);
#5934 = EDGE_CURVE('',#5935,#2607,#5937,.T.);
#5935 = VERTEX_POINT('',#5936);
#5936 = CARTESIAN_POINT('',(0.96,0.6255,0.1000001));
#5937 = B_SPLINE_CURVE_WITH_KNOTS('',1,(#5938,#5939),.UNSPECIFIED.,.F.,
  .F.,(2,2),(-0.,3.E-02),.PIECEWISE_BEZIER_KNOTS.);
#5938 = CARTESIAN_POINT('',(0.96,0.6255,0.1000001));
#5939 = CARTESIAN_POINT('',(0.96,0.6255,7.00001E-02));
#5940 = ORIENTED_EDGE('',*,*,#5941,.T.);
#5941 = EDGE_CURVE('',#5935,#2657,#5942,.T.);
#5942 = B_SPLINE_CURVE_WITH_KNOTS('',1,(#5943,#5944),.UNSPECIFIED.,.F.,
  .F.,(2,2),(-5.E-02,-1.E-02),.PIECEWISE_BEZIER_KNOTS.);
#5943 = CARTESIAN_POINT('',(0.96,0.6255,0.1000001));
#5944 = CARTESIAN_POINT('',(1.,0.6255,0.1000001));
#5945 = B_SPLINE_SURFACE_WITH_KNOTS('',1,1,(
    (#5946,#5947)
    ,(#5948,#5949
    )),.UNSPECIFIED.,.F.,.F.,.F.,(2,2),(2,2),(-3.E-02,0.),(-5.E-02,
    -9.999999999999E-03),.PIECEWISE_BEZIER_KNOTS.);
#5946 = CARTESIAN_POINT('',(0.96,0.6255,7.00001E-02));
#5947 = CARTESIAN_POINT('',(1.,0.6255,7.00001E-02));
#5948 = CARTESIAN_POINT('',(0.96,0.6255,0.1000001));
#5949 = CARTESIAN_POINT('',(1.,0.6255,0.1000001));
#5950 = ADVANCED_FACE('',(#5951),#5963,.T.);
#5951 = FACE_BOUND('',#5952,.T.);
#5952 = EDGE_LOOP('',(#5953,#5954,#5955,#5956,#5961,#5962));
#5953 = ORIENTED_EDGE('',*,*,#2790,.F.);
#5954 = ORIENTED_EDGE('',*,*,#2520,.F.);
#5955 = ORIENTED_EDGE('',*,*,#5918,.F.);
#5956 = ORIENTED_EDGE('',*,*,#5957,.T.);
#5957 = EDGE_CURVE('',#5912,#5935,#5958,.T.);
#5958 = B_SPLINE_CURVE_WITH_KNOTS('',1,(#5959,#5960),.UNSPECIFIED.,.F.,
  .F.,(2,2),(-0.225,0.),.PIECEWISE_BEZIER_KNOTS.);
#5959 = CARTESIAN_POINT('',(0.96,0.8505,0.1000001));
#5960 = CARTESIAN_POINT('',(0.96,0.6255,0.1000001));
#5961 = ORIENTED_EDGE('',*,*,#5934,.T.);
#5962 = ORIENTED_EDGE('',*,*,#2606,.T.);
#5963 = B_SPLINE_SURFACE_WITH_KNOTS('',1,1,(
    (#5964,#5965)
    ,(#5966,#5967
    )),.UNSPECIFIED.,.F.,.F.,.F.,(2,2),(2,2),(0.,0.1),(0.,0.225),
  .PIECEWISE_BEZIER_KNOTS.);
#5964 = CARTESIAN_POINT('',(0.96,0.6255,0.1000001));
#5965 = CARTESIAN_POINT('',(0.96,0.8505,0.1000001));
#5966 = CARTESIAN_POINT('',(0.96,0.6255,9.999999999941E-08));
#5967 = CARTESIAN_POINT('',(0.96,0.8505,9.999999999941E-08));
#5968 = ADVANCED_FACE('',(#5969),#5977,.T.);
#5969 = FACE_BOUND('',#5970,.T.);
#5970 = EDGE_LOOP('',(#5971,#5972,#5973,#5974,#5975,#5976));
#5971 = ORIENTED_EDGE('',*,*,#2762,.F.);
#5972 = ORIENTED_EDGE('',*,*,#2656,.F.);
#5973 = ORIENTED_EDGE('',*,*,#5941,.F.);
#5974 = ORIENTED_EDGE('',*,*,#5957,.F.);
#5975 = ORIENTED_EDGE('',*,*,#5911,.F.);
#5976 = ORIENTED_EDGE('',*,*,#2570,.F.);
#5977 = B_SPLINE_SURFACE_WITH_KNOTS('',1,1,(
    (#5978,#5979)
    ,(#5980,#5981
    )),.UNSPECIFIED.,.F.,.F.,.F.,(2,2),(2,2),(0.96,1.01),(-0.8505,
    -0.6255),.PIECEWISE_BEZIER_KNOTS.);
#5978 = CARTESIAN_POINT('',(0.96,0.8505,0.1000001));
#5979 = CARTESIAN_POINT('',(0.96,0.6255,0.1000001));
#5980 = CARTESIAN_POINT('',(1.01,0.8505,0.1000001));
#5981 = CARTESIAN_POINT('',(1.01,0.6255,0.1000001));
#5982 = ADVANCED_FACE('',(#5983),#5999,.T.);
#5983 = FACE_BOUND('',#5984,.T.);
#5984 = EDGE_LOOP('',(#5985,#5992,#5997,#5998));
#5985 = ORIENTED_EDGE('',*,*,#5986,.F.);
#5986 = EDGE_CURVE('',#5987,#2693,#5989,.T.);
#5987 = VERTEX_POINT('',#5988);
#5988 = CARTESIAN_POINT('',(0.85,0.96,0.1000001));
#5989 = B_SPLINE_CURVE_WITH_KNOTS('',1,(#5990,#5991),.UNSPECIFIED.,.F.,
  .F.,(2,2),(-0.,3.E-02),.PIECEWISE_BEZIER_KNOTS.);
#5990 = CARTESIAN_POINT('',(0.85,0.96,0.1000001));
#5991 = CARTESIAN_POINT('',(0.85,0.96,7.00001E-02));
#5992 = ORIENTED_EDGE('',*,*,#5993,.T.);
#5993 = EDGE_CURVE('',#5987,#3373,#5994,.T.);
#5994 = B_SPLINE_CURVE_WITH_KNOTS('',1,(#5995,#5996),.UNSPECIFIED.,.F.,
  .F.,(2,2),(-5.E-02,-1.E-02),.PIECEWISE_BEZIER_KNOTS.);
#5995 = CARTESIAN_POINT('',(0.85,0.96,0.1000001));
#5996 = CARTESIAN_POINT('',(0.85,1.,0.1000001));
#5997 = ORIENTED_EDGE('',*,*,#3372,.T.);
#5998 = ORIENTED_EDGE('',*,*,#3137,.F.);
#5999 = B_SPLINE_SURFACE_WITH_KNOTS('',1,1,(
    (#6000,#6001)
    ,(#6002,#6003
    )),.UNSPECIFIED.,.F.,.F.,.F.,(2,2),(2,2),(-3.E-02,0.),(-5.E-02,
    -1.E-02),.PIECEWISE_BEZIER_KNOTS.);
#6000 = CARTESIAN_POINT('',(0.85,0.96,7.00001E-02));
#6001 = CARTESIAN_POINT('',(0.85,1.,7.00001E-02));
#6002 = CARTESIAN_POINT('',(0.85,0.96,0.1000001));
#6003 = CARTESIAN_POINT('',(0.85,1.,0.1000001));
#6004 = ADVANCED_FACE('',(#6005),#6021,.T.);
#6005 = FACE_BOUND('',#6006,.T.);
#6006 = EDGE_LOOP('',(#6007,#6008,#6015,#6020));
#6007 = ORIENTED_EDGE('',*,*,#3400,.T.);
#6008 = ORIENTED_EDGE('',*,*,#6009,.T.);
#6009 = EDGE_CURVE('',#3394,#6010,#6012,.T.);
#6010 = VERTEX_POINT('',#6011);
#6011 = CARTESIAN_POINT('',(0.45,0.96,0.1000001));
#6012 = B_SPLINE_CURVE_WITH_KNOTS('',1,(#6013,#6014),.UNSPECIFIED.,.F.,
  .F.,(2,2),(1.E-02,5.E-02),.PIECEWISE_BEZIER_KNOTS.);
#6013 = CARTESIAN_POINT('',(0.45,1.,0.1000001));
#6014 = CARTESIAN_POINT('',(0.45,0.96,0.1000001));
#6015 = ORIENTED_EDGE('',*,*,#6016,.T.);
#6016 = EDGE_CURVE('',#6010,#1673,#6017,.T.);
#6017 = B_SPLINE_CURVE_WITH_KNOTS('',1,(#6018,#6019),.UNSPECIFIED.,.F.,
  .F.,(2,2),(-0.,3.E-02),.PIECEWISE_BEZIER_KNOTS.);
#6018 = CARTESIAN_POINT('',(0.45,0.96,0.1000001));
#6019 = CARTESIAN_POINT('',(0.45,0.96,7.00001E-02));
#6020 = ORIENTED_EDGE('',*,*,#1672,.F.);
#6021 = B_SPLINE_SURFACE_WITH_KNOTS('',1,1,(
    (#6022,#6023)
    ,(#6024,#6025
    )),.UNSPECIFIED.,.F.,.F.,.F.,(2,2),(2,2),(0.,3.E-02),(-5.E-02,
    -1.E-02),.PIECEWISE_BEZIER_KNOTS.);
#6022 = CARTESIAN_POINT('',(0.45,0.96,0.1000001));
#6023 = CARTESIAN_POINT('',(0.45,1.,0.1000001));
#6024 = CARTESIAN_POINT('',(0.45,0.96,7.00001E-02));
#6025 = CARTESIAN_POINT('',(0.45,1.,7.00001E-02));
#6026 = ADVANCED_FACE('',(#6027),#6039,.T.);
#6027 = FACE_BOUND('',#6028,.T.);
#6028 = EDGE_LOOP('',(#6029,#6030,#6031,#6032,#6037,#6038));
#6029 = ORIENTED_EDGE('',*,*,#2783,.F.);
#6030 = ORIENTED_EDGE('',*,*,#2734,.F.);
#6031 = ORIENTED_EDGE('',*,*,#6016,.F.);
#6032 = ORIENTED_EDGE('',*,*,#6033,.T.);
#6033 = EDGE_CURVE('',#6010,#5987,#6034,.T.);
#6034 = B_SPLINE_CURVE_WITH_KNOTS('',1,(#6035,#6036),.UNSPECIFIED.,.F.,
  .F.,(2,2),(-0.4,0.),.PIECEWISE_BEZIER_KNOTS.);
#6035 = CARTESIAN_POINT('',(0.45,0.96,0.1000001));
#6036 = CARTESIAN_POINT('',(0.85,0.96,0.1000001));
#6037 = ORIENTED_EDGE('',*,*,#5986,.T.);
#6038 = ORIENTED_EDGE('',*,*,#2692,.T.);
#6039 = B_SPLINE_SURFACE_WITH_KNOTS('',1,1,(
    (#6040,#6041)
    ,(#6042,#6043
    )),.UNSPECIFIED.,.F.,.F.,.F.,(2,2),(2,2),(-0.1,0.),(-0.4,0.),
  .PIECEWISE_BEZIER_KNOTS.);
#6040 = CARTESIAN_POINT('',(0.45,0.96,9.999999999941E-08));
#6041 = CARTESIAN_POINT('',(0.85,0.96,9.999999999941E-08));
#6042 = CARTESIAN_POINT('',(0.45,0.96,0.1000001));
#6043 = CARTESIAN_POINT('',(0.85,0.96,0.1000001));
#6044 = ADVANCED_FACE('',(#6045),#6053,.F.);
#6045 = FACE_BOUND('',#6046,.T.);
#6046 = EDGE_LOOP('',(#6047,#6048,#6049,#6050,#6051,#6052));
#6047 = ORIENTED_EDGE('',*,*,#5993,.F.);
#6048 = ORIENTED_EDGE('',*,*,#6033,.F.);
#6049 = ORIENTED_EDGE('',*,*,#6009,.F.);
#6050 = ORIENTED_EDGE('',*,*,#5847,.F.);
#6051 = ORIENTED_EDGE('',*,*,#5895,.F.);
#6052 = ORIENTED_EDGE('',*,*,#5811,.F.);
#6053 = B_SPLINE_SURFACE_WITH_KNOTS('',1,1,(
    (#6054,#6055)
    ,(#6056,#6057
  )),.UNSPECIFIED.,.F.,.F.,.F.,(2,2),(2,2),(-0.85,-0.45),(-1.01,-0.96),
  .PIECEWISE_BEZIER_KNOTS.);
#6054 = CARTESIAN_POINT('',(0.85,1.01,0.1000001));
#6055 = CARTESIAN_POINT('',(0.85,0.96,0.1000001));
#6056 = CARTESIAN_POINT('',(0.45,1.01,0.1000001));
#6057 = CARTESIAN_POINT('',(0.45,0.96,0.1000001));
#6058 = ADVANCED_FACE('',(#6059),#6075,.T.);
#6059 = FACE_BOUND('',#6060,.T.);
#6060 = EDGE_LOOP('',(#6061,#6062,#6069,#6074));
#6061 = ORIENTED_EDGE('',*,*,#3083,.T.);
#6062 = ORIENTED_EDGE('',*,*,#6063,.T.);
#6063 = EDGE_CURVE('',#2447,#6064,#6066,.T.);
#6064 = VERTEX_POINT('',#6065);
#6065 = CARTESIAN_POINT('',(0.96,0.3625,0.1000001));
#6066 = B_SPLINE_CURVE_WITH_KNOTS('',1,(#6067,#6068),.UNSPECIFIED.,.F.,
  .F.,(2,2),(9.999999999999E-03,5.E-02),.PIECEWISE_BEZIER_KNOTS.);
#6067 = CARTESIAN_POINT('',(1.,0.3625,0.1000001));
#6068 = CARTESIAN_POINT('',(0.96,0.3625,0.1000001));
#6069 = ORIENTED_EDGE('',*,*,#6070,.T.);
#6070 = EDGE_CURVE('',#6064,#2395,#6071,.T.);
#6071 = B_SPLINE_CURVE_WITH_KNOTS('',1,(#6072,#6073),.UNSPECIFIED.,.F.,
  .F.,(2,2),(-0.,3.E-02),.PIECEWISE_BEZIER_KNOTS.);
#6072 = CARTESIAN_POINT('',(0.96,0.3625,0.1000001));
#6073 = CARTESIAN_POINT('',(0.96,0.3625,7.00001E-02));
#6074 = ORIENTED_EDGE('',*,*,#3211,.F.);
#6075 = B_SPLINE_SURFACE_WITH_KNOTS('',1,1,(
    (#6076,#6077)
    ,(#6078,#6079
    )),.UNSPECIFIED.,.F.,.F.,.F.,(2,2),(2,2),(0.,3.E-02),(-5.E-02,
    -9.999999999999E-03),.PIECEWISE_BEZIER_KNOTS.);
#6076 = CARTESIAN_POINT('',(0.96,0.3625,0.1000001));
#6077 = CARTESIAN_POINT('',(1.,0.3625,0.1000001));
#6078 = CARTESIAN_POINT('',(0.96,0.3625,7.00001E-02));
#6079 = CARTESIAN_POINT('',(1.,0.3625,7.00001E-02));
#6080 = ADVANCED_FACE('',(#6081),#6097,.T.);
#6081 = FACE_BOUND('',#6082,.T.);
#6082 = EDGE_LOOP('',(#6083,#6084,#6085,#6092));
#6083 = ORIENTED_EDGE('',*,*,#3071,.T.);
#6084 = ORIENTED_EDGE('',*,*,#3419,.F.);
#6085 = ORIENTED_EDGE('',*,*,#6086,.F.);
#6086 = EDGE_CURVE('',#6087,#2309,#6089,.T.);
#6087 = VERTEX_POINT('',#6088);
#6088 = CARTESIAN_POINT('',(0.96,0.1375,0.1000001));
#6089 = B_SPLINE_CURVE_WITH_KNOTS('',1,(#6090,#6091),.UNSPECIFIED.,.F.,
  .F.,(2,2),(-0.,3.E-02),.PIECEWISE_BEZIER_KNOTS.);
#6090 = CARTESIAN_POINT('',(0.96,0.1375,0.1000001));
#6091 = CARTESIAN_POINT('',(0.96,0.1375,7.00001E-02));
#6092 = ORIENTED_EDGE('',*,*,#6093,.T.);
#6093 = EDGE_CURVE('',#6087,#2359,#6094,.T.);
#6094 = B_SPLINE_CURVE_WITH_KNOTS('',1,(#6095,#6096),.UNSPECIFIED.,.F.,
  .F.,(2,2),(-5.E-02,-9.999999999999E-03),.PIECEWISE_BEZIER_KNOTS.);
#6095 = CARTESIAN_POINT('',(0.96,0.1375,0.1000001));
#6096 = CARTESIAN_POINT('',(1.,0.1375,0.1000001));
#6097 = B_SPLINE_SURFACE_WITH_KNOTS('',1,1,(
    (#6098,#6099)
    ,(#6100,#6101
    )),.UNSPECIFIED.,.F.,.F.,.F.,(2,2),(2,2),(-3.E-02,0.),(-5.E-02,
    -9.999999999999E-03),.PIECEWISE_BEZIER_KNOTS.);
#6098 = CARTESIAN_POINT('',(0.96,0.1375,7.00001E-02));
#6099 = CARTESIAN_POINT('',(1.,0.1375,7.00001E-02));
#6100 = CARTESIAN_POINT('',(0.96,0.1375,0.1000001));
#6101 = CARTESIAN_POINT('',(1.,0.1375,0.1000001));
#6102 = ADVANCED_FACE('',(#6103),#6115,.T.);
#6103 = FACE_BOUND('',#6104,.T.);
#6104 = EDGE_LOOP('',(#6105,#6106,#6107,#6108,#6113,#6114));
#6105 = ORIENTED_EDGE('',*,*,#2501,.F.);
#6106 = ORIENTED_EDGE('',*,*,#2394,.F.);
#6107 = ORIENTED_EDGE('',*,*,#6070,.F.);
#6108 = ORIENTED_EDGE('',*,*,#6109,.T.);
#6109 = EDGE_CURVE('',#6064,#6087,#6110,.T.);
#6110 = B_SPLINE_CURVE_WITH_KNOTS('',1,(#6111,#6112),.UNSPECIFIED.,.F.,
  .F.,(2,2),(-0.225,0.),.PIECEWISE_BEZIER_KNOTS.);
#6111 = CARTESIAN_POINT('',(0.96,0.3625,0.1000001));
#6112 = CARTESIAN_POINT('',(0.96,0.1375,0.1000001));
#6113 = ORIENTED_EDGE('',*,*,#6086,.T.);
#6114 = ORIENTED_EDGE('',*,*,#2308,.T.);
#6115 = B_SPLINE_SURFACE_WITH_KNOTS('',1,1,(
    (#6116,#6117)
    ,(#6118,#6119
    )),.UNSPECIFIED.,.F.,.F.,.F.,(2,2),(2,2),(0.,0.1),(0.,0.225),
  .PIECEWISE_BEZIER_KNOTS.);
#6116 = CARTESIAN_POINT('',(0.96,0.1375,0.1000001));
#6117 = CARTESIAN_POINT('',(0.96,0.3625,0.1000001));
#6118 = CARTESIAN_POINT('',(0.96,0.1375,9.999999999941E-08));
#6119 = CARTESIAN_POINT('',(0.96,0.3625,9.999999999941E-08));
#6120 = ADVANCED_FACE('',(#6121),#6129,.T.);
#6121 = FACE_BOUND('',#6122,.T.);
#6122 = EDGE_LOOP('',(#6123,#6124,#6125,#6126,#6127,#6128));
#6123 = ORIENTED_EDGE('',*,*,#2480,.F.);
#6124 = ORIENTED_EDGE('',*,*,#2358,.F.);
#6125 = ORIENTED_EDGE('',*,*,#6093,.F.);
#6126 = ORIENTED_EDGE('',*,*,#6109,.F.);
#6127 = ORIENTED_EDGE('',*,*,#6063,.F.);
#6128 = ORIENTED_EDGE('',*,*,#2444,.F.);
#6129 = B_SPLINE_SURFACE_WITH_KNOTS('',1,1,(
    (#6130,#6131)
    ,(#6132,#6133
    )),.UNSPECIFIED.,.F.,.F.,.F.,(2,2),(2,2),(0.96,1.01),(-0.3625,
    -0.1375),.PIECEWISE_BEZIER_KNOTS.);
#6130 = CARTESIAN_POINT('',(0.96,0.3625,0.1000001));
#6131 = CARTESIAN_POINT('',(0.96,0.1375,0.1000001));
#6132 = CARTESIAN_POINT('',(1.01,0.3625,0.1000001));
#6133 = CARTESIAN_POINT('',(1.01,0.1375,0.1000001));
#6134 = ADVANCED_FACE('',(#6135),#6151,.T.);
#6135 = FACE_BOUND('',#6136,.T.);
#6136 = EDGE_LOOP('',(#6137,#6138,#6145,#6150));
#6137 = ORIENTED_EDGE('',*,*,#535,.T.);
#6138 = ORIENTED_EDGE('',*,*,#6139,.T.);
#6139 = EDGE_CURVE('',#529,#6140,#6142,.T.);
#6140 = VERTEX_POINT('',#6141);
#6141 = CARTESIAN_POINT('',(0.85,-0.96,0.1000001));
#6142 = B_SPLINE_CURVE_WITH_KNOTS('',1,(#6143,#6144),.UNSPECIFIED.,.F.,
  .F.,(2,2),(1.E-02,5.E-02),.PIECEWISE_BEZIER_KNOTS.);
#6143 = CARTESIAN_POINT('',(0.85,-1.,0.1000001));
#6144 = CARTESIAN_POINT('',(0.85,-0.96,0.1000001));
#6145 = ORIENTED_EDGE('',*,*,#6146,.T.);
#6146 = EDGE_CURVE('',#6140,#2177,#6147,.T.);
#6147 = B_SPLINE_CURVE_WITH_KNOTS('',1,(#6148,#6149),.UNSPECIFIED.,.F.,
  .F.,(2,2),(-0.,3.E-02),.PIECEWISE_BEZIER_KNOTS.);
#6148 = CARTESIAN_POINT('',(0.85,-0.96,0.1000001));
#6149 = CARTESIAN_POINT('',(0.85,-0.96,7.00001E-02));
#6150 = ORIENTED_EDGE('',*,*,#3512,.F.);
#6151 = B_SPLINE_SURFACE_WITH_KNOTS('',1,1,(
    (#6152,#6153)
    ,(#6154,#6155
    )),.UNSPECIFIED.,.F.,.F.,.F.,(2,2),(2,2),(-3.E-02,0.),(1.E-02,5.E-02
    ),.PIECEWISE_BEZIER_KNOTS.);
#6152 = CARTESIAN_POINT('',(0.85,-1.,7.00001E-02));
#6153 = CARTESIAN_POINT('',(0.85,-0.96,7.00001E-02));
#6154 = CARTESIAN_POINT('',(0.85,-1.,0.1000001));
#6155 = CARTESIAN_POINT('',(0.85,-0.96,0.1000001));
#6156 = ADVANCED_FACE('',(#6157),#6175,.T.);
#6157 = FACE_BOUND('',#6158,.T.);
#6158 = EDGE_LOOP('',(#6159,#6160,#6161,#6162,#6169,#6174));
#6159 = ORIENTED_EDGE('',*,*,#2293,.F.);
#6160 = ORIENTED_EDGE('',*,*,#2176,.F.);
#6161 = ORIENTED_EDGE('',*,*,#6146,.F.);
#6162 = ORIENTED_EDGE('',*,*,#6163,.T.);
#6163 = EDGE_CURVE('',#6140,#6164,#6166,.T.);
#6164 = VERTEX_POINT('',#6165);
#6165 = CARTESIAN_POINT('',(0.5,-0.96,0.1000001));
#6166 = B_SPLINE_CURVE_WITH_KNOTS('',1,(#6167,#6168),.UNSPECIFIED.,.F.,
  .F.,(2,2),(0.,0.35),.PIECEWISE_BEZIER_KNOTS.);
#6167 = CARTESIAN_POINT('',(0.85,-0.96,0.1000001));
#6168 = CARTESIAN_POINT('',(0.5,-0.96,0.1000001));
#6169 = ORIENTED_EDGE('',*,*,#6170,.T.);
#6170 = EDGE_CURVE('',#6164,#2107,#6171,.T.);
#6171 = B_SPLINE_CURVE_WITH_KNOTS('',1,(#6172,#6173),.UNSPECIFIED.,.F.,
  .F.,(2,2),(-0.,3.E-02),.PIECEWISE_BEZIER_KNOTS.);
#6172 = CARTESIAN_POINT('',(0.5,-0.96,0.1000001));
#6173 = CARTESIAN_POINT('',(0.5,-0.96,7.00001E-02));
#6174 = ORIENTED_EDGE('',*,*,#2106,.T.);
#6175 = B_SPLINE_SURFACE_WITH_KNOTS('',1,1,(
    (#6176,#6177)
    ,(#6178,#6179
    )),.UNSPECIFIED.,.F.,.F.,.F.,(2,2),(2,2),(0.,0.1),(-0.35,0.),
  .PIECEWISE_BEZIER_KNOTS.);
#6176 = CARTESIAN_POINT('',(0.5,-0.96,0.1000001));
#6177 = CARTESIAN_POINT('',(0.85,-0.96,0.1000001));
#6178 = CARTESIAN_POINT('',(0.5,-0.96,9.999999999941E-08));
#6179 = CARTESIAN_POINT('',(0.85,-0.96,9.999999999941E-08));
#6180 = ADVANCED_FACE('',(#6181),#6191,.T.);
#6181 = FACE_BOUND('',#6182,.T.);
#6182 = EDGE_LOOP('',(#6183,#6184,#6189,#6190));
#6183 = ORIENTED_EDGE('',*,*,#6170,.F.);
#6184 = ORIENTED_EDGE('',*,*,#6185,.T.);
#6185 = EDGE_CURVE('',#6164,#515,#6186,.T.);
#6186 = B_SPLINE_CURVE_WITH_KNOTS('',1,(#6187,#6188),.UNSPECIFIED.,.F.,
  .F.,(2,2),(-5.E-02,-1.E-02),.PIECEWISE_BEZIER_KNOTS.);
#6187 = CARTESIAN_POINT('',(0.5,-0.96,0.1000001));
#6188 = CARTESIAN_POINT('',(0.5,-1.,0.1000001));
#6189 = ORIENTED_EDGE('',*,*,#619,.T.);
#6190 = ORIENTED_EDGE('',*,*,#3485,.F.);
#6191 = B_SPLINE_SURFACE_WITH_KNOTS('',1,1,(
    (#6192,#6193)
    ,(#6194,#6195
    )),.UNSPECIFIED.,.F.,.F.,.F.,(2,2),(2,2),(0.,3.E-02),(1.E-02,5.E-02)
  ,.PIECEWISE_BEZIER_KNOTS.);
#6192 = CARTESIAN_POINT('',(0.5,-1.,0.1000001));
#6193 = CARTESIAN_POINT('',(0.5,-0.96,0.1000001));
#6194 = CARTESIAN_POINT('',(0.5,-1.,7.00001E-02));
#6195 = CARTESIAN_POINT('',(0.5,-0.96,7.00001E-02));
#6196 = ADVANCED_FACE('',(#6197),#6205,.T.);
#6197 = FACE_BOUND('',#6198,.T.);
#6198 = EDGE_LOOP('',(#6199,#6200,#6201,#6202,#6203,#6204));
#6199 = ORIENTED_EDGE('',*,*,#2218,.F.);
#6200 = ORIENTED_EDGE('',*,*,#2266,.F.);
#6201 = ORIENTED_EDGE('',*,*,#2148,.F.);
#6202 = ORIENTED_EDGE('',*,*,#6185,.F.);
#6203 = ORIENTED_EDGE('',*,*,#6163,.F.);
#6204 = ORIENTED_EDGE('',*,*,#6139,.F.);
#6205 = B_SPLINE_SURFACE_WITH_KNOTS('',1,1,(
    (#6206,#6207)
    ,(#6208,#6209
    )),.UNSPECIFIED.,.F.,.F.,.F.,(2,2),(2,2),(0.5,0.85),(0.96,1.01),
  .PIECEWISE_BEZIER_KNOTS.);
#6206 = CARTESIAN_POINT('',(0.5,-0.96,0.1000001));
#6207 = CARTESIAN_POINT('',(0.5,-1.01,0.1000001));
#6208 = CARTESIAN_POINT('',(0.85,-0.96,0.1000001));
#6209 = CARTESIAN_POINT('',(0.85,-1.01,0.1000001));
#6210 = ADVANCED_FACE('',(#6211),#6227,.T.);
#6211 = FACE_BOUND('',#6212,.T.);
#6212 = EDGE_LOOP('',(#6213,#6214,#6221,#6226));
#6213 = ORIENTED_EDGE('',*,*,#3031,.T.);
#6214 = ORIENTED_EDGE('',*,*,#6215,.T.);
#6215 = EDGE_CURVE('',#1987,#6216,#6218,.T.);
#6216 = VERTEX_POINT('',#6217);
#6217 = CARTESIAN_POINT('',(0.96,-0.6255,0.1000001));
#6218 = B_SPLINE_CURVE_WITH_KNOTS('',1,(#6219,#6220),.UNSPECIFIED.,.F.,
  .F.,(2,2),(9.999999999999E-03,5.E-02),.PIECEWISE_BEZIER_KNOTS.);
#6219 = CARTESIAN_POINT('',(1.,-0.6255,0.1000001));
#6220 = CARTESIAN_POINT('',(0.96,-0.6255,0.1000001));
#6221 = ORIENTED_EDGE('',*,*,#6222,.T.);
#6222 = EDGE_CURVE('',#6216,#1935,#6223,.T.);
#6223 = B_SPLINE_CURVE_WITH_KNOTS('',1,(#6224,#6225),.UNSPECIFIED.,.F.,
  .F.,(2,2),(-0.,3.E-02),.PIECEWISE_BEZIER_KNOTS.);
#6224 = CARTESIAN_POINT('',(0.96,-0.6255,0.1000001));
#6225 = CARTESIAN_POINT('',(0.96,-0.6255,7.00001E-02));
#6226 = ORIENTED_EDGE('',*,*,#3452,.F.);
#6227 = B_SPLINE_SURFACE_WITH_KNOTS('',1,1,(
    (#6228,#6229)
    ,(#6230,#6231
    )),.UNSPECIFIED.,.F.,.F.,.F.,(2,2),(2,2),(0.,3.E-02),(-5.E-02,
    -9.999999999999E-03),.PIECEWISE_BEZIER_KNOTS.);
#6228 = CARTESIAN_POINT('',(0.96,-0.6255,0.1000001));
#6229 = CARTESIAN_POINT('',(1.,-0.6255,0.1000001));
#6230 = CARTESIAN_POINT('',(0.96,-0.6255,7.00001E-02));
#6231 = CARTESIAN_POINT('',(1.,-0.6255,7.00001E-02));
#6232 = ADVANCED_FACE('',(#6233),#6249,.T.);
#6233 = FACE_BOUND('',#6234,.T.);
#6234 = EDGE_LOOP('',(#6235,#6236,#6237,#6244));
#6235 = ORIENTED_EDGE('',*,*,#3019,.T.);
#6236 = ORIENTED_EDGE('',*,*,#3531,.F.);
#6237 = ORIENTED_EDGE('',*,*,#6238,.F.);
#6238 = EDGE_CURVE('',#6239,#2021,#6241,.T.);
#6239 = VERTEX_POINT('',#6240);
#6240 = CARTESIAN_POINT('',(0.96,-0.8505,0.1000001));
#6241 = B_SPLINE_CURVE_WITH_KNOTS('',1,(#6242,#6243),.UNSPECIFIED.,.F.,
  .F.,(2,2),(-0.,3.E-02),.PIECEWISE_BEZIER_KNOTS.);
#6242 = CARTESIAN_POINT('',(0.96,-0.8505,0.1000001));
#6243 = CARTESIAN_POINT('',(0.96,-0.8505,7.00001E-02));
#6244 = ORIENTED_EDGE('',*,*,#6245,.T.);
#6245 = EDGE_CURVE('',#6239,#2071,#6246,.T.);
#6246 = B_SPLINE_CURVE_WITH_KNOTS('',1,(#6247,#6248),.UNSPECIFIED.,.F.,
  .F.,(2,2),(-5.E-02,-9.999999999999E-03),.PIECEWISE_BEZIER_KNOTS.);
#6247 = CARTESIAN_POINT('',(0.96,-0.8505,0.1000001));
#6248 = CARTESIAN_POINT('',(1.,-0.8505,0.1000001));
#6249 = B_SPLINE_SURFACE_WITH_KNOTS('',1,1,(
    (#6250,#6251)
    ,(#6252,#6253
    )),.UNSPECIFIED.,.F.,.F.,.F.,(2,2),(2,2),(-3.E-02,0.),(-5.E-02,
    -9.999999999999E-03),.PIECEWISE_BEZIER_KNOTS.);
#6250 = CARTESIAN_POINT('',(0.96,-0.8505,7.00001E-02));
#6251 = CARTESIAN_POINT('',(1.,-0.8505,7.00001E-02));
#6252 = CARTESIAN_POINT('',(0.96,-0.8505,0.1000001));
#6253 = CARTESIAN_POINT('',(1.,-0.8505,0.1000001));
#6254 = ADVANCED_FACE('',(#6255),#6267,.T.);
#6255 = FACE_BOUND('',#6256,.T.);
#6256 = EDGE_LOOP('',(#6257,#6258,#6259,#6260,#6265,#6266));
#6257 = ORIENTED_EDGE('',*,*,#2286,.F.);
#6258 = ORIENTED_EDGE('',*,*,#1934,.F.);
#6259 = ORIENTED_EDGE('',*,*,#6222,.F.);
#6260 = ORIENTED_EDGE('',*,*,#6261,.T.);
#6261 = EDGE_CURVE('',#6216,#6239,#6262,.T.);
#6262 = B_SPLINE_CURVE_WITH_KNOTS('',1,(#6263,#6264),.UNSPECIFIED.,.F.,
  .F.,(2,2),(0.,0.225),.PIECEWISE_BEZIER_KNOTS.);
#6263 = CARTESIAN_POINT('',(0.96,-0.6255,0.1000001));
#6264 = CARTESIAN_POINT('',(0.96,-0.8505,0.1000001));
#6265 = ORIENTED_EDGE('',*,*,#6238,.T.);
#6266 = ORIENTED_EDGE('',*,*,#2020,.T.);
#6267 = B_SPLINE_SURFACE_WITH_KNOTS('',1,1,(
    (#6268,#6269)
    ,(#6270,#6271
    )),.UNSPECIFIED.,.F.,.F.,.F.,(2,2),(2,2),(0.,0.1),(-0.225,0.),
  .PIECEWISE_BEZIER_KNOTS.);
#6268 = CARTESIAN_POINT('',(0.96,-0.8505,0.1000001));
#6269 = CARTESIAN_POINT('',(0.96,-0.6255,0.1000001));
#6270 = CARTESIAN_POINT('',(0.96,-0.8505,9.999999999941E-08));
#6271 = CARTESIAN_POINT('',(0.96,-0.6255,9.999999999941E-08));
#6272 = ADVANCED_FACE('',(#6273),#6281,.T.);
#6273 = FACE_BOUND('',#6274,.T.);
#6274 = EDGE_LOOP('',(#6275,#6276,#6277,#6278,#6279,#6280));
#6275 = ORIENTED_EDGE('',*,*,#1984,.F.);
#6276 = ORIENTED_EDGE('',*,*,#2246,.F.);
#6277 = ORIENTED_EDGE('',*,*,#2070,.F.);
#6278 = ORIENTED_EDGE('',*,*,#6245,.F.);
#6279 = ORIENTED_EDGE('',*,*,#6261,.F.);
#6280 = ORIENTED_EDGE('',*,*,#6215,.F.);
#6281 = B_SPLINE_SURFACE_WITH_KNOTS('',1,1,(
    (#6282,#6283)
    ,(#6284,#6285
    )),.UNSPECIFIED.,.F.,.F.,.F.,(2,2),(2,2),(0.96,1.01),(0.6255,0.8505)
  ,.PIECEWISE_BEZIER_KNOTS.);
#6282 = CARTESIAN_POINT('',(0.96,-0.6255,0.1000001));
#6283 = CARTESIAN_POINT('',(0.96,-0.8505,0.1000001));
#6284 = CARTESIAN_POINT('',(1.01,-0.6255,0.1000001));
#6285 = CARTESIAN_POINT('',(1.01,-0.8505,0.1000001));
#6286 = ADVANCED_FACE('',(#6287),#6303,.T.);
#6287 = FACE_BOUND('',#6288,.T.);
#6288 = EDGE_LOOP('',(#6289,#6290,#6297,#6302));
#6289 = ORIENTED_EDGE('',*,*,#3057,.T.);
#6290 = ORIENTED_EDGE('',*,*,#6291,.T.);
#6291 = EDGE_CURVE('',#1775,#6292,#6294,.T.);
#6292 = VERTEX_POINT('',#6293);
#6293 = CARTESIAN_POINT('',(0.96,-0.1375,0.1000001));
#6294 = B_SPLINE_CURVE_WITH_KNOTS('',1,(#6295,#6296),.UNSPECIFIED.,.F.,
  .F.,(2,2),(9.999999999999E-03,5.E-02),.PIECEWISE_BEZIER_KNOTS.);
#6295 = CARTESIAN_POINT('',(1.,-0.1375,0.1000001));
#6296 = CARTESIAN_POINT('',(0.96,-0.1375,0.1000001));
#6297 = ORIENTED_EDGE('',*,*,#6298,.T.);
#6298 = EDGE_CURVE('',#6292,#1723,#6299,.T.);
#6299 = B_SPLINE_CURVE_WITH_KNOTS('',1,(#6300,#6301),.UNSPECIFIED.,.F.,
  .F.,(2,2),(-0.,3.E-02),.PIECEWISE_BEZIER_KNOTS.);
#6300 = CARTESIAN_POINT('',(0.96,-0.1375,0.1000001));
#6301 = CARTESIAN_POINT('',(0.96,-0.1375,7.00001E-02));
#6302 = ORIENTED_EDGE('',*,*,#3425,.F.);
#6303 = B_SPLINE_SURFACE_WITH_KNOTS('',1,1,(
    (#6304,#6305)
    ,(#6306,#6307
    )),.UNSPECIFIED.,.F.,.F.,.F.,(2,2),(2,2),(0.,3.E-02),(-5.E-02,
    -9.999999999999E-03),.PIECEWISE_BEZIER_KNOTS.);
#6304 = CARTESIAN_POINT('',(0.96,-0.1375,0.1000001));
#6305 = CARTESIAN_POINT('',(1.,-0.1375,0.1000001));
#6306 = CARTESIAN_POINT('',(0.96,-0.1375,7.00001E-02));
#6307 = CARTESIAN_POINT('',(1.,-0.1375,7.00001E-02));
#6308 = ADVANCED_FACE('',(#6309),#6325,.T.);
#6309 = FACE_BOUND('',#6310,.T.);
#6310 = EDGE_LOOP('',(#6311,#6312,#6313,#6320));
#6311 = ORIENTED_EDGE('',*,*,#3045,.T.);
#6312 = ORIENTED_EDGE('',*,*,#3464,.F.);
#6313 = ORIENTED_EDGE('',*,*,#6314,.F.);
#6314 = EDGE_CURVE('',#6315,#1809,#6317,.T.);
#6315 = VERTEX_POINT('',#6316);
#6316 = CARTESIAN_POINT('',(0.96,-0.3625,0.1000001));
#6317 = B_SPLINE_CURVE_WITH_KNOTS('',1,(#6318,#6319),.UNSPECIFIED.,.F.,
  .F.,(2,2),(-0.,3.E-02),.PIECEWISE_BEZIER_KNOTS.);
#6318 = CARTESIAN_POINT('',(0.96,-0.3625,0.1000001));
#6319 = CARTESIAN_POINT('',(0.96,-0.3625,7.00001E-02));
#6320 = ORIENTED_EDGE('',*,*,#6321,.T.);
#6321 = EDGE_CURVE('',#6315,#1859,#6322,.T.);
#6322 = B_SPLINE_CURVE_WITH_KNOTS('',1,(#6323,#6324),.UNSPECIFIED.,.F.,
  .F.,(2,2),(-5.E-02,-9.999999999999E-03),.PIECEWISE_BEZIER_KNOTS.);
#6323 = CARTESIAN_POINT('',(0.96,-0.3625,0.1000001));
#6324 = CARTESIAN_POINT('',(1.,-0.3625,0.1000001));
#6325 = B_SPLINE_SURFACE_WITH_KNOTS('',1,1,(
    (#6326,#6327)
    ,(#6328,#6329
    )),.UNSPECIFIED.,.F.,.F.,.F.,(2,2),(2,2),(-3.E-02,0.),(-5.E-02,
    -9.999999999999E-03),.PIECEWISE_BEZIER_KNOTS.);
#6326 = CARTESIAN_POINT('',(0.96,-0.3625,7.00001E-02));
#6327 = CARTESIAN_POINT('',(1.,-0.3625,7.00001E-02));
#6328 = CARTESIAN_POINT('',(0.96,-0.3625,0.1000001));
#6329 = CARTESIAN_POINT('',(1.,-0.3625,0.1000001));
#6330 = ADVANCED_FACE('',(#6331),#6343,.T.);
#6331 = FACE_BOUND('',#6332,.T.);
#6332 = EDGE_LOOP('',(#6333,#6334,#6335,#6336,#6341,#6342));
#6333 = ORIENTED_EDGE('',*,*,#1914,.F.);
#6334 = ORIENTED_EDGE('',*,*,#1722,.F.);
#6335 = ORIENTED_EDGE('',*,*,#6298,.F.);
#6336 = ORIENTED_EDGE('',*,*,#6337,.T.);
#6337 = EDGE_CURVE('',#6292,#6315,#6338,.T.);
#6338 = B_SPLINE_CURVE_WITH_KNOTS('',1,(#6339,#6340),.UNSPECIFIED.,.F.,
  .F.,(2,2),(0.,0.225),.PIECEWISE_BEZIER_KNOTS.);
#6339 = CARTESIAN_POINT('',(0.96,-0.1375,0.1000001));
#6340 = CARTESIAN_POINT('',(0.96,-0.3625,0.1000001));
#6341 = ORIENTED_EDGE('',*,*,#6314,.T.);
#6342 = ORIENTED_EDGE('',*,*,#1808,.T.);
#6343 = B_SPLINE_SURFACE_WITH_KNOTS('',1,1,(
    (#6344,#6345)
    ,(#6346,#6347
    )),.UNSPECIFIED.,.F.,.F.,.F.,(2,2),(2,2),(0.,0.1),(-0.225,0.),
  .PIECEWISE_BEZIER_KNOTS.);
#6344 = CARTESIAN_POINT('',(0.96,-0.3625,0.1000001));
#6345 = CARTESIAN_POINT('',(0.96,-0.1375,0.1000001));
#6346 = CARTESIAN_POINT('',(0.96,-0.3625,9.999999999941E-08));
#6347 = CARTESIAN_POINT('',(0.96,-0.1375,9.999999999941E-08));
#6348 = ADVANCED_FACE('',(#6349),#6357,.T.);
#6349 = FACE_BOUND('',#6350,.T.);
#6350 = EDGE_LOOP('',(#6351,#6352,#6353,#6354,#6355,#6356));
#6351 = ORIENTED_EDGE('',*,*,#1772,.F.);
#6352 = ORIENTED_EDGE('',*,*,#1894,.F.);
#6353 = ORIENTED_EDGE('',*,*,#1858,.F.);
#6354 = ORIENTED_EDGE('',*,*,#6321,.F.);
#6355 = ORIENTED_EDGE('',*,*,#6337,.F.);
#6356 = ORIENTED_EDGE('',*,*,#6291,.F.);
#6357 = B_SPLINE_SURFACE_WITH_KNOTS('',1,1,(
    (#6358,#6359)
    ,(#6360,#6361
    )),.UNSPECIFIED.,.F.,.F.,.F.,(2,2),(2,2),(0.96,1.01),(0.1375,0.3625)
  ,.PIECEWISE_BEZIER_KNOTS.);
#6358 = CARTESIAN_POINT('',(0.96,-0.1375,0.1000001));
#6359 = CARTESIAN_POINT('',(0.96,-0.3625,0.1000001));
#6360 = CARTESIAN_POINT('',(1.01,-0.1375,0.1000001));
#6361 = CARTESIAN_POINT('',(1.01,-0.3625,0.1000001));
#6362 = ADVANCED_FACE('',(#6363),#6373,.T.);
#6363 = FACE_BOUND('',#6364,.T.);
#6364 = EDGE_LOOP('',(#6365,#6366,#6367,#6372));
#6365 = ORIENTED_EDGE('',*,*,#2826,.F.);
#6366 = ORIENTED_EDGE('',*,*,#1624,.T.);
#6367 = ORIENTED_EDGE('',*,*,#6368,.F.);
#6368 = EDGE_CURVE('',#1589,#1618,#6369,.T.);
#6369 = B_SPLINE_CURVE_WITH_KNOTS('',1,(#6370,#6371),.UNSPECIFIED.,.F.,
  .F.,(2,2),(-0.35,0.),.PIECEWISE_BEZIER_KNOTS.);
#6370 = CARTESIAN_POINT('',(0.175,-0.1,1.000000000029E-07));
#6371 = CARTESIAN_POINT('',(-0.175,-0.1,1.000000000029E-07));
#6372 = ORIENTED_EDGE('',*,*,#1588,.F.);
#6373 = B_SPLINE_SURFACE_WITH_KNOTS('',1,1,(
    (#6374,#6375)
    ,(#6376,#6377
    )),.UNSPECIFIED.,.F.,.F.,.F.,(2,2),(2,2),(0.,0.35),(-0.2,-0.18),
  .PIECEWISE_BEZIER_KNOTS.);
#6374 = CARTESIAN_POINT('',(-0.175,-0.1,1.000000000133E-07));
#6375 = CARTESIAN_POINT('',(-0.175,-0.1,2.00001E-02));
#6376 = CARTESIAN_POINT('',(0.175,-0.1,1.000000000133E-07));
#6377 = CARTESIAN_POINT('',(0.175,-0.1,2.00001E-02));
#6378 = ADVANCED_FACE('',(#6379),#6401,.T.);
#6379 = FACE_BOUND('',#6380,.T.);
#6380 = EDGE_LOOP('',(#6381,#6388,#6395,#6400));
#6381 = ORIENTED_EDGE('',*,*,#6382,.F.);
#6382 = EDGE_CURVE('',#6383,#3283,#6385,.T.);
#6383 = VERTEX_POINT('',#6384);
#6384 = CARTESIAN_POINT('',(0.175,1.01,0.1000001));
#6385 = B_SPLINE_CURVE_WITH_KNOTS('',1,(#6386,#6387),.UNSPECIFIED.,.F.,
  .F.,(2,2),(0.,1.E-02),.PIECEWISE_BEZIER_KNOTS.);
#6386 = CARTESIAN_POINT('',(0.175,1.01,0.1000001));
#6387 = CARTESIAN_POINT('',(0.175,1.,0.1000001));
#6388 = ORIENTED_EDGE('',*,*,#6389,.F.);
#6389 = EDGE_CURVE('',#6390,#6383,#6392,.T.);
#6390 = VERTEX_POINT('',#6391);
#6391 = CARTESIAN_POINT('',(0.175,1.01,0.2000001));
#6392 = B_SPLINE_CURVE_WITH_KNOTS('',1,(#6393,#6394),.UNSPECIFIED.,.F.,
  .F.,(2,2),(0.,1.E-01),.PIECEWISE_BEZIER_KNOTS.);
#6393 = CARTESIAN_POINT('',(0.175,1.01,0.2000001));
#6394 = CARTESIAN_POINT('',(0.175,1.01,0.1000001));
#6395 = ORIENTED_EDGE('',*,*,#6396,.T.);
#6396 = EDGE_CURVE('',#6390,#3290,#6397,.T.);
#6397 = B_SPLINE_CURVE_WITH_KNOTS('',1,(#6398,#6399),.UNSPECIFIED.,.F.,
  .F.,(2,2),(-1.11,-1.1),.PIECEWISE_BEZIER_KNOTS.);
#6398 = CARTESIAN_POINT('',(0.175,1.01,0.2000001));
#6399 = CARTESIAN_POINT('',(0.175,1.,0.2000001));
#6400 = ORIENTED_EDGE('',*,*,#3289,.F.);
#6401 = B_SPLINE_SURFACE_WITH_KNOTS('',1,1,(
    (#6402,#6403)
    ,(#6404,#6405
    )),.UNSPECIFIED.,.F.,.F.,.F.,(2,2),(2,2),(0.,0.1),(1.1,1.11),
  .PIECEWISE_BEZIER_KNOTS.);
#6402 = CARTESIAN_POINT('',(0.175,1.,0.2000001));
#6403 = CARTESIAN_POINT('',(0.175,1.01,0.2000001));
#6404 = CARTESIAN_POINT('',(0.175,1.,0.1000001));
#6405 = CARTESIAN_POINT('',(0.175,1.01,0.1000001));
#6406 = ADVANCED_FACE('',(#6407),#6429,.T.);
#6407 = FACE_BOUND('',#6408,.T.);
#6408 = EDGE_LOOP('',(#6409,#6416,#6417,#6424));
#6409 = ORIENTED_EDGE('',*,*,#6410,.F.);
#6410 = EDGE_CURVE('',#3304,#6411,#6413,.T.);
#6411 = VERTEX_POINT('',#6412);
#6412 = CARTESIAN_POINT('',(-0.175,1.01,0.1000001));
#6413 = B_SPLINE_CURVE_WITH_KNOTS('',1,(#6414,#6415),.UNSPECIFIED.,.F.,
  .F.,(2,2),(-1.E-02,0.),.PIECEWISE_BEZIER_KNOTS.);
#6414 = CARTESIAN_POINT('',(-0.175,1.,0.1000001));
#6415 = CARTESIAN_POINT('',(-0.175,1.01,0.1000001));
#6416 = ORIENTED_EDGE('',*,*,#3303,.F.);
#6417 = ORIENTED_EDGE('',*,*,#6418,.T.);
#6418 = EDGE_CURVE('',#3297,#6419,#6421,.T.);
#6419 = VERTEX_POINT('',#6420);
#6420 = CARTESIAN_POINT('',(-0.175,1.01,0.2000001));
#6421 = B_SPLINE_CURVE_WITH_KNOTS('',1,(#6422,#6423),.UNSPECIFIED.,.F.,
  .F.,(2,2),(1.1,1.11),.PIECEWISE_BEZIER_KNOTS.);
#6422 = CARTESIAN_POINT('',(-0.175,1.,0.2000001));
#6423 = CARTESIAN_POINT('',(-0.175,1.01,0.2000001));
#6424 = ORIENTED_EDGE('',*,*,#6425,.T.);
#6425 = EDGE_CURVE('',#6419,#6411,#6426,.T.);
#6426 = B_SPLINE_CURVE_WITH_KNOTS('',1,(#6427,#6428),.UNSPECIFIED.,.F.,
  .F.,(2,2),(0.,1.E-01),.PIECEWISE_BEZIER_KNOTS.);
#6427 = CARTESIAN_POINT('',(-0.175,1.01,0.2000001));
#6428 = CARTESIAN_POINT('',(-0.175,1.01,0.1000001));
#6429 = B_SPLINE_SURFACE_WITH_KNOTS('',1,1,(
    (#6430,#6431)
    ,(#6432,#6433
    )),.UNSPECIFIED.,.F.,.F.,.F.,(2,2),(2,2),(-0.1,0.),(1.1,1.11),
  .PIECEWISE_BEZIER_KNOTS.);
#6430 = CARTESIAN_POINT('',(-0.175,1.,0.1000001));
#6431 = CARTESIAN_POINT('',(-0.175,1.01,0.1000001));
#6432 = CARTESIAN_POINT('',(-0.175,1.,0.2000001));
#6433 = CARTESIAN_POINT('',(-0.175,1.01,0.2000001));
#6434 = ADVANCED_FACE('',(#6435),#6445,.F.);
#6435 = FACE_BOUND('',#6436,.T.);
#6436 = EDGE_LOOP('',(#6437,#6438,#6439,#6440));
#6437 = ORIENTED_EDGE('',*,*,#6418,.F.);
#6438 = ORIENTED_EDGE('',*,*,#3296,.T.);
#6439 = ORIENTED_EDGE('',*,*,#6396,.F.);
#6440 = ORIENTED_EDGE('',*,*,#6441,.F.);
#6441 = EDGE_CURVE('',#6419,#6390,#6442,.T.);
#6442 = B_SPLINE_CURVE_WITH_KNOTS('',1,(#6443,#6444),.UNSPECIFIED.,.F.,
  .F.,(2,2),(0.,0.35),.PIECEWISE_BEZIER_KNOTS.);
#6443 = CARTESIAN_POINT('',(-0.175,1.01,0.2000001));
#6444 = CARTESIAN_POINT('',(0.175,1.01,0.2000001));
#6445 = B_SPLINE_SURFACE_WITH_KNOTS('',1,1,(
    (#6446,#6447)
    ,(#6448,#6449
  )),.UNSPECIFIED.,.F.,.F.,.F.,(2,2),(2,2),(-0.175,0.175),(1.,1.01),
  .PIECEWISE_BEZIER_KNOTS.);
#6446 = CARTESIAN_POINT('',(0.175,1.,0.2000001));
#6447 = CARTESIAN_POINT('',(0.175,1.01,0.2000001));
#6448 = CARTESIAN_POINT('',(-0.175,1.,0.2000001));
#6449 = CARTESIAN_POINT('',(-0.175,1.01,0.2000001));
#6450 = ADVANCED_FACE('',(#6451),#6461,.T.);
#6451 = FACE_BOUND('',#6452,.T.);
#6452 = EDGE_LOOP('',(#6453,#6458,#6459,#6460));
#6453 = ORIENTED_EDGE('',*,*,#6454,.F.);
#6454 = EDGE_CURVE('',#6411,#6383,#6455,.T.);
#6455 = B_SPLINE_CURVE_WITH_KNOTS('',1,(#6456,#6457),.UNSPECIFIED.,.F.,
  .F.,(2,2),(0.,0.35),.PIECEWISE_BEZIER_KNOTS.);
#6456 = CARTESIAN_POINT('',(-0.175,1.01,0.1000001));
#6457 = CARTESIAN_POINT('',(0.175,1.01,0.1000001));
#6458 = ORIENTED_EDGE('',*,*,#6425,.F.);
#6459 = ORIENTED_EDGE('',*,*,#6441,.T.);
#6460 = ORIENTED_EDGE('',*,*,#6389,.T.);
#6461 = B_SPLINE_SURFACE_WITH_KNOTS('',1,1,(
    (#6462,#6463)
    ,(#6464,#6465
    )),.UNSPECIFIED.,.F.,.F.,.F.,(2,2),(2,2),(-1.E-01,0.),(0.,0.35),
  .PIECEWISE_BEZIER_KNOTS.);
#6462 = CARTESIAN_POINT('',(-0.175,1.01,0.1000001));
#6463 = CARTESIAN_POINT('',(0.175,1.01,0.1000001));
#6464 = CARTESIAN_POINT('',(-0.175,1.01,0.2000001));
#6465 = CARTESIAN_POINT('',(0.175,1.01,0.2000001));
#6466 = ADVANCED_FACE('',(#6467),#6477,.T.);
#6467 = FACE_BOUND('',#6468,.T.);
#6468 = EDGE_LOOP('',(#6469,#6474,#6475,#6476));
#6469 = ORIENTED_EDGE('',*,*,#6470,.F.);
#6470 = EDGE_CURVE('',#1561,#1611,#6471,.T.);
#6471 = B_SPLINE_CURVE_WITH_KNOTS('',1,(#6472,#6473),.UNSPECIFIED.,.F.,
  .F.,(2,2),(-0.35,-0.),.PIECEWISE_BEZIER_KNOTS.);
#6472 = CARTESIAN_POINT('',(0.175,0.96,1.000000000029E-07));
#6473 = CARTESIAN_POINT('',(-0.175,0.96,1.000000000029E-07));
#6474 = ORIENTED_EDGE('',*,*,#1595,.T.);
#6475 = ORIENTED_EDGE('',*,*,#6368,.T.);
#6476 = ORIENTED_EDGE('',*,*,#1617,.T.);
#6477 = B_SPLINE_SURFACE_WITH_KNOTS('',1,1,(
    (#6478,#6479)
    ,(#6480,#6481
  )),.UNSPECIFIED.,.F.,.F.,.F.,(2,2),(2,2),(-0.175,0.175),(-0.1,0.96),
  .PIECEWISE_BEZIER_KNOTS.);
#6478 = CARTESIAN_POINT('',(0.175,-0.1,1.000000000029E-07));
#6479 = CARTESIAN_POINT('',(0.175,0.96,1.000000000029E-07));
#6480 = CARTESIAN_POINT('',(-0.175,-0.1,1.000000000029E-07));
#6481 = CARTESIAN_POINT('',(-0.175,0.96,1.000000000029E-07));
#6482 = ADVANCED_FACE('',(#6483),#6499,.F.);
#6483 = FACE_BOUND('',#6484,.T.);
#6484 = EDGE_LOOP('',(#6485,#6486,#6487,#6494));
#6485 = ORIENTED_EDGE('',*,*,#3186,.T.);
#6486 = ORIENTED_EDGE('',*,*,#3310,.F.);
#6487 = ORIENTED_EDGE('',*,*,#6488,.F.);
#6488 = EDGE_CURVE('',#6489,#3304,#6491,.T.);
#6489 = VERTEX_POINT('',#6490);
#6490 = CARTESIAN_POINT('',(-0.175,0.96,0.1000001));
#6491 = B_SPLINE_CURVE_WITH_KNOTS('',1,(#6492,#6493),.UNSPECIFIED.,.F.,
  .F.,(2,2),(-5.E-02,-1.E-02),.PIECEWISE_BEZIER_KNOTS.);
#6492 = CARTESIAN_POINT('',(-0.175,0.96,0.1000001));
#6493 = CARTESIAN_POINT('',(-0.175,1.,0.1000001));
#6494 = ORIENTED_EDGE('',*,*,#6495,.T.);
#6495 = EDGE_CURVE('',#6489,#1609,#6496,.T.);
#6496 = B_SPLINE_CURVE_WITH_KNOTS('',1,(#6497,#6498),.UNSPECIFIED.,.F.,
  .F.,(2,2),(-0.,3.E-02),.PIECEWISE_BEZIER_KNOTS.);
#6497 = CARTESIAN_POINT('',(-0.175,0.96,0.1000001));
#6498 = CARTESIAN_POINT('',(-0.175,0.96,7.00001E-02));
#6499 = B_SPLINE_SURFACE_WITH_KNOTS('',1,1,(
    (#6500,#6501)
    ,(#6502,#6503
    )),.UNSPECIFIED.,.F.,.F.,.F.,(2,2),(2,2),(-3.E-02,0.),(-5.E-02,
    -1.E-02),.PIECEWISE_BEZIER_KNOTS.);
#6500 = CARTESIAN_POINT('',(-0.175,0.96,7.00001E-02));
#6501 = CARTESIAN_POINT('',(-0.175,1.,7.00001E-02));
#6502 = CARTESIAN_POINT('',(-0.175,0.96,0.1000001));
#6503 = CARTESIAN_POINT('',(-0.175,1.,0.1000001));
#6504 = ADVANCED_FACE('',(#6505),#6523,.F.);
#6505 = FACE_BOUND('',#6506,.T.);
#6506 = EDGE_LOOP('',(#6507,#6508,#6509,#6510,#6517,#6522));
#6507 = ORIENTED_EDGE('',*,*,#6470,.T.);
#6508 = ORIENTED_EDGE('',*,*,#1608,.F.);
#6509 = ORIENTED_EDGE('',*,*,#6495,.F.);
#6510 = ORIENTED_EDGE('',*,*,#6511,.F.);
#6511 = EDGE_CURVE('',#6512,#6489,#6514,.T.);
#6512 = VERTEX_POINT('',#6513);
#6513 = CARTESIAN_POINT('',(0.175,0.96,0.1000001));
#6514 = B_SPLINE_CURVE_WITH_KNOTS('',1,(#6515,#6516),.UNSPECIFIED.,.F.,
  .F.,(2,2),(-0.35,-0.),.PIECEWISE_BEZIER_KNOTS.);
#6515 = CARTESIAN_POINT('',(0.175,0.96,0.1000001));
#6516 = CARTESIAN_POINT('',(-0.175,0.96,0.1000001));
#6517 = ORIENTED_EDGE('',*,*,#6518,.T.);
#6518 = EDGE_CURVE('',#6512,#1559,#6519,.T.);
#6519 = B_SPLINE_CURVE_WITH_KNOTS('',1,(#6520,#6521),.UNSPECIFIED.,.F.,
  .F.,(2,2),(-0.,3.E-02),.PIECEWISE_BEZIER_KNOTS.);
#6520 = CARTESIAN_POINT('',(0.175,0.96,0.1000001));
#6521 = CARTESIAN_POINT('',(0.175,0.96,7.00001E-02));
#6522 = ORIENTED_EDGE('',*,*,#1558,.T.);
#6523 = B_SPLINE_SURFACE_WITH_KNOTS('',1,1,(
    (#6524,#6525)
    ,(#6526,#6527
    )),.UNSPECIFIED.,.F.,.F.,.F.,(2,2),(2,2),(0.,0.1),(0.,0.35),
  .PIECEWISE_BEZIER_KNOTS.);
#6524 = CARTESIAN_POINT('',(-0.175,0.96,0.1000001));
#6525 = CARTESIAN_POINT('',(0.175,0.96,0.1000001));
#6526 = CARTESIAN_POINT('',(-0.175,0.96,9.999999999941E-08));
#6527 = CARTESIAN_POINT('',(0.175,0.96,9.999999999941E-08));
#6528 = ADVANCED_FACE('',(#6529),#6539,.F.);
#6529 = FACE_BOUND('',#6530,.T.);
#6530 = EDGE_LOOP('',(#6531,#6532,#6533,#6538));
#6531 = ORIENTED_EDGE('',*,*,#1658,.T.);
#6532 = ORIENTED_EDGE('',*,*,#6518,.F.);
#6533 = ORIENTED_EDGE('',*,*,#6534,.F.);
#6534 = EDGE_CURVE('',#3283,#6512,#6535,.T.);
#6535 = B_SPLINE_CURVE_WITH_KNOTS('',1,(#6536,#6537),.UNSPECIFIED.,.F.,
  .F.,(2,2),(1.E-02,5.E-02),.PIECEWISE_BEZIER_KNOTS.);
#6536 = CARTESIAN_POINT('',(0.175,1.,0.1000001));
#6537 = CARTESIAN_POINT('',(0.175,0.96,0.1000001));
#6538 = ORIENTED_EDGE('',*,*,#3282,.F.);
#6539 = B_SPLINE_SURFACE_WITH_KNOTS('',1,1,(
    (#6540,#6541)
    ,(#6542,#6543
    )),.UNSPECIFIED.,.F.,.F.,.F.,(2,2),(2,2),(-0.,3.E-02),(-5.E-02,
    -1.E-02),.PIECEWISE_BEZIER_KNOTS.);
#6540 = CARTESIAN_POINT('',(0.175,0.96,0.1000001));
#6541 = CARTESIAN_POINT('',(0.175,1.,0.1000001));
#6542 = CARTESIAN_POINT('',(0.175,0.96,7.00001E-02));
#6543 = CARTESIAN_POINT('',(0.175,1.,7.00001E-02));
#6544 = ADVANCED_FACE('',(#6545),#6553,.F.);
#6545 = FACE_BOUND('',#6546,.T.);
#6546 = EDGE_LOOP('',(#6547,#6548,#6549,#6550,#6551,#6552));
#6547 = ORIENTED_EDGE('',*,*,#6488,.T.);
#6548 = ORIENTED_EDGE('',*,*,#6410,.T.);
#6549 = ORIENTED_EDGE('',*,*,#6454,.T.);
#6550 = ORIENTED_EDGE('',*,*,#6382,.T.);
#6551 = ORIENTED_EDGE('',*,*,#6534,.T.);
#6552 = ORIENTED_EDGE('',*,*,#6511,.T.);
#6553 = B_SPLINE_SURFACE_WITH_KNOTS('',1,1,(
    (#6554,#6555)
    ,(#6556,#6557
  )),.UNSPECIFIED.,.F.,.F.,.F.,(2,2),(2,2),(-0.175,0.175),(0.96,1.01),
  .PIECEWISE_BEZIER_KNOTS.);
#6554 = CARTESIAN_POINT('',(-0.175,0.96,0.1000001));
#6555 = CARTESIAN_POINT('',(-0.175,1.01,0.1000001));
#6556 = CARTESIAN_POINT('',(0.175,0.96,0.1000001));
#6557 = CARTESIAN_POINT('',(0.175,1.01,0.1000001));
#6558 = ADVANCED_FACE('',(#6559),#6565,.F.);
#6559 = FACE_BOUND('',#6560,.T.);
#6560 = EDGE_LOOP('',(#6561,#6562,#6563,#6564));
#6561 = ORIENTED_EDGE('',*,*,#2957,.F.);
#6562 = ORIENTED_EDGE('',*,*,#5150,.F.);
#6563 = ORIENTED_EDGE('',*,*,#5256,.F.);
#6564 = ORIENTED_EDGE('',*,*,#4012,.F.);
#6565 = B_SPLINE_SURFACE_WITH_KNOTS('',1,1,(
    (#6566,#6567)
    ,(#6568,#6569
    )),.UNSPECIFIED.,.F.,.F.,.F.,(2,2),(2,2),(0.18,0.2),(0.,
    0.141421356237),.PIECEWISE_BEZIER_KNOTS.);
#6566 = CARTESIAN_POINT('',(-0.45,0.7255,2.00001E-02));
#6567 = CARTESIAN_POINT('',(-0.55,0.6255,2.00001E-02));
#6568 = CARTESIAN_POINT('',(-0.45,0.7255,1.000000000133E-07));
#6569 = CARTESIAN_POINT('',(-0.55,0.6255,1.000000000133E-07));
#6570 = ADVANCED_FACE('',(#6571),#6593,.F.);
#6571 = FACE_BOUND('',#6572,.T.);
#6572 = EDGE_LOOP('',(#6573,#6574,#6581,#6588));
#6573 = ORIENTED_EDGE('',*,*,#626,.T.);
#6574 = ORIENTED_EDGE('',*,*,#6575,.F.);
#6575 = EDGE_CURVE('',#6576,#629,#6578,.T.);
#6576 = VERTEX_POINT('',#6577);
#6577 = CARTESIAN_POINT('',(-0.519589106048,-1.01,0.77633779833));
#6578 = B_SPLINE_CURVE_WITH_KNOTS('',1,(#6579,#6580),.UNSPECIFIED.,.F.,
  .F.,(2,2),(0.,1.E-02),.PIECEWISE_BEZIER_KNOTS.);
#6579 = CARTESIAN_POINT('',(-0.519589106048,-1.01,0.77633779833));
#6580 = CARTESIAN_POINT('',(-0.519589106048,-1.,0.77633779833));
#6581 = ORIENTED_EDGE('',*,*,#6582,.F.);
#6582 = EDGE_CURVE('',#6583,#6576,#6585,.T.);
#6583 = VERTEX_POINT('',#6584);
#6584 = CARTESIAN_POINT('',(-0.519589106048,-1.01,0.768608931152));
#6585 = B_SPLINE_CURVE_WITH_KNOTS('',1,(#6586,#6587),.UNSPECIFIED.,.F.,
  .F.,(2,2),(-7.728867177928E-03,0.),.PIECEWISE_BEZIER_KNOTS.);
#6586 = CARTESIAN_POINT('',(-0.519589106048,-1.01,0.768608931152));
#6587 = CARTESIAN_POINT('',(-0.519589106048,-1.01,0.77633779833));
#6588 = ORIENTED_EDGE('',*,*,#6589,.T.);
#6589 = EDGE_CURVE('',#6583,#627,#6590,.T.);
#6590 = B_SPLINE_CURVE_WITH_KNOTS('',1,(#6591,#6592),.UNSPECIFIED.,.F.,
  .F.,(2,2),(0.,1.E-02),.PIECEWISE_BEZIER_KNOTS.);
#6591 = CARTESIAN_POINT('',(-0.519589106048,-1.01,0.768608931152));
#6592 = CARTESIAN_POINT('',(-0.519589106048,-1.,0.768608931152));
#6593 = B_SPLINE_SURFACE_WITH_KNOTS('',1,1,(
    (#6594,#6595)
    ,(#6596,#6597
    )),.UNSPECIFIED.,.F.,.F.,.F.,(2,2),(2,2),(-7.728867177928E-03,0.),(
    0.,1.E-02),.PIECEWISE_BEZIER_KNOTS.);
#6594 = CARTESIAN_POINT('',(-0.519589106048,-1.01,0.768608931152));
#6595 = CARTESIAN_POINT('',(-0.519589106048,-1.,0.768608931152));
#6596 = CARTESIAN_POINT('',(-0.519589106048,-1.01,0.77633779833));
#6597 = CARTESIAN_POINT('',(-0.519589106048,-1.,0.77633779833));
#6598 = ADVANCED_FACE('',(#6599),#6615,.F.);
#6599 = FACE_BOUND('',#6600,.T.);
#6600 = EDGE_LOOP('',(#6601,#6602,#6609,#6614));
#6601 = ORIENTED_EDGE('',*,*,#663,.T.);
#6602 = ORIENTED_EDGE('',*,*,#6603,.F.);
#6603 = EDGE_CURVE('',#6604,#657,#6606,.T.);
#6604 = VERTEX_POINT('',#6605);
#6605 = CARTESIAN_POINT('',(-0.546588153275,-1.01,0.77633779833));
#6606 = B_SPLINE_CURVE_WITH_KNOTS('',1,(#6607,#6608),.UNSPECIFIED.,.F.,
  .F.,(2,2),(0.,1.E-02),.PIECEWISE_BEZIER_KNOTS.);
#6607 = CARTESIAN_POINT('',(-0.546588153275,-1.01,0.77633779833));
#6608 = CARTESIAN_POINT('',(-0.546588153275,-1.,0.77633779833));
#6609 = ORIENTED_EDGE('',*,*,#6610,.F.);
#6610 = EDGE_CURVE('',#6576,#6604,#6611,.T.);
#6611 = B_SPLINE_CURVE_WITH_KNOTS('',1,(#6612,#6613),.UNSPECIFIED.,.F.,
  .F.,(2,2),(-2.699904722722E-02,-0.),.PIECEWISE_BEZIER_KNOTS.);
#6612 = CARTESIAN_POINT('',(-0.519589106048,-1.01,0.77633779833));
#6613 = CARTESIAN_POINT('',(-0.546588153275,-1.01,0.77633779833));
#6614 = ORIENTED_EDGE('',*,*,#6575,.T.);
#6615 = B_SPLINE_SURFACE_WITH_KNOTS('',1,1,(
    (#6616,#6617)
    ,(#6618,#6619
    )),.UNSPECIFIED.,.F.,.F.,.F.,(2,2),(2,2),(-2.699904722722E-02,0.),(
    0.,1.E-02),.PIECEWISE_BEZIER_KNOTS.);
#6616 = CARTESIAN_POINT('',(-0.519589106048,-1.01,0.77633779833));
#6617 = CARTESIAN_POINT('',(-0.519589106048,-1.,0.77633779833));
#6618 = CARTESIAN_POINT('',(-0.546588153275,-1.01,0.77633779833));
#6619 = CARTESIAN_POINT('',(-0.546588153275,-1.,0.77633779833));
#6620 = ADVANCED_FACE('',(#6621),#6637,.F.);
#6621 = FACE_BOUND('',#6622,.T.);
#6622 = EDGE_LOOP('',(#6623,#6624,#6631,#6636));
#6623 = ORIENTED_EDGE('',*,*,#656,.T.);
#6624 = ORIENTED_EDGE('',*,*,#6625,.F.);
#6625 = EDGE_CURVE('',#6626,#650,#6628,.T.);
#6626 = VERTEX_POINT('',#6627);
#6627 = CARTESIAN_POINT('',(-0.546588153275,-1.01,0.836401147296));
#6628 = B_SPLINE_CURVE_WITH_KNOTS('',1,(#6629,#6630),.UNSPECIFIED.,.F.,
  .F.,(2,2),(0.,1.E-02),.PIECEWISE_BEZIER_KNOTS.);
#6629 = CARTESIAN_POINT('',(-0.546588153275,-1.01,0.836401147296));
#6630 = CARTESIAN_POINT('',(-0.546588153275,-1.,0.836401147296));
#6631 = ORIENTED_EDGE('',*,*,#6632,.F.);
#6632 = EDGE_CURVE('',#6604,#6626,#6633,.T.);
#6633 = B_SPLINE_CURVE_WITH_KNOTS('',1,(#6634,#6635),.UNSPECIFIED.,.F.,
  .F.,(2,2),(-6.006334896585E-02,0.),.PIECEWISE_BEZIER_KNOTS.);
#6634 = CARTESIAN_POINT('',(-0.546588153275,-1.01,0.77633779833));
#6635 = CARTESIAN_POINT('',(-0.546588153275,-1.01,0.836401147296));
#6636 = ORIENTED_EDGE('',*,*,#6603,.T.);
#6637 = B_SPLINE_SURFACE_WITH_KNOTS('',1,1,(
    (#6638,#6639)
    ,(#6640,#6641
    )),.UNSPECIFIED.,.F.,.F.,.F.,(2,2),(2,2),(-6.006334896585E-02,0.),(
    0.,1.E-02),.PIECEWISE_BEZIER_KNOTS.);
#6638 = CARTESIAN_POINT('',(-0.546588153275,-1.01,0.77633779833));
#6639 = CARTESIAN_POINT('',(-0.546588153275,-1.,0.77633779833));
#6640 = CARTESIAN_POINT('',(-0.546588153275,-1.01,0.836401147296));
#6641 = CARTESIAN_POINT('',(-0.546588153275,-1.,0.836401147296));
#6642 = ADVANCED_FACE('',(#6643),#6659,.F.);
#6643 = FACE_BOUND('',#6644,.T.);
#6644 = EDGE_LOOP('',(#6645,#6646,#6653,#6658));
#6645 = ORIENTED_EDGE('',*,*,#649,.T.);
#6646 = ORIENTED_EDGE('',*,*,#6647,.F.);
#6647 = EDGE_CURVE('',#6648,#643,#6650,.T.);
#6648 = VERTEX_POINT('',#6649);
#6649 = CARTESIAN_POINT('',(-0.555339449071,-1.01,0.836401147296));
#6650 = B_SPLINE_CURVE_WITH_KNOTS('',1,(#6651,#6652),.UNSPECIFIED.,.F.,
  .F.,(2,2),(0.,1.E-02),.PIECEWISE_BEZIER_KNOTS.);
#6651 = CARTESIAN_POINT('',(-0.555339449071,-1.01,0.836401147296));
#6652 = CARTESIAN_POINT('',(-0.555339449071,-1.,0.836401147296));
#6653 = ORIENTED_EDGE('',*,*,#6654,.F.);
#6654 = EDGE_CURVE('',#6626,#6648,#6655,.T.);
#6655 = B_SPLINE_CURVE_WITH_KNOTS('',1,(#6656,#6657),.UNSPECIFIED.,.F.,
  .F.,(2,2),(-8.751295795631E-03,-0.),.PIECEWISE_BEZIER_KNOTS.);
#6656 = CARTESIAN_POINT('',(-0.546588153275,-1.01,0.836401147296));
#6657 = CARTESIAN_POINT('',(-0.555339449071,-1.01,0.836401147296));
#6658 = ORIENTED_EDGE('',*,*,#6625,.T.);
#6659 = B_SPLINE_SURFACE_WITH_KNOTS('',1,1,(
    (#6660,#6661)
    ,(#6662,#6663
    )),.UNSPECIFIED.,.F.,.F.,.F.,(2,2),(2,2),(-8.751295795631E-03,0.),(
    0.,1.E-02),.PIECEWISE_BEZIER_KNOTS.);
#6660 = CARTESIAN_POINT('',(-0.546588153275,-1.01,0.836401147296));
#6661 = CARTESIAN_POINT('',(-0.546588153275,-1.,0.836401147296));
#6662 = CARTESIAN_POINT('',(-0.555339449071,-1.01,0.836401147296));
#6663 = CARTESIAN_POINT('',(-0.555339449071,-1.,0.836401147296));
#6664 = ADVANCED_FACE('',(#6665),#6681,.F.);
#6665 = FACE_BOUND('',#6666,.T.);
#6666 = EDGE_LOOP('',(#6667,#6668,#6675,#6680));
#6667 = ORIENTED_EDGE('',*,*,#642,.T.);
#6668 = ORIENTED_EDGE('',*,*,#6669,.F.);
#6669 = EDGE_CURVE('',#6670,#636,#6672,.T.);
#6670 = VERTEX_POINT('',#6671);
#6671 = CARTESIAN_POINT('',(-0.555339449071,-1.01,0.768608931152));
#6672 = B_SPLINE_CURVE_WITH_KNOTS('',1,(#6673,#6674),.UNSPECIFIED.,.F.,
  .F.,(2,2),(0.,1.E-02),.PIECEWISE_BEZIER_KNOTS.);
#6673 = CARTESIAN_POINT('',(-0.555339449071,-1.01,0.768608931152));
#6674 = CARTESIAN_POINT('',(-0.555339449071,-1.,0.768608931152));
#6675 = ORIENTED_EDGE('',*,*,#6676,.F.);
#6676 = EDGE_CURVE('',#6648,#6670,#6677,.T.);
#6677 = B_SPLINE_CURVE_WITH_KNOTS('',1,(#6678,#6679),.UNSPECIFIED.,.F.,
  .F.,(2,2),(-6.779221614378E-02,-0.),.PIECEWISE_BEZIER_KNOTS.);
#6678 = CARTESIAN_POINT('',(-0.555339449071,-1.01,0.836401147296));
#6679 = CARTESIAN_POINT('',(-0.555339449071,-1.01,0.768608931152));
#6680 = ORIENTED_EDGE('',*,*,#6647,.T.);
#6681 = B_SPLINE_SURFACE_WITH_KNOTS('',1,1,(
    (#6682,#6683)
    ,(#6684,#6685
    )),.UNSPECIFIED.,.F.,.F.,.F.,(2,2),(2,2),(-6.779221614378E-02,0.),(
    0.,1.E-02),.PIECEWISE_BEZIER_KNOTS.);
#6682 = CARTESIAN_POINT('',(-0.555339449071,-1.01,0.836401147296));
#6683 = CARTESIAN_POINT('',(-0.555339449071,-1.,0.836401147296));
#6684 = CARTESIAN_POINT('',(-0.555339449071,-1.01,0.768608931152));
#6685 = CARTESIAN_POINT('',(-0.555339449071,-1.,0.768608931152));
#6686 = ADVANCED_FACE('',(#6687),#6697,.F.);
#6687 = FACE_BOUND('',#6688,.T.);
#6688 = EDGE_LOOP('',(#6689,#6690,#6691,#6696));
#6689 = ORIENTED_EDGE('',*,*,#635,.T.);
#6690 = ORIENTED_EDGE('',*,*,#6589,.F.);
#6691 = ORIENTED_EDGE('',*,*,#6692,.F.);
#6692 = EDGE_CURVE('',#6670,#6583,#6693,.T.);
#6693 = B_SPLINE_CURVE_WITH_KNOTS('',1,(#6694,#6695),.UNSPECIFIED.,.F.,
  .F.,(2,2),(-3.575034302285E-02,0.),.PIECEWISE_BEZIER_KNOTS.);
#6694 = CARTESIAN_POINT('',(-0.555339449071,-1.01,0.768608931152));
#6695 = CARTESIAN_POINT('',(-0.519589106048,-1.01,0.768608931152));
#6696 = ORIENTED_EDGE('',*,*,#6669,.T.);
#6697 = B_SPLINE_SURFACE_WITH_KNOTS('',1,1,(
    (#6698,#6699)
    ,(#6700,#6701
    )),.UNSPECIFIED.,.F.,.F.,.F.,(2,2),(2,2),(-3.575034302285E-02,0.),(
    0.,1.E-02),.PIECEWISE_BEZIER_KNOTS.);
#6698 = CARTESIAN_POINT('',(-0.555339449071,-1.01,0.768608931152));
#6699 = CARTESIAN_POINT('',(-0.555339449071,-1.,0.768608931152));
#6700 = CARTESIAN_POINT('',(-0.519589106048,-1.01,0.768608931152));
#6701 = CARTESIAN_POINT('',(-0.519589106048,-1.,0.768608931152));
#6702 = ADVANCED_FACE('',(#6703),#6711,.F.);
#6703 = FACE_BOUND('',#6704,.T.);
#6704 = EDGE_LOOP('',(#6705,#6706,#6707,#6708,#6709,#6710));
#6705 = ORIENTED_EDGE('',*,*,#6582,.T.);
#6706 = ORIENTED_EDGE('',*,*,#6610,.T.);
#6707 = ORIENTED_EDGE('',*,*,#6632,.T.);
#6708 = ORIENTED_EDGE('',*,*,#6654,.T.);
#6709 = ORIENTED_EDGE('',*,*,#6676,.T.);
#6710 = ORIENTED_EDGE('',*,*,#6692,.T.);
#6711 = B_SPLINE_SURFACE_WITH_KNOTS('',1,1,(
    (#6712,#6713)
    ,(#6714,#6715
    )),.UNSPECIFIED.,.F.,.F.,.F.,(2,2),(2,2),(0.748608831152,
    0.816401047296),(-0.555339449071,-0.519589106048),
  .PIECEWISE_BEZIER_KNOTS.);
#6712 = CARTESIAN_POINT('',(-0.555339449071,-1.01,0.768608931152));
#6713 = CARTESIAN_POINT('',(-0.519589106048,-1.01,0.768608931152));
#6714 = CARTESIAN_POINT('',(-0.555339449071,-1.01,0.836401147296));
#6715 = CARTESIAN_POINT('',(-0.519589106048,-1.01,0.836401147296));
#6716 = ADVANCED_FACE('',(#6717),#6741,.F.);
#6717 = FACE_BOUND('',#6718,.F.);
#6718 = EDGE_LOOP('',(#6719,#6726,#6735,#6740));
#6719 = ORIENTED_EDGE('',*,*,#6720,.F.);
#6720 = EDGE_CURVE('',#6721,#389,#6723,.T.);
#6721 = VERTEX_POINT('',#6722);
#6722 = CARTESIAN_POINT('',(-0.484826533046,-1.01,0.767465197444));
#6723 = B_SPLINE_CURVE_WITH_KNOTS('',1,(#6724,#6725),.UNSPECIFIED.,.F.,
  .F.,(2,2),(0.,1.E-02),.PIECEWISE_BEZIER_KNOTS.);
#6724 = CARTESIAN_POINT('',(-0.484826533046,-1.01,0.767465197444));
#6725 = CARTESIAN_POINT('',(-0.484826533046,-1.,0.767465197444));
#6726 = ORIENTED_EDGE('',*,*,#6727,.T.);
#6727 = EDGE_CURVE('',#6721,#6728,#6730,.T.);
#6728 = VERTEX_POINT('',#6729);
#6729 = CARTESIAN_POINT('',(-0.466058902656,-1.01,0.771416277526));
#6730 = B_SPLINE_CURVE_WITH_KNOTS('',3,(#6731,#6732,#6733,#6734),
  .UNSPECIFIED.,.F.,.F.,(4,4),(0.,1.),.PIECEWISE_BEZIER_KNOTS.);
#6731 = CARTESIAN_POINT('',(-0.484826533046,-1.01,0.767465197444));
#6732 = CARTESIAN_POINT('',(-0.477305617451,-1.01,0.767465197444));
#6733 = CARTESIAN_POINT('',(-0.471049740654,-1.01,0.768782224138));
#6734 = CARTESIAN_POINT('',(-0.466058902656,-1.01,0.771416277526));
#6735 = ORIENTED_EDGE('',*,*,#6736,.T.);
#6736 = EDGE_CURVE('',#6728,#391,#6737,.T.);
#6737 = B_SPLINE_CURVE_WITH_KNOTS('',1,(#6738,#6739),.UNSPECIFIED.,.F.,
  .F.,(2,2),(0.,1.E-02),.PIECEWISE_BEZIER_KNOTS.);
#6738 = CARTESIAN_POINT('',(-0.466058902656,-1.01,0.771416277526));
#6739 = CARTESIAN_POINT('',(-0.466058902656,-1.,0.771416277526));
#6740 = ORIENTED_EDGE('',*,*,#388,.F.);
#6741 = B_SPLINE_SURFACE_WITH_KNOTS('',3,1,(
    (#6742,#6743)
    ,(#6744,#6745)
    ,(#6746,#6747)
    ,(#6748,#6749
    )),.UNSPECIFIED.,.F.,.F.,.F.,(4,4),(2,2),(0.,1.),(0.,1.),
  .PIECEWISE_BEZIER_KNOTS.);
#6742 = CARTESIAN_POINT('',(-0.484826533046,-1.01,0.767465197444));
#6743 = CARTESIAN_POINT('',(-0.484826533046,-1.,0.767465197444));
#6744 = CARTESIAN_POINT('',(-0.477305617451,-1.01,0.767465197444));
#6745 = CARTESIAN_POINT('',(-0.477305617451,-1.,0.767465197444));
#6746 = CARTESIAN_POINT('',(-0.471049740654,-1.01,0.768782224138));
#6747 = CARTESIAN_POINT('',(-0.471049740654,-1.,0.768782224138));
#6748 = CARTESIAN_POINT('',(-0.466058902656,-1.01,0.771416277526));
#6749 = CARTESIAN_POINT('',(-0.466058902656,-1.,0.771416277526));
#6750 = ADVANCED_FACE('',(#6751),#6767,.F.);
#6751 = FACE_BOUND('',#6752,.T.);
#6752 = EDGE_LOOP('',(#6753,#6754,#6761,#6766));
#6753 = ORIENTED_EDGE('',*,*,#505,.T.);
#6754 = ORIENTED_EDGE('',*,*,#6755,.F.);
#6755 = EDGE_CURVE('',#6756,#497,#6758,.T.);
#6756 = VERTEX_POINT('',#6757);
#6757 = CARTESIAN_POINT('',(-0.466058902656,-1.01,0.779803658052));
#6758 = B_SPLINE_CURVE_WITH_KNOTS('',1,(#6759,#6760),.UNSPECIFIED.,.F.,
  .F.,(2,2),(0.,1.E-02),.PIECEWISE_BEZIER_KNOTS.);
#6759 = CARTESIAN_POINT('',(-0.466058902656,-1.01,0.779803658052));
#6760 = CARTESIAN_POINT('',(-0.466058902656,-1.,0.779803658052));
#6761 = ORIENTED_EDGE('',*,*,#6762,.F.);
#6762 = EDGE_CURVE('',#6728,#6756,#6763,.T.);
#6763 = B_SPLINE_CURVE_WITH_KNOTS('',1,(#6764,#6765),.UNSPECIFIED.,.F.,
  .F.,(2,2),(-8.387380525102E-03,0.),.PIECEWISE_BEZIER_KNOTS.);
#6764 = CARTESIAN_POINT('',(-0.466058902656,-1.01,0.771416277526));
#6765 = CARTESIAN_POINT('',(-0.466058902656,-1.01,0.779803658052));
#6766 = ORIENTED_EDGE('',*,*,#6736,.T.);
#6767 = B_SPLINE_SURFACE_WITH_KNOTS('',1,1,(
    (#6768,#6769)
    ,(#6770,#6771
    )),.UNSPECIFIED.,.F.,.F.,.F.,(2,2),(2,2),(-8.387380525102E-03,
    1.110223024625E-16),(0.,1.E-02),.PIECEWISE_BEZIER_KNOTS.);
#6768 = CARTESIAN_POINT('',(-0.466058902656,-1.01,0.771416277526));
#6769 = CARTESIAN_POINT('',(-0.466058902656,-1.,0.771416277526));
#6770 = CARTESIAN_POINT('',(-0.466058902656,-1.01,0.779803658052));
#6771 = CARTESIAN_POINT('',(-0.466058902656,-1.,0.779803658052));
#6772 = ADVANCED_FACE('',(#6773),#6791,.F.);
#6773 = FACE_BOUND('',#6774,.F.);
#6774 = EDGE_LOOP('',(#6775,#6776,#6785,#6790));
#6775 = ORIENTED_EDGE('',*,*,#6755,.F.);
#6776 = ORIENTED_EDGE('',*,*,#6777,.T.);
#6777 = EDGE_CURVE('',#6756,#6778,#6780,.T.);
#6778 = VERTEX_POINT('',#6779);
#6779 = CARTESIAN_POINT('',(-0.483561494248,-1.01,0.775263381817));
#6780 = B_SPLINE_CURVE_WITH_KNOTS('',3,(#6781,#6782,#6783,#6784),
  .UNSPECIFIED.,.F.,.F.,(4,4),(12.,13.),.PIECEWISE_BEZIER_KNOTS.);
#6781 = CARTESIAN_POINT('',(-0.466058902656,-1.01,0.779803658052));
#6782 = CARTESIAN_POINT('',(-0.471015082057,-1.01,0.776788360094));
#6783 = CARTESIAN_POINT('',(-0.476855055687,-1.01,0.775263381817));
#6784 = CARTESIAN_POINT('',(-0.483561494248,-1.01,0.775263381817));
#6785 = ORIENTED_EDGE('',*,*,#6786,.T.);
#6786 = EDGE_CURVE('',#6778,#488,#6787,.T.);
#6787 = B_SPLINE_CURVE_WITH_KNOTS('',1,(#6788,#6789),.UNSPECIFIED.,.F.,
  .F.,(2,2),(0.,1.E-02),.PIECEWISE_BEZIER_KNOTS.);
#6788 = CARTESIAN_POINT('',(-0.483561494248,-1.01,0.775263381817));
#6789 = CARTESIAN_POINT('',(-0.483561494248,-1.,0.775263381817));
#6790 = ORIENTED_EDGE('',*,*,#496,.F.);
#6791 = B_SPLINE_SURFACE_WITH_KNOTS('',3,1,(
    (#6792,#6793)
    ,(#6794,#6795)
    ,(#6796,#6797)
    ,(#6798,#6799
    )),.UNSPECIFIED.,.F.,.F.,.F.,(4,4),(2,2),(12.,13.),(0.,1.),
  .PIECEWISE_BEZIER_KNOTS.);
#6792 = CARTESIAN_POINT('',(-0.466058902656,-1.01,0.779803658052));
#6793 = CARTESIAN_POINT('',(-0.466058902656,-1.,0.779803658052));
#6794 = CARTESIAN_POINT('',(-0.471015082057,-1.01,0.776788360094));
#6795 = CARTESIAN_POINT('',(-0.471015082057,-1.,0.776788360094));
#6796 = CARTESIAN_POINT('',(-0.476855055687,-1.01,0.775263381817));
#6797 = CARTESIAN_POINT('',(-0.476855055687,-1.,0.775263381817));
#6798 = CARTESIAN_POINT('',(-0.483561494248,-1.01,0.775263381817));
#6799 = CARTESIAN_POINT('',(-0.483561494248,-1.,0.775263381817));
#6800 = ADVANCED_FACE('',(#6801),#6819,.F.);
#6801 = FACE_BOUND('',#6802,.F.);
#6802 = EDGE_LOOP('',(#6803,#6804,#6813,#6818));
#6803 = ORIENTED_EDGE('',*,*,#6786,.F.);
#6804 = ORIENTED_EDGE('',*,*,#6805,.T.);
#6805 = EDGE_CURVE('',#6778,#6806,#6808,.T.);
#6806 = VERTEX_POINT('',#6807);
#6807 = CARTESIAN_POINT('',(-0.500977439346,-1.01,0.782403052842));
#6808 = B_SPLINE_CURVE_WITH_KNOTS('',3,(#6809,#6810,#6811,#6812),
  .UNSPECIFIED.,.F.,.F.,(4,4),(11.,12.),.PIECEWISE_BEZIER_KNOTS.);
#6809 = CARTESIAN_POINT('',(-0.483561494248,-1.01,0.775263381817));
#6810 = CARTESIAN_POINT('',(-0.49073582387,-1.01,0.775263381817));
#6811 = CARTESIAN_POINT('',(-0.496541138903,-1.01,0.777654825024));
#6812 = CARTESIAN_POINT('',(-0.500977439346,-1.01,0.782403052842));
#6813 = ORIENTED_EDGE('',*,*,#6814,.T.);
#6814 = EDGE_CURVE('',#6806,#479,#6815,.T.);
#6815 = B_SPLINE_CURVE_WITH_KNOTS('',1,(#6816,#6817),.UNSPECIFIED.,.F.,
  .F.,(2,2),(0.,1.E-02),.PIECEWISE_BEZIER_KNOTS.);
#6816 = CARTESIAN_POINT('',(-0.500977439346,-1.01,0.782403052842));
#6817 = CARTESIAN_POINT('',(-0.500977439346,-1.,0.782403052842));
#6818 = ORIENTED_EDGE('',*,*,#487,.F.);
#6819 = B_SPLINE_SURFACE_WITH_KNOTS('',3,1,(
    (#6820,#6821)
    ,(#6822,#6823)
    ,(#6824,#6825)
    ,(#6826,#6827
    )),.UNSPECIFIED.,.F.,.F.,.F.,(4,4),(2,2),(11.,12.),(0.,1.),
  .PIECEWISE_BEZIER_KNOTS.);
#6820 = CARTESIAN_POINT('',(-0.483561494248,-1.01,0.775263381817));
#6821 = CARTESIAN_POINT('',(-0.483561494248,-1.,0.775263381817));
#6822 = CARTESIAN_POINT('',(-0.49073582387,-1.01,0.775263381817));
#6823 = CARTESIAN_POINT('',(-0.49073582387,-1.,0.775263381817));
#6824 = CARTESIAN_POINT('',(-0.496541138903,-1.01,0.777654825024));
#6825 = CARTESIAN_POINT('',(-0.496541138903,-1.,0.777654825024));
#6826 = CARTESIAN_POINT('',(-0.500977439346,-1.01,0.782403052842));
#6827 = CARTESIAN_POINT('',(-0.500977439346,-1.,0.782403052842));
#6828 = ADVANCED_FACE('',(#6829),#6847,.F.);
#6829 = FACE_BOUND('',#6830,.F.);
#6830 = EDGE_LOOP('',(#6831,#6832,#6841,#6846));
#6831 = ORIENTED_EDGE('',*,*,#6814,.F.);
#6832 = ORIENTED_EDGE('',*,*,#6833,.T.);
#6833 = EDGE_CURVE('',#6806,#6834,#6836,.T.);
#6834 = VERTEX_POINT('',#6835);
#6835 = CARTESIAN_POINT('',(-0.50763189001,-1.01,0.801742550086));
#6836 = B_SPLINE_CURVE_WITH_KNOTS('',3,(#6837,#6838,#6839,#6840),
  .UNSPECIFIED.,.F.,.F.,(4,4),(10.,11.),.PIECEWISE_BEZIER_KNOTS.);
#6837 = CARTESIAN_POINT('',(-0.500977439346,-1.01,0.782403052842));
#6838 = CARTESIAN_POINT('',(-0.505413739789,-1.01,0.787185939257));
#6839 = CARTESIAN_POINT('',(-0.50763189001,-1.01,0.793632438339));
#6840 = CARTESIAN_POINT('',(-0.50763189001,-1.01,0.801742550086));
#6841 = ORIENTED_EDGE('',*,*,#6842,.T.);
#6842 = EDGE_CURVE('',#6834,#470,#6843,.T.);
#6843 = B_SPLINE_CURVE_WITH_KNOTS('',1,(#6844,#6845),.UNSPECIFIED.,.F.,
  .F.,(2,2),(0.,1.E-02),.PIECEWISE_BEZIER_KNOTS.);
#6844 = CARTESIAN_POINT('',(-0.50763189001,-1.01,0.801742550086));
#6845 = CARTESIAN_POINT('',(-0.50763189001,-1.,0.801742550086));
#6846 = ORIENTED_EDGE('',*,*,#478,.F.);
#6847 = B_SPLINE_SURFACE_WITH_KNOTS('',3,1,(
    (#6848,#6849)
    ,(#6850,#6851)
    ,(#6852,#6853)
    ,(#6854,#6855
    )),.UNSPECIFIED.,.F.,.F.,.F.,(4,4),(2,2),(10.,11.),(0.,1.),
  .PIECEWISE_BEZIER_KNOTS.);
#6848 = CARTESIAN_POINT('',(-0.500977439346,-1.01,0.782403052842));
#6849 = CARTESIAN_POINT('',(-0.500977439346,-1.,0.782403052842));
#6850 = CARTESIAN_POINT('',(-0.505413739789,-1.01,0.787185939257));
#6851 = CARTESIAN_POINT('',(-0.505413739789,-1.,0.787185939257));
#6852 = CARTESIAN_POINT('',(-0.50763189001,-1.01,0.793632438339));
#6853 = CARTESIAN_POINT('',(-0.50763189001,-1.,0.793632438339));
#6854 = CARTESIAN_POINT('',(-0.50763189001,-1.01,0.801742550086));
#6855 = CARTESIAN_POINT('',(-0.50763189001,-1.,0.801742550086));
#6856 = ADVANCED_FACE('',(#6857),#6875,.F.);
#6857 = FACE_BOUND('',#6858,.F.);
#6858 = EDGE_LOOP('',(#6859,#6860,#6869,#6874));
#6859 = ORIENTED_EDGE('',*,*,#6842,.F.);
#6860 = ORIENTED_EDGE('',*,*,#6861,.T.);
#6861 = EDGE_CURVE('',#6834,#6862,#6864,.T.);
#6862 = VERTEX_POINT('',#6863);
#6863 = CARTESIAN_POINT('',(-0.500509548283,-1.01,0.822121805246));
#6864 = B_SPLINE_CURVE_WITH_KNOTS('',3,(#6865,#6866,#6867,#6868),
  .UNSPECIFIED.,.F.,.F.,(4,4),(9.,10.),.PIECEWISE_BEZIER_KNOTS.);
#6865 = CARTESIAN_POINT('',(-0.50763189001,-1.01,0.801742550086));
#6866 = CARTESIAN_POINT('',(-0.50763189001,-1.01,0.810268565));
#6867 = CARTESIAN_POINT('',(-0.505257776101,-1.01,0.817061650053));
#6868 = CARTESIAN_POINT('',(-0.500509548283,-1.01,0.822121805246));
#6869 = ORIENTED_EDGE('',*,*,#6870,.T.);
#6870 = EDGE_CURVE('',#6862,#461,#6871,.T.);
#6871 = B_SPLINE_CURVE_WITH_KNOTS('',1,(#6872,#6873),.UNSPECIFIED.,.F.,
  .F.,(2,2),(0.,1.E-02),.PIECEWISE_BEZIER_KNOTS.);
#6872 = CARTESIAN_POINT('',(-0.500509548283,-1.01,0.822121805246));
#6873 = CARTESIAN_POINT('',(-0.500509548283,-1.,0.822121805246));
#6874 = ORIENTED_EDGE('',*,*,#469,.F.);
#6875 = B_SPLINE_SURFACE_WITH_KNOTS('',3,1,(
    (#6876,#6877)
    ,(#6878,#6879)
    ,(#6880,#6881)
    ,(#6882,#6883
    )),.UNSPECIFIED.,.F.,.F.,.F.,(4,4),(2,2),(9.,10.),(0.,1.),
  .PIECEWISE_BEZIER_KNOTS.);
#6876 = CARTESIAN_POINT('',(-0.50763189001,-1.01,0.801742550086));
#6877 = CARTESIAN_POINT('',(-0.50763189001,-1.,0.801742550086));
#6878 = CARTESIAN_POINT('',(-0.50763189001,-1.01,0.810268565));
#6879 = CARTESIAN_POINT('',(-0.50763189001,-1.,0.810268565));
#6880 = CARTESIAN_POINT('',(-0.505257776101,-1.01,0.817061650053));
#6881 = CARTESIAN_POINT('',(-0.505257776101,-1.,0.817061650053));
#6882 = CARTESIAN_POINT('',(-0.500509548283,-1.01,0.822121805246));
#6883 = CARTESIAN_POINT('',(-0.500509548283,-1.,0.822121805246));
#6884 = ADVANCED_FACE('',(#6885),#6903,.F.);
#6885 = FACE_BOUND('',#6886,.F.);
#6886 = EDGE_LOOP('',(#6887,#6888,#6897,#6902));
#6887 = ORIENTED_EDGE('',*,*,#6870,.F.);
#6888 = ORIENTED_EDGE('',*,*,#6889,.T.);
#6889 = EDGE_CURVE('',#6862,#6890,#6892,.T.);
#6890 = VERTEX_POINT('',#6891);
#6891 = CARTESIAN_POINT('',(-0.48203651597,-1.01,0.82964272084));
#6892 = B_SPLINE_CURVE_WITH_KNOTS('',3,(#6893,#6894,#6895,#6896),
  .UNSPECIFIED.,.F.,.F.,(4,4),(8.,9.),.PIECEWISE_BEZIER_KNOTS.);
#6893 = CARTESIAN_POINT('',(-0.500509548283,-1.01,0.822121805246));
#6894 = CARTESIAN_POINT('',(-0.495743991167,-1.01,0.827147301841));
#6895 = CARTESIAN_POINT('',(-0.489592090162,-1.01,0.82964272084));
#6896 = CARTESIAN_POINT('',(-0.48203651597,-1.01,0.82964272084));
#6897 = ORIENTED_EDGE('',*,*,#6898,.T.);
#6898 = EDGE_CURVE('',#6890,#452,#6899,.T.);
#6899 = B_SPLINE_CURVE_WITH_KNOTS('',1,(#6900,#6901),.UNSPECIFIED.,.F.,
  .F.,(2,2),(0.,1.E-02),.PIECEWISE_BEZIER_KNOTS.);
#6900 = CARTESIAN_POINT('',(-0.48203651597,-1.01,0.82964272084));
#6901 = CARTESIAN_POINT('',(-0.48203651597,-1.,0.82964272084));
#6902 = ORIENTED_EDGE('',*,*,#460,.F.);
#6903 = B_SPLINE_SURFACE_WITH_KNOTS('',3,1,(
    (#6904,#6905)
    ,(#6906,#6907)
    ,(#6908,#6909)
    ,(#6910,#6911
    )),.UNSPECIFIED.,.F.,.F.,.F.,(4,4),(2,2),(8.,9.),(0.,1.),
  .PIECEWISE_BEZIER_KNOTS.);
#6904 = CARTESIAN_POINT('',(-0.500509548283,-1.01,0.822121805246));
#6905 = CARTESIAN_POINT('',(-0.500509548283,-1.,0.822121805246));
#6906 = CARTESIAN_POINT('',(-0.495743991167,-1.01,0.827147301841));
#6907 = CARTESIAN_POINT('',(-0.495743991167,-1.,0.827147301841));
#6908 = CARTESIAN_POINT('',(-0.489592090162,-1.01,0.82964272084));
#6909 = CARTESIAN_POINT('',(-0.489592090162,-1.,0.82964272084));
#6910 = CARTESIAN_POINT('',(-0.48203651597,-1.01,0.82964272084));
#6911 = CARTESIAN_POINT('',(-0.48203651597,-1.,0.82964272084));
#6912 = ADVANCED_FACE('',(#6913),#6931,.F.);
#6913 = FACE_BOUND('',#6914,.F.);
#6914 = EDGE_LOOP('',(#6915,#6916,#6925,#6930));
#6915 = ORIENTED_EDGE('',*,*,#6898,.F.);
#6916 = ORIENTED_EDGE('',*,*,#6917,.T.);
#6917 = EDGE_CURVE('',#6890,#6918,#6920,.T.);
#6918 = VERTEX_POINT('',#6919);
#6919 = CARTESIAN_POINT('',(-0.466058902656,-1.01,0.825622323564));
#6920 = B_SPLINE_CURVE_WITH_KNOTS('',3,(#6921,#6922,#6923,#6924),
  .UNSPECIFIED.,.F.,.F.,(4,4),(7.,8.),.PIECEWISE_BEZIER_KNOTS.);
#6921 = CARTESIAN_POINT('',(-0.48203651597,-1.01,0.82964272084));
#6922 = CARTESIAN_POINT('',(-0.476231200938,-1.01,0.82964272084));
#6923 = CARTESIAN_POINT('',(-0.470911106266,-1.01,0.828325694146));
#6924 = CARTESIAN_POINT('',(-0.466058902656,-1.01,0.825622323564));
#6925 = ORIENTED_EDGE('',*,*,#6926,.T.);
#6926 = EDGE_CURVE('',#6918,#445,#6927,.T.);
#6927 = B_SPLINE_CURVE_WITH_KNOTS('',1,(#6928,#6929),.UNSPECIFIED.,.F.,
  .F.,(2,2),(0.,1.E-02),.PIECEWISE_BEZIER_KNOTS.);
#6928 = CARTESIAN_POINT('',(-0.466058902656,-1.01,0.825622323564));
#6929 = CARTESIAN_POINT('',(-0.466058902656,-1.,0.825622323564));
#6930 = ORIENTED_EDGE('',*,*,#451,.F.);
#6931 = B_SPLINE_SURFACE_WITH_KNOTS('',3,1,(
    (#6932,#6933)
    ,(#6934,#6935)
    ,(#6936,#6937)
    ,(#6938,#6939
    )),.UNSPECIFIED.,.F.,.F.,.F.,(4,4),(2,2),(7.,8.),(0.,1.),
  .PIECEWISE_BEZIER_KNOTS.);
#6932 = CARTESIAN_POINT('',(-0.48203651597,-1.01,0.82964272084));
#6933 = CARTESIAN_POINT('',(-0.48203651597,-1.,0.82964272084));
#6934 = CARTESIAN_POINT('',(-0.476231200938,-1.01,0.82964272084));
#6935 = CARTESIAN_POINT('',(-0.476231200938,-1.,0.82964272084));
#6936 = CARTESIAN_POINT('',(-0.470911106266,-1.01,0.828325694146));
#6937 = CARTESIAN_POINT('',(-0.470911106266,-1.,0.828325694146));
#6938 = CARTESIAN_POINT('',(-0.466058902656,-1.01,0.825622323564));
#6939 = CARTESIAN_POINT('',(-0.466058902656,-1.,0.825622323564));
#6940 = ADVANCED_FACE('',(#6941),#6957,.F.);
#6941 = FACE_BOUND('',#6942,.T.);
#6942 = EDGE_LOOP('',(#6943,#6944,#6951,#6956));
#6943 = ORIENTED_EDGE('',*,*,#444,.T.);
#6944 = ORIENTED_EDGE('',*,*,#6945,.F.);
#6945 = EDGE_CURVE('',#6946,#436,#6948,.T.);
#6946 = VERTEX_POINT('',#6947);
#6947 = CARTESIAN_POINT('',(-0.466058902656,-1.01,0.834772193227));
#6948 = B_SPLINE_CURVE_WITH_KNOTS('',1,(#6949,#6950),.UNSPECIFIED.,.F.,
  .F.,(2,2),(0.,1.E-02),.PIECEWISE_BEZIER_KNOTS.);
#6949 = CARTESIAN_POINT('',(-0.466058902656,-1.01,0.834772193227));
#6950 = CARTESIAN_POINT('',(-0.466058902656,-1.,0.834772193227));
#6951 = ORIENTED_EDGE('',*,*,#6952,.F.);
#6952 = EDGE_CURVE('',#6918,#6946,#6953,.T.);
#6953 = B_SPLINE_CURVE_WITH_KNOTS('',1,(#6954,#6955),.UNSPECIFIED.,.F.,
  .F.,(2,2),(-9.149869663328E-03,0.),.PIECEWISE_BEZIER_KNOTS.);
#6954 = CARTESIAN_POINT('',(-0.466058902656,-1.01,0.825622323564));
#6955 = CARTESIAN_POINT('',(-0.466058902656,-1.01,0.834772193227));
#6956 = ORIENTED_EDGE('',*,*,#6926,.T.);
#6957 = B_SPLINE_SURFACE_WITH_KNOTS('',1,1,(
    (#6958,#6959)
    ,(#6960,#6961
    )),.UNSPECIFIED.,.F.,.F.,.F.,(2,2),(2,2),(-9.149869663328E-03,0.),(
    0.,1.E-02),.PIECEWISE_BEZIER_KNOTS.);
#6958 = CARTESIAN_POINT('',(-0.466058902656,-1.01,0.825622323564));
#6959 = CARTESIAN_POINT('',(-0.466058902656,-1.,0.825622323564));
#6960 = CARTESIAN_POINT('',(-0.466058902656,-1.01,0.834772193227));
#6961 = CARTESIAN_POINT('',(-0.466058902656,-1.,0.834772193227));
#6962 = ADVANCED_FACE('',(#6963),#6981,.F.);
#6963 = FACE_BOUND('',#6964,.F.);
#6964 = EDGE_LOOP('',(#6965,#6966,#6975,#6980));
#6965 = ORIENTED_EDGE('',*,*,#6945,.F.);
#6966 = ORIENTED_EDGE('',*,*,#6967,.T.);
#6967 = EDGE_CURVE('',#6946,#6968,#6970,.T.);
#6968 = VERTEX_POINT('',#6969);
#6969 = CARTESIAN_POINT('',(-0.482123162463,-1.01,0.837544881004));
#6970 = B_SPLINE_CURVE_WITH_KNOTS('',3,(#6971,#6972,#6973,#6974),
  .UNSPECIFIED.,.F.,.F.,(4,4),(5.,6.),.PIECEWISE_BEZIER_KNOTS.);
#6971 = CARTESIAN_POINT('',(-0.466058902656,-1.01,0.834772193227));
#6972 = CARTESIAN_POINT('',(-0.470287251516,-1.01,0.83660909888));
#6973 = CARTESIAN_POINT('',(-0.475642004785,-1.01,0.837544881004));
#6974 = CARTESIAN_POINT('',(-0.482123162463,-1.01,0.837544881004));
#6975 = ORIENTED_EDGE('',*,*,#6976,.T.);
#6976 = EDGE_CURVE('',#6968,#427,#6977,.T.);
#6977 = B_SPLINE_CURVE_WITH_KNOTS('',1,(#6978,#6979),.UNSPECIFIED.,.F.,
  .F.,(2,2),(0.,1.E-02),.PIECEWISE_BEZIER_KNOTS.);
#6978 = CARTESIAN_POINT('',(-0.482123162463,-1.01,0.837544881004));
#6979 = CARTESIAN_POINT('',(-0.482123162463,-1.,0.837544881004));
#6980 = ORIENTED_EDGE('',*,*,#435,.F.);
#6981 = B_SPLINE_SURFACE_WITH_KNOTS('',3,1,(
    (#6982,#6983)
    ,(#6984,#6985)
    ,(#6986,#6987)
    ,(#6988,#6989
    )),.UNSPECIFIED.,.F.,.F.,.F.,(4,4),(2,2),(5.,6.),(0.,1.),
  .PIECEWISE_BEZIER_KNOTS.);
#6982 = CARTESIAN_POINT('',(-0.466058902656,-1.01,0.834772193227));
#6983 = CARTESIAN_POINT('',(-0.466058902656,-1.,0.834772193227));
#6984 = CARTESIAN_POINT('',(-0.470287251516,-1.01,0.83660909888));
#6985 = CARTESIAN_POINT('',(-0.470287251516,-1.,0.83660909888));
#6986 = CARTESIAN_POINT('',(-0.475642004785,-1.01,0.837544881004));
#6987 = CARTESIAN_POINT('',(-0.475642004785,-1.,0.837544881004));
#6988 = CARTESIAN_POINT('',(-0.482123162463,-1.01,0.837544881004));
#6989 = CARTESIAN_POINT('',(-0.482123162463,-1.,0.837544881004));
#6990 = ADVANCED_FACE('',(#6991),#7009,.F.);
#6991 = FACE_BOUND('',#6992,.F.);
#6992 = EDGE_LOOP('',(#6993,#6994,#7003,#7008));
#6993 = ORIENTED_EDGE('',*,*,#6976,.F.);
#6994 = ORIENTED_EDGE('',*,*,#6995,.T.);
#6995 = EDGE_CURVE('',#6968,#6996,#6998,.T.);
#6996 = VERTEX_POINT('',#6997);
#6997 = CARTESIAN_POINT('',(-0.507025364559,-1.01,0.827563205007));
#6998 = B_SPLINE_CURVE_WITH_KNOTS('',3,(#6999,#7000,#7001,#7002),
  .UNSPECIFIED.,.F.,.F.,(4,4),(4.,5.),.PIECEWISE_BEZIER_KNOTS.);
#6999 = CARTESIAN_POINT('',(-0.482123162463,-1.01,0.837544881004));
#7000 = CARTESIAN_POINT('',(-0.492191484953,-1.01,0.837544881004));
#7001 = CARTESIAN_POINT('',(-0.500492218985,-1.01,0.834217655672));
#7002 = CARTESIAN_POINT('',(-0.507025364559,-1.01,0.827563205007));
#7003 = ORIENTED_EDGE('',*,*,#7004,.T.);
#7004 = EDGE_CURVE('',#6996,#418,#7005,.T.);
#7005 = B_SPLINE_CURVE_WITH_KNOTS('',1,(#7006,#7007),.UNSPECIFIED.,.F.,
  .F.,(2,2),(0.,1.E-02),.PIECEWISE_BEZIER_KNOTS.);
#7006 = CARTESIAN_POINT('',(-0.507025364559,-1.01,0.827563205007));
#7007 = CARTESIAN_POINT('',(-0.507025364559,-1.,0.827563205007));
#7008 = ORIENTED_EDGE('',*,*,#426,.F.);
#7009 = B_SPLINE_SURFACE_WITH_KNOTS('',3,1,(
    (#7010,#7011)
    ,(#7012,#7013)
    ,(#7014,#7015)
    ,(#7016,#7017
    )),.UNSPECIFIED.,.F.,.F.,.F.,(4,4),(2,2),(4.,5.),(0.,1.),
  .PIECEWISE_BEZIER_KNOTS.);
#7010 = CARTESIAN_POINT('',(-0.482123162463,-1.01,0.837544881004));
#7011 = CARTESIAN_POINT('',(-0.482123162463,-1.,0.837544881004));
#7012 = CARTESIAN_POINT('',(-0.492191484953,-1.01,0.837544881004));
#7013 = CARTESIAN_POINT('',(-0.492191484953,-1.,0.837544881004));
#7014 = CARTESIAN_POINT('',(-0.500492218985,-1.01,0.834217655672));
#7015 = CARTESIAN_POINT('',(-0.500492218985,-1.,0.834217655672));
#7016 = CARTESIAN_POINT('',(-0.507025364559,-1.01,0.827563205007));
#7017 = CARTESIAN_POINT('',(-0.507025364559,-1.,0.827563205007));
#7018 = ADVANCED_FACE('',(#7019),#7037,.F.);
#7019 = FACE_BOUND('',#7020,.F.);
#7020 = EDGE_LOOP('',(#7021,#7022,#7031,#7036));
#7021 = ORIENTED_EDGE('',*,*,#7004,.F.);
#7022 = ORIENTED_EDGE('',*,*,#7023,.T.);
#7023 = EDGE_CURVE('',#6996,#7024,#7026,.T.);
#7024 = VERTEX_POINT('',#7025);
#7025 = CARTESIAN_POINT('',(-0.516816418271,-1.01,0.801222671127));
#7026 = B_SPLINE_CURVE_WITH_KNOTS('',3,(#7027,#7028,#7029,#7030),
  .UNSPECIFIED.,.F.,.F.,(4,4),(3.,4.),.PIECEWISE_BEZIER_KNOTS.);
#7027 = CARTESIAN_POINT('',(-0.507025364559,-1.01,0.827563205007));
#7028 = CARTESIAN_POINT('',(-0.513558510133,-1.01,0.820908754343));
#7029 = CARTESIAN_POINT('',(-0.516816418271,-1.01,0.812140129249));
#7030 = CARTESIAN_POINT('',(-0.516816418271,-1.01,0.801222671127));
#7031 = ORIENTED_EDGE('',*,*,#7032,.T.);
#7032 = EDGE_CURVE('',#7024,#409,#7033,.T.);
#7033 = B_SPLINE_CURVE_WITH_KNOTS('',1,(#7034,#7035),.UNSPECIFIED.,.F.,
  .F.,(2,2),(0.,1.E-02),.PIECEWISE_BEZIER_KNOTS.);
#7034 = CARTESIAN_POINT('',(-0.516816418271,-1.01,0.801222671127));
#7035 = CARTESIAN_POINT('',(-0.516816418271,-1.,0.801222671127));
#7036 = ORIENTED_EDGE('',*,*,#417,.F.);
#7037 = B_SPLINE_SURFACE_WITH_KNOTS('',3,1,(
    (#7038,#7039)
    ,(#7040,#7041)
    ,(#7042,#7043)
    ,(#7044,#7045
    )),.UNSPECIFIED.,.F.,.F.,.F.,(4,4),(2,2),(3.,4.),(0.,1.),
  .PIECEWISE_BEZIER_KNOTS.);
#7038 = CARTESIAN_POINT('',(-0.507025364559,-1.01,0.827563205007));
#7039 = CARTESIAN_POINT('',(-0.507025364559,-1.,0.827563205007));
#7040 = CARTESIAN_POINT('',(-0.513558510133,-1.01,0.820908754343));
#7041 = CARTESIAN_POINT('',(-0.513558510133,-1.,0.820908754343));
#7042 = CARTESIAN_POINT('',(-0.516816418271,-1.01,0.812140129249));
#7043 = CARTESIAN_POINT('',(-0.516816418271,-1.,0.812140129249));
#7044 = CARTESIAN_POINT('',(-0.516816418271,-1.01,0.801222671127));
#7045 = CARTESIAN_POINT('',(-0.516816418271,-1.,0.801222671127));
#7046 = ADVANCED_FACE('',(#7047),#7065,.F.);
#7047 = FACE_BOUND('',#7048,.F.);
#7048 = EDGE_LOOP('',(#7049,#7050,#7059,#7064));
#7049 = ORIENTED_EDGE('',*,*,#7032,.F.);
#7050 = ORIENTED_EDGE('',*,*,#7051,.T.);
#7051 = EDGE_CURVE('',#7024,#7052,#7054,.T.);
#7052 = VERTEX_POINT('',#7053);
#7053 = CARTESIAN_POINT('',(-0.508117110371,-1.01,0.7767190429));
#7054 = B_SPLINE_CURVE_WITH_KNOTS('',3,(#7055,#7056,#7057,#7058),
  .UNSPECIFIED.,.F.,.F.,(4,4),(2.,3.),.PIECEWISE_BEZIER_KNOTS.);
#7055 = CARTESIAN_POINT('',(-0.516816418271,-1.01,0.801222671127));
#7056 = CARTESIAN_POINT('',(-0.516816418271,-1.01,0.791067702145));
#7057 = CARTESIAN_POINT('',(-0.513922425404,-1.01,0.782888273203));
#7058 = CARTESIAN_POINT('',(-0.508117110371,-1.01,0.7767190429));
#7059 = ORIENTED_EDGE('',*,*,#7060,.T.);
#7060 = EDGE_CURVE('',#7052,#400,#7061,.T.);
#7061 = B_SPLINE_CURVE_WITH_KNOTS('',1,(#7062,#7063),.UNSPECIFIED.,.F.,
  .F.,(2,2),(0.,1.E-02),.PIECEWISE_BEZIER_KNOTS.);
#7062 = CARTESIAN_POINT('',(-0.508117110371,-1.01,0.7767190429));
#7063 = CARTESIAN_POINT('',(-0.508117110371,-1.,0.7767190429));
#7064 = ORIENTED_EDGE('',*,*,#408,.F.);
#7065 = B_SPLINE_SURFACE_WITH_KNOTS('',3,1,(
    (#7066,#7067)
    ,(#7068,#7069)
    ,(#7070,#7071)
    ,(#7072,#7073
    )),.UNSPECIFIED.,.F.,.F.,.F.,(4,4),(2,2),(2.,3.),(0.,1.),
  .PIECEWISE_BEZIER_KNOTS.);
#7066 = CARTESIAN_POINT('',(-0.516816418271,-1.01,0.801222671127));
#7067 = CARTESIAN_POINT('',(-0.516816418271,-1.,0.801222671127));
#7068 = CARTESIAN_POINT('',(-0.516816418271,-1.01,0.791067702145));
#7069 = CARTESIAN_POINT('',(-0.516816418271,-1.,0.791067702145));
#7070 = CARTESIAN_POINT('',(-0.513922425404,-1.01,0.782888273203));
#7071 = CARTESIAN_POINT('',(-0.513922425404,-1.,0.782888273203));
#7072 = CARTESIAN_POINT('',(-0.508117110371,-1.01,0.7767190429));
#7073 = CARTESIAN_POINT('',(-0.508117110371,-1.,0.7767190429));
#7074 = ADVANCED_FACE('',(#7075),#7087,.F.);
#7075 = FACE_BOUND('',#7076,.F.);
#7076 = EDGE_LOOP('',(#7077,#7078,#7085,#7086));
#7077 = ORIENTED_EDGE('',*,*,#7060,.F.);
#7078 = ORIENTED_EDGE('',*,*,#7079,.T.);
#7079 = EDGE_CURVE('',#7052,#6721,#7080,.T.);
#7080 = B_SPLINE_CURVE_WITH_KNOTS('',3,(#7081,#7082,#7083,#7084),
  .UNSPECIFIED.,.F.,.F.,(4,4),(1.,2.),.PIECEWISE_BEZIER_KNOTS.);
#7081 = CARTESIAN_POINT('',(-0.508117110371,-1.01,0.7767190429));
#7082 = CARTESIAN_POINT('',(-0.502311795338,-1.01,0.770549812596));
#7083 = CARTESIAN_POINT('',(-0.494548269563,-1.01,0.767465197444));
#7084 = CARTESIAN_POINT('',(-0.484826533046,-1.01,0.767465197444));
#7085 = ORIENTED_EDGE('',*,*,#6720,.T.);
#7086 = ORIENTED_EDGE('',*,*,#399,.F.);
#7087 = B_SPLINE_SURFACE_WITH_KNOTS('',3,1,(
    (#7088,#7089)
    ,(#7090,#7091)
    ,(#7092,#7093)
    ,(#7094,#7095
    )),.UNSPECIFIED.,.F.,.F.,.F.,(4,4),(2,2),(1.,2.),(0.,1.),
  .PIECEWISE_BEZIER_KNOTS.);
#7088 = CARTESIAN_POINT('',(-0.508117110371,-1.01,0.7767190429));
#7089 = CARTESIAN_POINT('',(-0.508117110371,-1.,0.7767190429));
#7090 = CARTESIAN_POINT('',(-0.502311795338,-1.01,0.770549812596));
#7091 = CARTESIAN_POINT('',(-0.502311795338,-1.,0.770549812596));
#7092 = CARTESIAN_POINT('',(-0.494548269563,-1.01,0.767465197444));
#7093 = CARTESIAN_POINT('',(-0.494548269563,-1.,0.767465197444));
#7094 = CARTESIAN_POINT('',(-0.484826533046,-1.01,0.767465197444));
#7095 = CARTESIAN_POINT('',(-0.484826533046,-1.,0.767465197444));
#7096 = ADVANCED_FACE('',(#7097),#7113,.T.);
#7097 = FACE_BOUND('',#7098,.T.);
#7098 = EDGE_LOOP('',(#7099,#7100,#7101,#7102,#7103,#7104,#7105,#7106,
    #7107,#7108,#7109,#7110,#7111,#7112));
#7099 = ORIENTED_EDGE('',*,*,#6727,.T.);
#7100 = ORIENTED_EDGE('',*,*,#6762,.T.);
#7101 = ORIENTED_EDGE('',*,*,#6777,.T.);
#7102 = ORIENTED_EDGE('',*,*,#6805,.T.);
#7103 = ORIENTED_EDGE('',*,*,#6833,.T.);
#7104 = ORIENTED_EDGE('',*,*,#6861,.T.);
#7105 = ORIENTED_EDGE('',*,*,#6889,.T.);
#7106 = ORIENTED_EDGE('',*,*,#6917,.T.);
#7107 = ORIENTED_EDGE('',*,*,#6952,.T.);
#7108 = ORIENTED_EDGE('',*,*,#6967,.T.);
#7109 = ORIENTED_EDGE('',*,*,#6995,.T.);
#7110 = ORIENTED_EDGE('',*,*,#7023,.T.);
#7111 = ORIENTED_EDGE('',*,*,#7051,.T.);
#7112 = ORIENTED_EDGE('',*,*,#7079,.T.);
#7113 = B_SPLINE_SURFACE_WITH_KNOTS('',1,1,(
    (#7114,#7115)
    ,(#7116,#7117
    )),.UNSPECIFIED.,.F.,.F.,.F.,(2,2),(2,2),(-6.909191353937E-02,
    9.877700204729E-04),(-4.232247951881E-02,8.435036096212E-03),
  .PIECEWISE_BEZIER_KNOTS.);
#7114 = CARTESIAN_POINT('',(-0.516816418271,-1.01,0.837544881004));
#7115 = CARTESIAN_POINT('',(-0.466058902656,-1.01,0.837544881004));
#7116 = CARTESIAN_POINT('',(-0.516816418271,-1.01,0.767465197444));
#7117 = CARTESIAN_POINT('',(-0.466058902656,-1.01,0.767465197444));
#7118 = ADVANCED_FACE('',(#7119),#7141,.F.);
#7119 = FACE_BOUND('',#7120,.T.);
#7120 = EDGE_LOOP('',(#7121,#7122,#7129,#7136));
#7121 = ORIENTED_EDGE('',*,*,#670,.T.);
#7122 = ORIENTED_EDGE('',*,*,#7123,.F.);
#7123 = EDGE_CURVE('',#7124,#673,#7126,.T.);
#7124 = VERTEX_POINT('',#7125);
#7125 = CARTESIAN_POINT('',(-0.416029217583,-1.01,0.77633779833));
#7126 = B_SPLINE_CURVE_WITH_KNOTS('',1,(#7127,#7128),.UNSPECIFIED.,.F.,
  .F.,(2,2),(0.,1.E-02),.PIECEWISE_BEZIER_KNOTS.);
#7127 = CARTESIAN_POINT('',(-0.416029217583,-1.01,0.77633779833));
#7128 = CARTESIAN_POINT('',(-0.416029217583,-1.,0.77633779833));
#7129 = ORIENTED_EDGE('',*,*,#7130,.F.);
#7130 = EDGE_CURVE('',#7131,#7124,#7133,.T.);
#7131 = VERTEX_POINT('',#7132);
#7132 = CARTESIAN_POINT('',(-0.416029217583,-1.01,0.768608931152));
#7133 = B_SPLINE_CURVE_WITH_KNOTS('',1,(#7134,#7135),.UNSPECIFIED.,.F.,
  .F.,(2,2),(-7.728867177928E-03,0.),.PIECEWISE_BEZIER_KNOTS.);
#7134 = CARTESIAN_POINT('',(-0.416029217583,-1.01,0.768608931152));
#7135 = CARTESIAN_POINT('',(-0.416029217583,-1.01,0.77633779833));
#7136 = ORIENTED_EDGE('',*,*,#7137,.T.);
#7137 = EDGE_CURVE('',#7131,#671,#7138,.T.);
#7138 = B_SPLINE_CURVE_WITH_KNOTS('',1,(#7139,#7140),.UNSPECIFIED.,.F.,
  .F.,(2,2),(0.,1.E-02),.PIECEWISE_BEZIER_KNOTS.);
#7139 = CARTESIAN_POINT('',(-0.416029217583,-1.01,0.768608931152));
#7140 = CARTESIAN_POINT('',(-0.416029217583,-1.,0.768608931152));
#7141 = B_SPLINE_SURFACE_WITH_KNOTS('',1,1,(
    (#7142,#7143)
    ,(#7144,#7145
    )),.UNSPECIFIED.,.F.,.F.,.F.,(2,2),(2,2),(-7.728867177928E-03,0.),(
    0.,1.E-02),.PIECEWISE_BEZIER_KNOTS.);
#7142 = CARTESIAN_POINT('',(-0.416029217583,-1.01,0.768608931152));
#7143 = CARTESIAN_POINT('',(-0.416029217583,-1.,0.768608931152));
#7144 = CARTESIAN_POINT('',(-0.416029217583,-1.01,0.77633779833));
#7145 = CARTESIAN_POINT('',(-0.416029217583,-1.,0.77633779833));
#7146 = ADVANCED_FACE('',(#7147),#7163,.F.);
#7147 = FACE_BOUND('',#7148,.T.);
#7148 = EDGE_LOOP('',(#7149,#7150,#7157,#7162));
#7149 = ORIENTED_EDGE('',*,*,#749,.T.);
#7150 = ORIENTED_EDGE('',*,*,#7151,.F.);
#7151 = EDGE_CURVE('',#7152,#743,#7154,.T.);
#7152 = VERTEX_POINT('',#7153);
#7153 = CARTESIAN_POINT('',(-0.443738766052,-1.01,0.77633779833));
#7154 = B_SPLINE_CURVE_WITH_KNOTS('',1,(#7155,#7156),.UNSPECIFIED.,.F.,
  .F.,(2,2),(0.,1.E-02),.PIECEWISE_BEZIER_KNOTS.);
#7155 = CARTESIAN_POINT('',(-0.443738766052,-1.01,0.77633779833));
#7156 = CARTESIAN_POINT('',(-0.443738766052,-1.,0.77633779833));
#7157 = ORIENTED_EDGE('',*,*,#7158,.F.);
#7158 = EDGE_CURVE('',#7124,#7152,#7159,.T.);
#7159 = B_SPLINE_CURVE_WITH_KNOTS('',1,(#7160,#7161),.UNSPECIFIED.,.F.,
  .F.,(2,2),(-2.770954846969E-02,-0.),.PIECEWISE_BEZIER_KNOTS.);
#7160 = CARTESIAN_POINT('',(-0.416029217583,-1.01,0.77633779833));
#7161 = CARTESIAN_POINT('',(-0.443738766052,-1.01,0.77633779833));
#7162 = ORIENTED_EDGE('',*,*,#7123,.T.);
#7163 = B_SPLINE_SURFACE_WITH_KNOTS('',1,1,(
    (#7164,#7165)
    ,(#7166,#7167
    )),.UNSPECIFIED.,.F.,.F.,.F.,(2,2),(2,2),(-2.770954846969E-02,
    5.551115123126E-17),(0.,1.E-02),.PIECEWISE_BEZIER_KNOTS.);
#7164 = CARTESIAN_POINT('',(-0.416029217583,-1.01,0.77633779833));
#7165 = CARTESIAN_POINT('',(-0.416029217583,-1.,0.77633779833));
#7166 = CARTESIAN_POINT('',(-0.443738766052,-1.01,0.77633779833));
#7167 = CARTESIAN_POINT('',(-0.443738766052,-1.,0.77633779833));
#7168 = ADVANCED_FACE('',(#7169),#7185,.F.);
#7169 = FACE_BOUND('',#7170,.T.);
#7170 = EDGE_LOOP('',(#7171,#7172,#7179,#7184));
#7171 = ORIENTED_EDGE('',*,*,#742,.T.);
#7172 = ORIENTED_EDGE('',*,*,#7173,.F.);
#7173 = EDGE_CURVE('',#7174,#736,#7176,.T.);
#7174 = VERTEX_POINT('',#7175);
#7175 = CARTESIAN_POINT('',(-0.443738766052,-1.01,0.799143155295));
#7176 = B_SPLINE_CURVE_WITH_KNOTS('',1,(#7177,#7178),.UNSPECIFIED.,.F.,
  .F.,(2,2),(0.,1.E-02),.PIECEWISE_BEZIER_KNOTS.);
#7177 = CARTESIAN_POINT('',(-0.443738766052,-1.01,0.799143155295));
#7178 = CARTESIAN_POINT('',(-0.443738766052,-1.,0.799143155295));
#7179 = ORIENTED_EDGE('',*,*,#7180,.F.);
#7180 = EDGE_CURVE('',#7152,#7174,#7181,.T.);
#7181 = B_SPLINE_CURVE_WITH_KNOTS('',1,(#7182,#7183),.UNSPECIFIED.,.F.,
  .F.,(2,2),(-2.280535696444E-02,0.),.PIECEWISE_BEZIER_KNOTS.);
#7182 = CARTESIAN_POINT('',(-0.443738766052,-1.01,0.77633779833));
#7183 = CARTESIAN_POINT('',(-0.443738766052,-1.01,0.799143155295));
#7184 = ORIENTED_EDGE('',*,*,#7151,.T.);
#7185 = B_SPLINE_SURFACE_WITH_KNOTS('',1,1,(
    (#7186,#7187)
    ,(#7188,#7189
    )),.UNSPECIFIED.,.F.,.F.,.F.,(2,2),(2,2),(-2.280535696444E-02,0.),(
    0.,1.E-02),.PIECEWISE_BEZIER_KNOTS.);
#7186 = CARTESIAN_POINT('',(-0.443738766052,-1.01,0.77633779833));
#7187 = CARTESIAN_POINT('',(-0.443738766052,-1.,0.77633779833));
#7188 = CARTESIAN_POINT('',(-0.443738766052,-1.01,0.799143155295));
#7189 = CARTESIAN_POINT('',(-0.443738766052,-1.,0.799143155295));
#7190 = ADVANCED_FACE('',(#7191),#7207,.F.);
#7191 = FACE_BOUND('',#7192,.T.);
#7192 = EDGE_LOOP('',(#7193,#7194,#7201,#7206));
#7193 = ORIENTED_EDGE('',*,*,#735,.T.);
#7194 = ORIENTED_EDGE('',*,*,#7195,.F.);
#7195 = EDGE_CURVE('',#7196,#729,#7198,.T.);
#7196 = VERTEX_POINT('',#7197);
#7197 = CARTESIAN_POINT('',(-0.419495077304,-1.01,0.799143155295));
#7198 = B_SPLINE_CURVE_WITH_KNOTS('',1,(#7199,#7200),.UNSPECIFIED.,.F.,
  .F.,(2,2),(0.,1.E-02),.PIECEWISE_BEZIER_KNOTS.);
#7199 = CARTESIAN_POINT('',(-0.419495077304,-1.01,0.799143155295));
#7200 = CARTESIAN_POINT('',(-0.419495077304,-1.,0.799143155295));
#7201 = ORIENTED_EDGE('',*,*,#7202,.F.);
#7202 = EDGE_CURVE('',#7174,#7196,#7203,.T.);
#7203 = B_SPLINE_CURVE_WITH_KNOTS('',1,(#7204,#7205),.UNSPECIFIED.,.F.,
  .F.,(2,2),(-2.424368874866E-02,0.),.PIECEWISE_BEZIER_KNOTS.);
#7204 = CARTESIAN_POINT('',(-0.443738766052,-1.01,0.799143155295));
#7205 = CARTESIAN_POINT('',(-0.419495077304,-1.01,0.799143155295));
#7206 = ORIENTED_EDGE('',*,*,#7173,.T.);
#7207 = B_SPLINE_SURFACE_WITH_KNOTS('',1,1,(
    (#7208,#7209)
    ,(#7210,#7211
    )),.UNSPECIFIED.,.F.,.F.,.F.,(2,2),(2,2),(-2.424368874866E-02,0.),(
    0.,1.E-02),.PIECEWISE_BEZIER_KNOTS.);
#7208 = CARTESIAN_POINT('',(-0.443738766052,-1.01,0.799143155295));
#7209 = CARTESIAN_POINT('',(-0.443738766052,-1.,0.799143155295));
#7210 = CARTESIAN_POINT('',(-0.419495077304,-1.01,0.799143155295));
#7211 = CARTESIAN_POINT('',(-0.419495077304,-1.,0.799143155295));
#7212 = ADVANCED_FACE('',(#7213),#7229,.F.);
#7213 = FACE_BOUND('',#7214,.T.);
#7214 = EDGE_LOOP('',(#7215,#7216,#7223,#7228));
#7215 = ORIENTED_EDGE('',*,*,#728,.T.);
#7216 = ORIENTED_EDGE('',*,*,#7217,.F.);
#7217 = EDGE_CURVE('',#7218,#722,#7220,.T.);
#7218 = VERTEX_POINT('',#7219);
#7219 = CARTESIAN_POINT('',(-0.419495077304,-1.01,0.80690668107));
#7220 = B_SPLINE_CURVE_WITH_KNOTS('',1,(#7221,#7222),.UNSPECIFIED.,.F.,
  .F.,(2,2),(0.,1.E-02),.PIECEWISE_BEZIER_KNOTS.);
#7221 = CARTESIAN_POINT('',(-0.419495077304,-1.01,0.80690668107));
#7222 = CARTESIAN_POINT('',(-0.419495077304,-1.,0.80690668107));
#7223 = ORIENTED_EDGE('',*,*,#7224,.F.);
#7224 = EDGE_CURVE('',#7196,#7218,#7225,.T.);
#7225 = B_SPLINE_CURVE_WITH_KNOTS('',1,(#7226,#7227),.UNSPECIFIED.,.F.,
  .F.,(2,2),(-7.763525775099E-03,0.),.PIECEWISE_BEZIER_KNOTS.);
#7226 = CARTESIAN_POINT('',(-0.419495077304,-1.01,0.799143155295));
#7227 = CARTESIAN_POINT('',(-0.419495077304,-1.01,0.80690668107));
#7228 = ORIENTED_EDGE('',*,*,#7195,.T.);
#7229 = B_SPLINE_SURFACE_WITH_KNOTS('',1,1,(
    (#7230,#7231)
    ,(#7232,#7233
    )),.UNSPECIFIED.,.F.,.F.,.F.,(2,2),(2,2),(-7.763525775099E-03,0.),(
    0.,1.E-02),.PIECEWISE_BEZIER_KNOTS.);
#7230 = CARTESIAN_POINT('',(-0.419495077304,-1.01,0.799143155295));
#7231 = CARTESIAN_POINT('',(-0.419495077304,-1.,0.799143155295));
#7232 = CARTESIAN_POINT('',(-0.419495077304,-1.01,0.80690668107));
#7233 = CARTESIAN_POINT('',(-0.419495077304,-1.,0.80690668107));
#7234 = ADVANCED_FACE('',(#7235),#7251,.F.);
#7235 = FACE_BOUND('',#7236,.T.);
#7236 = EDGE_LOOP('',(#7237,#7238,#7245,#7250));
#7237 = ORIENTED_EDGE('',*,*,#721,.T.);
#7238 = ORIENTED_EDGE('',*,*,#7239,.F.);
#7239 = EDGE_CURVE('',#7240,#715,#7242,.T.);
#7240 = VERTEX_POINT('',#7241);
#7241 = CARTESIAN_POINT('',(-0.443738766052,-1.01,0.80690668107));
#7242 = B_SPLINE_CURVE_WITH_KNOTS('',1,(#7243,#7244),.UNSPECIFIED.,.F.,
  .F.,(2,2),(0.,1.E-02),.PIECEWISE_BEZIER_KNOTS.);
#7243 = CARTESIAN_POINT('',(-0.443738766052,-1.01,0.80690668107));
#7244 = CARTESIAN_POINT('',(-0.443738766052,-1.,0.80690668107));
#7245 = ORIENTED_EDGE('',*,*,#7246,.F.);
#7246 = EDGE_CURVE('',#7218,#7240,#7247,.T.);
#7247 = B_SPLINE_CURVE_WITH_KNOTS('',1,(#7248,#7249),.UNSPECIFIED.,.F.,
  .F.,(2,2),(-2.424368874866E-02,-0.),.PIECEWISE_BEZIER_KNOTS.);
#7248 = CARTESIAN_POINT('',(-0.419495077304,-1.01,0.80690668107));
#7249 = CARTESIAN_POINT('',(-0.443738766052,-1.01,0.80690668107));
#7250 = ORIENTED_EDGE('',*,*,#7217,.T.);
#7251 = B_SPLINE_SURFACE_WITH_KNOTS('',1,1,(
    (#7252,#7253)
    ,(#7254,#7255
    )),.UNSPECIFIED.,.F.,.F.,.F.,(2,2),(2,2),(-2.424368874866E-02,
    5.551115123126E-17),(0.,1.E-02),.PIECEWISE_BEZIER_KNOTS.);
#7252 = CARTESIAN_POINT('',(-0.419495077304,-1.01,0.80690668107));
#7253 = CARTESIAN_POINT('',(-0.419495077304,-1.,0.80690668107));
#7254 = CARTESIAN_POINT('',(-0.443738766052,-1.01,0.80690668107));
#7255 = CARTESIAN_POINT('',(-0.443738766052,-1.,0.80690668107));
#7256 = ADVANCED_FACE('',(#7257),#7273,.F.);
#7257 = FACE_BOUND('',#7258,.T.);
#7258 = EDGE_LOOP('',(#7259,#7260,#7267,#7272));
#7259 = ORIENTED_EDGE('',*,*,#714,.T.);
#7260 = ORIENTED_EDGE('',*,*,#7261,.F.);
#7261 = EDGE_CURVE('',#7262,#708,#7264,.T.);
#7262 = VERTEX_POINT('',#7263);
#7263 = CARTESIAN_POINT('',(-0.443738766052,-1.01,0.828602962924));
#7264 = B_SPLINE_CURVE_WITH_KNOTS('',1,(#7265,#7266),.UNSPECIFIED.,.F.,
  .F.,(2,2),(0.,1.E-02),.PIECEWISE_BEZIER_KNOTS.);
#7265 = CARTESIAN_POINT('',(-0.443738766052,-1.01,0.828602962924));
#7266 = CARTESIAN_POINT('',(-0.443738766052,-1.,0.828602962924));
#7267 = ORIENTED_EDGE('',*,*,#7268,.F.);
#7268 = EDGE_CURVE('',#7240,#7262,#7269,.T.);
#7269 = B_SPLINE_CURVE_WITH_KNOTS('',1,(#7270,#7271),.UNSPECIFIED.,.F.,
  .F.,(2,2),(-2.169628185404E-02,0.),.PIECEWISE_BEZIER_KNOTS.);
#7270 = CARTESIAN_POINT('',(-0.443738766052,-1.01,0.80690668107));
#7271 = CARTESIAN_POINT('',(-0.443738766052,-1.01,0.828602962924));
#7272 = ORIENTED_EDGE('',*,*,#7239,.T.);
#7273 = B_SPLINE_SURFACE_WITH_KNOTS('',1,1,(
    (#7274,#7275)
    ,(#7276,#7277
    )),.UNSPECIFIED.,.F.,.F.,.F.,(2,2),(2,2),(-2.169628185404E-02,0.),(
    0.,1.E-02),.PIECEWISE_BEZIER_KNOTS.);
#7274 = CARTESIAN_POINT('',(-0.443738766052,-1.01,0.80690668107));
#7275 = CARTESIAN_POINT('',(-0.443738766052,-1.,0.80690668107));
#7276 = CARTESIAN_POINT('',(-0.443738766052,-1.01,0.828602962924));
#7277 = CARTESIAN_POINT('',(-0.443738766052,-1.,0.828602962924));
#7278 = ADVANCED_FACE('',(#7279),#7295,.F.);
#7279 = FACE_BOUND('',#7280,.T.);
#7280 = EDGE_LOOP('',(#7281,#7282,#7289,#7294));
#7281 = ORIENTED_EDGE('',*,*,#707,.T.);
#7282 = ORIENTED_EDGE('',*,*,#7283,.F.);
#7283 = EDGE_CURVE('',#7284,#701,#7286,.T.);
#7284 = VERTEX_POINT('',#7285);
#7285 = CARTESIAN_POINT('',(-0.417571525159,-1.01,0.828602962924));
#7286 = B_SPLINE_CURVE_WITH_KNOTS('',1,(#7287,#7288),.UNSPECIFIED.,.F.,
  .F.,(2,2),(0.,1.E-02),.PIECEWISE_BEZIER_KNOTS.);
#7287 = CARTESIAN_POINT('',(-0.417571525159,-1.01,0.828602962924));
#7288 = CARTESIAN_POINT('',(-0.417571525159,-1.,0.828602962924));
#7289 = ORIENTED_EDGE('',*,*,#7290,.F.);
#7290 = EDGE_CURVE('',#7262,#7284,#7291,.T.);
#7291 = B_SPLINE_CURVE_WITH_KNOTS('',1,(#7292,#7293),.UNSPECIFIED.,.F.,
  .F.,(2,2),(-2.616724089396E-02,0.),.PIECEWISE_BEZIER_KNOTS.);
#7292 = CARTESIAN_POINT('',(-0.443738766052,-1.01,0.828602962924));
#7293 = CARTESIAN_POINT('',(-0.417571525159,-1.01,0.828602962924));
#7294 = ORIENTED_EDGE('',*,*,#7261,.T.);
#7295 = B_SPLINE_SURFACE_WITH_KNOTS('',1,1,(
    (#7296,#7297)
    ,(#7298,#7299
    )),.UNSPECIFIED.,.F.,.F.,.F.,(2,2),(2,2),(-2.616724089396E-02,0.),(
    0.,1.E-02),.PIECEWISE_BEZIER_KNOTS.);
#7296 = CARTESIAN_POINT('',(-0.443738766052,-1.01,0.828602962924));
#7297 = CARTESIAN_POINT('',(-0.443738766052,-1.,0.828602962924));
#7298 = CARTESIAN_POINT('',(-0.417571525159,-1.01,0.828602962924));
#7299 = CARTESIAN_POINT('',(-0.417571525159,-1.,0.828602962924));
#7300 = ADVANCED_FACE('',(#7301),#7317,.F.);
#7301 = FACE_BOUND('',#7302,.T.);
#7302 = EDGE_LOOP('',(#7303,#7304,#7311,#7316));
#7303 = ORIENTED_EDGE('',*,*,#700,.T.);
#7304 = ORIENTED_EDGE('',*,*,#7305,.F.);
#7305 = EDGE_CURVE('',#7306,#694,#7308,.T.);
#7306 = VERTEX_POINT('',#7307);
#7307 = CARTESIAN_POINT('',(-0.417571525159,-1.01,0.836401147296));
#7308 = B_SPLINE_CURVE_WITH_KNOTS('',1,(#7309,#7310),.UNSPECIFIED.,.F.,
  .F.,(2,2),(0.,1.E-02),.PIECEWISE_BEZIER_KNOTS.);
#7309 = CARTESIAN_POINT('',(-0.417571525159,-1.01,0.836401147296));
#7310 = CARTESIAN_POINT('',(-0.417571525159,-1.,0.836401147296));
#7311 = ORIENTED_EDGE('',*,*,#7312,.F.);
#7312 = EDGE_CURVE('',#7284,#7306,#7313,.T.);
#7313 = B_SPLINE_CURVE_WITH_KNOTS('',1,(#7314,#7315),.UNSPECIFIED.,.F.,
  .F.,(2,2),(-7.79818437227E-03,0.),.PIECEWISE_BEZIER_KNOTS.);
#7314 = CARTESIAN_POINT('',(-0.417571525159,-1.01,0.828602962924));
#7315 = CARTESIAN_POINT('',(-0.417571525159,-1.01,0.836401147296));
#7316 = ORIENTED_EDGE('',*,*,#7283,.T.);
#7317 = B_SPLINE_SURFACE_WITH_KNOTS('',1,1,(
    (#7318,#7319)
    ,(#7320,#7321
    )),.UNSPECIFIED.,.F.,.F.,.F.,(2,2),(2,2),(-7.79818437227E-03,0.),(0.
    ,1.E-02),.PIECEWISE_BEZIER_KNOTS.);
#7318 = CARTESIAN_POINT('',(-0.417571525159,-1.01,0.828602962924));
#7319 = CARTESIAN_POINT('',(-0.417571525159,-1.,0.828602962924));
#7320 = CARTESIAN_POINT('',(-0.417571525159,-1.01,0.836401147296));
#7321 = CARTESIAN_POINT('',(-0.417571525159,-1.,0.836401147296));
#7322 = ADVANCED_FACE('',(#7323),#7339,.F.);
#7323 = FACE_BOUND('',#7324,.T.);
#7324 = EDGE_LOOP('',(#7325,#7326,#7333,#7338));
#7325 = ORIENTED_EDGE('',*,*,#693,.T.);
#7326 = ORIENTED_EDGE('',*,*,#7327,.F.);
#7327 = EDGE_CURVE('',#7328,#687,#7330,.T.);
#7328 = VERTEX_POINT('',#7329);
#7329 = CARTESIAN_POINT('',(-0.452490061848,-1.01,0.836401147296));
#7330 = B_SPLINE_CURVE_WITH_KNOTS('',1,(#7331,#7332),.UNSPECIFIED.,.F.,
  .F.,(2,2),(0.,1.E-02),.PIECEWISE_BEZIER_KNOTS.);
#7331 = CARTESIAN_POINT('',(-0.452490061848,-1.01,0.836401147296));
#7332 = CARTESIAN_POINT('',(-0.452490061848,-1.,0.836401147296));
#7333 = ORIENTED_EDGE('',*,*,#7334,.F.);
#7334 = EDGE_CURVE('',#7306,#7328,#7335,.T.);
#7335 = B_SPLINE_CURVE_WITH_KNOTS('',1,(#7336,#7337),.UNSPECIFIED.,.F.,
  .F.,(2,2),(-3.491853668959E-02,-0.),.PIECEWISE_BEZIER_KNOTS.);
#7336 = CARTESIAN_POINT('',(-0.417571525159,-1.01,0.836401147296));
#7337 = CARTESIAN_POINT('',(-0.452490061848,-1.01,0.836401147296));
#7338 = ORIENTED_EDGE('',*,*,#7305,.T.);
#7339 = B_SPLINE_SURFACE_WITH_KNOTS('',1,1,(
    (#7340,#7341)
    ,(#7342,#7343
    )),.UNSPECIFIED.,.F.,.F.,.F.,(2,2),(2,2),(-3.491853668959E-02,0.),(
    0.,1.E-02),.PIECEWISE_BEZIER_KNOTS.);
#7340 = CARTESIAN_POINT('',(-0.417571525159,-1.01,0.836401147296));
#7341 = CARTESIAN_POINT('',(-0.417571525159,-1.,0.836401147296));
#7342 = CARTESIAN_POINT('',(-0.452490061848,-1.01,0.836401147296));
#7343 = CARTESIAN_POINT('',(-0.452490061848,-1.,0.836401147296));
#7344 = ADVANCED_FACE('',(#7345),#7361,.F.);
#7345 = FACE_BOUND('',#7346,.T.);
#7346 = EDGE_LOOP('',(#7347,#7348,#7355,#7360));
#7347 = ORIENTED_EDGE('',*,*,#686,.T.);
#7348 = ORIENTED_EDGE('',*,*,#7349,.F.);
#7349 = EDGE_CURVE('',#7350,#680,#7352,.T.);
#7350 = VERTEX_POINT('',#7351);
#7351 = CARTESIAN_POINT('',(-0.452490061848,-1.01,0.768608931152));
#7352 = B_SPLINE_CURVE_WITH_KNOTS('',1,(#7353,#7354),.UNSPECIFIED.,.F.,
  .F.,(2,2),(0.,1.E-02),.PIECEWISE_BEZIER_KNOTS.);
#7353 = CARTESIAN_POINT('',(-0.452490061848,-1.01,0.768608931152));
#7354 = CARTESIAN_POINT('',(-0.452490061848,-1.,0.768608931152));
#7355 = ORIENTED_EDGE('',*,*,#7356,.F.);
#7356 = EDGE_CURVE('',#7328,#7350,#7357,.T.);
#7357 = B_SPLINE_CURVE_WITH_KNOTS('',1,(#7358,#7359),.UNSPECIFIED.,.F.,
  .F.,(2,2),(-6.779221614378E-02,-0.),.PIECEWISE_BEZIER_KNOTS.);
#7358 = CARTESIAN_POINT('',(-0.452490061848,-1.01,0.836401147296));
#7359 = CARTESIAN_POINT('',(-0.452490061848,-1.01,0.768608931152));
#7360 = ORIENTED_EDGE('',*,*,#7327,.T.);
#7361 = B_SPLINE_SURFACE_WITH_KNOTS('',1,1,(
    (#7362,#7363)
    ,(#7364,#7365
    )),.UNSPECIFIED.,.F.,.F.,.F.,(2,2),(2,2),(-6.779221614378E-02,0.),(
    0.,1.E-02),.PIECEWISE_BEZIER_KNOTS.);
#7362 = CARTESIAN_POINT('',(-0.452490061848,-1.01,0.836401147296));
#7363 = CARTESIAN_POINT('',(-0.452490061848,-1.,0.836401147296));
#7364 = CARTESIAN_POINT('',(-0.452490061848,-1.01,0.768608931152));
#7365 = CARTESIAN_POINT('',(-0.452490061848,-1.,0.768608931152));
#7366 = ADVANCED_FACE('',(#7367),#7377,.F.);
#7367 = FACE_BOUND('',#7368,.T.);
#7368 = EDGE_LOOP('',(#7369,#7370,#7371,#7376));
#7369 = ORIENTED_EDGE('',*,*,#679,.T.);
#7370 = ORIENTED_EDGE('',*,*,#7137,.F.);
#7371 = ORIENTED_EDGE('',*,*,#7372,.F.);
#7372 = EDGE_CURVE('',#7350,#7131,#7373,.T.);
#7373 = B_SPLINE_CURVE_WITH_KNOTS('',1,(#7374,#7375),.UNSPECIFIED.,.F.,
  .F.,(2,2),(-3.646084426532E-02,0.),.PIECEWISE_BEZIER_KNOTS.);
#7374 = CARTESIAN_POINT('',(-0.452490061848,-1.01,0.768608931152));
#7375 = CARTESIAN_POINT('',(-0.416029217583,-1.01,0.768608931152));
#7376 = ORIENTED_EDGE('',*,*,#7349,.T.);
#7377 = B_SPLINE_SURFACE_WITH_KNOTS('',1,1,(
    (#7378,#7379)
    ,(#7380,#7381
    )),.UNSPECIFIED.,.F.,.F.,.F.,(2,2),(2,2),(-3.646084426532E-02,0.),(
    0.,1.E-02),.PIECEWISE_BEZIER_KNOTS.);
#7378 = CARTESIAN_POINT('',(-0.452490061848,-1.01,0.768608931152));
#7379 = CARTESIAN_POINT('',(-0.452490061848,-1.,0.768608931152));
#7380 = CARTESIAN_POINT('',(-0.416029217583,-1.01,0.768608931152));
#7381 = CARTESIAN_POINT('',(-0.416029217583,-1.,0.768608931152));
#7382 = ADVANCED_FACE('',(#7383),#7397,.F.);
#7383 = FACE_BOUND('',#7384,.T.);
#7384 = EDGE_LOOP('',(#7385,#7386,#7387,#7388,#7389,#7390,#7391,#7392,
    #7393,#7394,#7395,#7396));
#7385 = ORIENTED_EDGE('',*,*,#7130,.T.);
#7386 = ORIENTED_EDGE('',*,*,#7158,.T.);
#7387 = ORIENTED_EDGE('',*,*,#7180,.T.);
#7388 = ORIENTED_EDGE('',*,*,#7202,.T.);
#7389 = ORIENTED_EDGE('',*,*,#7224,.T.);
#7390 = ORIENTED_EDGE('',*,*,#7246,.T.);
#7391 = ORIENTED_EDGE('',*,*,#7268,.T.);
#7392 = ORIENTED_EDGE('',*,*,#7290,.T.);
#7393 = ORIENTED_EDGE('',*,*,#7312,.T.);
#7394 = ORIENTED_EDGE('',*,*,#7334,.T.);
#7395 = ORIENTED_EDGE('',*,*,#7356,.T.);
#7396 = ORIENTED_EDGE('',*,*,#7372,.T.);
#7397 = B_SPLINE_SURFACE_WITH_KNOTS('',1,1,(
    (#7398,#7399)
    ,(#7400,#7401
    )),.UNSPECIFIED.,.F.,.F.,.F.,(2,2),(2,2),(0.748608831152,
    0.816401047296),(-0.452490061848,-0.416029217583),
  .PIECEWISE_BEZIER_KNOTS.);
#7398 = CARTESIAN_POINT('',(-0.452490061848,-1.01,0.768608931152));
#7399 = CARTESIAN_POINT('',(-0.416029217583,-1.01,0.768608931152));
#7400 = CARTESIAN_POINT('',(-0.452490061848,-1.01,0.836401147296));
#7401 = CARTESIAN_POINT('',(-0.416029217583,-1.01,0.836401147296));
#7402 = ADVANCED_FACE('',(#7403,#7462),#7521,.T.);
#7403 = FACE_BOUND('',#7404,.T.);
#7404 = EDGE_LOOP('',(#7405,#7414,#7423,#7432,#7441,#7450,#7457));
#7405 = ORIENTED_EDGE('',*,*,#7406,.T.);
#7406 = EDGE_CURVE('',#7407,#7409,#7411,.T.);
#7407 = VERTEX_POINT('',#7408);
#7408 = CARTESIAN_POINT('',(-0.403222865913,-1.01,0.768608931152));
#7409 = VERTEX_POINT('',#7410);
#7410 = CARTESIAN_POINT('',(-0.384576540614,-1.01,0.768608931152));
#7411 = B_SPLINE_CURVE_WITH_KNOTS('',1,(#7412,#7413),.UNSPECIFIED.,.F.,
  .F.,(2,2),(-1.864632529929E-02,0.),.PIECEWISE_BEZIER_KNOTS.);
#7412 = CARTESIAN_POINT('',(-0.403222865913,-1.01,0.768608931152));
#7413 = CARTESIAN_POINT('',(-0.384576540614,-1.01,0.768608931152));
#7414 = ORIENTED_EDGE('',*,*,#7415,.T.);
#7415 = EDGE_CURVE('',#7409,#7416,#7418,.T.);
#7416 = VERTEX_POINT('',#7417);
#7417 = CARTESIAN_POINT('',(-0.358253336033,-1.01,0.778105386788));
#7418 = B_SPLINE_CURVE_WITH_KNOTS('',3,(#7419,#7420,#7421,#7422),
  .UNSPECIFIED.,.F.,.F.,(4,4),(5.,6.),.PIECEWISE_BEZIER_KNOTS.);
#7419 = CARTESIAN_POINT('',(-0.384576540614,-1.01,0.768608931152));
#7420 = CARTESIAN_POINT('',(-0.373849704778,-1.01,0.768608931152));
#7421 = CARTESIAN_POINT('',(-0.365063750385,-1.01,0.771762863499));
#7422 = CARTESIAN_POINT('',(-0.358253336033,-1.01,0.778105386788));
#7423 = ORIENTED_EDGE('',*,*,#7424,.T.);
#7424 = EDGE_CURVE('',#7416,#7425,#7427,.T.);
#7425 = VERTEX_POINT('',#7426);
#7426 = CARTESIAN_POINT('',(-0.348029049856,-1.01,0.803371504155));
#7427 = B_SPLINE_CURVE_WITH_KNOTS('',3,(#7428,#7429,#7430,#7431),
  .UNSPECIFIED.,.F.,.F.,(4,4),(4.,5.),.PIECEWISE_BEZIER_KNOTS.);
#7428 = CARTESIAN_POINT('',(-0.358253336033,-1.01,0.778105386788));
#7429 = CARTESIAN_POINT('',(-0.351442921681,-1.01,0.784447910078));
#7430 = CARTESIAN_POINT('',(-0.348029049856,-1.01,0.7928699492));
#7431 = CARTESIAN_POINT('',(-0.348029049856,-1.01,0.803371504155));
#7432 = ORIENTED_EDGE('',*,*,#7433,.T.);
#7433 = EDGE_CURVE('',#7425,#7434,#7436,.T.);
#7434 = VERTEX_POINT('',#7435);
#7435 = CARTESIAN_POINT('',(-0.358253336033,-1.01,0.827424570619));
#7436 = B_SPLINE_CURVE_WITH_KNOTS('',3,(#7437,#7438,#7439,#7440),
  .UNSPECIFIED.,.F.,.F.,(4,4),(3.,4.),.PIECEWISE_BEZIER_KNOTS.);
#7437 = CARTESIAN_POINT('',(-0.348029049856,-1.01,0.803371504155));
#7438 = CARTESIAN_POINT('',(-0.348029049856,-1.01,0.813422497345));
#7439 = CARTESIAN_POINT('',(-0.351442921681,-1.01,0.821428633301));
#7440 = CARTESIAN_POINT('',(-0.358253336033,-1.01,0.827424570619));
#7441 = ORIENTED_EDGE('',*,*,#7442,.T.);
#7442 = EDGE_CURVE('',#7434,#7443,#7445,.T.);
#7443 = VERTEX_POINT('',#7444);
#7444 = CARTESIAN_POINT('',(-0.38388336867,-1.01,0.836401147296));
#7445 = B_SPLINE_CURVE_WITH_KNOTS('',3,(#7446,#7447,#7448,#7449),
  .UNSPECIFIED.,.F.,.F.,(4,4),(2.,3.),.PIECEWISE_BEZIER_KNOTS.);
#7446 = CARTESIAN_POINT('',(-0.358253336033,-1.01,0.827424570619));
#7447 = CARTESIAN_POINT('',(-0.365063750385,-1.01,0.833420507936));
#7448 = CARTESIAN_POINT('',(-0.373607094597,-1.01,0.836401147296));
#7449 = CARTESIAN_POINT('',(-0.38388336867,-1.01,0.836401147296));
#7450 = ORIENTED_EDGE('',*,*,#7451,.T.);
#7451 = EDGE_CURVE('',#7443,#7452,#7454,.T.);
#7452 = VERTEX_POINT('',#7453);
#7453 = CARTESIAN_POINT('',(-0.403222865913,-1.01,0.836401147296));
#7454 = B_SPLINE_CURVE_WITH_KNOTS('',1,(#7455,#7456),.UNSPECIFIED.,.F.,
  .F.,(2,2),(-1.933949724364E-02,-0.),.PIECEWISE_BEZIER_KNOTS.);
#7455 = CARTESIAN_POINT('',(-0.38388336867,-1.01,0.836401147296));
#7456 = CARTESIAN_POINT('',(-0.403222865913,-1.01,0.836401147296));
#7457 = ORIENTED_EDGE('',*,*,#7458,.T.);
#7458 = EDGE_CURVE('',#7452,#7407,#7459,.T.);
#7459 = B_SPLINE_CURVE_WITH_KNOTS('',1,(#7460,#7461),.UNSPECIFIED.,.F.,
  .F.,(2,2),(-6.779221614378E-02,-0.),.PIECEWISE_BEZIER_KNOTS.);
#7460 = CARTESIAN_POINT('',(-0.403222865913,-1.01,0.836401147296));
#7461 = CARTESIAN_POINT('',(-0.403222865913,-1.01,0.768608931152));
#7462 = FACE_BOUND('',#7463,.T.);
#7463 = EDGE_LOOP('',(#7464,#7473,#7480,#7489,#7498,#7507,#7516));
#7464 = ORIENTED_EDGE('',*,*,#7465,.F.);
#7465 = EDGE_CURVE('',#7466,#7468,#7470,.T.);
#7466 = VERTEX_POINT('',#7467);
#7467 = CARTESIAN_POINT('',(-0.394471570117,-1.01,0.828602962924));
#7468 = VERTEX_POINT('',#7469);
#7469 = CARTESIAN_POINT('',(-0.394471570117,-1.01,0.77633779833));
#7470 = B_SPLINE_CURVE_WITH_KNOTS('',1,(#7471,#7472),.UNSPECIFIED.,.F.,
  .F.,(2,2),(0.,5.226516459358E-02),.PIECEWISE_BEZIER_KNOTS.);
#7471 = CARTESIAN_POINT('',(-0.394471570117,-1.01,0.828602962924));
#7472 = CARTESIAN_POINT('',(-0.394471570117,-1.01,0.77633779833));
#7473 = ORIENTED_EDGE('',*,*,#7474,.F.);
#7474 = EDGE_CURVE('',#7475,#7466,#7477,.T.);
#7475 = VERTEX_POINT('',#7476);
#7476 = CARTESIAN_POINT('',(-0.384229954642,-1.01,0.828602962924));
#7477 = B_SPLINE_CURVE_WITH_KNOTS('',1,(#7478,#7479),.UNSPECIFIED.,.F.,
  .F.,(2,2),(0.,1.024161547514E-02),.PIECEWISE_BEZIER_KNOTS.);
#7478 = CARTESIAN_POINT('',(-0.384229954642,-1.01,0.828602962924));
#7479 = CARTESIAN_POINT('',(-0.394471570117,-1.01,0.828602962924));
#7480 = ORIENTED_EDGE('',*,*,#7481,.F.);
#7481 = EDGE_CURVE('',#7482,#7475,#7484,.T.);
#7482 = VERTEX_POINT('',#7483);
#7483 = CARTESIAN_POINT('',(-0.364665176517,-1.01,0.822225781037));
#7484 = B_SPLINE_CURVE_WITH_KNOTS('',3,(#7485,#7486,#7487,#7488),
  .UNSPECIFIED.,.F.,.F.,(4,4),(5.,6.),.PIECEWISE_BEZIER_KNOTS.);
#7485 = CARTESIAN_POINT('',(-0.364665176517,-1.01,0.822225781037));
#7486 = CARTESIAN_POINT('',(-0.369621355918,-1.01,0.826488788494));
#7487 = CARTESIAN_POINT('',(-0.376154501492,-1.01,0.828602962924));
#7488 = CARTESIAN_POINT('',(-0.384229954642,-1.01,0.828602962924));
#7489 = ORIENTED_EDGE('',*,*,#7490,.F.);
#7490 = EDGE_CURVE('',#7491,#7482,#7493,.T.);
#7491 = VERTEX_POINT('',#7492);
#7492 = CARTESIAN_POINT('',(-0.357230907415,-1.01,0.803128893974));
#7493 = B_SPLINE_CURVE_WITH_KNOTS('',3,(#7494,#7495,#7496,#7497),
  .UNSPECIFIED.,.F.,.F.,(4,4),(4.,5.),.PIECEWISE_BEZIER_KNOTS.);
#7494 = CARTESIAN_POINT('',(-0.357230907415,-1.01,0.803128893974));
#7495 = CARTESIAN_POINT('',(-0.357230907415,-1.01,0.811585591693));
#7496 = CARTESIAN_POINT('',(-0.359708997116,-1.01,0.81796277358));
#7497 = CARTESIAN_POINT('',(-0.364665176517,-1.01,0.822225781037));
#7498 = ORIENTED_EDGE('',*,*,#7499,.F.);
#7499 = EDGE_CURVE('',#7500,#7491,#7502,.T.);
#7500 = VERTEX_POINT('',#7501);
#7501 = CARTESIAN_POINT('',(-0.364474554232,-1.01,0.783408152161));
#7502 = B_SPLINE_CURVE_WITH_KNOTS('',3,(#7503,#7504,#7505,#7506),
  .UNSPECIFIED.,.F.,.F.,(4,4),(3.,4.),.PIECEWISE_BEZIER_KNOTS.);
#7503 = CARTESIAN_POINT('',(-0.364474554232,-1.01,0.783408152161));
#7504 = CARTESIAN_POINT('',(-0.359639679921,-1.01,0.788087062785));
#7505 = CARTESIAN_POINT('',(-0.357230907415,-1.01,0.794672196255));
#7506 = CARTESIAN_POINT('',(-0.357230907415,-1.01,0.803128893974));
#7507 = ORIENTED_EDGE('',*,*,#7508,.F.);
#7508 = EDGE_CURVE('',#7509,#7500,#7511,.T.);
#7509 = VERTEX_POINT('',#7510);
#7510 = CARTESIAN_POINT('',(-0.38462852851,-1.01,0.77633779833));
#7511 = B_SPLINE_CURVE_WITH_KNOTS('',3,(#7512,#7513,#7514,#7515),
  .UNSPECIFIED.,.F.,.F.,(4,4),(2.,3.),.PIECEWISE_BEZIER_KNOTS.);
#7512 = CARTESIAN_POINT('',(-0.38462852851,-1.01,0.77633779833));
#7513 = CARTESIAN_POINT('',(-0.376015867103,-1.01,0.77633779833));
#7514 = CARTESIAN_POINT('',(-0.369292099244,-1.01,0.778694582941));
#7515 = CARTESIAN_POINT('',(-0.364474554232,-1.01,0.783408152161));
#7516 = ORIENTED_EDGE('',*,*,#7517,.F.);
#7517 = EDGE_CURVE('',#7468,#7509,#7518,.T.);
#7518 = B_SPLINE_CURVE_WITH_KNOTS('',1,(#7519,#7520),.UNSPECIFIED.,.F.,
  .F.,(2,2),(0.,9.843041607672E-03),.PIECEWISE_BEZIER_KNOTS.);
#7519 = CARTESIAN_POINT('',(-0.394471570117,-1.01,0.77633779833));
#7520 = CARTESIAN_POINT('',(-0.38462852851,-1.01,0.77633779833));
#7521 = B_SPLINE_SURFACE_WITH_KNOTS('',1,1,(
    (#7522,#7523)
    ,(#7524,#7525
    )),.UNSPECIFIED.,.F.,.F.,.F.,(2,2),(2,2),(-2.239811844664E-03,
    6.555240429911E-02),(-3.34542109575E-02,2.173960510027E-02),
  .PIECEWISE_BEZIER_KNOTS.);
#7522 = CARTESIAN_POINT('',(-0.403222865913,-1.01,0.836401147296));
#7523 = CARTESIAN_POINT('',(-0.348029049856,-1.01,0.836401147296));
#7524 = CARTESIAN_POINT('',(-0.403222865913,-1.01,0.768608931152));
#7525 = CARTESIAN_POINT('',(-0.348029049856,-1.01,0.768608931152));
#7526 = ADVANCED_FACE('',(#7527),#7541,.F.);
#7527 = FACE_BOUND('',#7528,.T.);
#7528 = EDGE_LOOP('',(#7529,#7530,#7535,#7536));
#7529 = ORIENTED_EDGE('',*,*,#756,.T.);
#7530 = ORIENTED_EDGE('',*,*,#7531,.F.);
#7531 = EDGE_CURVE('',#7409,#759,#7532,.T.);
#7532 = B_SPLINE_CURVE_WITH_KNOTS('',1,(#7533,#7534),.UNSPECIFIED.,.F.,
  .F.,(2,2),(0.,1.E-02),.PIECEWISE_BEZIER_KNOTS.);
#7533 = CARTESIAN_POINT('',(-0.384576540614,-1.01,0.768608931152));
#7534 = CARTESIAN_POINT('',(-0.384576540614,-1.,0.768608931152));
#7535 = ORIENTED_EDGE('',*,*,#7406,.F.);
#7536 = ORIENTED_EDGE('',*,*,#7537,.T.);
#7537 = EDGE_CURVE('',#7407,#757,#7538,.T.);
#7538 = B_SPLINE_CURVE_WITH_KNOTS('',1,(#7539,#7540),.UNSPECIFIED.,.F.,
  .F.,(2,2),(0.,1.E-02),.PIECEWISE_BEZIER_KNOTS.);
#7539 = CARTESIAN_POINT('',(-0.403222865913,-1.01,0.768608931152));
#7540 = CARTESIAN_POINT('',(-0.403222865913,-1.,0.768608931152));
#7541 = B_SPLINE_SURFACE_WITH_KNOTS('',1,1,(
    (#7542,#7543)
    ,(#7544,#7545
    )),.UNSPECIFIED.,.F.,.F.,.F.,(2,2),(2,2),(-1.864632529929E-02,0.),(
    0.,1.E-02),.PIECEWISE_BEZIER_KNOTS.);
#7542 = CARTESIAN_POINT('',(-0.403222865913,-1.01,0.768608931152));
#7543 = CARTESIAN_POINT('',(-0.403222865913,-1.,0.768608931152));
#7544 = CARTESIAN_POINT('',(-0.384576540614,-1.01,0.768608931152));
#7545 = CARTESIAN_POINT('',(-0.384576540614,-1.,0.768608931152));
#7546 = ADVANCED_FACE('',(#7547),#7557,.F.);
#7547 = FACE_BOUND('',#7548,.F.);
#7548 = EDGE_LOOP('',(#7549,#7550,#7551,#7556));
#7549 = ORIENTED_EDGE('',*,*,#7531,.F.);
#7550 = ORIENTED_EDGE('',*,*,#7415,.T.);
#7551 = ORIENTED_EDGE('',*,*,#7552,.T.);
#7552 = EDGE_CURVE('',#7416,#798,#7553,.T.);
#7553 = B_SPLINE_CURVE_WITH_KNOTS('',1,(#7554,#7555),.UNSPECIFIED.,.F.,
  .F.,(2,2),(0.,1.E-02),.PIECEWISE_BEZIER_KNOTS.);
#7554 = CARTESIAN_POINT('',(-0.358253336033,-1.01,0.778105386788));
#7555 = CARTESIAN_POINT('',(-0.358253336033,-1.,0.778105386788));
#7556 = ORIENTED_EDGE('',*,*,#806,.F.);
#7557 = B_SPLINE_SURFACE_WITH_KNOTS('',3,1,(
    (#7558,#7559)
    ,(#7560,#7561)
    ,(#7562,#7563)
    ,(#7564,#7565
    )),.UNSPECIFIED.,.F.,.F.,.F.,(4,4),(2,2),(5.,6.),(0.,1.),
  .PIECEWISE_BEZIER_KNOTS.);
#7558 = CARTESIAN_POINT('',(-0.384576540614,-1.01,0.768608931152));
#7559 = CARTESIAN_POINT('',(-0.384576540614,-1.,0.768608931152));
#7560 = CARTESIAN_POINT('',(-0.373849704778,-1.01,0.768608931152));
#7561 = CARTESIAN_POINT('',(-0.373849704778,-1.,0.768608931152));
#7562 = CARTESIAN_POINT('',(-0.365063750385,-1.01,0.771762863499));
#7563 = CARTESIAN_POINT('',(-0.365063750385,-1.,0.771762863499));
#7564 = CARTESIAN_POINT('',(-0.358253336033,-1.01,0.778105386788));
#7565 = CARTESIAN_POINT('',(-0.358253336033,-1.,0.778105386788));
#7566 = ADVANCED_FACE('',(#7567),#7577,.F.);
#7567 = FACE_BOUND('',#7568,.F.);
#7568 = EDGE_LOOP('',(#7569,#7570,#7571,#7576));
#7569 = ORIENTED_EDGE('',*,*,#7552,.F.);
#7570 = ORIENTED_EDGE('',*,*,#7424,.T.);
#7571 = ORIENTED_EDGE('',*,*,#7572,.T.);
#7572 = EDGE_CURVE('',#7425,#789,#7573,.T.);
#7573 = B_SPLINE_CURVE_WITH_KNOTS('',1,(#7574,#7575),.UNSPECIFIED.,.F.,
  .F.,(2,2),(0.,1.E-02),.PIECEWISE_BEZIER_KNOTS.);
#7574 = CARTESIAN_POINT('',(-0.348029049856,-1.01,0.803371504155));
#7575 = CARTESIAN_POINT('',(-0.348029049856,-1.,0.803371504155));
#7576 = ORIENTED_EDGE('',*,*,#797,.F.);
#7577 = B_SPLINE_SURFACE_WITH_KNOTS('',3,1,(
    (#7578,#7579)
    ,(#7580,#7581)
    ,(#7582,#7583)
    ,(#7584,#7585
    )),.UNSPECIFIED.,.F.,.F.,.F.,(4,4),(2,2),(4.,5.),(0.,1.),
  .PIECEWISE_BEZIER_KNOTS.);
#7578 = CARTESIAN_POINT('',(-0.358253336033,-1.01,0.778105386788));
#7579 = CARTESIAN_POINT('',(-0.358253336033,-1.,0.778105386788));
#7580 = CARTESIAN_POINT('',(-0.351442921681,-1.01,0.784447910078));
#7581 = CARTESIAN_POINT('',(-0.351442921681,-1.,0.784447910078));
#7582 = CARTESIAN_POINT('',(-0.348029049856,-1.01,0.7928699492));
#7583 = CARTESIAN_POINT('',(-0.348029049856,-1.,0.7928699492));
#7584 = CARTESIAN_POINT('',(-0.348029049856,-1.01,0.803371504155));
#7585 = CARTESIAN_POINT('',(-0.348029049856,-1.,0.803371504155));
#7586 = ADVANCED_FACE('',(#7587),#7597,.F.);
#7587 = FACE_BOUND('',#7588,.F.);
#7588 = EDGE_LOOP('',(#7589,#7590,#7591,#7596));
#7589 = ORIENTED_EDGE('',*,*,#7572,.F.);
#7590 = ORIENTED_EDGE('',*,*,#7433,.T.);
#7591 = ORIENTED_EDGE('',*,*,#7592,.T.);
#7592 = EDGE_CURVE('',#7434,#780,#7593,.T.);
#7593 = B_SPLINE_CURVE_WITH_KNOTS('',1,(#7594,#7595),.UNSPECIFIED.,.F.,
  .F.,(2,2),(0.,1.E-02),.PIECEWISE_BEZIER_KNOTS.);
#7594 = CARTESIAN_POINT('',(-0.358253336033,-1.01,0.827424570619));
#7595 = CARTESIAN_POINT('',(-0.358253336033,-1.,0.827424570619));
#7596 = ORIENTED_EDGE('',*,*,#788,.F.);
#7597 = B_SPLINE_SURFACE_WITH_KNOTS('',3,1,(
    (#7598,#7599)
    ,(#7600,#7601)
    ,(#7602,#7603)
    ,(#7604,#7605
    )),.UNSPECIFIED.,.F.,.F.,.F.,(4,4),(2,2),(3.,4.),(0.,1.),
  .PIECEWISE_BEZIER_KNOTS.);
#7598 = CARTESIAN_POINT('',(-0.348029049856,-1.01,0.803371504155));
#7599 = CARTESIAN_POINT('',(-0.348029049856,-1.,0.803371504155));
#7600 = CARTESIAN_POINT('',(-0.348029049856,-1.01,0.813422497345));
#7601 = CARTESIAN_POINT('',(-0.348029049856,-1.,0.813422497345));
#7602 = CARTESIAN_POINT('',(-0.351442921681,-1.01,0.821428633301));
#7603 = CARTESIAN_POINT('',(-0.351442921681,-1.,0.821428633301));
#7604 = CARTESIAN_POINT('',(-0.358253336033,-1.01,0.827424570619));
#7605 = CARTESIAN_POINT('',(-0.358253336033,-1.,0.827424570619));
#7606 = ADVANCED_FACE('',(#7607),#7617,.F.);
#7607 = FACE_BOUND('',#7608,.F.);
#7608 = EDGE_LOOP('',(#7609,#7610,#7611,#7616));
#7609 = ORIENTED_EDGE('',*,*,#7592,.F.);
#7610 = ORIENTED_EDGE('',*,*,#7442,.T.);
#7611 = ORIENTED_EDGE('',*,*,#7612,.T.);
#7612 = EDGE_CURVE('',#7443,#773,#7613,.T.);
#7613 = B_SPLINE_CURVE_WITH_KNOTS('',1,(#7614,#7615),.UNSPECIFIED.,.F.,
  .F.,(2,2),(0.,1.E-02),.PIECEWISE_BEZIER_KNOTS.);
#7614 = CARTESIAN_POINT('',(-0.38388336867,-1.01,0.836401147296));
#7615 = CARTESIAN_POINT('',(-0.38388336867,-1.,0.836401147296));
#7616 = ORIENTED_EDGE('',*,*,#779,.F.);
#7617 = B_SPLINE_SURFACE_WITH_KNOTS('',3,1,(
    (#7618,#7619)
    ,(#7620,#7621)
    ,(#7622,#7623)
    ,(#7624,#7625
    )),.UNSPECIFIED.,.F.,.F.,.F.,(4,4),(2,2),(2.,3.),(0.,1.),
  .PIECEWISE_BEZIER_KNOTS.);
#7618 = CARTESIAN_POINT('',(-0.358253336033,-1.01,0.827424570619));
#7619 = CARTESIAN_POINT('',(-0.358253336033,-1.,0.827424570619));
#7620 = CARTESIAN_POINT('',(-0.365063750385,-1.01,0.833420507936));
#7621 = CARTESIAN_POINT('',(-0.365063750385,-1.,0.833420507936));
#7622 = CARTESIAN_POINT('',(-0.373607094597,-1.01,0.836401147296));
#7623 = CARTESIAN_POINT('',(-0.373607094597,-1.,0.836401147296));
#7624 = CARTESIAN_POINT('',(-0.38388336867,-1.01,0.836401147296));
#7625 = CARTESIAN_POINT('',(-0.38388336867,-1.,0.836401147296));
#7626 = ADVANCED_FACE('',(#7627),#7637,.F.);
#7627 = FACE_BOUND('',#7628,.T.);
#7628 = EDGE_LOOP('',(#7629,#7630,#7635,#7636));
#7629 = ORIENTED_EDGE('',*,*,#772,.T.);
#7630 = ORIENTED_EDGE('',*,*,#7631,.F.);
#7631 = EDGE_CURVE('',#7452,#766,#7632,.T.);
#7632 = B_SPLINE_CURVE_WITH_KNOTS('',1,(#7633,#7634),.UNSPECIFIED.,.F.,
  .F.,(2,2),(0.,1.E-02),.PIECEWISE_BEZIER_KNOTS.);
#7633 = CARTESIAN_POINT('',(-0.403222865913,-1.01,0.836401147296));
#7634 = CARTESIAN_POINT('',(-0.403222865913,-1.,0.836401147296));
#7635 = ORIENTED_EDGE('',*,*,#7451,.F.);
#7636 = ORIENTED_EDGE('',*,*,#7612,.T.);
#7637 = B_SPLINE_SURFACE_WITH_KNOTS('',1,1,(
    (#7638,#7639)
    ,(#7640,#7641
    )),.UNSPECIFIED.,.F.,.F.,.F.,(2,2),(2,2),(-1.933949724364E-02,0.),(
    0.,1.E-02),.PIECEWISE_BEZIER_KNOTS.);
#7638 = CARTESIAN_POINT('',(-0.38388336867,-1.01,0.836401147296));
#7639 = CARTESIAN_POINT('',(-0.38388336867,-1.,0.836401147296));
#7640 = CARTESIAN_POINT('',(-0.403222865913,-1.01,0.836401147296));
#7641 = CARTESIAN_POINT('',(-0.403222865913,-1.,0.836401147296));
#7642 = ADVANCED_FACE('',(#7643),#7649,.F.);
#7643 = FACE_BOUND('',#7644,.T.);
#7644 = EDGE_LOOP('',(#7645,#7646,#7647,#7648));
#7645 = ORIENTED_EDGE('',*,*,#765,.T.);
#7646 = ORIENTED_EDGE('',*,*,#7537,.F.);
#7647 = ORIENTED_EDGE('',*,*,#7458,.F.);
#7648 = ORIENTED_EDGE('',*,*,#7631,.T.);
#7649 = B_SPLINE_SURFACE_WITH_KNOTS('',1,1,(
    (#7650,#7651)
    ,(#7652,#7653
    )),.UNSPECIFIED.,.F.,.F.,.F.,(2,2),(2,2),(-6.779221614378E-02,0.),(
    0.,1.E-02),.PIECEWISE_BEZIER_KNOTS.);
#7650 = CARTESIAN_POINT('',(-0.403222865913,-1.01,0.836401147296));
#7651 = CARTESIAN_POINT('',(-0.403222865913,-1.,0.836401147296));
#7652 = CARTESIAN_POINT('',(-0.403222865913,-1.01,0.768608931152));
#7653 = CARTESIAN_POINT('',(-0.403222865913,-1.,0.768608931152));
#7654 = ADVANCED_FACE('',(#7655),#7677,.T.);
#7655 = FACE_BOUND('',#7656,.T.);
#7656 = EDGE_LOOP('',(#7657,#7666,#7671,#7672));
#7657 = ORIENTED_EDGE('',*,*,#7658,.F.);
#7658 = EDGE_CURVE('',#7659,#7661,#7663,.T.);
#7659 = VERTEX_POINT('',#7660);
#7660 = CARTESIAN_POINT('',(-0.384229954642,-1.,0.828602962924));
#7661 = VERTEX_POINT('',#7662);
#7662 = CARTESIAN_POINT('',(-0.394471570117,-1.,0.828602962924));
#7663 = B_SPLINE_CURVE_WITH_KNOTS('',1,(#7664,#7665),.UNSPECIFIED.,.F.,
  .F.,(2,2),(0.,1.024161547514E-02),.PIECEWISE_BEZIER_KNOTS.);
#7664 = CARTESIAN_POINT('',(-0.384229954642,-1.,0.828602962924));
#7665 = CARTESIAN_POINT('',(-0.394471570117,-1.,0.828602962924));
#7666 = ORIENTED_EDGE('',*,*,#7667,.F.);
#7667 = EDGE_CURVE('',#7475,#7659,#7668,.T.);
#7668 = B_SPLINE_CURVE_WITH_KNOTS('',1,(#7669,#7670),.UNSPECIFIED.,.F.,
  .F.,(2,2),(0.,1.E-02),.PIECEWISE_BEZIER_KNOTS.);
#7669 = CARTESIAN_POINT('',(-0.384229954642,-1.01,0.828602962924));
#7670 = CARTESIAN_POINT('',(-0.384229954642,-1.,0.828602962924));
#7671 = ORIENTED_EDGE('',*,*,#7474,.T.);
#7672 = ORIENTED_EDGE('',*,*,#7673,.T.);
#7673 = EDGE_CURVE('',#7466,#7661,#7674,.T.);
#7674 = B_SPLINE_CURVE_WITH_KNOTS('',1,(#7675,#7676),.UNSPECIFIED.,.F.,
  .F.,(2,2),(0.,1.E-02),.PIECEWISE_BEZIER_KNOTS.);
#7675 = CARTESIAN_POINT('',(-0.394471570117,-1.01,0.828602962924));
#7676 = CARTESIAN_POINT('',(-0.394471570117,-1.,0.828602962924));
#7677 = B_SPLINE_SURFACE_WITH_KNOTS('',1,1,(
    (#7678,#7679)
    ,(#7680,#7681
    )),.UNSPECIFIED.,.F.,.F.,.F.,(2,2),(2,2),(0.,1.024161547514E-02),(0.
    ,1.E-02),.PIECEWISE_BEZIER_KNOTS.);
#7678 = CARTESIAN_POINT('',(-0.384229954642,-1.01,0.828602962924));
#7679 = CARTESIAN_POINT('',(-0.384229954642,-1.,0.828602962924));
#7680 = CARTESIAN_POINT('',(-0.394471570117,-1.01,0.828602962924));
#7681 = CARTESIAN_POINT('',(-0.394471570117,-1.,0.828602962924));
#7682 = ADVANCED_FACE('',(#7683),#7699,.T.);
#7683 = FACE_BOUND('',#7684,.T.);
#7684 = EDGE_LOOP('',(#7685,#7692,#7693,#7694));
#7685 = ORIENTED_EDGE('',*,*,#7686,.F.);
#7686 = EDGE_CURVE('',#7661,#7687,#7689,.T.);
#7687 = VERTEX_POINT('',#7688);
#7688 = CARTESIAN_POINT('',(-0.394471570117,-1.,0.77633779833));
#7689 = B_SPLINE_CURVE_WITH_KNOTS('',1,(#7690,#7691),.UNSPECIFIED.,.F.,
  .F.,(2,2),(0.,5.226516459358E-02),.PIECEWISE_BEZIER_KNOTS.);
#7690 = CARTESIAN_POINT('',(-0.394471570117,-1.,0.828602962924));
#7691 = CARTESIAN_POINT('',(-0.394471570117,-1.,0.77633779833));
#7692 = ORIENTED_EDGE('',*,*,#7673,.F.);
#7693 = ORIENTED_EDGE('',*,*,#7465,.T.);
#7694 = ORIENTED_EDGE('',*,*,#7695,.T.);
#7695 = EDGE_CURVE('',#7468,#7687,#7696,.T.);
#7696 = B_SPLINE_CURVE_WITH_KNOTS('',1,(#7697,#7698),.UNSPECIFIED.,.F.,
  .F.,(2,2),(0.,1.E-02),.PIECEWISE_BEZIER_KNOTS.);
#7697 = CARTESIAN_POINT('',(-0.394471570117,-1.01,0.77633779833));
#7698 = CARTESIAN_POINT('',(-0.394471570117,-1.,0.77633779833));
#7699 = B_SPLINE_SURFACE_WITH_KNOTS('',1,1,(
    (#7700,#7701)
    ,(#7702,#7703
    )),.UNSPECIFIED.,.F.,.F.,.F.,(2,2),(2,2),(0.,5.226516459358E-02),(0.
    ,1.E-02),.PIECEWISE_BEZIER_KNOTS.);
#7700 = CARTESIAN_POINT('',(-0.394471570117,-1.01,0.828602962924));
#7701 = CARTESIAN_POINT('',(-0.394471570117,-1.,0.828602962924));
#7702 = CARTESIAN_POINT('',(-0.394471570117,-1.01,0.77633779833));
#7703 = CARTESIAN_POINT('',(-0.394471570117,-1.,0.77633779833));
#7704 = ADVANCED_FACE('',(#7705),#7721,.T.);
#7705 = FACE_BOUND('',#7706,.T.);
#7706 = EDGE_LOOP('',(#7707,#7714,#7715,#7716));
#7707 = ORIENTED_EDGE('',*,*,#7708,.F.);
#7708 = EDGE_CURVE('',#7687,#7709,#7711,.T.);
#7709 = VERTEX_POINT('',#7710);
#7710 = CARTESIAN_POINT('',(-0.38462852851,-1.,0.77633779833));
#7711 = B_SPLINE_CURVE_WITH_KNOTS('',1,(#7712,#7713),.UNSPECIFIED.,.F.,
  .F.,(2,2),(0.,9.843041607672E-03),.PIECEWISE_BEZIER_KNOTS.);
#7712 = CARTESIAN_POINT('',(-0.394471570117,-1.,0.77633779833));
#7713 = CARTESIAN_POINT('',(-0.38462852851,-1.,0.77633779833));
#7714 = ORIENTED_EDGE('',*,*,#7695,.F.);
#7715 = ORIENTED_EDGE('',*,*,#7517,.T.);
#7716 = ORIENTED_EDGE('',*,*,#7717,.T.);
#7717 = EDGE_CURVE('',#7509,#7709,#7718,.T.);
#7718 = B_SPLINE_CURVE_WITH_KNOTS('',1,(#7719,#7720),.UNSPECIFIED.,.F.,
  .F.,(2,2),(0.,1.E-02),.PIECEWISE_BEZIER_KNOTS.);
#7719 = CARTESIAN_POINT('',(-0.38462852851,-1.01,0.77633779833));
#7720 = CARTESIAN_POINT('',(-0.38462852851,-1.,0.77633779833));
#7721 = B_SPLINE_SURFACE_WITH_KNOTS('',1,1,(
    (#7722,#7723)
    ,(#7724,#7725
    )),.UNSPECIFIED.,.F.,.F.,.F.,(2,2),(2,2),(0.,9.843041607672E-03),(0.
    ,1.E-02),.PIECEWISE_BEZIER_KNOTS.);
#7722 = CARTESIAN_POINT('',(-0.394471570117,-1.01,0.77633779833));
#7723 = CARTESIAN_POINT('',(-0.394471570117,-1.,0.77633779833));
#7724 = CARTESIAN_POINT('',(-0.38462852851,-1.01,0.77633779833));
#7725 = CARTESIAN_POINT('',(-0.38462852851,-1.,0.77633779833));
#7726 = ADVANCED_FACE('',(#7727),#7745,.T.);
#7727 = FACE_BOUND('',#7728,.T.);
#7728 = EDGE_LOOP('',(#7729,#7738,#7739,#7740));
#7729 = ORIENTED_EDGE('',*,*,#7730,.F.);
#7730 = EDGE_CURVE('',#7709,#7731,#7733,.T.);
#7731 = VERTEX_POINT('',#7732);
#7732 = CARTESIAN_POINT('',(-0.364474554232,-1.,0.783408152161));
#7733 = B_SPLINE_CURVE_WITH_KNOTS('',3,(#7734,#7735,#7736,#7737),
  .UNSPECIFIED.,.F.,.F.,(4,4),(2.,3.),.PIECEWISE_BEZIER_KNOTS.);
#7734 = CARTESIAN_POINT('',(-0.38462852851,-1.,0.77633779833));
#7735 = CARTESIAN_POINT('',(-0.376015867103,-1.,0.77633779833));
#7736 = CARTESIAN_POINT('',(-0.369292099244,-1.,0.778694582941));
#7737 = CARTESIAN_POINT('',(-0.364474554232,-1.,0.783408152161));
#7738 = ORIENTED_EDGE('',*,*,#7717,.F.);
#7739 = ORIENTED_EDGE('',*,*,#7508,.T.);
#7740 = ORIENTED_EDGE('',*,*,#7741,.T.);
#7741 = EDGE_CURVE('',#7500,#7731,#7742,.T.);
#7742 = B_SPLINE_CURVE_WITH_KNOTS('',1,(#7743,#7744),.UNSPECIFIED.,.F.,
  .F.,(2,2),(0.,1.E-02),.PIECEWISE_BEZIER_KNOTS.);
#7743 = CARTESIAN_POINT('',(-0.364474554232,-1.01,0.783408152161));
#7744 = CARTESIAN_POINT('',(-0.364474554232,-1.,0.783408152161));
#7745 = B_SPLINE_SURFACE_WITH_KNOTS('',3,1,(
    (#7746,#7747)
    ,(#7748,#7749)
    ,(#7750,#7751)
    ,(#7752,#7753
    )),.UNSPECIFIED.,.F.,.F.,.F.,(4,4),(2,2),(2.,3.),(0.,1.),
  .PIECEWISE_BEZIER_KNOTS.);
#7746 = CARTESIAN_POINT('',(-0.38462852851,-1.01,0.77633779833));
#7747 = CARTESIAN_POINT('',(-0.38462852851,-1.,0.77633779833));
#7748 = CARTESIAN_POINT('',(-0.376015867103,-1.01,0.77633779833));
#7749 = CARTESIAN_POINT('',(-0.376015867103,-1.,0.77633779833));
#7750 = CARTESIAN_POINT('',(-0.369292099244,-1.01,0.778694582941));
#7751 = CARTESIAN_POINT('',(-0.369292099244,-1.,0.778694582941));
#7752 = CARTESIAN_POINT('',(-0.364474554232,-1.01,0.783408152161));
#7753 = CARTESIAN_POINT('',(-0.364474554232,-1.,0.783408152161));
#7754 = ADVANCED_FACE('',(#7755),#7773,.T.);
#7755 = FACE_BOUND('',#7756,.T.);
#7756 = EDGE_LOOP('',(#7757,#7766,#7767,#7768));
#7757 = ORIENTED_EDGE('',*,*,#7758,.F.);
#7758 = EDGE_CURVE('',#7731,#7759,#7761,.T.);
#7759 = VERTEX_POINT('',#7760);
#7760 = CARTESIAN_POINT('',(-0.357230907415,-1.,0.803128893974));
#7761 = B_SPLINE_CURVE_WITH_KNOTS('',3,(#7762,#7763,#7764,#7765),
  .UNSPECIFIED.,.F.,.F.,(4,4),(3.,4.),.PIECEWISE_BEZIER_KNOTS.);
#7762 = CARTESIAN_POINT('',(-0.364474554232,-1.,0.783408152161));
#7763 = CARTESIAN_POINT('',(-0.359639679921,-1.,0.788087062785));
#7764 = CARTESIAN_POINT('',(-0.357230907415,-1.,0.794672196255));
#7765 = CARTESIAN_POINT('',(-0.357230907415,-1.,0.803128893974));
#7766 = ORIENTED_EDGE('',*,*,#7741,.F.);
#7767 = ORIENTED_EDGE('',*,*,#7499,.T.);
#7768 = ORIENTED_EDGE('',*,*,#7769,.T.);
#7769 = EDGE_CURVE('',#7491,#7759,#7770,.T.);
#7770 = B_SPLINE_CURVE_WITH_KNOTS('',1,(#7771,#7772),.UNSPECIFIED.,.F.,
  .F.,(2,2),(0.,1.E-02),.PIECEWISE_BEZIER_KNOTS.);
#7771 = CARTESIAN_POINT('',(-0.357230907415,-1.01,0.803128893974));
#7772 = CARTESIAN_POINT('',(-0.357230907415,-1.,0.803128893974));
#7773 = B_SPLINE_SURFACE_WITH_KNOTS('',3,1,(
    (#7774,#7775)
    ,(#7776,#7777)
    ,(#7778,#7779)
    ,(#7780,#7781
    )),.UNSPECIFIED.,.F.,.F.,.F.,(4,4),(2,2),(3.,4.),(0.,1.),
  .PIECEWISE_BEZIER_KNOTS.);
#7774 = CARTESIAN_POINT('',(-0.364474554232,-1.01,0.783408152161));
#7775 = CARTESIAN_POINT('',(-0.364474554232,-1.,0.783408152161));
#7776 = CARTESIAN_POINT('',(-0.359639679921,-1.01,0.788087062785));
#7777 = CARTESIAN_POINT('',(-0.359639679921,-1.,0.788087062785));
#7778 = CARTESIAN_POINT('',(-0.357230907415,-1.01,0.794672196255));
#7779 = CARTESIAN_POINT('',(-0.357230907415,-1.,0.794672196255));
#7780 = CARTESIAN_POINT('',(-0.357230907415,-1.01,0.803128893974));
#7781 = CARTESIAN_POINT('',(-0.357230907415,-1.,0.803128893974));
#7782 = ADVANCED_FACE('',(#7783),#7801,.T.);
#7783 = FACE_BOUND('',#7784,.T.);
#7784 = EDGE_LOOP('',(#7785,#7794,#7795,#7796));
#7785 = ORIENTED_EDGE('',*,*,#7786,.F.);
#7786 = EDGE_CURVE('',#7759,#7787,#7789,.T.);
#7787 = VERTEX_POINT('',#7788);
#7788 = CARTESIAN_POINT('',(-0.364665176517,-1.,0.822225781037));
#7789 = B_SPLINE_CURVE_WITH_KNOTS('',3,(#7790,#7791,#7792,#7793),
  .UNSPECIFIED.,.F.,.F.,(4,4),(4.,5.),.PIECEWISE_BEZIER_KNOTS.);
#7790 = CARTESIAN_POINT('',(-0.357230907415,-1.,0.803128893974));
#7791 = CARTESIAN_POINT('',(-0.357230907415,-1.,0.811585591693));
#7792 = CARTESIAN_POINT('',(-0.359708997116,-1.,0.81796277358));
#7793 = CARTESIAN_POINT('',(-0.364665176517,-1.,0.822225781037));
#7794 = ORIENTED_EDGE('',*,*,#7769,.F.);
#7795 = ORIENTED_EDGE('',*,*,#7490,.T.);
#7796 = ORIENTED_EDGE('',*,*,#7797,.T.);
#7797 = EDGE_CURVE('',#7482,#7787,#7798,.T.);
#7798 = B_SPLINE_CURVE_WITH_KNOTS('',1,(#7799,#7800),.UNSPECIFIED.,.F.,
  .F.,(2,2),(0.,1.E-02),.PIECEWISE_BEZIER_KNOTS.);
#7799 = CARTESIAN_POINT('',(-0.364665176517,-1.01,0.822225781037));
#7800 = CARTESIAN_POINT('',(-0.364665176517,-1.,0.822225781037));
#7801 = B_SPLINE_SURFACE_WITH_KNOTS('',3,1,(
    (#7802,#7803)
    ,(#7804,#7805)
    ,(#7806,#7807)
    ,(#7808,#7809
    )),.UNSPECIFIED.,.F.,.F.,.F.,(4,4),(2,2),(4.,5.),(0.,1.),
  .PIECEWISE_BEZIER_KNOTS.);
#7802 = CARTESIAN_POINT('',(-0.357230907415,-1.01,0.803128893974));
#7803 = CARTESIAN_POINT('',(-0.357230907415,-1.,0.803128893974));
#7804 = CARTESIAN_POINT('',(-0.357230907415,-1.01,0.811585591693));
#7805 = CARTESIAN_POINT('',(-0.357230907415,-1.,0.811585591693));
#7806 = CARTESIAN_POINT('',(-0.359708997116,-1.01,0.81796277358));
#7807 = CARTESIAN_POINT('',(-0.359708997116,-1.,0.81796277358));
#7808 = CARTESIAN_POINT('',(-0.364665176517,-1.01,0.822225781037));
#7809 = CARTESIAN_POINT('',(-0.364665176517,-1.,0.822225781037));
#7810 = ADVANCED_FACE('',(#7811),#7823,.T.);
#7811 = FACE_BOUND('',#7812,.T.);
#7812 = EDGE_LOOP('',(#7813,#7820,#7821,#7822));
#7813 = ORIENTED_EDGE('',*,*,#7814,.F.);
#7814 = EDGE_CURVE('',#7787,#7659,#7815,.T.);
#7815 = B_SPLINE_CURVE_WITH_KNOTS('',3,(#7816,#7817,#7818,#7819),
  .UNSPECIFIED.,.F.,.F.,(4,4),(5.,6.),.PIECEWISE_BEZIER_KNOTS.);
#7816 = CARTESIAN_POINT('',(-0.364665176517,-1.,0.822225781037));
#7817 = CARTESIAN_POINT('',(-0.369621355918,-1.,0.826488788494));
#7818 = CARTESIAN_POINT('',(-0.376154501492,-1.,0.828602962924));
#7819 = CARTESIAN_POINT('',(-0.384229954642,-1.,0.828602962924));
#7820 = ORIENTED_EDGE('',*,*,#7797,.F.);
#7821 = ORIENTED_EDGE('',*,*,#7481,.T.);
#7822 = ORIENTED_EDGE('',*,*,#7667,.T.);
#7823 = B_SPLINE_SURFACE_WITH_KNOTS('',3,1,(
    (#7824,#7825)
    ,(#7826,#7827)
    ,(#7828,#7829)
    ,(#7830,#7831
    )),.UNSPECIFIED.,.F.,.F.,.F.,(4,4),(2,2),(5.,6.),(0.,1.),
  .PIECEWISE_BEZIER_KNOTS.);
#7824 = CARTESIAN_POINT('',(-0.364665176517,-1.01,0.822225781037));
#7825 = CARTESIAN_POINT('',(-0.364665176517,-1.,0.822225781037));
#7826 = CARTESIAN_POINT('',(-0.369621355918,-1.01,0.826488788494));
#7827 = CARTESIAN_POINT('',(-0.369621355918,-1.,0.826488788494));
#7828 = CARTESIAN_POINT('',(-0.376154501492,-1.01,0.828602962924));
#7829 = CARTESIAN_POINT('',(-0.376154501492,-1.,0.828602962924));
#7830 = CARTESIAN_POINT('',(-0.384229954642,-1.01,0.828602962924));
#7831 = CARTESIAN_POINT('',(-0.384229954642,-1.,0.828602962924));
#7832 = ADVANCED_FACE('',(#7833),#7842,.F.);
#7833 = FACE_BOUND('',#7834,.T.);
#7834 = EDGE_LOOP('',(#7835,#7836,#7837,#7838,#7839,#7840,#7841));
#7835 = ORIENTED_EDGE('',*,*,#7814,.T.);
#7836 = ORIENTED_EDGE('',*,*,#7658,.T.);
#7837 = ORIENTED_EDGE('',*,*,#7686,.T.);
#7838 = ORIENTED_EDGE('',*,*,#7708,.T.);
#7839 = ORIENTED_EDGE('',*,*,#7730,.T.);
#7840 = ORIENTED_EDGE('',*,*,#7758,.T.);
#7841 = ORIENTED_EDGE('',*,*,#7786,.T.);
#7842 = B_SPLINE_SURFACE_WITH_KNOTS('',1,1,(
    (#7843,#7844)
    ,(#7845,#7846
    )),.UNSPECIFIED.,.F.,.F.,.F.,(2,2),(2,2),(-0.14366230167,
    -9.13971370761E-02),(0.605528429883,0.642769092585),
  .PIECEWISE_BEZIER_KNOTS.);
#7843 = CARTESIAN_POINT('',(-0.394471570117,-1.,0.77633779833));
#7844 = CARTESIAN_POINT('',(-0.357230907415,-1.,0.77633779833));
#7845 = CARTESIAN_POINT('',(-0.394471570117,-1.,0.828602962924));
#7846 = CARTESIAN_POINT('',(-0.357230907415,-1.,0.828602962924));
#7847 = ADVANCED_FACE('',(#7848,#7906),#7954,.F.);
#7848 = FACE_BOUND('',#7849,.T.);
#7849 = EDGE_LOOP('',(#7850,#7859,#7866,#7873,#7880,#7887,#7894,#7901));
#7850 = ORIENTED_EDGE('',*,*,#7851,.T.);
#7851 = EDGE_CURVE('',#7852,#7854,#7856,.T.);
#7852 = VERTEX_POINT('',#7853);
#7853 = CARTESIAN_POINT('',(-0.283269460967,-1.01,0.768608931152));
#7854 = VERTEX_POINT('',#7855);
#7855 = CARTESIAN_POINT('',(-0.309090115889,-1.01,0.836401147296));
#7856 = B_SPLINE_CURVE_WITH_KNOTS('',1,(#7857,#7858),.UNSPECIFIED.,.F.,
  .F.,(2,2),(-7.254302716517E-02,0.),.PIECEWISE_BEZIER_KNOTS.);
#7857 = CARTESIAN_POINT('',(-0.283269460967,-1.01,0.768608931152));
#7858 = CARTESIAN_POINT('',(-0.309090115889,-1.01,0.836401147296));
#7859 = ORIENTED_EDGE('',*,*,#7860,.T.);
#7860 = EDGE_CURVE('',#7854,#7861,#7863,.T.);
#7861 = VERTEX_POINT('',#7862);
#7862 = CARTESIAN_POINT('',(-0.318447937136,-1.01,0.836401147296));
#7863 = B_SPLINE_CURVE_WITH_KNOTS('',1,(#7864,#7865),.UNSPECIFIED.,.F.,
  .F.,(2,2),(-9.357821246817E-03,-0.),.PIECEWISE_BEZIER_KNOTS.);
#7864 = CARTESIAN_POINT('',(-0.309090115889,-1.01,0.836401147296));
#7865 = CARTESIAN_POINT('',(-0.318447937136,-1.01,0.836401147296));
#7866 = ORIENTED_EDGE('',*,*,#7867,.T.);
#7867 = EDGE_CURVE('',#7861,#7868,#7870,.T.);
#7868 = VERTEX_POINT('',#7869);
#7869 = CARTESIAN_POINT('',(-0.344268592058,-1.01,0.768608931152));
#7870 = B_SPLINE_CURVE_WITH_KNOTS('',1,(#7871,#7872),.UNSPECIFIED.,.F.,
  .F.,(2,2),(-7.254302716501E-02,-0.),.PIECEWISE_BEZIER_KNOTS.);
#7871 = CARTESIAN_POINT('',(-0.318447937136,-1.01,0.836401147296));
#7872 = CARTESIAN_POINT('',(-0.344268592058,-1.01,0.768608931152));
#7873 = ORIENTED_EDGE('',*,*,#7874,.T.);
#7874 = EDGE_CURVE('',#7868,#7875,#7877,.T.);
#7875 = VERTEX_POINT('',#7876);
#7876 = CARTESIAN_POINT('',(-0.334598843436,-1.01,0.768608931152));
#7877 = B_SPLINE_CURVE_WITH_KNOTS('',1,(#7878,#7879),.UNSPECIFIED.,.F.,
  .F.,(2,2),(-9.669748621356E-03,0.),.PIECEWISE_BEZIER_KNOTS.);
#7878 = CARTESIAN_POINT('',(-0.344268592058,-1.01,0.768608931152));
#7879 = CARTESIAN_POINT('',(-0.334598843436,-1.01,0.768608931152));
#7880 = ORIENTED_EDGE('',*,*,#7881,.T.);
#7881 = EDGE_CURVE('',#7875,#7882,#7884,.T.);
#7882 = VERTEX_POINT('',#7883);
#7883 = CARTESIAN_POINT('',(-0.328083027161,-1.01,0.78715128066));
#7884 = B_SPLINE_CURVE_WITH_KNOTS('',1,(#7885,#7886),.UNSPECIFIED.,.F.,
  .F.,(2,2),(-1.965386951736E-02,0.),.PIECEWISE_BEZIER_KNOTS.);
#7885 = CARTESIAN_POINT('',(-0.334598843436,-1.01,0.768608931152));
#7886 = CARTESIAN_POINT('',(-0.328083027161,-1.01,0.78715128066));
#7887 = ORIENTED_EDGE('',*,*,#7888,.T.);
#7888 = EDGE_CURVE('',#7882,#7889,#7891,.T.);
#7889 = VERTEX_POINT('',#7890);
#7890 = CARTESIAN_POINT('',(-0.299853599733,-1.01,0.78715128066));
#7891 = B_SPLINE_CURVE_WITH_KNOTS('',1,(#7892,#7893),.UNSPECIFIED.,.F.,
  .F.,(2,2),(-2.822942742818E-02,0.),.PIECEWISE_BEZIER_KNOTS.);
#7892 = CARTESIAN_POINT('',(-0.328083027161,-1.01,0.78715128066));
#7893 = CARTESIAN_POINT('',(-0.299853599733,-1.01,0.78715128066));
#7894 = ORIENTED_EDGE('',*,*,#7895,.T.);
#7895 = EDGE_CURVE('',#7889,#7896,#7898,.T.);
#7896 = VERTEX_POINT('',#7897);
#7897 = CARTESIAN_POINT('',(-0.292939209589,-1.01,0.768608931152));
#7898 = B_SPLINE_CURVE_WITH_KNOTS('',1,(#7899,#7900),.UNSPECIFIED.,.F.,
  .F.,(2,2),(-1.978958100428E-02,0.),.PIECEWISE_BEZIER_KNOTS.);
#7899 = CARTESIAN_POINT('',(-0.299853599733,-1.01,0.78715128066));
#7900 = CARTESIAN_POINT('',(-0.292939209589,-1.01,0.768608931152));
#7901 = ORIENTED_EDGE('',*,*,#7902,.T.);
#7902 = EDGE_CURVE('',#7896,#7852,#7903,.T.);
#7903 = B_SPLINE_CURVE_WITH_KNOTS('',1,(#7904,#7905),.UNSPECIFIED.,.F.,
  .F.,(2,2),(-9.669748621818E-03,0.),.PIECEWISE_BEZIER_KNOTS.);
#7904 = CARTESIAN_POINT('',(-0.292939209589,-1.01,0.768608931152));
#7905 = CARTESIAN_POINT('',(-0.283269460967,-1.01,0.768608931152));
#7906 = FACE_BOUND('',#7907,.T.);
#7907 = EDGE_LOOP('',(#7908,#7917,#7924,#7933,#7940,#7949));
#7908 = ORIENTED_EDGE('',*,*,#7909,.F.);
#7909 = EDGE_CURVE('',#7910,#7912,#7914,.T.);
#7910 = VERTEX_POINT('',#7911);
#7911 = CARTESIAN_POINT('',(-0.325310339384,-1.01,0.794810830644));
#7912 = VERTEX_POINT('',#7913);
#7913 = CARTESIAN_POINT('',(-0.302556970315,-1.01,0.794810830644));
#7914 = B_SPLINE_CURVE_WITH_KNOTS('',1,(#7915,#7916),.UNSPECIFIED.,.F.,
  .F.,(2,2),(0.,2.275336906868E-02),.PIECEWISE_BEZIER_KNOTS.);
#7915 = CARTESIAN_POINT('',(-0.325310339384,-1.01,0.794810830644));
#7916 = CARTESIAN_POINT('',(-0.302556970315,-1.01,0.794810830644));
#7917 = ORIENTED_EDGE('',*,*,#7918,.F.);
#7918 = EDGE_CURVE('',#7919,#7910,#7921,.T.);
#7919 = VERTEX_POINT('',#7920);
#7920 = CARTESIAN_POINT('',(-0.3151726997,-1.01,0.822988270176));
#7921 = B_SPLINE_CURVE_WITH_KNOTS('',1,(#7922,#7923),.UNSPECIFIED.,.F.,
  .F.,(2,2),(-1.420517949924E-16,2.994561465293E-02),
  .PIECEWISE_BEZIER_KNOTS.);
#7922 = CARTESIAN_POINT('',(-0.3151726997,-1.01,0.822988270176));
#7923 = CARTESIAN_POINT('',(-0.325310339384,-1.01,0.794810830644));
#7924 = ORIENTED_EDGE('',*,*,#7925,.F.);
#7925 = EDGE_CURVE('',#7926,#7919,#7928,.T.);
#7926 = VERTEX_POINT('',#7927);
#7927 = CARTESIAN_POINT('',(-0.314063624589,-1.01,0.827736497994));
#7928 = B_SPLINE_CURVE_WITH_KNOTS('',3,(#7929,#7930,#7931,#7932),
  .UNSPECIFIED.,.F.,.F.,(4,4),(3.,4.),.PIECEWISE_BEZIER_KNOTS.);
#7929 = CARTESIAN_POINT('',(-0.314063624589,-1.01,0.827736497994));
#7930 = CARTESIAN_POINT('',(-0.314392881263,-1.01,0.825691640758));
#7931 = CARTESIAN_POINT('',(-0.314756796533,-1.01,0.824097345287));
#7932 = CARTESIAN_POINT('',(-0.3151726997,-1.01,0.822988270176));
#7933 = ORIENTED_EDGE('',*,*,#7934,.F.);
#7934 = EDGE_CURVE('',#7935,#7926,#7937,.T.);
#7935 = VERTEX_POINT('',#7936);
#7936 = CARTESIAN_POINT('',(-0.313855673006,-1.01,0.827736497994));
#7937 = B_SPLINE_CURVE_WITH_KNOTS('',1,(#7938,#7939),.UNSPECIFIED.,.F.,
  .F.,(2,2),(0.,2.079515830263E-04),.PIECEWISE_BEZIER_KNOTS.);
#7938 = CARTESIAN_POINT('',(-0.313855673006,-1.01,0.827736497994));
#7939 = CARTESIAN_POINT('',(-0.314063624589,-1.01,0.827736497994));
#7940 = ORIENTED_EDGE('',*,*,#7941,.F.);
#7941 = EDGE_CURVE('',#7942,#7935,#7944,.T.);
#7942 = VERTEX_POINT('',#7943);
#7943 = CARTESIAN_POINT('',(-0.312798585791,-1.01,0.822988270176));
#7944 = B_SPLINE_CURVE_WITH_KNOTS('',3,(#7945,#7946,#7947,#7948),
  .UNSPECIFIED.,.F.,.F.,(4,4),(1.,2.),.PIECEWISE_BEZIER_KNOTS.);
#7945 = CARTESIAN_POINT('',(-0.312798585791,-1.01,0.822988270176));
#7946 = CARTESIAN_POINT('',(-0.313127842465,-1.01,0.8239240523));
#7947 = CARTESIAN_POINT('',(-0.313474428437,-1.01,0.825483689175));
#7948 = CARTESIAN_POINT('',(-0.313855673006,-1.01,0.827736497994));
#7949 = ORIENTED_EDGE('',*,*,#7950,.F.);
#7950 = EDGE_CURVE('',#7912,#7942,#7951,.T.);
#7951 = B_SPLINE_CURVE_WITH_KNOTS('',1,(#7952,#7953),.UNSPECIFIED.,.F.,
  .F.,(2,2),(0.,2.998097373548E-02),.PIECEWISE_BEZIER_KNOTS.);
#7952 = CARTESIAN_POINT('',(-0.302556970315,-1.01,0.794810830644));
#7953 = CARTESIAN_POINT('',(-0.312798585791,-1.01,0.822988270176));
#7954 = B_SPLINE_SURFACE_WITH_KNOTS('',1,1,(
    (#7955,#7956)
    ,(#7957,#7958
    )),.UNSPECIFIED.,.F.,.F.,.F.,(2,2),(2,2),(0.748608831152,
    0.816401047296),(-0.344268592058,-0.283269460967),
  .PIECEWISE_BEZIER_KNOTS.);
#7955 = CARTESIAN_POINT('',(-0.344268592058,-1.01,0.768608931152));
#7956 = CARTESIAN_POINT('',(-0.283269460967,-1.01,0.768608931152));
#7957 = CARTESIAN_POINT('',(-0.344268592058,-1.01,0.836401147296));
#7958 = CARTESIAN_POINT('',(-0.283269460967,-1.01,0.836401147296));
#7959 = ADVANCED_FACE('',(#7960),#7974,.F.);
#7960 = FACE_BOUND('',#7961,.T.);
#7961 = EDGE_LOOP('',(#7962,#7963,#7968,#7969));
#7962 = ORIENTED_EDGE('',*,*,#815,.T.);
#7963 = ORIENTED_EDGE('',*,*,#7964,.F.);
#7964 = EDGE_CURVE('',#7854,#818,#7965,.T.);
#7965 = B_SPLINE_CURVE_WITH_KNOTS('',1,(#7966,#7967),.UNSPECIFIED.,.F.,
  .F.,(2,2),(0.,1.E-02),.PIECEWISE_BEZIER_KNOTS.);
#7966 = CARTESIAN_POINT('',(-0.309090115889,-1.01,0.836401147296));
#7967 = CARTESIAN_POINT('',(-0.309090115889,-1.,0.836401147296));
#7968 = ORIENTED_EDGE('',*,*,#7851,.F.);
#7969 = ORIENTED_EDGE('',*,*,#7970,.T.);
#7970 = EDGE_CURVE('',#7852,#816,#7971,.T.);
#7971 = B_SPLINE_CURVE_WITH_KNOTS('',1,(#7972,#7973),.UNSPECIFIED.,.F.,
  .F.,(2,2),(0.,1.E-02),.PIECEWISE_BEZIER_KNOTS.);
#7972 = CARTESIAN_POINT('',(-0.283269460967,-1.01,0.768608931152));
#7973 = CARTESIAN_POINT('',(-0.283269460967,-1.,0.768608931152));
#7974 = B_SPLINE_SURFACE_WITH_KNOTS('',1,1,(
    (#7975,#7976)
    ,(#7977,#7978
    )),.UNSPECIFIED.,.F.,.F.,.F.,(2,2),(2,2),(-7.254302716517E-02,0.),(
    0.,1.E-02),.PIECEWISE_BEZIER_KNOTS.);
#7975 = CARTESIAN_POINT('',(-0.283269460967,-1.01,0.768608931152));
#7976 = CARTESIAN_POINT('',(-0.283269460967,-1.,0.768608931152));
#7977 = CARTESIAN_POINT('',(-0.309090115889,-1.01,0.836401147296));
#7978 = CARTESIAN_POINT('',(-0.309090115889,-1.,0.836401147296));
#7979 = ADVANCED_FACE('',(#7980),#7990,.F.);
#7980 = FACE_BOUND('',#7981,.T.);
#7981 = EDGE_LOOP('',(#7982,#7983,#7988,#7989));
#7982 = ORIENTED_EDGE('',*,*,#866,.T.);
#7983 = ORIENTED_EDGE('',*,*,#7984,.F.);
#7984 = EDGE_CURVE('',#7861,#860,#7985,.T.);
#7985 = B_SPLINE_CURVE_WITH_KNOTS('',1,(#7986,#7987),.UNSPECIFIED.,.F.,
  .F.,(2,2),(0.,1.E-02),.PIECEWISE_BEZIER_KNOTS.);
#7986 = CARTESIAN_POINT('',(-0.318447937136,-1.01,0.836401147296));
#7987 = CARTESIAN_POINT('',(-0.318447937136,-1.,0.836401147296));
#7988 = ORIENTED_EDGE('',*,*,#7860,.F.);
#7989 = ORIENTED_EDGE('',*,*,#7964,.T.);
#7990 = B_SPLINE_SURFACE_WITH_KNOTS('',1,1,(
    (#7991,#7992)
    ,(#7993,#7994
    )),.UNSPECIFIED.,.F.,.F.,.F.,(2,2),(2,2),(-9.357821246817E-03,0.),(
    0.,1.E-02),.PIECEWISE_BEZIER_KNOTS.);
#7991 = CARTESIAN_POINT('',(-0.309090115889,-1.01,0.836401147296));
#7992 = CARTESIAN_POINT('',(-0.309090115889,-1.,0.836401147296));
#7993 = CARTESIAN_POINT('',(-0.318447937136,-1.01,0.836401147296));
#7994 = CARTESIAN_POINT('',(-0.318447937136,-1.,0.836401147296));
#7995 = ADVANCED_FACE('',(#7996),#8006,.F.);
#7996 = FACE_BOUND('',#7997,.T.);
#7997 = EDGE_LOOP('',(#7998,#7999,#8004,#8005));
#7998 = ORIENTED_EDGE('',*,*,#859,.T.);
#7999 = ORIENTED_EDGE('',*,*,#8000,.F.);
#8000 = EDGE_CURVE('',#7868,#853,#8001,.T.);
#8001 = B_SPLINE_CURVE_WITH_KNOTS('',1,(#8002,#8003),.UNSPECIFIED.,.F.,
  .F.,(2,2),(0.,1.E-02),.PIECEWISE_BEZIER_KNOTS.);
#8002 = CARTESIAN_POINT('',(-0.344268592058,-1.01,0.768608931152));
#8003 = CARTESIAN_POINT('',(-0.344268592058,-1.,0.768608931152));
#8004 = ORIENTED_EDGE('',*,*,#7867,.F.);
#8005 = ORIENTED_EDGE('',*,*,#7984,.T.);
#8006 = B_SPLINE_SURFACE_WITH_KNOTS('',1,1,(
    (#8007,#8008)
    ,(#8009,#8010
    )),.UNSPECIFIED.,.F.,.F.,.F.,(2,2),(2,2),(-7.254302716501E-02,0.),(
    0.,1.E-02),.PIECEWISE_BEZIER_KNOTS.);
#8007 = CARTESIAN_POINT('',(-0.318447937136,-1.01,0.836401147296));
#8008 = CARTESIAN_POINT('',(-0.318447937136,-1.,0.836401147296));
#8009 = CARTESIAN_POINT('',(-0.344268592058,-1.01,0.768608931152));
#8010 = CARTESIAN_POINT('',(-0.344268592058,-1.,0.768608931152));
#8011 = ADVANCED_FACE('',(#8012),#8022,.F.);
#8012 = FACE_BOUND('',#8013,.T.);
#8013 = EDGE_LOOP('',(#8014,#8015,#8020,#8021));
#8014 = ORIENTED_EDGE('',*,*,#852,.T.);
#8015 = ORIENTED_EDGE('',*,*,#8016,.F.);
#8016 = EDGE_CURVE('',#7875,#846,#8017,.T.);
#8017 = B_SPLINE_CURVE_WITH_KNOTS('',1,(#8018,#8019),.UNSPECIFIED.,.F.,
  .F.,(2,2),(0.,1.E-02),.PIECEWISE_BEZIER_KNOTS.);
#8018 = CARTESIAN_POINT('',(-0.334598843436,-1.01,0.768608931152));
#8019 = CARTESIAN_POINT('',(-0.334598843436,-1.,0.768608931152));
#8020 = ORIENTED_EDGE('',*,*,#7874,.F.);
#8021 = ORIENTED_EDGE('',*,*,#8000,.T.);
#8022 = B_SPLINE_SURFACE_WITH_KNOTS('',1,1,(
    (#8023,#8024)
    ,(#8025,#8026
    )),.UNSPECIFIED.,.F.,.F.,.F.,(2,2),(2,2),(-9.669748621356E-03,0.),(
    0.,1.E-02),.PIECEWISE_BEZIER_KNOTS.);
#8023 = CARTESIAN_POINT('',(-0.344268592058,-1.01,0.768608931152));
#8024 = CARTESIAN_POINT('',(-0.344268592058,-1.,0.768608931152));
#8025 = CARTESIAN_POINT('',(-0.334598843436,-1.01,0.768608931152));
#8026 = CARTESIAN_POINT('',(-0.334598843436,-1.,0.768608931152));
#8027 = ADVANCED_FACE('',(#8028),#8038,.F.);
#8028 = FACE_BOUND('',#8029,.T.);
#8029 = EDGE_LOOP('',(#8030,#8031,#8036,#8037));
#8030 = ORIENTED_EDGE('',*,*,#845,.T.);
#8031 = ORIENTED_EDGE('',*,*,#8032,.F.);
#8032 = EDGE_CURVE('',#7882,#839,#8033,.T.);
#8033 = B_SPLINE_CURVE_WITH_KNOTS('',1,(#8034,#8035),.UNSPECIFIED.,.F.,
  .F.,(2,2),(0.,1.E-02),.PIECEWISE_BEZIER_KNOTS.);
#8034 = CARTESIAN_POINT('',(-0.328083027161,-1.01,0.78715128066));
#8035 = CARTESIAN_POINT('',(-0.328083027161,-1.,0.78715128066));
#8036 = ORIENTED_EDGE('',*,*,#7881,.F.);
#8037 = ORIENTED_EDGE('',*,*,#8016,.T.);
#8038 = B_SPLINE_SURFACE_WITH_KNOTS('',1,1,(
    (#8039,#8040)
    ,(#8041,#8042
    )),.UNSPECIFIED.,.F.,.F.,.F.,(2,2),(2,2),(-1.965386951736E-02,0.),(
    0.,1.E-02),.PIECEWISE_BEZIER_KNOTS.);
#8039 = CARTESIAN_POINT('',(-0.334598843436,-1.01,0.768608931152));
#8040 = CARTESIAN_POINT('',(-0.334598843436,-1.,0.768608931152));
#8041 = CARTESIAN_POINT('',(-0.328083027161,-1.01,0.78715128066));
#8042 = CARTESIAN_POINT('',(-0.328083027161,-1.,0.78715128066));
#8043 = ADVANCED_FACE('',(#8044),#8054,.F.);
#8044 = FACE_BOUND('',#8045,.T.);
#8045 = EDGE_LOOP('',(#8046,#8047,#8052,#8053));
#8046 = ORIENTED_EDGE('',*,*,#838,.T.);
#8047 = ORIENTED_EDGE('',*,*,#8048,.F.);
#8048 = EDGE_CURVE('',#7889,#832,#8049,.T.);
#8049 = B_SPLINE_CURVE_WITH_KNOTS('',1,(#8050,#8051),.UNSPECIFIED.,.F.,
  .F.,(2,2),(0.,1.E-02),.PIECEWISE_BEZIER_KNOTS.);
#8050 = CARTESIAN_POINT('',(-0.299853599733,-1.01,0.78715128066));
#8051 = CARTESIAN_POINT('',(-0.299853599733,-1.,0.78715128066));
#8052 = ORIENTED_EDGE('',*,*,#7888,.F.);
#8053 = ORIENTED_EDGE('',*,*,#8032,.T.);
#8054 = B_SPLINE_SURFACE_WITH_KNOTS('',1,1,(
    (#8055,#8056)
    ,(#8057,#8058
    )),.UNSPECIFIED.,.F.,.F.,.F.,(2,2),(2,2),(-2.822942742818E-02,0.),(
    0.,1.E-02),.PIECEWISE_BEZIER_KNOTS.);
#8055 = CARTESIAN_POINT('',(-0.328083027161,-1.01,0.78715128066));
#8056 = CARTESIAN_POINT('',(-0.328083027161,-1.,0.78715128066));
#8057 = CARTESIAN_POINT('',(-0.299853599733,-1.01,0.78715128066));
#8058 = CARTESIAN_POINT('',(-0.299853599733,-1.,0.78715128066));
#8059 = ADVANCED_FACE('',(#8060),#8070,.F.);
#8060 = FACE_BOUND('',#8061,.T.);
#8061 = EDGE_LOOP('',(#8062,#8063,#8068,#8069));
#8062 = ORIENTED_EDGE('',*,*,#831,.T.);
#8063 = ORIENTED_EDGE('',*,*,#8064,.F.);
#8064 = EDGE_CURVE('',#7896,#825,#8065,.T.);
#8065 = B_SPLINE_CURVE_WITH_KNOTS('',1,(#8066,#8067),.UNSPECIFIED.,.F.,
  .F.,(2,2),(0.,1.E-02),.PIECEWISE_BEZIER_KNOTS.);
#8066 = CARTESIAN_POINT('',(-0.292939209589,-1.01,0.768608931152));
#8067 = CARTESIAN_POINT('',(-0.292939209589,-1.,0.768608931152));
#8068 = ORIENTED_EDGE('',*,*,#7895,.F.);
#8069 = ORIENTED_EDGE('',*,*,#8048,.T.);
#8070 = B_SPLINE_SURFACE_WITH_KNOTS('',1,1,(
    (#8071,#8072)
    ,(#8073,#8074
    )),.UNSPECIFIED.,.F.,.F.,.F.,(2,2),(2,2),(-1.978958100428E-02,0.),(
    0.,1.E-02),.PIECEWISE_BEZIER_KNOTS.);
#8071 = CARTESIAN_POINT('',(-0.299853599733,-1.01,0.78715128066));
#8072 = CARTESIAN_POINT('',(-0.299853599733,-1.,0.78715128066));
#8073 = CARTESIAN_POINT('',(-0.292939209589,-1.01,0.768608931152));
#8074 = CARTESIAN_POINT('',(-0.292939209589,-1.,0.768608931152));
#8075 = ADVANCED_FACE('',(#8076),#8082,.F.);
#8076 = FACE_BOUND('',#8077,.T.);
#8077 = EDGE_LOOP('',(#8078,#8079,#8080,#8081));
#8078 = ORIENTED_EDGE('',*,*,#824,.T.);
#8079 = ORIENTED_EDGE('',*,*,#7970,.F.);
#8080 = ORIENTED_EDGE('',*,*,#7902,.F.);
#8081 = ORIENTED_EDGE('',*,*,#8064,.T.);
#8082 = B_SPLINE_SURFACE_WITH_KNOTS('',1,1,(
    (#8083,#8084)
    ,(#8085,#8086
    )),.UNSPECIFIED.,.F.,.F.,.F.,(2,2),(2,2),(-9.669748621818E-03,0.),(
    0.,1.E-02),.PIECEWISE_BEZIER_KNOTS.);
#8083 = CARTESIAN_POINT('',(-0.292939209589,-1.01,0.768608931152));
#8084 = CARTESIAN_POINT('',(-0.292939209589,-1.,0.768608931152));
#8085 = CARTESIAN_POINT('',(-0.283269460967,-1.01,0.768608931152));
#8086 = CARTESIAN_POINT('',(-0.283269460967,-1.,0.768608931152));
#8087 = ADVANCED_FACE('',(#8088),#8110,.T.);
#8088 = FACE_BOUND('',#8089,.T.);
#8089 = EDGE_LOOP('',(#8090,#8099,#8104,#8105));
#8090 = ORIENTED_EDGE('',*,*,#8091,.F.);
#8091 = EDGE_CURVE('',#8092,#8094,#8096,.T.);
#8092 = VERTEX_POINT('',#8093);
#8093 = CARTESIAN_POINT('',(-0.325310339384,-1.,0.794810830644));
#8094 = VERTEX_POINT('',#8095);
#8095 = CARTESIAN_POINT('',(-0.302556970315,-1.,0.794810830644));
#8096 = B_SPLINE_CURVE_WITH_KNOTS('',1,(#8097,#8098),.UNSPECIFIED.,.F.,
  .F.,(2,2),(0.,2.275336906868E-02),.PIECEWISE_BEZIER_KNOTS.);
#8097 = CARTESIAN_POINT('',(-0.325310339384,-1.,0.794810830644));
#8098 = CARTESIAN_POINT('',(-0.302556970315,-1.,0.794810830644));
#8099 = ORIENTED_EDGE('',*,*,#8100,.F.);
#8100 = EDGE_CURVE('',#7910,#8092,#8101,.T.);
#8101 = B_SPLINE_CURVE_WITH_KNOTS('',1,(#8102,#8103),.UNSPECIFIED.,.F.,
  .F.,(2,2),(0.,1.E-02),.PIECEWISE_BEZIER_KNOTS.);
#8102 = CARTESIAN_POINT('',(-0.325310339384,-1.01,0.794810830644));
#8103 = CARTESIAN_POINT('',(-0.325310339384,-1.,0.794810830644));
#8104 = ORIENTED_EDGE('',*,*,#7909,.T.);
#8105 = ORIENTED_EDGE('',*,*,#8106,.T.);
#8106 = EDGE_CURVE('',#7912,#8094,#8107,.T.);
#8107 = B_SPLINE_CURVE_WITH_KNOTS('',1,(#8108,#8109),.UNSPECIFIED.,.F.,
  .F.,(2,2),(0.,1.E-02),.PIECEWISE_BEZIER_KNOTS.);
#8108 = CARTESIAN_POINT('',(-0.302556970315,-1.01,0.794810830644));
#8109 = CARTESIAN_POINT('',(-0.302556970315,-1.,0.794810830644));
#8110 = B_SPLINE_SURFACE_WITH_KNOTS('',1,1,(
    (#8111,#8112)
    ,(#8113,#8114
    )),.UNSPECIFIED.,.F.,.F.,.F.,(2,2),(2,2),(0.,2.275336906868E-02),(0.
    ,1.E-02),.PIECEWISE_BEZIER_KNOTS.);
#8111 = CARTESIAN_POINT('',(-0.325310339384,-1.01,0.794810830644));
#8112 = CARTESIAN_POINT('',(-0.325310339384,-1.,0.794810830644));
#8113 = CARTESIAN_POINT('',(-0.302556970315,-1.01,0.794810830644));
#8114 = CARTESIAN_POINT('',(-0.302556970315,-1.,0.794810830644));
#8115 = ADVANCED_FACE('',(#8116),#8132,.T.);
#8116 = FACE_BOUND('',#8117,.T.);
#8117 = EDGE_LOOP('',(#8118,#8125,#8126,#8127));
#8118 = ORIENTED_EDGE('',*,*,#8119,.F.);
#8119 = EDGE_CURVE('',#8094,#8120,#8122,.T.);
#8120 = VERTEX_POINT('',#8121);
#8121 = CARTESIAN_POINT('',(-0.312798585791,-1.,0.822988270176));
#8122 = B_SPLINE_CURVE_WITH_KNOTS('',1,(#8123,#8124),.UNSPECIFIED.,.F.,
  .F.,(2,2),(0.,2.998097373548E-02),.PIECEWISE_BEZIER_KNOTS.);
#8123 = CARTESIAN_POINT('',(-0.302556970315,-1.,0.794810830644));
#8124 = CARTESIAN_POINT('',(-0.312798585791,-1.,0.822988270176));
#8125 = ORIENTED_EDGE('',*,*,#8106,.F.);
#8126 = ORIENTED_EDGE('',*,*,#7950,.T.);
#8127 = ORIENTED_EDGE('',*,*,#8128,.T.);
#8128 = EDGE_CURVE('',#7942,#8120,#8129,.T.);
#8129 = B_SPLINE_CURVE_WITH_KNOTS('',1,(#8130,#8131),.UNSPECIFIED.,.F.,
  .F.,(2,2),(0.,1.E-02),.PIECEWISE_BEZIER_KNOTS.);
#8130 = CARTESIAN_POINT('',(-0.312798585791,-1.01,0.822988270176));
#8131 = CARTESIAN_POINT('',(-0.312798585791,-1.,0.822988270176));
#8132 = B_SPLINE_SURFACE_WITH_KNOTS('',1,1,(
    (#8133,#8134)
    ,(#8135,#8136
    )),.UNSPECIFIED.,.F.,.F.,.F.,(2,2),(2,2),(0.,2.998097373548E-02),(0.
    ,1.E-02),.PIECEWISE_BEZIER_KNOTS.);
#8133 = CARTESIAN_POINT('',(-0.302556970315,-1.01,0.794810830644));
#8134 = CARTESIAN_POINT('',(-0.302556970315,-1.,0.794810830644));
#8135 = CARTESIAN_POINT('',(-0.312798585791,-1.01,0.822988270176));
#8136 = CARTESIAN_POINT('',(-0.312798585791,-1.,0.822988270176));
#8137 = ADVANCED_FACE('',(#8138),#8156,.T.);
#8138 = FACE_BOUND('',#8139,.T.);
#8139 = EDGE_LOOP('',(#8140,#8149,#8150,#8151));
#8140 = ORIENTED_EDGE('',*,*,#8141,.F.);
#8141 = EDGE_CURVE('',#8120,#8142,#8144,.T.);
#8142 = VERTEX_POINT('',#8143);
#8143 = CARTESIAN_POINT('',(-0.313855673006,-1.,0.827736497994));
#8144 = B_SPLINE_CURVE_WITH_KNOTS('',3,(#8145,#8146,#8147,#8148),
  .UNSPECIFIED.,.F.,.F.,(4,4),(1.,2.),.PIECEWISE_BEZIER_KNOTS.);
#8145 = CARTESIAN_POINT('',(-0.312798585791,-1.,0.822988270176));
#8146 = CARTESIAN_POINT('',(-0.313127842465,-1.,0.8239240523));
#8147 = CARTESIAN_POINT('',(-0.313474428437,-1.,0.825483689175));
#8148 = CARTESIAN_POINT('',(-0.313855673006,-1.,0.827736497994));
#8149 = ORIENTED_EDGE('',*,*,#8128,.F.);
#8150 = ORIENTED_EDGE('',*,*,#7941,.T.);
#8151 = ORIENTED_EDGE('',*,*,#8152,.T.);
#8152 = EDGE_CURVE('',#7935,#8142,#8153,.T.);
#8153 = B_SPLINE_CURVE_WITH_KNOTS('',1,(#8154,#8155),.UNSPECIFIED.,.F.,
  .F.,(2,2),(0.,1.E-02),.PIECEWISE_BEZIER_KNOTS.);
#8154 = CARTESIAN_POINT('',(-0.313855673006,-1.01,0.827736497994));
#8155 = CARTESIAN_POINT('',(-0.313855673006,-1.,0.827736497994));
#8156 = B_SPLINE_SURFACE_WITH_KNOTS('',3,1,(
    (#8157,#8158)
    ,(#8159,#8160)
    ,(#8161,#8162)
    ,(#8163,#8164
    )),.UNSPECIFIED.,.F.,.F.,.F.,(4,4),(2,2),(1.,2.),(0.,1.),
  .PIECEWISE_BEZIER_KNOTS.);
#8157 = CARTESIAN_POINT('',(-0.312798585791,-1.01,0.822988270176));
#8158 = CARTESIAN_POINT('',(-0.312798585791,-1.,0.822988270176));
#8159 = CARTESIAN_POINT('',(-0.313127842465,-1.01,0.8239240523));
#8160 = CARTESIAN_POINT('',(-0.313127842465,-1.,0.8239240523));
#8161 = CARTESIAN_POINT('',(-0.313474428437,-1.01,0.825483689175));
#8162 = CARTESIAN_POINT('',(-0.313474428437,-1.,0.825483689175));
#8163 = CARTESIAN_POINT('',(-0.313855673006,-1.01,0.827736497994));
#8164 = CARTESIAN_POINT('',(-0.313855673006,-1.,0.827736497994));
#8165 = ADVANCED_FACE('',(#8166),#8182,.T.);
#8166 = FACE_BOUND('',#8167,.T.);
#8167 = EDGE_LOOP('',(#8168,#8175,#8176,#8177));
#8168 = ORIENTED_EDGE('',*,*,#8169,.F.);
#8169 = EDGE_CURVE('',#8142,#8170,#8172,.T.);
#8170 = VERTEX_POINT('',#8171);
#8171 = CARTESIAN_POINT('',(-0.314063624589,-1.,0.827736497994));
#8172 = B_SPLINE_CURVE_WITH_KNOTS('',1,(#8173,#8174),.UNSPECIFIED.,.F.,
  .F.,(2,2),(0.,2.079515830263E-04),.PIECEWISE_BEZIER_KNOTS.);
#8173 = CARTESIAN_POINT('',(-0.313855673006,-1.,0.827736497994));
#8174 = CARTESIAN_POINT('',(-0.314063624589,-1.,0.827736497994));
#8175 = ORIENTED_EDGE('',*,*,#8152,.F.);
#8176 = ORIENTED_EDGE('',*,*,#7934,.T.);
#8177 = ORIENTED_EDGE('',*,*,#8178,.T.);
#8178 = EDGE_CURVE('',#7926,#8170,#8179,.T.);
#8179 = B_SPLINE_CURVE_WITH_KNOTS('',1,(#8180,#8181),.UNSPECIFIED.,.F.,
  .F.,(2,2),(0.,1.E-02),.PIECEWISE_BEZIER_KNOTS.);
#8180 = CARTESIAN_POINT('',(-0.314063624589,-1.01,0.827736497994));
#8181 = CARTESIAN_POINT('',(-0.314063624589,-1.,0.827736497994));
#8182 = B_SPLINE_SURFACE_WITH_KNOTS('',1,1,(
    (#8183,#8184)
    ,(#8185,#8186
    )),.UNSPECIFIED.,.F.,.F.,.F.,(2,2),(2,2),(0.,2.079515830263E-04),(0.
    ,1.E-02),.PIECEWISE_BEZIER_KNOTS.);
#8183 = CARTESIAN_POINT('',(-0.313855673006,-1.01,0.827736497994));
#8184 = CARTESIAN_POINT('',(-0.313855673006,-1.,0.827736497994));
#8185 = CARTESIAN_POINT('',(-0.314063624589,-1.01,0.827736497994));
#8186 = CARTESIAN_POINT('',(-0.314063624589,-1.,0.827736497994));
#8187 = ADVANCED_FACE('',(#8188),#8206,.T.);
#8188 = FACE_BOUND('',#8189,.T.);
#8189 = EDGE_LOOP('',(#8190,#8199,#8200,#8201));
#8190 = ORIENTED_EDGE('',*,*,#8191,.F.);
#8191 = EDGE_CURVE('',#8170,#8192,#8194,.T.);
#8192 = VERTEX_POINT('',#8193);
#8193 = CARTESIAN_POINT('',(-0.3151726997,-1.,0.822988270176));
#8194 = B_SPLINE_CURVE_WITH_KNOTS('',3,(#8195,#8196,#8197,#8198),
  .UNSPECIFIED.,.F.,.F.,(4,4),(3.,4.),.PIECEWISE_BEZIER_KNOTS.);
#8195 = CARTESIAN_POINT('',(-0.314063624589,-1.,0.827736497994));
#8196 = CARTESIAN_POINT('',(-0.314392881263,-1.,0.825691640758));
#8197 = CARTESIAN_POINT('',(-0.314756796533,-1.,0.824097345287));
#8198 = CARTESIAN_POINT('',(-0.3151726997,-1.,0.822988270176));
#8199 = ORIENTED_EDGE('',*,*,#8178,.F.);
#8200 = ORIENTED_EDGE('',*,*,#7925,.T.);
#8201 = ORIENTED_EDGE('',*,*,#8202,.T.);
#8202 = EDGE_CURVE('',#7919,#8192,#8203,.T.);
#8203 = B_SPLINE_CURVE_WITH_KNOTS('',1,(#8204,#8205),.UNSPECIFIED.,.F.,
  .F.,(2,2),(4.440892098501E-16,1.E-02),.PIECEWISE_BEZIER_KNOTS.);
#8204 = CARTESIAN_POINT('',(-0.3151726997,-1.01,0.822988270176));
#8205 = CARTESIAN_POINT('',(-0.3151726997,-1.,0.822988270176));
#8206 = B_SPLINE_SURFACE_WITH_KNOTS('',3,1,(
    (#8207,#8208)
    ,(#8209,#8210)
    ,(#8211,#8212)
    ,(#8213,#8214
    )),.UNSPECIFIED.,.F.,.F.,.F.,(4,4),(2,2),(3.,4.),(0.,1.),
  .PIECEWISE_BEZIER_KNOTS.);
#8207 = CARTESIAN_POINT('',(-0.314063624589,-1.01,0.827736497994));
#8208 = CARTESIAN_POINT('',(-0.314063624589,-1.,0.827736497994));
#8209 = CARTESIAN_POINT('',(-0.314392881263,-1.01,0.825691640758));
#8210 = CARTESIAN_POINT('',(-0.314392881263,-1.,0.825691640758));
#8211 = CARTESIAN_POINT('',(-0.314756796533,-1.01,0.824097345287));
#8212 = CARTESIAN_POINT('',(-0.314756796533,-1.,0.824097345287));
#8213 = CARTESIAN_POINT('',(-0.3151726997,-1.01,0.822988270176));
#8214 = CARTESIAN_POINT('',(-0.3151726997,-1.,0.822988270176));
#8215 = ADVANCED_FACE('',(#8216),#8226,.T.);
#8216 = FACE_BOUND('',#8217,.T.);
#8217 = EDGE_LOOP('',(#8218,#8223,#8224,#8225));
#8218 = ORIENTED_EDGE('',*,*,#8219,.F.);
#8219 = EDGE_CURVE('',#8192,#8092,#8220,.T.);
#8220 = B_SPLINE_CURVE_WITH_KNOTS('',1,(#8221,#8222),.UNSPECIFIED.,.F.,
  .F.,(2,2),(-1.044668560186E-16,2.994561465293E-02),
  .PIECEWISE_BEZIER_KNOTS.);
#8221 = CARTESIAN_POINT('',(-0.3151726997,-1.,0.822988270176));
#8222 = CARTESIAN_POINT('',(-0.325310339384,-1.,0.794810830644));
#8223 = ORIENTED_EDGE('',*,*,#8202,.F.);
#8224 = ORIENTED_EDGE('',*,*,#7918,.T.);
#8225 = ORIENTED_EDGE('',*,*,#8100,.T.);
#8226 = B_SPLINE_SURFACE_WITH_KNOTS('',1,1,(
    (#8227,#8228)
    ,(#8229,#8230
    )),.UNSPECIFIED.,.F.,.F.,.F.,(2,2),(2,2),(-1.420517949924E-16,
    2.994561465293E-02),(0.,1.E-02),.PIECEWISE_BEZIER_KNOTS.);
#8227 = CARTESIAN_POINT('',(-0.3151726997,-1.01,0.822988270176));
#8228 = CARTESIAN_POINT('',(-0.3151726997,-1.,0.822988270176));
#8229 = CARTESIAN_POINT('',(-0.325310339384,-1.01,0.794810830644));
#8230 = CARTESIAN_POINT('',(-0.325310339384,-1.,0.794810830644));
#8231 = ADVANCED_FACE('',(#8232),#8240,.F.);
#8232 = FACE_BOUND('',#8233,.T.);
#8233 = EDGE_LOOP('',(#8234,#8235,#8236,#8237,#8238,#8239));
#8234 = ORIENTED_EDGE('',*,*,#8219,.T.);
#8235 = ORIENTED_EDGE('',*,*,#8091,.T.);
#8236 = ORIENTED_EDGE('',*,*,#8119,.T.);
#8237 = ORIENTED_EDGE('',*,*,#8141,.T.);
#8238 = ORIENTED_EDGE('',*,*,#8169,.T.);
#8239 = ORIENTED_EDGE('',*,*,#8191,.T.);
#8240 = B_SPLINE_SURFACE_WITH_KNOTS('',1,1,(
    (#8241,#8242)
    ,(#8243,#8244
    )),.UNSPECIFIED.,.F.,.F.,.F.,(2,2),(2,2),(-0.125189269356,
    -9.226360200631E-02),(0.674689660616,0.697443029685),
  .PIECEWISE_BEZIER_KNOTS.);
#8241 = CARTESIAN_POINT('',(-0.325310339384,-1.,0.794810830644));
#8242 = CARTESIAN_POINT('',(-0.302556970315,-1.,0.794810830644));
#8243 = CARTESIAN_POINT('',(-0.325310339384,-1.,0.827736497994));
#8244 = CARTESIAN_POINT('',(-0.302556970315,-1.,0.827736497994));
#8245 = ADVANCED_FACE('',(#8246),#8268,.F.);
#8246 = FACE_BOUND('',#8247,.T.);
#8247 = EDGE_LOOP('',(#8248,#8249,#8256,#8263));
#8248 = ORIENTED_EDGE('',*,*,#302,.T.);
#8249 = ORIENTED_EDGE('',*,*,#8250,.F.);
#8250 = EDGE_CURVE('',#8251,#305,#8253,.T.);
#8251 = VERTEX_POINT('',#8252);
#8252 = CARTESIAN_POINT('',(-0.518878604805,-1.01,0.668792171186));
#8253 = B_SPLINE_CURVE_WITH_KNOTS('',1,(#8254,#8255),.UNSPECIFIED.,.F.,
  .F.,(2,2),(0.,1.E-02),.PIECEWISE_BEZIER_KNOTS.);
#8254 = CARTESIAN_POINT('',(-0.518878604805,-1.01,0.668792171186));
#8255 = CARTESIAN_POINT('',(-0.518878604805,-1.,0.668792171186));
#8256 = ORIENTED_EDGE('',*,*,#8257,.F.);
#8257 = EDGE_CURVE('',#8258,#8251,#8260,.T.);
#8258 = VERTEX_POINT('',#8259);
#8259 = CARTESIAN_POINT('',(-0.518878604805,-1.01,0.661063304008));
#8260 = B_SPLINE_CURVE_WITH_KNOTS('',1,(#8261,#8262),.UNSPECIFIED.,.F.,
  .F.,(2,2),(-7.728867177929E-03,0.),.PIECEWISE_BEZIER_KNOTS.);
#8261 = CARTESIAN_POINT('',(-0.518878604805,-1.01,0.661063304008));
#8262 = CARTESIAN_POINT('',(-0.518878604805,-1.01,0.668792171186));
#8263 = ORIENTED_EDGE('',*,*,#8264,.T.);
#8264 = EDGE_CURVE('',#8258,#303,#8265,.T.);
#8265 = B_SPLINE_CURVE_WITH_KNOTS('',1,(#8266,#8267),.UNSPECIFIED.,.F.,
  .F.,(2,2),(0.,1.E-02),.PIECEWISE_BEZIER_KNOTS.);
#8266 = CARTESIAN_POINT('',(-0.518878604805,-1.01,0.661063304008));
#8267 = CARTESIAN_POINT('',(-0.518878604805,-1.,0.661063304008));
#8268 = B_SPLINE_SURFACE_WITH_KNOTS('',1,1,(
    (#8269,#8270)
    ,(#8271,#8272
    )),.UNSPECIFIED.,.F.,.F.,.F.,(2,2),(2,2),(-7.728867177929E-03,0.),(
    0.,1.E-02),.PIECEWISE_BEZIER_KNOTS.);
#8269 = CARTESIAN_POINT('',(-0.518878604805,-1.01,0.661063304008));
#8270 = CARTESIAN_POINT('',(-0.518878604805,-1.,0.661063304008));
#8271 = CARTESIAN_POINT('',(-0.518878604805,-1.01,0.668792171186));
#8272 = CARTESIAN_POINT('',(-0.518878604805,-1.,0.668792171186));
#8273 = ADVANCED_FACE('',(#8274),#8290,.F.);
#8274 = FACE_BOUND('',#8275,.T.);
#8275 = EDGE_LOOP('',(#8276,#8277,#8284,#8289));
#8276 = ORIENTED_EDGE('',*,*,#381,.T.);
#8277 = ORIENTED_EDGE('',*,*,#8278,.F.);
#8278 = EDGE_CURVE('',#8279,#375,#8281,.T.);
#8279 = VERTEX_POINT('',#8280);
#8280 = CARTESIAN_POINT('',(-0.546588153275,-1.01,0.668792171186));
#8281 = B_SPLINE_CURVE_WITH_KNOTS('',1,(#8282,#8283),.UNSPECIFIED.,.F.,
  .F.,(2,2),(0.,1.E-02),.PIECEWISE_BEZIER_KNOTS.);
#8282 = CARTESIAN_POINT('',(-0.546588153275,-1.01,0.668792171186));
#8283 = CARTESIAN_POINT('',(-0.546588153275,-1.,0.668792171186));
#8284 = ORIENTED_EDGE('',*,*,#8285,.F.);
#8285 = EDGE_CURVE('',#8251,#8279,#8286,.T.);
#8286 = B_SPLINE_CURVE_WITH_KNOTS('',1,(#8287,#8288),.UNSPECIFIED.,.F.,
  .F.,(2,2),(-2.770954846992E-02,-0.),.PIECEWISE_BEZIER_KNOTS.);
#8287 = CARTESIAN_POINT('',(-0.518878604805,-1.01,0.668792171186));
#8288 = CARTESIAN_POINT('',(-0.546588153275,-1.01,0.668792171186));
#8289 = ORIENTED_EDGE('',*,*,#8250,.T.);
#8290 = B_SPLINE_SURFACE_WITH_KNOTS('',1,1,(
    (#8291,#8292)
    ,(#8293,#8294
    )),.UNSPECIFIED.,.F.,.F.,.F.,(2,2),(2,2),(-2.770954846992E-02,0.),(
    0.,1.E-02),.PIECEWISE_BEZIER_KNOTS.);
#8291 = CARTESIAN_POINT('',(-0.518878604805,-1.01,0.668792171186));
#8292 = CARTESIAN_POINT('',(-0.518878604805,-1.,0.668792171186));
#8293 = CARTESIAN_POINT('',(-0.546588153275,-1.01,0.668792171186));
#8294 = CARTESIAN_POINT('',(-0.546588153275,-1.,0.668792171186));
#8295 = ADVANCED_FACE('',(#8296),#8312,.F.);
#8296 = FACE_BOUND('',#8297,.T.);
#8297 = EDGE_LOOP('',(#8298,#8299,#8306,#8311));
#8298 = ORIENTED_EDGE('',*,*,#374,.T.);
#8299 = ORIENTED_EDGE('',*,*,#8300,.F.);
#8300 = EDGE_CURVE('',#8301,#368,#8303,.T.);
#8301 = VERTEX_POINT('',#8302);
#8302 = CARTESIAN_POINT('',(-0.546588153275,-1.01,0.69159752815));
#8303 = B_SPLINE_CURVE_WITH_KNOTS('',1,(#8304,#8305),.UNSPECIFIED.,.F.,
  .F.,(2,2),(0.,1.E-02),.PIECEWISE_BEZIER_KNOTS.);
#8304 = CARTESIAN_POINT('',(-0.546588153275,-1.01,0.69159752815));
#8305 = CARTESIAN_POINT('',(-0.546588153275,-1.,0.69159752815));
#8306 = ORIENTED_EDGE('',*,*,#8307,.F.);
#8307 = EDGE_CURVE('',#8279,#8301,#8308,.T.);
#8308 = B_SPLINE_CURVE_WITH_KNOTS('',1,(#8309,#8310),.UNSPECIFIED.,.F.,
  .F.,(2,2),(-2.280535696444E-02,0.),.PIECEWISE_BEZIER_KNOTS.);
#8309 = CARTESIAN_POINT('',(-0.546588153275,-1.01,0.668792171186));
#8310 = CARTESIAN_POINT('',(-0.546588153275,-1.01,0.69159752815));
#8311 = ORIENTED_EDGE('',*,*,#8278,.T.);
#8312 = B_SPLINE_SURFACE_WITH_KNOTS('',1,1,(
    (#8313,#8314)
    ,(#8315,#8316
    )),.UNSPECIFIED.,.F.,.F.,.F.,(2,2),(2,2),(-2.280535696444E-02,0.),(
    0.,1.E-02),.PIECEWISE_BEZIER_KNOTS.);
#8313 = CARTESIAN_POINT('',(-0.546588153275,-1.01,0.668792171186));
#8314 = CARTESIAN_POINT('',(-0.546588153275,-1.,0.668792171186));
#8315 = CARTESIAN_POINT('',(-0.546588153275,-1.01,0.69159752815));
#8316 = CARTESIAN_POINT('',(-0.546588153275,-1.,0.69159752815));
#8317 = ADVANCED_FACE('',(#8318),#8334,.F.);
#8318 = FACE_BOUND('',#8319,.T.);
#8319 = EDGE_LOOP('',(#8320,#8321,#8328,#8333));
#8320 = ORIENTED_EDGE('',*,*,#367,.T.);
#8321 = ORIENTED_EDGE('',*,*,#8322,.F.);
#8322 = EDGE_CURVE('',#8323,#361,#8325,.T.);
#8323 = VERTEX_POINT('',#8324);
#8324 = CARTESIAN_POINT('',(-0.522344464526,-1.01,0.69159752815));
#8325 = B_SPLINE_CURVE_WITH_KNOTS('',1,(#8326,#8327),.UNSPECIFIED.,.F.,
  .F.,(2,2),(0.,1.E-02),.PIECEWISE_BEZIER_KNOTS.);
#8326 = CARTESIAN_POINT('',(-0.522344464526,-1.01,0.69159752815));
#8327 = CARTESIAN_POINT('',(-0.522344464526,-1.,0.69159752815));
#8328 = ORIENTED_EDGE('',*,*,#8329,.F.);
#8329 = EDGE_CURVE('',#8301,#8323,#8330,.T.);
#8330 = B_SPLINE_CURVE_WITH_KNOTS('',1,(#8331,#8332),.UNSPECIFIED.,.F.,
  .F.,(2,2),(-2.424368874889E-02,0.),.PIECEWISE_BEZIER_KNOTS.);
#8331 = CARTESIAN_POINT('',(-0.546588153275,-1.01,0.69159752815));
#8332 = CARTESIAN_POINT('',(-0.522344464526,-1.01,0.69159752815));
#8333 = ORIENTED_EDGE('',*,*,#8300,.T.);
#8334 = B_SPLINE_SURFACE_WITH_KNOTS('',1,1,(
    (#8335,#8336)
    ,(#8337,#8338
    )),.UNSPECIFIED.,.F.,.F.,.F.,(2,2),(2,2),(-2.424368874889E-02,0.),(
    0.,1.E-02),.PIECEWISE_BEZIER_KNOTS.);
#8335 = CARTESIAN_POINT('',(-0.546588153275,-1.01,0.69159752815));
#8336 = CARTESIAN_POINT('',(-0.546588153275,-1.,0.69159752815));
#8337 = CARTESIAN_POINT('',(-0.522344464526,-1.01,0.69159752815));
#8338 = CARTESIAN_POINT('',(-0.522344464526,-1.,0.69159752815));
#8339 = ADVANCED_FACE('',(#8340),#8356,.F.);
#8340 = FACE_BOUND('',#8341,.T.);
#8341 = EDGE_LOOP('',(#8342,#8343,#8350,#8355));
#8342 = ORIENTED_EDGE('',*,*,#360,.T.);
#8343 = ORIENTED_EDGE('',*,*,#8344,.F.);
#8344 = EDGE_CURVE('',#8345,#354,#8347,.T.);
#8345 = VERTEX_POINT('',#8346);
#8346 = CARTESIAN_POINT('',(-0.522344464526,-1.01,0.699361053926));
#8347 = B_SPLINE_CURVE_WITH_KNOTS('',1,(#8348,#8349),.UNSPECIFIED.,.F.,
  .F.,(2,2),(0.,1.E-02),.PIECEWISE_BEZIER_KNOTS.);
#8348 = CARTESIAN_POINT('',(-0.522344464526,-1.01,0.699361053926));
#8349 = CARTESIAN_POINT('',(-0.522344464526,-1.,0.699361053926));
#8350 = ORIENTED_EDGE('',*,*,#8351,.F.);
#8351 = EDGE_CURVE('',#8323,#8345,#8352,.T.);
#8352 = B_SPLINE_CURVE_WITH_KNOTS('',1,(#8353,#8354),.UNSPECIFIED.,.F.,
  .F.,(2,2),(-7.763525775099E-03,0.),.PIECEWISE_BEZIER_KNOTS.);
#8353 = CARTESIAN_POINT('',(-0.522344464526,-1.01,0.69159752815));
#8354 = CARTESIAN_POINT('',(-0.522344464526,-1.01,0.699361053926));
#8355 = ORIENTED_EDGE('',*,*,#8322,.T.);
#8356 = B_SPLINE_SURFACE_WITH_KNOTS('',1,1,(
    (#8357,#8358)
    ,(#8359,#8360
    )),.UNSPECIFIED.,.F.,.F.,.F.,(2,2),(2,2),(-7.763525775099E-03,0.),(
    0.,1.E-02),.PIECEWISE_BEZIER_KNOTS.);
#8357 = CARTESIAN_POINT('',(-0.522344464526,-1.01,0.69159752815));
#8358 = CARTESIAN_POINT('',(-0.522344464526,-1.,0.69159752815));
#8359 = CARTESIAN_POINT('',(-0.522344464526,-1.01,0.699361053926));
#8360 = CARTESIAN_POINT('',(-0.522344464526,-1.,0.699361053926));
#8361 = ADVANCED_FACE('',(#8362),#8378,.F.);
#8362 = FACE_BOUND('',#8363,.T.);
#8363 = EDGE_LOOP('',(#8364,#8365,#8372,#8377));
#8364 = ORIENTED_EDGE('',*,*,#353,.T.);
#8365 = ORIENTED_EDGE('',*,*,#8366,.F.);
#8366 = EDGE_CURVE('',#8367,#347,#8369,.T.);
#8367 = VERTEX_POINT('',#8368);
#8368 = CARTESIAN_POINT('',(-0.546588153275,-1.01,0.699361053926));
#8369 = B_SPLINE_CURVE_WITH_KNOTS('',1,(#8370,#8371),.UNSPECIFIED.,.F.,
  .F.,(2,2),(0.,1.E-02),.PIECEWISE_BEZIER_KNOTS.);
#8370 = CARTESIAN_POINT('',(-0.546588153275,-1.01,0.699361053926));
#8371 = CARTESIAN_POINT('',(-0.546588153275,-1.,0.699361053926));
#8372 = ORIENTED_EDGE('',*,*,#8373,.F.);
#8373 = EDGE_CURVE('',#8345,#8367,#8374,.T.);
#8374 = B_SPLINE_CURVE_WITH_KNOTS('',1,(#8375,#8376),.UNSPECIFIED.,.F.,
  .F.,(2,2),(-2.424368874889E-02,-0.),.PIECEWISE_BEZIER_KNOTS.);
#8375 = CARTESIAN_POINT('',(-0.522344464526,-1.01,0.699361053926));
#8376 = CARTESIAN_POINT('',(-0.546588153275,-1.01,0.699361053926));
#8377 = ORIENTED_EDGE('',*,*,#8344,.T.);
#8378 = B_SPLINE_SURFACE_WITH_KNOTS('',1,1,(
    (#8379,#8380)
    ,(#8381,#8382
    )),.UNSPECIFIED.,.F.,.F.,.F.,(2,2),(2,2),(-2.424368874889E-02,0.),(
    0.,1.E-02),.PIECEWISE_BEZIER_KNOTS.);
#8379 = CARTESIAN_POINT('',(-0.522344464526,-1.01,0.699361053926));
#8380 = CARTESIAN_POINT('',(-0.522344464526,-1.,0.699361053926));
#8381 = CARTESIAN_POINT('',(-0.546588153275,-1.01,0.699361053926));
#8382 = CARTESIAN_POINT('',(-0.546588153275,-1.,0.699361053926));
#8383 = ADVANCED_FACE('',(#8384),#8400,.F.);
#8384 = FACE_BOUND('',#8385,.T.);
#8385 = EDGE_LOOP('',(#8386,#8387,#8394,#8399));
#8386 = ORIENTED_EDGE('',*,*,#346,.T.);
#8387 = ORIENTED_EDGE('',*,*,#8388,.F.);
#8388 = EDGE_CURVE('',#8389,#340,#8391,.T.);
#8389 = VERTEX_POINT('',#8390);
#8390 = CARTESIAN_POINT('',(-0.546588153275,-1.01,0.72105733578));
#8391 = B_SPLINE_CURVE_WITH_KNOTS('',1,(#8392,#8393),.UNSPECIFIED.,.F.,
  .F.,(2,2),(0.,1.E-02),.PIECEWISE_BEZIER_KNOTS.);
#8392 = CARTESIAN_POINT('',(-0.546588153275,-1.01,0.72105733578));
#8393 = CARTESIAN_POINT('',(-0.546588153275,-1.,0.72105733578));
#8394 = ORIENTED_EDGE('',*,*,#8395,.F.);
#8395 = EDGE_CURVE('',#8367,#8389,#8396,.T.);
#8396 = B_SPLINE_CURVE_WITH_KNOTS('',1,(#8397,#8398),.UNSPECIFIED.,.F.,
  .F.,(2,2),(-2.169628185404E-02,0.),.PIECEWISE_BEZIER_KNOTS.);
#8397 = CARTESIAN_POINT('',(-0.546588153275,-1.01,0.699361053926));
#8398 = CARTESIAN_POINT('',(-0.546588153275,-1.01,0.72105733578));
#8399 = ORIENTED_EDGE('',*,*,#8366,.T.);
#8400 = B_SPLINE_SURFACE_WITH_KNOTS('',1,1,(
    (#8401,#8402)
    ,(#8403,#8404
    )),.UNSPECIFIED.,.F.,.F.,.F.,(2,2),(2,2),(-2.169628185404E-02,0.),(
    0.,1.E-02),.PIECEWISE_BEZIER_KNOTS.);
#8401 = CARTESIAN_POINT('',(-0.546588153275,-1.01,0.699361053926));
#8402 = CARTESIAN_POINT('',(-0.546588153275,-1.,0.699361053926));
#8403 = CARTESIAN_POINT('',(-0.546588153275,-1.01,0.72105733578));
#8404 = CARTESIAN_POINT('',(-0.546588153275,-1.,0.72105733578));
#8405 = ADVANCED_FACE('',(#8406),#8422,.F.);
#8406 = FACE_BOUND('',#8407,.T.);
#8407 = EDGE_LOOP('',(#8408,#8409,#8416,#8421));
#8408 = ORIENTED_EDGE('',*,*,#339,.T.);
#8409 = ORIENTED_EDGE('',*,*,#8410,.F.);
#8410 = EDGE_CURVE('',#8411,#333,#8413,.T.);
#8411 = VERTEX_POINT('',#8412);
#8412 = CARTESIAN_POINT('',(-0.520420912381,-1.01,0.72105733578));
#8413 = B_SPLINE_CURVE_WITH_KNOTS('',1,(#8414,#8415),.UNSPECIFIED.,.F.,
  .F.,(2,2),(0.,1.E-02),.PIECEWISE_BEZIER_KNOTS.);
#8414 = CARTESIAN_POINT('',(-0.520420912381,-1.01,0.72105733578));
#8415 = CARTESIAN_POINT('',(-0.520420912381,-1.,0.72105733578));
#8416 = ORIENTED_EDGE('',*,*,#8417,.F.);
#8417 = EDGE_CURVE('',#8389,#8411,#8418,.T.);
#8418 = B_SPLINE_CURVE_WITH_KNOTS('',1,(#8419,#8420),.UNSPECIFIED.,.F.,
  .F.,(2,2),(-2.616724089396E-02,0.),.PIECEWISE_BEZIER_KNOTS.);
#8419 = CARTESIAN_POINT('',(-0.546588153275,-1.01,0.72105733578));
#8420 = CARTESIAN_POINT('',(-0.520420912381,-1.01,0.72105733578));
#8421 = ORIENTED_EDGE('',*,*,#8388,.T.);
#8422 = B_SPLINE_SURFACE_WITH_KNOTS('',1,1,(
    (#8423,#8424)
    ,(#8425,#8426
    )),.UNSPECIFIED.,.F.,.F.,.F.,(2,2),(2,2),(-2.616724089396E-02,0.),(
    0.,1.E-02),.PIECEWISE_BEZIER_KNOTS.);
#8423 = CARTESIAN_POINT('',(-0.546588153275,-1.01,0.72105733578));
#8424 = CARTESIAN_POINT('',(-0.546588153275,-1.,0.72105733578));
#8425 = CARTESIAN_POINT('',(-0.520420912381,-1.01,0.72105733578));
#8426 = CARTESIAN_POINT('',(-0.520420912381,-1.,0.72105733578));
#8427 = ADVANCED_FACE('',(#8428),#8444,.F.);
#8428 = FACE_BOUND('',#8429,.T.);
#8429 = EDGE_LOOP('',(#8430,#8431,#8438,#8443));
#8430 = ORIENTED_EDGE('',*,*,#332,.T.);
#8431 = ORIENTED_EDGE('',*,*,#8432,.F.);
#8432 = EDGE_CURVE('',#8433,#326,#8435,.T.);
#8433 = VERTEX_POINT('',#8434);
#8434 = CARTESIAN_POINT('',(-0.520420912381,-1.01,0.728855520152));
#8435 = B_SPLINE_CURVE_WITH_KNOTS('',1,(#8436,#8437),.UNSPECIFIED.,.F.,
  .F.,(2,2),(0.,1.E-02),.PIECEWISE_BEZIER_KNOTS.);
#8436 = CARTESIAN_POINT('',(-0.520420912381,-1.01,0.728855520152));
#8437 = CARTESIAN_POINT('',(-0.520420912381,-1.,0.728855520152));
#8438 = ORIENTED_EDGE('',*,*,#8439,.F.);
#8439 = EDGE_CURVE('',#8411,#8433,#8440,.T.);
#8440 = B_SPLINE_CURVE_WITH_KNOTS('',1,(#8441,#8442),.UNSPECIFIED.,.F.,
  .F.,(2,2),(-7.79818437227E-03,0.),.PIECEWISE_BEZIER_KNOTS.);
#8441 = CARTESIAN_POINT('',(-0.520420912381,-1.01,0.72105733578));
#8442 = CARTESIAN_POINT('',(-0.520420912381,-1.01,0.728855520152));
#8443 = ORIENTED_EDGE('',*,*,#8410,.T.);
#8444 = B_SPLINE_SURFACE_WITH_KNOTS('',1,1,(
    (#8445,#8446)
    ,(#8447,#8448
    )),.UNSPECIFIED.,.F.,.F.,.F.,(2,2),(2,2),(-7.79818437227E-03,0.),(0.
    ,1.E-02),.PIECEWISE_BEZIER_KNOTS.);
#8445 = CARTESIAN_POINT('',(-0.520420912381,-1.01,0.72105733578));
#8446 = CARTESIAN_POINT('',(-0.520420912381,-1.,0.72105733578));
#8447 = CARTESIAN_POINT('',(-0.520420912381,-1.01,0.728855520152));
#8448 = CARTESIAN_POINT('',(-0.520420912381,-1.,0.728855520152));
#8449 = ADVANCED_FACE('',(#8450),#8466,.F.);
#8450 = FACE_BOUND('',#8451,.T.);
#8451 = EDGE_LOOP('',(#8452,#8453,#8460,#8465));
#8452 = ORIENTED_EDGE('',*,*,#325,.T.);
#8453 = ORIENTED_EDGE('',*,*,#8454,.F.);
#8454 = EDGE_CURVE('',#8455,#319,#8457,.T.);
#8455 = VERTEX_POINT('',#8456);
#8456 = CARTESIAN_POINT('',(-0.555339449071,-1.01,0.728855520152));
#8457 = B_SPLINE_CURVE_WITH_KNOTS('',1,(#8458,#8459),.UNSPECIFIED.,.F.,
  .F.,(2,2),(0.,1.E-02),.PIECEWISE_BEZIER_KNOTS.);
#8458 = CARTESIAN_POINT('',(-0.555339449071,-1.01,0.728855520152));
#8459 = CARTESIAN_POINT('',(-0.555339449071,-1.,0.728855520152));
#8460 = ORIENTED_EDGE('',*,*,#8461,.F.);
#8461 = EDGE_CURVE('',#8433,#8455,#8462,.T.);
#8462 = B_SPLINE_CURVE_WITH_KNOTS('',1,(#8463,#8464),.UNSPECIFIED.,.F.,
  .F.,(2,2),(-3.491853668959E-02,-0.),.PIECEWISE_BEZIER_KNOTS.);
#8463 = CARTESIAN_POINT('',(-0.520420912381,-1.01,0.728855520152));
#8464 = CARTESIAN_POINT('',(-0.555339449071,-1.01,0.728855520152));
#8465 = ORIENTED_EDGE('',*,*,#8432,.T.);
#8466 = B_SPLINE_SURFACE_WITH_KNOTS('',1,1,(
    (#8467,#8468)
    ,(#8469,#8470
    )),.UNSPECIFIED.,.F.,.F.,.F.,(2,2),(2,2),(-3.491853668959E-02,0.),(
    0.,1.E-02),.PIECEWISE_BEZIER_KNOTS.);
#8467 = CARTESIAN_POINT('',(-0.520420912381,-1.01,0.728855520152));
#8468 = CARTESIAN_POINT('',(-0.520420912381,-1.,0.728855520152));
#8469 = CARTESIAN_POINT('',(-0.555339449071,-1.01,0.728855520152));
#8470 = CARTESIAN_POINT('',(-0.555339449071,-1.,0.728855520152));
#8471 = ADVANCED_FACE('',(#8472),#8488,.F.);
#8472 = FACE_BOUND('',#8473,.T.);
#8473 = EDGE_LOOP('',(#8474,#8475,#8482,#8487));
#8474 = ORIENTED_EDGE('',*,*,#318,.T.);
#8475 = ORIENTED_EDGE('',*,*,#8476,.F.);
#8476 = EDGE_CURVE('',#8477,#312,#8479,.T.);
#8477 = VERTEX_POINT('',#8478);
#8478 = CARTESIAN_POINT('',(-0.555339449071,-1.01,0.661063304008));
#8479 = B_SPLINE_CURVE_WITH_KNOTS('',1,(#8480,#8481),.UNSPECIFIED.,.F.,
  .F.,(2,2),(0.,1.E-02),.PIECEWISE_BEZIER_KNOTS.);
#8480 = CARTESIAN_POINT('',(-0.555339449071,-1.01,0.661063304008));
#8481 = CARTESIAN_POINT('',(-0.555339449071,-1.,0.661063304008));
#8482 = ORIENTED_EDGE('',*,*,#8483,.F.);
#8483 = EDGE_CURVE('',#8455,#8477,#8484,.T.);
#8484 = B_SPLINE_CURVE_WITH_KNOTS('',1,(#8485,#8486),.UNSPECIFIED.,.F.,
  .F.,(2,2),(-6.779221614378E-02,-0.),.PIECEWISE_BEZIER_KNOTS.);
#8485 = CARTESIAN_POINT('',(-0.555339449071,-1.01,0.728855520152));
#8486 = CARTESIAN_POINT('',(-0.555339449071,-1.01,0.661063304008));
#8487 = ORIENTED_EDGE('',*,*,#8454,.T.);
#8488 = B_SPLINE_SURFACE_WITH_KNOTS('',1,1,(
    (#8489,#8490)
    ,(#8491,#8492
    )),.UNSPECIFIED.,.F.,.F.,.F.,(2,2),(2,2),(-6.779221614378E-02,0.),(
    0.,1.E-02),.PIECEWISE_BEZIER_KNOTS.);
#8489 = CARTESIAN_POINT('',(-0.555339449071,-1.01,0.728855520152));
#8490 = CARTESIAN_POINT('',(-0.555339449071,-1.,0.728855520152));
#8491 = CARTESIAN_POINT('',(-0.555339449071,-1.01,0.661063304008));
#8492 = CARTESIAN_POINT('',(-0.555339449071,-1.,0.661063304008));
#8493 = ADVANCED_FACE('',(#8494),#8504,.F.);
#8494 = FACE_BOUND('',#8495,.T.);
#8495 = EDGE_LOOP('',(#8496,#8497,#8498,#8503));
#8496 = ORIENTED_EDGE('',*,*,#311,.T.);
#8497 = ORIENTED_EDGE('',*,*,#8264,.F.);
#8498 = ORIENTED_EDGE('',*,*,#8499,.F.);
#8499 = EDGE_CURVE('',#8477,#8258,#8500,.T.);
#8500 = B_SPLINE_CURVE_WITH_KNOTS('',1,(#8501,#8502),.UNSPECIFIED.,.F.,
  .F.,(2,2),(-3.646084426555E-02,0.),.PIECEWISE_BEZIER_KNOTS.);
#8501 = CARTESIAN_POINT('',(-0.555339449071,-1.01,0.661063304008));
#8502 = CARTESIAN_POINT('',(-0.518878604805,-1.01,0.661063304008));
#8503 = ORIENTED_EDGE('',*,*,#8476,.T.);
#8504 = B_SPLINE_SURFACE_WITH_KNOTS('',1,1,(
    (#8505,#8506)
    ,(#8507,#8508
    )),.UNSPECIFIED.,.F.,.F.,.F.,(2,2),(2,2),(-3.646084426555E-02,0.),(
    0.,1.E-02),.PIECEWISE_BEZIER_KNOTS.);
#8505 = CARTESIAN_POINT('',(-0.555339449071,-1.01,0.661063304008));
#8506 = CARTESIAN_POINT('',(-0.555339449071,-1.,0.661063304008));
#8507 = CARTESIAN_POINT('',(-0.518878604805,-1.01,0.661063304008));
#8508 = CARTESIAN_POINT('',(-0.518878604805,-1.,0.661063304008));
#8509 = ADVANCED_FACE('',(#8510),#8524,.F.);
#8510 = FACE_BOUND('',#8511,.T.);
#8511 = EDGE_LOOP('',(#8512,#8513,#8514,#8515,#8516,#8517,#8518,#8519,
    #8520,#8521,#8522,#8523));
#8512 = ORIENTED_EDGE('',*,*,#8257,.T.);
#8513 = ORIENTED_EDGE('',*,*,#8285,.T.);
#8514 = ORIENTED_EDGE('',*,*,#8307,.T.);
#8515 = ORIENTED_EDGE('',*,*,#8329,.T.);
#8516 = ORIENTED_EDGE('',*,*,#8351,.T.);
#8517 = ORIENTED_EDGE('',*,*,#8373,.T.);
#8518 = ORIENTED_EDGE('',*,*,#8395,.T.);
#8519 = ORIENTED_EDGE('',*,*,#8417,.T.);
#8520 = ORIENTED_EDGE('',*,*,#8439,.T.);
#8521 = ORIENTED_EDGE('',*,*,#8461,.T.);
#8522 = ORIENTED_EDGE('',*,*,#8483,.T.);
#8523 = ORIENTED_EDGE('',*,*,#8499,.T.);
#8524 = B_SPLINE_SURFACE_WITH_KNOTS('',1,1,(
    (#8525,#8526)
    ,(#8527,#8528
    )),.UNSPECIFIED.,.F.,.F.,.F.,(2,2),(2,2),(0.641063204008,
    0.708855420152),(-0.555339449071,-0.518878604805),
  .PIECEWISE_BEZIER_KNOTS.);
#8525 = CARTESIAN_POINT('',(-0.555339449071,-1.01,0.661063304008));
#8526 = CARTESIAN_POINT('',(-0.518878604805,-1.01,0.661063304008));
#8527 = CARTESIAN_POINT('',(-0.555339449071,-1.01,0.728855520152));
#8528 = CARTESIAN_POINT('',(-0.518878604805,-1.01,0.728855520152));
#8529 = ADVANCED_FACE('',(#8530,#8646),#8716,.T.);
#8530 = FACE_BOUND('',#8531,.T.);
#8531 = EDGE_LOOP('',(#8532,#8543,#8550,#8559,#8568,#8575,#8584,#8593,
    #8602,#8611,#8618,#8625,#8632,#8639));
#8532 = ORIENTED_EDGE('',*,*,#8533,.T.);
#8533 = EDGE_CURVE('',#8534,#8536,#8538,.T.);
#8534 = VERTEX_POINT('',#8535);
#8535 = CARTESIAN_POINT('',(-0.489349479982,-1.01,0.710590439422));
#8536 = VERTEX_POINT('',#8537);
#8537 = CARTESIAN_POINT('',(-0.50602026524,-1.01,0.706084821785));
#8538 = B_SPLINE_CURVE_WITH_KNOTS('',3,(#8539,#8540,#8541,#8542),
  .UNSPECIFIED.,.F.,.F.,(4,4),(0.,1.),.PIECEWISE_BEZIER_KNOTS.);
#8539 = CARTESIAN_POINT('',(-0.489349479982,-1.01,0.710590439422));
#8540 = CARTESIAN_POINT('',(-0.495657344674,-1.01,0.710590439422));
#8541 = CARTESIAN_POINT('',(-0.501220049526,-1.01,0.709100119742));
#8542 = CARTESIAN_POINT('',(-0.50602026524,-1.01,0.706084821785));
#8543 = ORIENTED_EDGE('',*,*,#8544,.T.);
#8544 = EDGE_CURVE('',#8536,#8545,#8547,.T.);
#8545 = VERTEX_POINT('',#8546);
#8546 = CARTESIAN_POINT('',(-0.50602026524,-1.01,0.697836075648));
#8547 = B_SPLINE_CURVE_WITH_KNOTS('',1,(#8548,#8549),.UNSPECIFIED.,.F.,
  .F.,(2,2),(-8.248746136419E-03,-0.),.PIECEWISE_BEZIER_KNOTS.);
#8548 = CARTESIAN_POINT('',(-0.50602026524,-1.01,0.706084821785));
#8549 = CARTESIAN_POINT('',(-0.50602026524,-1.01,0.697836075648));
#8550 = ORIENTED_EDGE('',*,*,#8551,.T.);
#8551 = EDGE_CURVE('',#8545,#8552,#8554,.T.);
#8552 = VERTEX_POINT('',#8553);
#8553 = CARTESIAN_POINT('',(-0.490146627717,-1.01,0.703693378577));
#8554 = B_SPLINE_CURVE_WITH_KNOTS('',3,(#8555,#8556,#8557,#8558),
  .UNSPECIFIED.,.F.,.F.,(4,4),(12.,13.),.PIECEWISE_BEZIER_KNOTS.);
#8555 = CARTESIAN_POINT('',(-0.50602026524,-1.01,0.697836075648));
#8556 = CARTESIAN_POINT('',(-0.501237378825,-1.01,0.701717838536));
#8557 = CARTESIAN_POINT('',(-0.49595194275,-1.01,0.703693378577));
#8558 = CARTESIAN_POINT('',(-0.490146627717,-1.01,0.703693378577));
#8559 = ORIENTED_EDGE('',*,*,#8560,.T.);
#8560 = EDGE_CURVE('',#8552,#8561,#8563,.T.);
#8561 = VERTEX_POINT('',#8562);
#8562 = CARTESIAN_POINT('',(-0.480338244707,-1.01,0.691840138331));
#8563 = B_SPLINE_CURVE_WITH_KNOTS('',3,(#8564,#8565,#8566,#8567),
  .UNSPECIFIED.,.F.,.F.,(4,4),(11.,12.),.PIECEWISE_BEZIER_KNOTS.);
#8564 = CARTESIAN_POINT('',(-0.490146627717,-1.01,0.703693378577));
#8565 = CARTESIAN_POINT('',(-0.483613482143,-1.01,0.703693378577));
#8566 = CARTESIAN_POINT('',(-0.480338244707,-1.01,0.699742298495));
#8567 = CARTESIAN_POINT('',(-0.480338244707,-1.01,0.691840138331));
#8568 = ORIENTED_EDGE('',*,*,#8569,.T.);
#8569 = EDGE_CURVE('',#8561,#8570,#8572,.T.);
#8570 = VERTEX_POINT('',#8571);
#8571 = CARTESIAN_POINT('',(-0.494686903952,-1.01,0.689829939693));
#8572 = B_SPLINE_CURVE_WITH_KNOTS('',1,(#8573,#8574),.UNSPECIFIED.,.F.,
  .F.,(2,2),(-1.448878603268E-02,-0.),.PIECEWISE_BEZIER_KNOTS.);
#8573 = CARTESIAN_POINT('',(-0.480338244707,-1.01,0.691840138331));
#8574 = CARTESIAN_POINT('',(-0.494686903952,-1.01,0.689829939693));
#8575 = ORIENTED_EDGE('',*,*,#8576,.T.);
#8576 = EDGE_CURVE('',#8570,#8577,#8579,.T.);
#8577 = VERTEX_POINT('',#8578);
#8578 = CARTESIAN_POINT('',(-0.510751163759,-1.01,0.674025619365));
#8579 = B_SPLINE_CURVE_WITH_KNOTS('',3,(#8580,#8581,#8582,#8583),
  .UNSPECIFIED.,.F.,.F.,(4,4),(9.,10.),.PIECEWISE_BEZIER_KNOTS.);
#8580 = CARTESIAN_POINT('',(-0.494686903952,-1.01,0.689829939693));
#8581 = CARTESIAN_POINT('',(-0.50539641049,-1.01,0.688339620013));
#8582 = CARTESIAN_POINT('',(-0.510751163759,-1.01,0.683071513237));
#8583 = CARTESIAN_POINT('',(-0.510751163759,-1.01,0.674025619365));
#8584 = ORIENTED_EDGE('',*,*,#8585,.T.);
#8585 = EDGE_CURVE('',#8577,#8586,#8588,.T.);
#8586 = VERTEX_POINT('',#8587);
#8587 = CARTESIAN_POINT('',(-0.506592132094,-1.01,0.663732015993));
#8588 = B_SPLINE_CURVE_WITH_KNOTS('',3,(#8589,#8590,#8591,#8592),
  .UNSPECIFIED.,.F.,.F.,(4,4),(8.,9.),.PIECEWISE_BEZIER_KNOTS.);
#8589 = CARTESIAN_POINT('',(-0.510751163759,-1.01,0.674025619365));
#8590 = CARTESIAN_POINT('',(-0.510751163759,-1.01,0.669693294713));
#8591 = CARTESIAN_POINT('',(-0.509364819871,-1.01,0.666262093589));
#8592 = CARTESIAN_POINT('',(-0.506592132094,-1.01,0.663732015993));
#8593 = ORIENTED_EDGE('',*,*,#8594,.T.);
#8594 = EDGE_CURVE('',#8586,#8595,#8597,.T.);
#8595 = VERTEX_POINT('',#8596);
#8596 = CARTESIAN_POINT('',(-0.495397405195,-1.01,0.6599195703));
#8597 = B_SPLINE_CURVE_WITH_KNOTS('',3,(#8598,#8599,#8600,#8601),
  .UNSPECIFIED.,.F.,.F.,(4,4),(7.,8.),.PIECEWISE_BEZIER_KNOTS.);
#8598 = CARTESIAN_POINT('',(-0.506592132094,-1.01,0.663732015993));
#8599 = CARTESIAN_POINT('',(-0.503819444317,-1.01,0.661201938397));
#8600 = CARTESIAN_POINT('',(-0.500093645117,-1.01,0.6599195703));
#8601 = CARTESIAN_POINT('',(-0.495397405195,-1.01,0.6599195703));
#8602 = ORIENTED_EDGE('',*,*,#8603,.T.);
#8603 = EDGE_CURVE('',#8595,#8604,#8606,.T.);
#8604 = VERTEX_POINT('',#8605);
#8605 = CARTESIAN_POINT('',(-0.480563525589,-1.01,0.668549561005));
#8606 = B_SPLINE_CURVE_WITH_KNOTS('',3,(#8607,#8608,#8609,#8610),
  .UNSPECIFIED.,.F.,.F.,(4,4),(6.,7.),.PIECEWISE_BEZIER_KNOTS.);
#8607 = CARTESIAN_POINT('',(-0.495397405195,-1.01,0.6599195703));
#8608 = CARTESIAN_POINT('',(-0.488864259621,-1.01,0.6599195703));
#8609 = CARTESIAN_POINT('',(-0.483908080219,-1.01,0.662796233869));
#8610 = CARTESIAN_POINT('',(-0.480563525589,-1.01,0.668549561005));
#8611 = ORIENTED_EDGE('',*,*,#8612,.T.);
#8612 = EDGE_CURVE('',#8604,#8613,#8615,.T.);
#8613 = VERTEX_POINT('',#8614);
#8614 = CARTESIAN_POINT('',(-0.480338244707,-1.01,0.668549561005));
#8615 = B_SPLINE_CURVE_WITH_KNOTS('',1,(#8616,#8617),.UNSPECIFIED.,.F.,
  .F.,(2,2),(-2.252808818425E-04,0.),.PIECEWISE_BEZIER_KNOTS.);
#8616 = CARTESIAN_POINT('',(-0.480563525589,-1.01,0.668549561005));
#8617 = CARTESIAN_POINT('',(-0.480338244707,-1.01,0.668549561005));
#8618 = ORIENTED_EDGE('',*,*,#8619,.T.);
#8619 = EDGE_CURVE('',#8613,#8620,#8622,.T.);
#8620 = VERTEX_POINT('',#8621);
#8621 = CARTESIAN_POINT('',(-0.480338244707,-1.01,0.661063304008));
#8622 = B_SPLINE_CURVE_WITH_KNOTS('',1,(#8623,#8624),.UNSPECIFIED.,.F.,
  .F.,(2,2),(-7.486256997268E-03,-0.),.PIECEWISE_BEZIER_KNOTS.);
#8623 = CARTESIAN_POINT('',(-0.480338244707,-1.01,0.668549561005));
#8624 = CARTESIAN_POINT('',(-0.480338244707,-1.01,0.661063304008));
#8625 = ORIENTED_EDGE('',*,*,#8626,.T.);
#8626 = EDGE_CURVE('',#8620,#8627,#8629,.T.);
#8627 = VERTEX_POINT('',#8628);
#8628 = CARTESIAN_POINT('',(-0.47184688839,-1.01,0.661063304008));
#8629 = B_SPLINE_CURVE_WITH_KNOTS('',1,(#8630,#8631),.UNSPECIFIED.,.F.,
  .F.,(2,2),(-8.491356316616E-03,0.),.PIECEWISE_BEZIER_KNOTS.);
#8630 = CARTESIAN_POINT('',(-0.480338244707,-1.01,0.661063304008));
#8631 = CARTESIAN_POINT('',(-0.47184688839,-1.01,0.661063304008));
#8632 = ORIENTED_EDGE('',*,*,#8633,.T.);
#8633 = EDGE_CURVE('',#8627,#8634,#8636,.T.);
#8634 = VERTEX_POINT('',#8635);
#8635 = CARTESIAN_POINT('',(-0.47184688839,-1.01,0.6922213829));
#8636 = B_SPLINE_CURVE_WITH_KNOTS('',1,(#8637,#8638),.UNSPECIFIED.,.F.,
  .F.,(2,2),(-3.115807889191E-02,0.),.PIECEWISE_BEZIER_KNOTS.);
#8637 = CARTESIAN_POINT('',(-0.47184688839,-1.01,0.661063304008));
#8638 = CARTESIAN_POINT('',(-0.47184688839,-1.01,0.6922213829));
#8639 = ORIENTED_EDGE('',*,*,#8640,.T.);
#8640 = EDGE_CURVE('',#8634,#8534,#8641,.T.);
#8641 = B_SPLINE_CURVE_WITH_KNOTS('',3,(#8642,#8643,#8644,#8645),
  .UNSPECIFIED.,.F.,.F.,(4,4),(1.,2.),.PIECEWISE_BEZIER_KNOTS.);
#8642 = CARTESIAN_POINT('',(-0.47184688839,-1.01,0.6922213829));
#8643 = CARTESIAN_POINT('',(-0.47184688839,-1.01,0.704490526313));
#8644 = CARTESIAN_POINT('',(-0.47768686202,-1.01,0.710590439422));
#8645 = CARTESIAN_POINT('',(-0.489349479982,-1.01,0.710590439422));
#8646 = FACE_BOUND('',#8647,.T.);
#8647 = EDGE_LOOP('',(#8648,#8659,#8668,#8675,#8682,#8691,#8700,#8709));
#8648 = ORIENTED_EDGE('',*,*,#8649,.F.);
#8649 = EDGE_CURVE('',#8650,#8652,#8654,.T.);
#8650 = VERTEX_POINT('',#8651);
#8651 = CARTESIAN_POINT('',(-0.499885693534,-1.01,0.680853363015));
#8652 = VERTEX_POINT('',#8653);
#8653 = CARTESIAN_POINT('',(-0.502138502352,-1.01,0.674718791309));
#8654 = B_SPLINE_CURVE_WITH_KNOTS('',3,(#8655,#8656,#8657,#8658),
  .UNSPECIFIED.,.F.,.F.,(4,4),(1.,2.),.PIECEWISE_BEZIER_KNOTS.);
#8655 = CARTESIAN_POINT('',(-0.499885693534,-1.01,0.680853363015));
#8656 = CARTESIAN_POINT('',(-0.501376013214,-1.01,0.679397701932));
#8657 = CARTESIAN_POINT('',(-0.502138502352,-1.01,0.677352844697));
#8658 = CARTESIAN_POINT('',(-0.502138502352,-1.01,0.674718791309));
#8659 = ORIENTED_EDGE('',*,*,#8660,.F.);
#8660 = EDGE_CURVE('',#8661,#8650,#8663,.T.);
#8661 = VERTEX_POINT('',#8662);
#8662 = CARTESIAN_POINT('',(-0.491671605995,-1.01,0.683834002375));
#8663 = B_SPLINE_CURVE_WITH_KNOTS('',3,(#8664,#8665,#8666,#8667),
  .UNSPECIFIED.,.F.,.F.,(4,4),(0.,1.),.PIECEWISE_BEZIER_KNOTS.);
#8664 = CARTESIAN_POINT('',(-0.491671605995,-1.01,0.683834002375));
#8665 = CARTESIAN_POINT('',(-0.495640015375,-1.01,0.68327946482));
#8666 = CARTESIAN_POINT('',(-0.498378044555,-1.01,0.682309024098));
#8667 = CARTESIAN_POINT('',(-0.499885693534,-1.01,0.680853363015));
#8668 = ORIENTED_EDGE('',*,*,#8669,.F.);
#8669 = EDGE_CURVE('',#8670,#8661,#8672,.T.);
#8670 = VERTEX_POINT('',#8671);
#8671 = CARTESIAN_POINT('',(-0.480338244707,-1.01,0.685358980653));
#8672 = B_SPLINE_CURVE_WITH_KNOTS('',1,(#8673,#8674),.UNSPECIFIED.,.F.,
  .F.,(2,2),(0.,1.143549897591E-02),.PIECEWISE_BEZIER_KNOTS.);
#8673 = CARTESIAN_POINT('',(-0.480338244707,-1.01,0.685358980653));
#8674 = CARTESIAN_POINT('',(-0.491671605995,-1.01,0.683834002375));
#8675 = ORIENTED_EDGE('',*,*,#8676,.F.);
#8676 = EDGE_CURVE('',#8677,#8670,#8679,.T.);
#8677 = VERTEX_POINT('',#8678);
#8678 = CARTESIAN_POINT('',(-0.480338244707,-1.01,0.680714728626));
#8679 = B_SPLINE_CURVE_WITH_KNOTS('',1,(#8680,#8681),.UNSPECIFIED.,.F.,
  .F.,(2,2),(0.,4.644252026466E-03),.PIECEWISE_BEZIER_KNOTS.);
#8680 = CARTESIAN_POINT('',(-0.480338244707,-1.01,0.680714728626));
#8681 = CARTESIAN_POINT('',(-0.480338244707,-1.01,0.685358980653));
#8682 = ORIENTED_EDGE('',*,*,#8683,.F.);
#8683 = EDGE_CURVE('',#8684,#8677,#8686,.T.);
#8684 = VERTEX_POINT('',#8685);
#8685 = CARTESIAN_POINT('',(-0.483977397414,-1.01,0.670837028421));
#8686 = B_SPLINE_CURVE_WITH_KNOTS('',3,(#8687,#8688,#8689,#8690),
  .UNSPECIFIED.,.F.,.F.,(4,4),(5.,6.),.PIECEWISE_BEZIER_KNOTS.);
#8687 = CARTESIAN_POINT('',(-0.483977397414,-1.01,0.670837028421));
#8688 = CARTESIAN_POINT('',(-0.481551295609,-1.01,0.673436423212));
#8689 = CARTESIAN_POINT('',(-0.480338244707,-1.01,0.676728989947));
#8690 = CARTESIAN_POINT('',(-0.480338244707,-1.01,0.680714728626));
#8691 = ORIENTED_EDGE('',*,*,#8692,.F.);
#8692 = EDGE_CURVE('',#8693,#8684,#8695,.T.);
#8693 = VERTEX_POINT('',#8694);
#8694 = CARTESIAN_POINT('',(-0.493196584272,-1.01,0.666885948339));
#8695 = B_SPLINE_CURVE_WITH_KNOTS('',3,(#8696,#8697,#8698,#8699),
  .UNSPECIFIED.,.F.,.F.,(4,4),(4.,5.),.PIECEWISE_BEZIER_KNOTS.);
#8696 = CARTESIAN_POINT('',(-0.493196584272,-1.01,0.666885948339));
#8697 = CARTESIAN_POINT('',(-0.489470785072,-1.01,0.666885948339));
#8698 = CARTESIAN_POINT('',(-0.48638616992,-1.01,0.668202975033));
#8699 = CARTESIAN_POINT('',(-0.483977397414,-1.01,0.670837028421));
#8700 = ORIENTED_EDGE('',*,*,#8701,.F.);
#8701 = EDGE_CURVE('',#8702,#8693,#8704,.T.);
#8702 = VERTEX_POINT('',#8703);
#8703 = CARTESIAN_POINT('',(-0.49967774195,-1.01,0.669069439963));
#8704 = B_SPLINE_CURVE_WITH_KNOTS('',3,(#8705,#8706,#8707,#8708),
  .UNSPECIFIED.,.F.,.F.,(4,4),(3.,4.),.PIECEWISE_BEZIER_KNOTS.);
#8705 = CARTESIAN_POINT('',(-0.49967774195,-1.01,0.669069439963));
#8706 = CARTESIAN_POINT('',(-0.498048787881,-1.01,0.667613778881));
#8707 = CARTESIAN_POINT('',(-0.495882625556,-1.01,0.666885948339));
#8708 = CARTESIAN_POINT('',(-0.493196584272,-1.01,0.666885948339));
#8709 = ORIENTED_EDGE('',*,*,#8710,.F.);
#8710 = EDGE_CURVE('',#8652,#8702,#8711,.T.);
#8711 = B_SPLINE_CURVE_WITH_KNOTS('',3,(#8712,#8713,#8714,#8715),
  .UNSPECIFIED.,.F.,.F.,(4,4),(2.,3.),.PIECEWISE_BEZIER_KNOTS.);
#8712 = CARTESIAN_POINT('',(-0.502138502352,-1.01,0.674718791309));
#8713 = CARTESIAN_POINT('',(-0.502138502352,-1.01,0.672396665296));
#8714 = CARTESIAN_POINT('',(-0.501324025318,-1.01,0.670525101046));
#8715 = CARTESIAN_POINT('',(-0.49967774195,-1.01,0.669069439963));
#8716 = B_SPLINE_SURFACE_WITH_KNOTS('',1,1,(
    (#8717,#8718)
    ,(#8719,#8720
    )),.UNSPECIFIED.,.F.,.F.,.F.,(2,2),(2,2),(-1.122072084742E-03,
    4.954879703712E-02),(-1.250092278144E-02,2.640335258745E-02),
  .PIECEWISE_BEZIER_KNOTS.);
#8717 = CARTESIAN_POINT('',(-0.510751163759,-1.01,0.710590439422));
#8718 = CARTESIAN_POINT('',(-0.47184688839,-1.01,0.710590439422));
#8719 = CARTESIAN_POINT('',(-0.510751163759,-1.01,0.6599195703));
#8720 = CARTESIAN_POINT('',(-0.47184688839,-1.01,0.6599195703));
#8721 = ADVANCED_FACE('',(#8722),#8736,.F.);
#8722 = FACE_BOUND('',#8723,.F.);
#8723 = EDGE_LOOP('',(#8724,#8729,#8730,#8735));
#8724 = ORIENTED_EDGE('',*,*,#8725,.F.);
#8725 = EDGE_CURVE('',#8534,#187,#8726,.T.);
#8726 = B_SPLINE_CURVE_WITH_KNOTS('',1,(#8727,#8728),.UNSPECIFIED.,.F.,
  .F.,(2,2),(0.,1.E-02),.PIECEWISE_BEZIER_KNOTS.);
#8727 = CARTESIAN_POINT('',(-0.489349479982,-1.01,0.710590439422));
#8728 = CARTESIAN_POINT('',(-0.489349479982,-1.,0.710590439422));
#8729 = ORIENTED_EDGE('',*,*,#8533,.T.);
#8730 = ORIENTED_EDGE('',*,*,#8731,.T.);
#8731 = EDGE_CURVE('',#8536,#189,#8732,.T.);
#8732 = B_SPLINE_CURVE_WITH_KNOTS('',1,(#8733,#8734),.UNSPECIFIED.,.F.,
  .F.,(2,2),(0.,1.E-02),.PIECEWISE_BEZIER_KNOTS.);
#8733 = CARTESIAN_POINT('',(-0.50602026524,-1.01,0.706084821785));
#8734 = CARTESIAN_POINT('',(-0.50602026524,-1.,0.706084821785));
#8735 = ORIENTED_EDGE('',*,*,#186,.F.);
#8736 = B_SPLINE_SURFACE_WITH_KNOTS('',3,1,(
    (#8737,#8738)
    ,(#8739,#8740)
    ,(#8741,#8742)
    ,(#8743,#8744
    )),.UNSPECIFIED.,.F.,.F.,.F.,(4,4),(2,2),(0.,1.),(0.,1.),
  .PIECEWISE_BEZIER_KNOTS.);
#8737 = CARTESIAN_POINT('',(-0.489349479982,-1.01,0.710590439422));
#8738 = CARTESIAN_POINT('',(-0.489349479982,-1.,0.710590439422));
#8739 = CARTESIAN_POINT('',(-0.495657344674,-1.01,0.710590439422));
#8740 = CARTESIAN_POINT('',(-0.495657344674,-1.,0.710590439422));
#8741 = CARTESIAN_POINT('',(-0.501220049526,-1.01,0.709100119742));
#8742 = CARTESIAN_POINT('',(-0.501220049526,-1.,0.709100119742));
#8743 = CARTESIAN_POINT('',(-0.50602026524,-1.01,0.706084821785));
#8744 = CARTESIAN_POINT('',(-0.50602026524,-1.,0.706084821785));
#8745 = ADVANCED_FACE('',(#8746),#8756,.F.);
#8746 = FACE_BOUND('',#8747,.T.);
#8747 = EDGE_LOOP('',(#8748,#8749,#8754,#8755));
#8748 = ORIENTED_EDGE('',*,*,#295,.T.);
#8749 = ORIENTED_EDGE('',*,*,#8750,.F.);
#8750 = EDGE_CURVE('',#8545,#287,#8751,.T.);
#8751 = B_SPLINE_CURVE_WITH_KNOTS('',1,(#8752,#8753),.UNSPECIFIED.,.F.,
  .F.,(2,2),(0.,1.E-02),.PIECEWISE_BEZIER_KNOTS.);
#8752 = CARTESIAN_POINT('',(-0.50602026524,-1.01,0.697836075648));
#8753 = CARTESIAN_POINT('',(-0.50602026524,-1.,0.697836075648));
#8754 = ORIENTED_EDGE('',*,*,#8544,.F.);
#8755 = ORIENTED_EDGE('',*,*,#8731,.T.);
#8756 = B_SPLINE_SURFACE_WITH_KNOTS('',1,1,(
    (#8757,#8758)
    ,(#8759,#8760
    )),.UNSPECIFIED.,.F.,.F.,.F.,(2,2),(2,2),(-8.248746136419E-03,0.),(
    0.,1.E-02),.PIECEWISE_BEZIER_KNOTS.);
#8757 = CARTESIAN_POINT('',(-0.50602026524,-1.01,0.706084821785));
#8758 = CARTESIAN_POINT('',(-0.50602026524,-1.,0.706084821785));
#8759 = CARTESIAN_POINT('',(-0.50602026524,-1.01,0.697836075648));
#8760 = CARTESIAN_POINT('',(-0.50602026524,-1.,0.697836075648));
#8761 = ADVANCED_FACE('',(#8762),#8772,.F.);
#8762 = FACE_BOUND('',#8763,.F.);
#8763 = EDGE_LOOP('',(#8764,#8765,#8766,#8771));
#8764 = ORIENTED_EDGE('',*,*,#8750,.F.);
#8765 = ORIENTED_EDGE('',*,*,#8551,.T.);
#8766 = ORIENTED_EDGE('',*,*,#8767,.T.);
#8767 = EDGE_CURVE('',#8552,#278,#8768,.T.);
#8768 = B_SPLINE_CURVE_WITH_KNOTS('',1,(#8769,#8770),.UNSPECIFIED.,.F.,
  .F.,(2,2),(0.,1.E-02),.PIECEWISE_BEZIER_KNOTS.);
#8769 = CARTESIAN_POINT('',(-0.490146627717,-1.01,0.703693378577));
#8770 = CARTESIAN_POINT('',(-0.490146627717,-1.,0.703693378577));
#8771 = ORIENTED_EDGE('',*,*,#286,.F.);
#8772 = B_SPLINE_SURFACE_WITH_KNOTS('',3,1,(
    (#8773,#8774)
    ,(#8775,#8776)
    ,(#8777,#8778)
    ,(#8779,#8780
    )),.UNSPECIFIED.,.F.,.F.,.F.,(4,4),(2,2),(12.,13.),(0.,1.),
  .PIECEWISE_BEZIER_KNOTS.);
#8773 = CARTESIAN_POINT('',(-0.50602026524,-1.01,0.697836075648));
#8774 = CARTESIAN_POINT('',(-0.50602026524,-1.,0.697836075648));
#8775 = CARTESIAN_POINT('',(-0.501237378825,-1.01,0.701717838536));
#8776 = CARTESIAN_POINT('',(-0.501237378825,-1.,0.701717838536));
#8777 = CARTESIAN_POINT('',(-0.49595194275,-1.01,0.703693378577));
#8778 = CARTESIAN_POINT('',(-0.49595194275,-1.,0.703693378577));
#8779 = CARTESIAN_POINT('',(-0.490146627717,-1.01,0.703693378577));
#8780 = CARTESIAN_POINT('',(-0.490146627717,-1.,0.703693378577));
#8781 = ADVANCED_FACE('',(#8782),#8792,.F.);
#8782 = FACE_BOUND('',#8783,.F.);
#8783 = EDGE_LOOP('',(#8784,#8785,#8786,#8791));
#8784 = ORIENTED_EDGE('',*,*,#8767,.F.);
#8785 = ORIENTED_EDGE('',*,*,#8560,.T.);
#8786 = ORIENTED_EDGE('',*,*,#8787,.T.);
#8787 = EDGE_CURVE('',#8561,#271,#8788,.T.);
#8788 = B_SPLINE_CURVE_WITH_KNOTS('',1,(#8789,#8790),.UNSPECIFIED.,.F.,
  .F.,(2,2),(0.,1.E-02),.PIECEWISE_BEZIER_KNOTS.);
#8789 = CARTESIAN_POINT('',(-0.480338244707,-1.01,0.691840138331));
#8790 = CARTESIAN_POINT('',(-0.480338244707,-1.,0.691840138331));
#8791 = ORIENTED_EDGE('',*,*,#277,.F.);
#8792 = B_SPLINE_SURFACE_WITH_KNOTS('',3,1,(
    (#8793,#8794)
    ,(#8795,#8796)
    ,(#8797,#8798)
    ,(#8799,#8800
    )),.UNSPECIFIED.,.F.,.F.,.F.,(4,4),(2,2),(11.,12.),(0.,1.),
  .PIECEWISE_BEZIER_KNOTS.);
#8793 = CARTESIAN_POINT('',(-0.490146627717,-1.01,0.703693378577));
#8794 = CARTESIAN_POINT('',(-0.490146627717,-1.,0.703693378577));
#8795 = CARTESIAN_POINT('',(-0.483613482143,-1.01,0.703693378577));
#8796 = CARTESIAN_POINT('',(-0.483613482143,-1.,0.703693378577));
#8797 = CARTESIAN_POINT('',(-0.480338244707,-1.01,0.699742298495));
#8798 = CARTESIAN_POINT('',(-0.480338244707,-1.,0.699742298495));
#8799 = CARTESIAN_POINT('',(-0.480338244707,-1.01,0.691840138331));
#8800 = CARTESIAN_POINT('',(-0.480338244707,-1.,0.691840138331));
#8801 = ADVANCED_FACE('',(#8802),#8812,.F.);
#8802 = FACE_BOUND('',#8803,.T.);
#8803 = EDGE_LOOP('',(#8804,#8805,#8810,#8811));
#8804 = ORIENTED_EDGE('',*,*,#270,.T.);
#8805 = ORIENTED_EDGE('',*,*,#8806,.F.);
#8806 = EDGE_CURVE('',#8570,#262,#8807,.T.);
#8807 = B_SPLINE_CURVE_WITH_KNOTS('',1,(#8808,#8809),.UNSPECIFIED.,.F.,
  .F.,(2,2),(0.,1.E-02),.PIECEWISE_BEZIER_KNOTS.);
#8808 = CARTESIAN_POINT('',(-0.494686903952,-1.01,0.689829939693));
#8809 = CARTESIAN_POINT('',(-0.494686903952,-1.,0.689829939693));
#8810 = ORIENTED_EDGE('',*,*,#8569,.F.);
#8811 = ORIENTED_EDGE('',*,*,#8787,.T.);
#8812 = B_SPLINE_SURFACE_WITH_KNOTS('',1,1,(
    (#8813,#8814)
    ,(#8815,#8816
    )),.UNSPECIFIED.,.F.,.F.,.F.,(2,2),(2,2),(-1.448878603268E-02,
    1.099485618093E-16),(0.,1.E-02),.PIECEWISE_BEZIER_KNOTS.);
#8813 = CARTESIAN_POINT('',(-0.480338244707,-1.01,0.691840138331));
#8814 = CARTESIAN_POINT('',(-0.480338244707,-1.,0.691840138331));
#8815 = CARTESIAN_POINT('',(-0.494686903952,-1.01,0.689829939693));
#8816 = CARTESIAN_POINT('',(-0.494686903952,-1.,0.689829939693));
#8817 = ADVANCED_FACE('',(#8818),#8828,.F.);
#8818 = FACE_BOUND('',#8819,.F.);
#8819 = EDGE_LOOP('',(#8820,#8821,#8822,#8827));
#8820 = ORIENTED_EDGE('',*,*,#8806,.F.);
#8821 = ORIENTED_EDGE('',*,*,#8576,.T.);
#8822 = ORIENTED_EDGE('',*,*,#8823,.T.);
#8823 = EDGE_CURVE('',#8577,#253,#8824,.T.);
#8824 = B_SPLINE_CURVE_WITH_KNOTS('',1,(#8825,#8826),.UNSPECIFIED.,.F.,
  .F.,(2,2),(0.,1.E-02),.PIECEWISE_BEZIER_KNOTS.);
#8825 = CARTESIAN_POINT('',(-0.510751163759,-1.01,0.674025619365));
#8826 = CARTESIAN_POINT('',(-0.510751163759,-1.,0.674025619365));
#8827 = ORIENTED_EDGE('',*,*,#261,.F.);
#8828 = B_SPLINE_SURFACE_WITH_KNOTS('',3,1,(
    (#8829,#8830)
    ,(#8831,#8832)
    ,(#8833,#8834)
    ,(#8835,#8836
    )),.UNSPECIFIED.,.F.,.F.,.F.,(4,4),(2,2),(9.,10.),(0.,1.),
  .PIECEWISE_BEZIER_KNOTS.);
#8829 = CARTESIAN_POINT('',(-0.494686903952,-1.01,0.689829939693));
#8830 = CARTESIAN_POINT('',(-0.494686903952,-1.,0.689829939693));
#8831 = CARTESIAN_POINT('',(-0.50539641049,-1.01,0.688339620013));
#8832 = CARTESIAN_POINT('',(-0.50539641049,-1.,0.688339620013));
#8833 = CARTESIAN_POINT('',(-0.510751163759,-1.01,0.683071513237));
#8834 = CARTESIAN_POINT('',(-0.510751163759,-1.,0.683071513237));
#8835 = CARTESIAN_POINT('',(-0.510751163759,-1.01,0.674025619365));
#8836 = CARTESIAN_POINT('',(-0.510751163759,-1.,0.674025619365));
#8837 = ADVANCED_FACE('',(#8838),#8848,.F.);
#8838 = FACE_BOUND('',#8839,.F.);
#8839 = EDGE_LOOP('',(#8840,#8841,#8842,#8847));
#8840 = ORIENTED_EDGE('',*,*,#8823,.F.);
#8841 = ORIENTED_EDGE('',*,*,#8585,.T.);
#8842 = ORIENTED_EDGE('',*,*,#8843,.T.);
#8843 = EDGE_CURVE('',#8586,#244,#8844,.T.);
#8844 = B_SPLINE_CURVE_WITH_KNOTS('',1,(#8845,#8846),.UNSPECIFIED.,.F.,
  .F.,(2,2),(0.,1.E-02),.PIECEWISE_BEZIER_KNOTS.);
#8845 = CARTESIAN_POINT('',(-0.506592132094,-1.01,0.663732015993));
#8846 = CARTESIAN_POINT('',(-0.506592132094,-1.,0.663732015993));
#8847 = ORIENTED_EDGE('',*,*,#252,.F.);
#8848 = B_SPLINE_SURFACE_WITH_KNOTS('',3,1,(
    (#8849,#8850)
    ,(#8851,#8852)
    ,(#8853,#8854)
    ,(#8855,#8856
    )),.UNSPECIFIED.,.F.,.F.,.F.,(4,4),(2,2),(8.,9.),(0.,1.),
  .PIECEWISE_BEZIER_KNOTS.);
#8849 = CARTESIAN_POINT('',(-0.510751163759,-1.01,0.674025619365));
#8850 = CARTESIAN_POINT('',(-0.510751163759,-1.,0.674025619365));
#8851 = CARTESIAN_POINT('',(-0.510751163759,-1.01,0.669693294713));
#8852 = CARTESIAN_POINT('',(-0.510751163759,-1.,0.669693294713));
#8853 = CARTESIAN_POINT('',(-0.509364819871,-1.01,0.666262093589));
#8854 = CARTESIAN_POINT('',(-0.509364819871,-1.,0.666262093589));
#8855 = CARTESIAN_POINT('',(-0.506592132094,-1.01,0.663732015993));
#8856 = CARTESIAN_POINT('',(-0.506592132094,-1.,0.663732015993));
#8857 = ADVANCED_FACE('',(#8858),#8868,.F.);
#8858 = FACE_BOUND('',#8859,.F.);
#8859 = EDGE_LOOP('',(#8860,#8861,#8862,#8867));
#8860 = ORIENTED_EDGE('',*,*,#8843,.F.);
#8861 = ORIENTED_EDGE('',*,*,#8594,.T.);
#8862 = ORIENTED_EDGE('',*,*,#8863,.T.);
#8863 = EDGE_CURVE('',#8595,#235,#8864,.T.);
#8864 = B_SPLINE_CURVE_WITH_KNOTS('',1,(#8865,#8866),.UNSPECIFIED.,.F.,
  .F.,(2,2),(0.,1.E-02),.PIECEWISE_BEZIER_KNOTS.);
#8865 = CARTESIAN_POINT('',(-0.495397405195,-1.01,0.6599195703));
#8866 = CARTESIAN_POINT('',(-0.495397405195,-1.,0.6599195703));
#8867 = ORIENTED_EDGE('',*,*,#243,.F.);
#8868 = B_SPLINE_SURFACE_WITH_KNOTS('',3,1,(
    (#8869,#8870)
    ,(#8871,#8872)
    ,(#8873,#8874)
    ,(#8875,#8876
    )),.UNSPECIFIED.,.F.,.F.,.F.,(4,4),(2,2),(7.,8.),(0.,1.),
  .PIECEWISE_BEZIER_KNOTS.);
#8869 = CARTESIAN_POINT('',(-0.506592132094,-1.01,0.663732015993));
#8870 = CARTESIAN_POINT('',(-0.506592132094,-1.,0.663732015993));
#8871 = CARTESIAN_POINT('',(-0.503819444317,-1.01,0.661201938397));
#8872 = CARTESIAN_POINT('',(-0.503819444317,-1.,0.661201938397));
#8873 = CARTESIAN_POINT('',(-0.500093645117,-1.01,0.6599195703));
#8874 = CARTESIAN_POINT('',(-0.500093645117,-1.,0.6599195703));
#8875 = CARTESIAN_POINT('',(-0.495397405195,-1.01,0.6599195703));
#8876 = CARTESIAN_POINT('',(-0.495397405195,-1.,0.6599195703));
#8877 = ADVANCED_FACE('',(#8878),#8888,.F.);
#8878 = FACE_BOUND('',#8879,.F.);
#8879 = EDGE_LOOP('',(#8880,#8881,#8882,#8887));
#8880 = ORIENTED_EDGE('',*,*,#8863,.F.);
#8881 = ORIENTED_EDGE('',*,*,#8603,.T.);
#8882 = ORIENTED_EDGE('',*,*,#8883,.T.);
#8883 = EDGE_CURVE('',#8604,#228,#8884,.T.);
#8884 = B_SPLINE_CURVE_WITH_KNOTS('',1,(#8885,#8886),.UNSPECIFIED.,.F.,
  .F.,(2,2),(0.,1.E-02),.PIECEWISE_BEZIER_KNOTS.);
#8885 = CARTESIAN_POINT('',(-0.480563525589,-1.01,0.668549561005));
#8886 = CARTESIAN_POINT('',(-0.480563525589,-1.,0.668549561005));
#8887 = ORIENTED_EDGE('',*,*,#234,.F.);
#8888 = B_SPLINE_SURFACE_WITH_KNOTS('',3,1,(
    (#8889,#8890)
    ,(#8891,#8892)
    ,(#8893,#8894)
    ,(#8895,#8896
    )),.UNSPECIFIED.,.F.,.F.,.F.,(4,4),(2,2),(6.,7.),(0.,1.),
  .PIECEWISE_BEZIER_KNOTS.);
#8889 = CARTESIAN_POINT('',(-0.495397405195,-1.01,0.6599195703));
#8890 = CARTESIAN_POINT('',(-0.495397405195,-1.,0.6599195703));
#8891 = CARTESIAN_POINT('',(-0.488864259621,-1.01,0.6599195703));
#8892 = CARTESIAN_POINT('',(-0.488864259621,-1.,0.6599195703));
#8893 = CARTESIAN_POINT('',(-0.483908080219,-1.01,0.662796233869));
#8894 = CARTESIAN_POINT('',(-0.483908080219,-1.,0.662796233869));
#8895 = CARTESIAN_POINT('',(-0.480563525589,-1.01,0.668549561005));
#8896 = CARTESIAN_POINT('',(-0.480563525589,-1.,0.668549561005));
#8897 = ADVANCED_FACE('',(#8898),#8908,.F.);
#8898 = FACE_BOUND('',#8899,.T.);
#8899 = EDGE_LOOP('',(#8900,#8901,#8906,#8907));
#8900 = ORIENTED_EDGE('',*,*,#227,.T.);
#8901 = ORIENTED_EDGE('',*,*,#8902,.F.);
#8902 = EDGE_CURVE('',#8613,#221,#8903,.T.);
#8903 = B_SPLINE_CURVE_WITH_KNOTS('',1,(#8904,#8905),.UNSPECIFIED.,.F.,
  .F.,(2,2),(0.,1.E-02),.PIECEWISE_BEZIER_KNOTS.);
#8904 = CARTESIAN_POINT('',(-0.480338244707,-1.01,0.668549561005));
#8905 = CARTESIAN_POINT('',(-0.480338244707,-1.,0.668549561005));
#8906 = ORIENTED_EDGE('',*,*,#8612,.F.);
#8907 = ORIENTED_EDGE('',*,*,#8883,.T.);
#8908 = B_SPLINE_SURFACE_WITH_KNOTS('',1,1,(
    (#8909,#8910)
    ,(#8911,#8912
    )),.UNSPECIFIED.,.F.,.F.,.F.,(2,2),(2,2),(-2.252808818425E-04,0.),(
    0.,1.E-02),.PIECEWISE_BEZIER_KNOTS.);
#8909 = CARTESIAN_POINT('',(-0.480563525589,-1.01,0.668549561005));
#8910 = CARTESIAN_POINT('',(-0.480563525589,-1.,0.668549561005));
#8911 = CARTESIAN_POINT('',(-0.480338244707,-1.01,0.668549561005));
#8912 = CARTESIAN_POINT('',(-0.480338244707,-1.,0.668549561005));
#8913 = ADVANCED_FACE('',(#8914),#8924,.F.);
#8914 = FACE_BOUND('',#8915,.T.);
#8915 = EDGE_LOOP('',(#8916,#8917,#8922,#8923));
#8916 = ORIENTED_EDGE('',*,*,#220,.T.);
#8917 = ORIENTED_EDGE('',*,*,#8918,.F.);
#8918 = EDGE_CURVE('',#8620,#214,#8919,.T.);
#8919 = B_SPLINE_CURVE_WITH_KNOTS('',1,(#8920,#8921),.UNSPECIFIED.,.F.,
  .F.,(2,2),(0.,1.E-02),.PIECEWISE_BEZIER_KNOTS.);
#8920 = CARTESIAN_POINT('',(-0.480338244707,-1.01,0.661063304008));
#8921 = CARTESIAN_POINT('',(-0.480338244707,-1.,0.661063304008));
#8922 = ORIENTED_EDGE('',*,*,#8619,.F.);
#8923 = ORIENTED_EDGE('',*,*,#8902,.T.);
#8924 = B_SPLINE_SURFACE_WITH_KNOTS('',1,1,(
    (#8925,#8926)
    ,(#8927,#8928
    )),.UNSPECIFIED.,.F.,.F.,.F.,(2,2),(2,2),(-7.486256997268E-03,0.),(
    0.,1.E-02),.PIECEWISE_BEZIER_KNOTS.);
#8925 = CARTESIAN_POINT('',(-0.480338244707,-1.01,0.668549561005));
#8926 = CARTESIAN_POINT('',(-0.480338244707,-1.,0.668549561005));
#8927 = CARTESIAN_POINT('',(-0.480338244707,-1.01,0.661063304008));
#8928 = CARTESIAN_POINT('',(-0.480338244707,-1.,0.661063304008));
#8929 = ADVANCED_FACE('',(#8930),#8940,.F.);
#8930 = FACE_BOUND('',#8931,.T.);
#8931 = EDGE_LOOP('',(#8932,#8933,#8938,#8939));
#8932 = ORIENTED_EDGE('',*,*,#213,.T.);
#8933 = ORIENTED_EDGE('',*,*,#8934,.F.);
#8934 = EDGE_CURVE('',#8627,#207,#8935,.T.);
#8935 = B_SPLINE_CURVE_WITH_KNOTS('',1,(#8936,#8937),.UNSPECIFIED.,.F.,
  .F.,(2,2),(0.,1.E-02),.PIECEWISE_BEZIER_KNOTS.);
#8936 = CARTESIAN_POINT('',(-0.47184688839,-1.01,0.661063304008));
#8937 = CARTESIAN_POINT('',(-0.47184688839,-1.,0.661063304008));
#8938 = ORIENTED_EDGE('',*,*,#8626,.F.);
#8939 = ORIENTED_EDGE('',*,*,#8918,.T.);
#8940 = B_SPLINE_SURFACE_WITH_KNOTS('',1,1,(
    (#8941,#8942)
    ,(#8943,#8944
    )),.UNSPECIFIED.,.F.,.F.,.F.,(2,2),(2,2),(-8.491356316616E-03,0.),(
    0.,1.E-02),.PIECEWISE_BEZIER_KNOTS.);
#8941 = CARTESIAN_POINT('',(-0.480338244707,-1.01,0.661063304008));
#8942 = CARTESIAN_POINT('',(-0.480338244707,-1.,0.661063304008));
#8943 = CARTESIAN_POINT('',(-0.47184688839,-1.01,0.661063304008));
#8944 = CARTESIAN_POINT('',(-0.47184688839,-1.,0.661063304008));
#8945 = ADVANCED_FACE('',(#8946),#8956,.F.);
#8946 = FACE_BOUND('',#8947,.T.);
#8947 = EDGE_LOOP('',(#8948,#8949,#8954,#8955));
#8948 = ORIENTED_EDGE('',*,*,#206,.T.);
#8949 = ORIENTED_EDGE('',*,*,#8950,.F.);
#8950 = EDGE_CURVE('',#8634,#198,#8951,.T.);
#8951 = B_SPLINE_CURVE_WITH_KNOTS('',1,(#8952,#8953),.UNSPECIFIED.,.F.,
  .F.,(2,2),(0.,1.E-02),.PIECEWISE_BEZIER_KNOTS.);
#8952 = CARTESIAN_POINT('',(-0.47184688839,-1.01,0.6922213829));
#8953 = CARTESIAN_POINT('',(-0.47184688839,-1.,0.6922213829));
#8954 = ORIENTED_EDGE('',*,*,#8633,.F.);
#8955 = ORIENTED_EDGE('',*,*,#8934,.T.);
#8956 = B_SPLINE_SURFACE_WITH_KNOTS('',1,1,(
    (#8957,#8958)
    ,(#8959,#8960
    )),.UNSPECIFIED.,.F.,.F.,.F.,(2,2),(2,2),(-3.115807889191E-02,
    1.110223024625E-16),(0.,1.E-02),.PIECEWISE_BEZIER_KNOTS.);
#8957 = CARTESIAN_POINT('',(-0.47184688839,-1.01,0.661063304008));
#8958 = CARTESIAN_POINT('',(-0.47184688839,-1.,0.661063304008));
#8959 = CARTESIAN_POINT('',(-0.47184688839,-1.01,0.6922213829));
#8960 = CARTESIAN_POINT('',(-0.47184688839,-1.,0.6922213829));
#8961 = ADVANCED_FACE('',(#8962),#8968,.F.);
#8962 = FACE_BOUND('',#8963,.F.);
#8963 = EDGE_LOOP('',(#8964,#8965,#8966,#8967));
#8964 = ORIENTED_EDGE('',*,*,#8950,.F.);
#8965 = ORIENTED_EDGE('',*,*,#8640,.T.);
#8966 = ORIENTED_EDGE('',*,*,#8725,.T.);
#8967 = ORIENTED_EDGE('',*,*,#197,.F.);
#8968 = B_SPLINE_SURFACE_WITH_KNOTS('',3,1,(
    (#8969,#8970)
    ,(#8971,#8972)
    ,(#8973,#8974)
    ,(#8975,#8976
    )),.UNSPECIFIED.,.F.,.F.,.F.,(4,4),(2,2),(1.,2.),(0.,1.),
  .PIECEWISE_BEZIER_KNOTS.);
#8969 = CARTESIAN_POINT('',(-0.47184688839,-1.01,0.6922213829));
#8970 = CARTESIAN_POINT('',(-0.47184688839,-1.,0.6922213829));
#8971 = CARTESIAN_POINT('',(-0.47184688839,-1.01,0.704490526313));
#8972 = CARTESIAN_POINT('',(-0.47184688839,-1.,0.704490526313));
#8973 = CARTESIAN_POINT('',(-0.47768686202,-1.01,0.710590439422));
#8974 = CARTESIAN_POINT('',(-0.47768686202,-1.,0.710590439422));
#8975 = CARTESIAN_POINT('',(-0.489349479982,-1.01,0.710590439422));
#8976 = CARTESIAN_POINT('',(-0.489349479982,-1.,0.710590439422));
#8977 = ADVANCED_FACE('',(#8978),#9002,.T.);
#8978 = FACE_BOUND('',#8979,.T.);
#8979 = EDGE_LOOP('',(#8980,#8991,#8996,#8997));
#8980 = ORIENTED_EDGE('',*,*,#8981,.F.);
#8981 = EDGE_CURVE('',#8982,#8984,#8986,.T.);
#8982 = VERTEX_POINT('',#8983);
#8983 = CARTESIAN_POINT('',(-0.491671605995,-1.,0.683834002375));
#8984 = VERTEX_POINT('',#8985);
#8985 = CARTESIAN_POINT('',(-0.499885693534,-1.,0.680853363015));
#8986 = B_SPLINE_CURVE_WITH_KNOTS('',3,(#8987,#8988,#8989,#8990),
  .UNSPECIFIED.,.F.,.F.,(4,4),(0.,1.),.PIECEWISE_BEZIER_KNOTS.);
#8987 = CARTESIAN_POINT('',(-0.491671605995,-1.,0.683834002375));
#8988 = CARTESIAN_POINT('',(-0.495640015375,-1.,0.68327946482));
#8989 = CARTESIAN_POINT('',(-0.498378044555,-1.,0.682309024098));
#8990 = CARTESIAN_POINT('',(-0.499885693534,-1.,0.680853363015));
#8991 = ORIENTED_EDGE('',*,*,#8992,.F.);
#8992 = EDGE_CURVE('',#8661,#8982,#8993,.T.);
#8993 = B_SPLINE_CURVE_WITH_KNOTS('',1,(#8994,#8995),.UNSPECIFIED.,.F.,
  .F.,(2,2),(0.,1.E-02),.PIECEWISE_BEZIER_KNOTS.);
#8994 = CARTESIAN_POINT('',(-0.491671605995,-1.01,0.683834002375));
#8995 = CARTESIAN_POINT('',(-0.491671605995,-1.,0.683834002375));
#8996 = ORIENTED_EDGE('',*,*,#8660,.T.);
#8997 = ORIENTED_EDGE('',*,*,#8998,.T.);
#8998 = EDGE_CURVE('',#8650,#8984,#8999,.T.);
#8999 = B_SPLINE_CURVE_WITH_KNOTS('',1,(#9000,#9001),.UNSPECIFIED.,.F.,
  .F.,(2,2),(0.,1.E-02),.PIECEWISE_BEZIER_KNOTS.);
#9000 = CARTESIAN_POINT('',(-0.499885693534,-1.01,0.680853363015));
#9001 = CARTESIAN_POINT('',(-0.499885693534,-1.,0.680853363015));
#9002 = B_SPLINE_SURFACE_WITH_KNOTS('',3,1,(
    (#9003,#9004)
    ,(#9005,#9006)
    ,(#9007,#9008)
    ,(#9009,#9010
    )),.UNSPECIFIED.,.F.,.F.,.F.,(4,4),(2,2),(0.,1.),(0.,1.),
  .PIECEWISE_BEZIER_KNOTS.);
#9003 = CARTESIAN_POINT('',(-0.491671605995,-1.01,0.683834002375));
#9004 = CARTESIAN_POINT('',(-0.491671605995,-1.,0.683834002375));
#9005 = CARTESIAN_POINT('',(-0.495640015375,-1.01,0.68327946482));
#9006 = CARTESIAN_POINT('',(-0.495640015375,-1.,0.68327946482));
#9007 = CARTESIAN_POINT('',(-0.498378044555,-1.01,0.682309024098));
#9008 = CARTESIAN_POINT('',(-0.498378044555,-1.,0.682309024098));
#9009 = CARTESIAN_POINT('',(-0.499885693534,-1.01,0.680853363015));
#9010 = CARTESIAN_POINT('',(-0.499885693534,-1.,0.680853363015));
#9011 = ADVANCED_FACE('',(#9012),#9030,.T.);
#9012 = FACE_BOUND('',#9013,.T.);
#9013 = EDGE_LOOP('',(#9014,#9023,#9024,#9025));
#9014 = ORIENTED_EDGE('',*,*,#9015,.F.);
#9015 = EDGE_CURVE('',#8984,#9016,#9018,.T.);
#9016 = VERTEX_POINT('',#9017);
#9017 = CARTESIAN_POINT('',(-0.502138502352,-1.,0.674718791309));
#9018 = B_SPLINE_CURVE_WITH_KNOTS('',3,(#9019,#9020,#9021,#9022),
  .UNSPECIFIED.,.F.,.F.,(4,4),(1.,2.),.PIECEWISE_BEZIER_KNOTS.);
#9019 = CARTESIAN_POINT('',(-0.499885693534,-1.,0.680853363015));
#9020 = CARTESIAN_POINT('',(-0.501376013214,-1.,0.679397701932));
#9021 = CARTESIAN_POINT('',(-0.502138502352,-1.,0.677352844697));
#9022 = CARTESIAN_POINT('',(-0.502138502352,-1.,0.674718791309));
#9023 = ORIENTED_EDGE('',*,*,#8998,.F.);
#9024 = ORIENTED_EDGE('',*,*,#8649,.T.);
#9025 = ORIENTED_EDGE('',*,*,#9026,.T.);
#9026 = EDGE_CURVE('',#8652,#9016,#9027,.T.);
#9027 = B_SPLINE_CURVE_WITH_KNOTS('',1,(#9028,#9029),.UNSPECIFIED.,.F.,
  .F.,(2,2),(0.,1.E-02),.PIECEWISE_BEZIER_KNOTS.);
#9028 = CARTESIAN_POINT('',(-0.502138502352,-1.01,0.674718791309));
#9029 = CARTESIAN_POINT('',(-0.502138502352,-1.,0.674718791309));
#9030 = B_SPLINE_SURFACE_WITH_KNOTS('',3,1,(
    (#9031,#9032)
    ,(#9033,#9034)
    ,(#9035,#9036)
    ,(#9037,#9038
    )),.UNSPECIFIED.,.F.,.F.,.F.,(4,4),(2,2),(1.,2.),(0.,1.),
  .PIECEWISE_BEZIER_KNOTS.);
#9031 = CARTESIAN_POINT('',(-0.499885693534,-1.01,0.680853363015));
#9032 = CARTESIAN_POINT('',(-0.499885693534,-1.,0.680853363015));
#9033 = CARTESIAN_POINT('',(-0.501376013214,-1.01,0.679397701932));
#9034 = CARTESIAN_POINT('',(-0.501376013214,-1.,0.679397701932));
#9035 = CARTESIAN_POINT('',(-0.502138502352,-1.01,0.677352844697));
#9036 = CARTESIAN_POINT('',(-0.502138502352,-1.,0.677352844697));
#9037 = CARTESIAN_POINT('',(-0.502138502352,-1.01,0.674718791309));
#9038 = CARTESIAN_POINT('',(-0.502138502352,-1.,0.674718791309));
#9039 = ADVANCED_FACE('',(#9040),#9058,.T.);
#9040 = FACE_BOUND('',#9041,.T.);
#9041 = EDGE_LOOP('',(#9042,#9051,#9052,#9053));
#9042 = ORIENTED_EDGE('',*,*,#9043,.F.);
#9043 = EDGE_CURVE('',#9016,#9044,#9046,.T.);
#9044 = VERTEX_POINT('',#9045);
#9045 = CARTESIAN_POINT('',(-0.49967774195,-1.,0.669069439963));
#9046 = B_SPLINE_CURVE_WITH_KNOTS('',3,(#9047,#9048,#9049,#9050),
  .UNSPECIFIED.,.F.,.F.,(4,4),(2.,3.),.PIECEWISE_BEZIER_KNOTS.);
#9047 = CARTESIAN_POINT('',(-0.502138502352,-1.,0.674718791309));
#9048 = CARTESIAN_POINT('',(-0.502138502352,-1.,0.672396665296));
#9049 = CARTESIAN_POINT('',(-0.501324025318,-1.,0.670525101046));
#9050 = CARTESIAN_POINT('',(-0.49967774195,-1.,0.669069439963));
#9051 = ORIENTED_EDGE('',*,*,#9026,.F.);
#9052 = ORIENTED_EDGE('',*,*,#8710,.T.);
#9053 = ORIENTED_EDGE('',*,*,#9054,.T.);
#9054 = EDGE_CURVE('',#8702,#9044,#9055,.T.);
#9055 = B_SPLINE_CURVE_WITH_KNOTS('',1,(#9056,#9057),.UNSPECIFIED.,.F.,
  .F.,(2,2),(0.,1.E-02),.PIECEWISE_BEZIER_KNOTS.);
#9056 = CARTESIAN_POINT('',(-0.49967774195,-1.01,0.669069439963));
#9057 = CARTESIAN_POINT('',(-0.49967774195,-1.,0.669069439963));
#9058 = B_SPLINE_SURFACE_WITH_KNOTS('',3,1,(
    (#9059,#9060)
    ,(#9061,#9062)
    ,(#9063,#9064)
    ,(#9065,#9066
    )),.UNSPECIFIED.,.F.,.F.,.F.,(4,4),(2,2),(2.,3.),(0.,1.),
  .PIECEWISE_BEZIER_KNOTS.);
#9059 = CARTESIAN_POINT('',(-0.502138502352,-1.01,0.674718791309));
#9060 = CARTESIAN_POINT('',(-0.502138502352,-1.,0.674718791309));
#9061 = CARTESIAN_POINT('',(-0.502138502352,-1.01,0.672396665296));
#9062 = CARTESIAN_POINT('',(-0.502138502352,-1.,0.672396665296));
#9063 = CARTESIAN_POINT('',(-0.501324025318,-1.01,0.670525101046));
#9064 = CARTESIAN_POINT('',(-0.501324025318,-1.,0.670525101046));
#9065 = CARTESIAN_POINT('',(-0.49967774195,-1.01,0.669069439963));
#9066 = CARTESIAN_POINT('',(-0.49967774195,-1.,0.669069439963));
#9067 = ADVANCED_FACE('',(#9068),#9086,.T.);
#9068 = FACE_BOUND('',#9069,.T.);
#9069 = EDGE_LOOP('',(#9070,#9079,#9080,#9081));
#9070 = ORIENTED_EDGE('',*,*,#9071,.F.);
#9071 = EDGE_CURVE('',#9044,#9072,#9074,.T.);
#9072 = VERTEX_POINT('',#9073);
#9073 = CARTESIAN_POINT('',(-0.493196584272,-1.,0.666885948339));
#9074 = B_SPLINE_CURVE_WITH_KNOTS('',3,(#9075,#9076,#9077,#9078),
  .UNSPECIFIED.,.F.,.F.,(4,4),(3.,4.),.PIECEWISE_BEZIER_KNOTS.);
#9075 = CARTESIAN_POINT('',(-0.49967774195,-1.,0.669069439963));
#9076 = CARTESIAN_POINT('',(-0.498048787881,-1.,0.667613778881));
#9077 = CARTESIAN_POINT('',(-0.495882625556,-1.,0.666885948339));
#9078 = CARTESIAN_POINT('',(-0.493196584272,-1.,0.666885948339));
#9079 = ORIENTED_EDGE('',*,*,#9054,.F.);
#9080 = ORIENTED_EDGE('',*,*,#8701,.T.);
#9081 = ORIENTED_EDGE('',*,*,#9082,.T.);
#9082 = EDGE_CURVE('',#8693,#9072,#9083,.T.);
#9083 = B_SPLINE_CURVE_WITH_KNOTS('',1,(#9084,#9085),.UNSPECIFIED.,.F.,
  .F.,(2,2),(0.,1.E-02),.PIECEWISE_BEZIER_KNOTS.);
#9084 = CARTESIAN_POINT('',(-0.493196584272,-1.01,0.666885948339));
#9085 = CARTESIAN_POINT('',(-0.493196584272,-1.,0.666885948339));
#9086 = B_SPLINE_SURFACE_WITH_KNOTS('',3,1,(
    (#9087,#9088)
    ,(#9089,#9090)
    ,(#9091,#9092)
    ,(#9093,#9094
    )),.UNSPECIFIED.,.F.,.F.,.F.,(4,4),(2,2),(3.,4.),(0.,1.),
  .PIECEWISE_BEZIER_KNOTS.);
#9087 = CARTESIAN_POINT('',(-0.49967774195,-1.01,0.669069439963));
#9088 = CARTESIAN_POINT('',(-0.49967774195,-1.,0.669069439963));
#9089 = CARTESIAN_POINT('',(-0.498048787881,-1.01,0.667613778881));
#9090 = CARTESIAN_POINT('',(-0.498048787881,-1.,0.667613778881));
#9091 = CARTESIAN_POINT('',(-0.495882625556,-1.01,0.666885948339));
#9092 = CARTESIAN_POINT('',(-0.495882625556,-1.,0.666885948339));
#9093 = CARTESIAN_POINT('',(-0.493196584272,-1.01,0.666885948339));
#9094 = CARTESIAN_POINT('',(-0.493196584272,-1.,0.666885948339));
#9095 = ADVANCED_FACE('',(#9096),#9114,.T.);
#9096 = FACE_BOUND('',#9097,.T.);
#9097 = EDGE_LOOP('',(#9098,#9107,#9108,#9109));
#9098 = ORIENTED_EDGE('',*,*,#9099,.F.);
#9099 = EDGE_CURVE('',#9072,#9100,#9102,.T.);
#9100 = VERTEX_POINT('',#9101);
#9101 = CARTESIAN_POINT('',(-0.483977397414,-1.,0.670837028421));
#9102 = B_SPLINE_CURVE_WITH_KNOTS('',3,(#9103,#9104,#9105,#9106),
  .UNSPECIFIED.,.F.,.F.,(4,4),(4.,5.),.PIECEWISE_BEZIER_KNOTS.);
#9103 = CARTESIAN_POINT('',(-0.493196584272,-1.,0.666885948339));
#9104 = CARTESIAN_POINT('',(-0.489470785072,-1.,0.666885948339));
#9105 = CARTESIAN_POINT('',(-0.48638616992,-1.,0.668202975033));
#9106 = CARTESIAN_POINT('',(-0.483977397414,-1.,0.670837028421));
#9107 = ORIENTED_EDGE('',*,*,#9082,.F.);
#9108 = ORIENTED_EDGE('',*,*,#8692,.T.);
#9109 = ORIENTED_EDGE('',*,*,#9110,.T.);
#9110 = EDGE_CURVE('',#8684,#9100,#9111,.T.);
#9111 = B_SPLINE_CURVE_WITH_KNOTS('',1,(#9112,#9113),.UNSPECIFIED.,.F.,
  .F.,(2,2),(0.,1.E-02),.PIECEWISE_BEZIER_KNOTS.);
#9112 = CARTESIAN_POINT('',(-0.483977397414,-1.01,0.670837028421));
#9113 = CARTESIAN_POINT('',(-0.483977397414,-1.,0.670837028421));
#9114 = B_SPLINE_SURFACE_WITH_KNOTS('',3,1,(
    (#9115,#9116)
    ,(#9117,#9118)
    ,(#9119,#9120)
    ,(#9121,#9122
    )),.UNSPECIFIED.,.F.,.F.,.F.,(4,4),(2,2),(4.,5.),(0.,1.),
  .PIECEWISE_BEZIER_KNOTS.);
#9115 = CARTESIAN_POINT('',(-0.493196584272,-1.01,0.666885948339));
#9116 = CARTESIAN_POINT('',(-0.493196584272,-1.,0.666885948339));
#9117 = CARTESIAN_POINT('',(-0.489470785072,-1.01,0.666885948339));
#9118 = CARTESIAN_POINT('',(-0.489470785072,-1.,0.666885948339));
#9119 = CARTESIAN_POINT('',(-0.48638616992,-1.01,0.668202975033));
#9120 = CARTESIAN_POINT('',(-0.48638616992,-1.,0.668202975033));
#9121 = CARTESIAN_POINT('',(-0.483977397414,-1.01,0.670837028421));
#9122 = CARTESIAN_POINT('',(-0.483977397414,-1.,0.670837028421));
#9123 = ADVANCED_FACE('',(#9124),#9142,.T.);
#9124 = FACE_BOUND('',#9125,.T.);
#9125 = EDGE_LOOP('',(#9126,#9135,#9136,#9137));
#9126 = ORIENTED_EDGE('',*,*,#9127,.F.);
#9127 = EDGE_CURVE('',#9100,#9128,#9130,.T.);
#9128 = VERTEX_POINT('',#9129);
#9129 = CARTESIAN_POINT('',(-0.480338244707,-1.,0.680714728626));
#9130 = B_SPLINE_CURVE_WITH_KNOTS('',3,(#9131,#9132,#9133,#9134),
  .UNSPECIFIED.,.F.,.F.,(4,4),(5.,6.),.PIECEWISE_BEZIER_KNOTS.);
#9131 = CARTESIAN_POINT('',(-0.483977397414,-1.,0.670837028421));
#9132 = CARTESIAN_POINT('',(-0.481551295609,-1.,0.673436423212));
#9133 = CARTESIAN_POINT('',(-0.480338244707,-1.,0.676728989947));
#9134 = CARTESIAN_POINT('',(-0.480338244707,-1.,0.680714728626));
#9135 = ORIENTED_EDGE('',*,*,#9110,.F.);
#9136 = ORIENTED_EDGE('',*,*,#8683,.T.);
#9137 = ORIENTED_EDGE('',*,*,#9138,.T.);
#9138 = EDGE_CURVE('',#8677,#9128,#9139,.T.);
#9139 = B_SPLINE_CURVE_WITH_KNOTS('',1,(#9140,#9141),.UNSPECIFIED.,.F.,
  .F.,(2,2),(0.,1.E-02),.PIECEWISE_BEZIER_KNOTS.);
#9140 = CARTESIAN_POINT('',(-0.480338244707,-1.01,0.680714728626));
#9141 = CARTESIAN_POINT('',(-0.480338244707,-1.,0.680714728626));
#9142 = B_SPLINE_SURFACE_WITH_KNOTS('',3,1,(
    (#9143,#9144)
    ,(#9145,#9146)
    ,(#9147,#9148)
    ,(#9149,#9150
    )),.UNSPECIFIED.,.F.,.F.,.F.,(4,4),(2,2),(5.,6.),(0.,1.),
  .PIECEWISE_BEZIER_KNOTS.);
#9143 = CARTESIAN_POINT('',(-0.483977397414,-1.01,0.670837028421));
#9144 = CARTESIAN_POINT('',(-0.483977397414,-1.,0.670837028421));
#9145 = CARTESIAN_POINT('',(-0.481551295609,-1.01,0.673436423212));
#9146 = CARTESIAN_POINT('',(-0.481551295609,-1.,0.673436423212));
#9147 = CARTESIAN_POINT('',(-0.480338244707,-1.01,0.676728989947));
#9148 = CARTESIAN_POINT('',(-0.480338244707,-1.,0.676728989947));
#9149 = CARTESIAN_POINT('',(-0.480338244707,-1.01,0.680714728626));
#9150 = CARTESIAN_POINT('',(-0.480338244707,-1.,0.680714728626));
#9151 = ADVANCED_FACE('',(#9152),#9168,.T.);
#9152 = FACE_BOUND('',#9153,.T.);
#9153 = EDGE_LOOP('',(#9154,#9161,#9162,#9163));
#9154 = ORIENTED_EDGE('',*,*,#9155,.F.);
#9155 = EDGE_CURVE('',#9128,#9156,#9158,.T.);
#9156 = VERTEX_POINT('',#9157);
#9157 = CARTESIAN_POINT('',(-0.480338244707,-1.,0.685358980653));
#9158 = B_SPLINE_CURVE_WITH_KNOTS('',1,(#9159,#9160),.UNSPECIFIED.,.F.,
  .F.,(2,2),(0.,4.644252026466E-03),.PIECEWISE_BEZIER_KNOTS.);
#9159 = CARTESIAN_POINT('',(-0.480338244707,-1.,0.680714728626));
#9160 = CARTESIAN_POINT('',(-0.480338244707,-1.,0.685358980653));
#9161 = ORIENTED_EDGE('',*,*,#9138,.F.);
#9162 = ORIENTED_EDGE('',*,*,#8676,.T.);
#9163 = ORIENTED_EDGE('',*,*,#9164,.T.);
#9164 = EDGE_CURVE('',#8670,#9156,#9165,.T.);
#9165 = B_SPLINE_CURVE_WITH_KNOTS('',1,(#9166,#9167),.UNSPECIFIED.,.F.,
  .F.,(2,2),(0.,1.E-02),.PIECEWISE_BEZIER_KNOTS.);
#9166 = CARTESIAN_POINT('',(-0.480338244707,-1.01,0.685358980653));
#9167 = CARTESIAN_POINT('',(-0.480338244707,-1.,0.685358980653));
#9168 = B_SPLINE_SURFACE_WITH_KNOTS('',1,1,(
    (#9169,#9170)
    ,(#9171,#9172
    )),.UNSPECIFIED.,.F.,.F.,.F.,(2,2),(2,2),(0.,4.644252026466E-03),(0.
    ,1.E-02),.PIECEWISE_BEZIER_KNOTS.);
#9169 = CARTESIAN_POINT('',(-0.480338244707,-1.01,0.680714728626));
#9170 = CARTESIAN_POINT('',(-0.480338244707,-1.,0.680714728626));
#9171 = CARTESIAN_POINT('',(-0.480338244707,-1.01,0.685358980653));
#9172 = CARTESIAN_POINT('',(-0.480338244707,-1.,0.685358980653));
#9173 = ADVANCED_FACE('',(#9174),#9184,.T.);
#9174 = FACE_BOUND('',#9175,.T.);
#9175 = EDGE_LOOP('',(#9176,#9181,#9182,#9183));
#9176 = ORIENTED_EDGE('',*,*,#9177,.F.);
#9177 = EDGE_CURVE('',#9156,#8982,#9178,.T.);
#9178 = B_SPLINE_CURVE_WITH_KNOTS('',1,(#9179,#9180),.UNSPECIFIED.,.F.,
  .F.,(2,2),(0.,1.143549897591E-02),.PIECEWISE_BEZIER_KNOTS.);
#9179 = CARTESIAN_POINT('',(-0.480338244707,-1.,0.685358980653));
#9180 = CARTESIAN_POINT('',(-0.491671605995,-1.,0.683834002375));
#9181 = ORIENTED_EDGE('',*,*,#9164,.F.);
#9182 = ORIENTED_EDGE('',*,*,#8669,.T.);
#9183 = ORIENTED_EDGE('',*,*,#8992,.T.);
#9184 = B_SPLINE_SURFACE_WITH_KNOTS('',1,1,(
    (#9185,#9186)
    ,(#9187,#9188
    )),.UNSPECIFIED.,.F.,.F.,.F.,(2,2),(2,2),(0.,1.143549897591E-02),(0.
    ,1.E-02),.PIECEWISE_BEZIER_KNOTS.);
#9185 = CARTESIAN_POINT('',(-0.480338244707,-1.01,0.685358980653));
#9186 = CARTESIAN_POINT('',(-0.480338244707,-1.,0.685358980653));
#9187 = CARTESIAN_POINT('',(-0.491671605995,-1.01,0.683834002375));
#9188 = CARTESIAN_POINT('',(-0.491671605995,-1.,0.683834002375));
#9189 = ADVANCED_FACE('',(#9190),#9200,.F.);
#9190 = FACE_BOUND('',#9191,.T.);
#9191 = EDGE_LOOP('',(#9192,#9193,#9194,#9195,#9196,#9197,#9198,#9199));
#9192 = ORIENTED_EDGE('',*,*,#9177,.T.);
#9193 = ORIENTED_EDGE('',*,*,#8981,.T.);
#9194 = ORIENTED_EDGE('',*,*,#9015,.T.);
#9195 = ORIENTED_EDGE('',*,*,#9043,.T.);
#9196 = ORIENTED_EDGE('',*,*,#9071,.T.);
#9197 = ORIENTED_EDGE('',*,*,#9099,.T.);
#9198 = ORIENTED_EDGE('',*,*,#9127,.T.);
#9199 = ORIENTED_EDGE('',*,*,#9155,.T.);
#9200 = B_SPLINE_SURFACE_WITH_KNOTS('',1,1,(
    (#9201,#9202)
    ,(#9203,#9204
    )),.UNSPECIFIED.,.F.,.F.,.F.,(2,2),(2,2),(-0.253114151661,
    -0.234641119347),(0.497861497648,0.519661755293),
  .PIECEWISE_BEZIER_KNOTS.);
#9201 = CARTESIAN_POINT('',(-0.502138502352,-1.,0.666885948339));
#9202 = CARTESIAN_POINT('',(-0.480338244707,-1.,0.666885948339));
#9203 = CARTESIAN_POINT('',(-0.502138502352,-1.,0.685358980653));
#9204 = CARTESIAN_POINT('',(-0.480338244707,-1.,0.685358980653));
#9205 = ADVANCED_FACE('',(#9206),#9230,.F.);
#9206 = FACE_BOUND('',#9207,.F.);
#9207 = EDGE_LOOP('',(#9208,#9215,#9224,#9229));
#9208 = ORIENTED_EDGE('',*,*,#9209,.F.);
#9209 = EDGE_CURVE('',#9210,#874,#9212,.T.);
#9210 = VERTEX_POINT('',#9211);
#9211 = CARTESIAN_POINT('',(-0.44637281944,-1.01,0.666851289742));
#9212 = B_SPLINE_CURVE_WITH_KNOTS('',1,(#9213,#9214),.UNSPECIFIED.,.F.,
  .F.,(2,2),(0.,1.E-02),.PIECEWISE_BEZIER_KNOTS.);
#9213 = CARTESIAN_POINT('',(-0.44637281944,-1.01,0.666851289742));
#9214 = CARTESIAN_POINT('',(-0.44637281944,-1.,0.666851289742));
#9215 = ORIENTED_EDGE('',*,*,#9216,.T.);
#9216 = EDGE_CURVE('',#9210,#9217,#9219,.T.);
#9217 = VERTEX_POINT('',#9218);
#9218 = CARTESIAN_POINT('',(-0.460340234116,-1.01,0.671530200365));
#9219 = B_SPLINE_CURVE_WITH_KNOTS('',3,(#9220,#9221,#9222,#9223),
  .UNSPECIFIED.,.F.,.F.,(4,4),(0.,1.),.PIECEWISE_BEZIER_KNOTS.);
#9220 = CARTESIAN_POINT('',(-0.44637281944,-1.01,0.666851289742));
#9221 = CARTESIAN_POINT('',(-0.451363657439,-1.01,0.666851289742));
#9222 = CARTESIAN_POINT('',(-0.456007909465,-1.01,0.668410926617));
#9223 = CARTESIAN_POINT('',(-0.460340234116,-1.01,0.671530200365));
#9224 = ORIENTED_EDGE('',*,*,#9225,.T.);
#9225 = EDGE_CURVE('',#9217,#876,#9226,.T.);
#9226 = B_SPLINE_CURVE_WITH_KNOTS('',1,(#9227,#9228),.UNSPECIFIED.,.F.,
  .F.,(2,2),(0.,1.E-02),.PIECEWISE_BEZIER_KNOTS.);
#9227 = CARTESIAN_POINT('',(-0.460340234116,-1.01,0.671530200365));
#9228 = CARTESIAN_POINT('',(-0.460340234116,-1.,0.671530200365));
#9229 = ORIENTED_EDGE('',*,*,#873,.F.);
#9230 = B_SPLINE_SURFACE_WITH_KNOTS('',3,1,(
    (#9231,#9232)
    ,(#9233,#9234)
    ,(#9235,#9236)
    ,(#9237,#9238
    )),.UNSPECIFIED.,.F.,.F.,.F.,(4,4),(2,2),(0.,1.),(0.,1.),
  .PIECEWISE_BEZIER_KNOTS.);
#9231 = CARTESIAN_POINT('',(-0.44637281944,-1.01,0.666851289742));
#9232 = CARTESIAN_POINT('',(-0.44637281944,-1.,0.666851289742));
#9233 = CARTESIAN_POINT('',(-0.451363657439,-1.01,0.666851289742));
#9234 = CARTESIAN_POINT('',(-0.451363657439,-1.,0.666851289742));
#9235 = CARTESIAN_POINT('',(-0.456007909465,-1.01,0.668410926617));
#9236 = CARTESIAN_POINT('',(-0.456007909465,-1.,0.668410926617));
#9237 = CARTESIAN_POINT('',(-0.460340234116,-1.01,0.671530200365));
#9238 = CARTESIAN_POINT('',(-0.460340234116,-1.,0.671530200365));
#9239 = ADVANCED_FACE('',(#9240),#9256,.F.);
#9240 = FACE_BOUND('',#9241,.T.);
#9241 = EDGE_LOOP('',(#9242,#9243,#9250,#9255));
#9242 = ORIENTED_EDGE('',*,*,#1053,.T.);
#9243 = ORIENTED_EDGE('',*,*,#9244,.F.);
#9244 = EDGE_CURVE('',#9245,#1045,#9247,.T.);
#9245 = VERTEX_POINT('',#9246);
#9246 = CARTESIAN_POINT('',(-0.460340234116,-1.01,0.662761575271));
#9247 = B_SPLINE_CURVE_WITH_KNOTS('',1,(#9248,#9249),.UNSPECIFIED.,.F.,
  .F.,(2,2),(0.,1.E-02),.PIECEWISE_BEZIER_KNOTS.);
#9248 = CARTESIAN_POINT('',(-0.460340234116,-1.01,0.662761575271));
#9249 = CARTESIAN_POINT('',(-0.460340234116,-1.,0.662761575271));
#9250 = ORIENTED_EDGE('',*,*,#9251,.F.);
#9251 = EDGE_CURVE('',#9217,#9245,#9252,.T.);
#9252 = B_SPLINE_CURVE_WITH_KNOTS('',1,(#9253,#9254),.UNSPECIFIED.,.F.,
  .F.,(2,2),(-8.768625093982E-03,-0.),.PIECEWISE_BEZIER_KNOTS.);
#9253 = CARTESIAN_POINT('',(-0.460340234116,-1.01,0.671530200365));
#9254 = CARTESIAN_POINT('',(-0.460340234116,-1.01,0.662761575271));
#9255 = ORIENTED_EDGE('',*,*,#9225,.T.);
#9256 = B_SPLINE_SURFACE_WITH_KNOTS('',1,1,(
    (#9257,#9258)
    ,(#9259,#9260
    )),.UNSPECIFIED.,.F.,.F.,.F.,(2,2),(2,2),(-8.768625093982E-03,
    1.110223024625E-16),(0.,1.E-02),.PIECEWISE_BEZIER_KNOTS.);
#9257 = CARTESIAN_POINT('',(-0.460340234116,-1.01,0.671530200365));
#9258 = CARTESIAN_POINT('',(-0.460340234116,-1.,0.671530200365));
#9259 = CARTESIAN_POINT('',(-0.460340234116,-1.01,0.662761575271));
#9260 = CARTESIAN_POINT('',(-0.460340234116,-1.,0.662761575271));
#9261 = ADVANCED_FACE('',(#9262),#9280,.F.);
#9262 = FACE_BOUND('',#9263,.F.);
#9263 = EDGE_LOOP('',(#9264,#9265,#9274,#9279));
#9264 = ORIENTED_EDGE('',*,*,#9244,.F.);
#9265 = ORIENTED_EDGE('',*,*,#9266,.T.);
#9266 = EDGE_CURVE('',#9245,#9267,#9269,.T.);
#9267 = VERTEX_POINT('',#9268);
#9268 = CARTESIAN_POINT('',(-0.447204625774,-1.01,0.6599195703));
#9269 = B_SPLINE_CURVE_WITH_KNOTS('',3,(#9270,#9271,#9272,#9273),
  .UNSPECIFIED.,.F.,.F.,(4,4),(19.,20.),.PIECEWISE_BEZIER_KNOTS.);
#9270 = CARTESIAN_POINT('',(-0.460340234116,-1.01,0.662761575271));
#9271 = CARTESIAN_POINT('',(-0.456597105618,-1.01,0.660890011022));
#9272 = CARTESIAN_POINT('',(-0.452230122369,-1.01,0.6599195703));
#9273 = CARTESIAN_POINT('',(-0.447204625774,-1.01,0.6599195703));
#9274 = ORIENTED_EDGE('',*,*,#9275,.T.);
#9275 = EDGE_CURVE('',#9267,#1036,#9276,.T.);
#9276 = B_SPLINE_CURVE_WITH_KNOTS('',1,(#9277,#9278),.UNSPECIFIED.,.F.,
  .F.,(2,2),(0.,1.E-02),.PIECEWISE_BEZIER_KNOTS.);
#9277 = CARTESIAN_POINT('',(-0.447204625774,-1.01,0.6599195703));
#9278 = CARTESIAN_POINT('',(-0.447204625774,-1.,0.6599195703));
#9279 = ORIENTED_EDGE('',*,*,#1044,.F.);
#9280 = B_SPLINE_SURFACE_WITH_KNOTS('',3,1,(
    (#9281,#9282)
    ,(#9283,#9284)
    ,(#9285,#9286)
    ,(#9287,#9288
    )),.UNSPECIFIED.,.F.,.F.,.F.,(4,4),(2,2),(19.,20.),(0.,1.),
  .PIECEWISE_BEZIER_KNOTS.);
#9281 = CARTESIAN_POINT('',(-0.460340234116,-1.01,0.662761575271));
#9282 = CARTESIAN_POINT('',(-0.460340234116,-1.,0.662761575271));
#9283 = CARTESIAN_POINT('',(-0.456597105618,-1.01,0.660890011022));
#9284 = CARTESIAN_POINT('',(-0.456597105618,-1.,0.660890011022));
#9285 = CARTESIAN_POINT('',(-0.452230122369,-1.01,0.6599195703));
#9286 = CARTESIAN_POINT('',(-0.452230122369,-1.,0.6599195703));
#9287 = CARTESIAN_POINT('',(-0.447204625774,-1.01,0.6599195703));
#9288 = CARTESIAN_POINT('',(-0.447204625774,-1.,0.6599195703));
#9289 = ADVANCED_FACE('',(#9290),#9308,.F.);
#9290 = FACE_BOUND('',#9291,.F.);
#9291 = EDGE_LOOP('',(#9292,#9293,#9302,#9307));
#9292 = ORIENTED_EDGE('',*,*,#9275,.F.);
#9293 = ORIENTED_EDGE('',*,*,#9294,.T.);
#9294 = EDGE_CURVE('',#9267,#9295,#9297,.T.);
#9295 = VERTEX_POINT('',#9296);
#9296 = CARTESIAN_POINT('',(-0.433098576709,-1.01,0.66376667459));
#9297 = B_SPLINE_CURVE_WITH_KNOTS('',3,(#9298,#9299,#9300,#9301),
  .UNSPECIFIED.,.F.,.F.,(4,4),(18.,19.),.PIECEWISE_BEZIER_KNOTS.);
#9298 = CARTESIAN_POINT('',(-0.447204625774,-1.01,0.6599195703));
#9299 = CARTESIAN_POINT('',(-0.441433969338,-1.01,0.6599195703));
#9300 = CARTESIAN_POINT('',(-0.436720400117,-1.01,0.661201938397));
#9301 = CARTESIAN_POINT('',(-0.433098576709,-1.01,0.66376667459));
#9302 = ORIENTED_EDGE('',*,*,#9303,.T.);
#9303 = EDGE_CURVE('',#9295,#1027,#9304,.T.);
#9304 = B_SPLINE_CURVE_WITH_KNOTS('',1,(#9305,#9306),.UNSPECIFIED.,.F.,
  .F.,(2,2),(0.,1.E-02),.PIECEWISE_BEZIER_KNOTS.);
#9305 = CARTESIAN_POINT('',(-0.433098576709,-1.01,0.66376667459));
#9306 = CARTESIAN_POINT('',(-0.433098576709,-1.,0.66376667459));
#9307 = ORIENTED_EDGE('',*,*,#1035,.F.);
#9308 = B_SPLINE_SURFACE_WITH_KNOTS('',3,1,(
    (#9309,#9310)
    ,(#9311,#9312)
    ,(#9313,#9314)
    ,(#9315,#9316
    )),.UNSPECIFIED.,.F.,.F.,.F.,(4,4),(2,2),(18.,19.),(0.,1.),
  .PIECEWISE_BEZIER_KNOTS.);
#9309 = CARTESIAN_POINT('',(-0.447204625774,-1.01,0.6599195703));
#9310 = CARTESIAN_POINT('',(-0.447204625774,-1.,0.6599195703));
#9311 = CARTESIAN_POINT('',(-0.441433969338,-1.01,0.6599195703));
#9312 = CARTESIAN_POINT('',(-0.441433969338,-1.,0.6599195703));
#9313 = CARTESIAN_POINT('',(-0.436720400117,-1.01,0.661201938397));
#9314 = CARTESIAN_POINT('',(-0.436720400117,-1.,0.661201938397));
#9315 = CARTESIAN_POINT('',(-0.433098576709,-1.01,0.66376667459));
#9316 = CARTESIAN_POINT('',(-0.433098576709,-1.,0.66376667459));
#9317 = ADVANCED_FACE('',(#9318),#9336,.F.);
#9318 = FACE_BOUND('',#9319,.F.);
#9319 = EDGE_LOOP('',(#9320,#9321,#9330,#9335));
#9320 = ORIENTED_EDGE('',*,*,#9303,.F.);
#9321 = ORIENTED_EDGE('',*,*,#9322,.T.);
#9322 = EDGE_CURVE('',#9295,#9323,#9325,.T.);
#9323 = VERTEX_POINT('',#9324);
#9324 = CARTESIAN_POINT('',(-0.427639847648,-1.01,0.674233570948));
#9325 = B_SPLINE_CURVE_WITH_KNOTS('',3,(#9326,#9327,#9328,#9329),
  .UNSPECIFIED.,.F.,.F.,(4,4),(17.,18.),.PIECEWISE_BEZIER_KNOTS.);
#9326 = CARTESIAN_POINT('',(-0.433098576709,-1.01,0.66376667459));
#9327 = CARTESIAN_POINT('',(-0.429459424002,-1.01,0.666296752187));
#9328 = CARTESIAN_POINT('',(-0.427639847648,-1.01,0.669797270505));
#9329 = CARTESIAN_POINT('',(-0.427639847648,-1.01,0.674233570948));
#9330 = ORIENTED_EDGE('',*,*,#9331,.T.);
#9331 = EDGE_CURVE('',#9323,#1018,#9332,.T.);
#9332 = B_SPLINE_CURVE_WITH_KNOTS('',1,(#9333,#9334),.UNSPECIFIED.,.F.,
  .F.,(2,2),(0.,1.E-02),.PIECEWISE_BEZIER_KNOTS.);
#9333 = CARTESIAN_POINT('',(-0.427639847648,-1.01,0.674233570948));
#9334 = CARTESIAN_POINT('',(-0.427639847648,-1.,0.674233570948));
#9335 = ORIENTED_EDGE('',*,*,#1026,.F.);
#9336 = B_SPLINE_SURFACE_WITH_KNOTS('',3,1,(
    (#9337,#9338)
    ,(#9339,#9340)
    ,(#9341,#9342)
    ,(#9343,#9344
    )),.UNSPECIFIED.,.F.,.F.,.F.,(4,4),(2,2),(17.,18.),(0.,1.),
  .PIECEWISE_BEZIER_KNOTS.);
#9337 = CARTESIAN_POINT('',(-0.433098576709,-1.01,0.66376667459));
#9338 = CARTESIAN_POINT('',(-0.433098576709,-1.,0.66376667459));
#9339 = CARTESIAN_POINT('',(-0.429459424002,-1.01,0.666296752187));
#9340 = CARTESIAN_POINT('',(-0.429459424002,-1.,0.666296752187));
#9341 = CARTESIAN_POINT('',(-0.427639847648,-1.01,0.669797270505));
#9342 = CARTESIAN_POINT('',(-0.427639847648,-1.,0.669797270505));
#9343 = CARTESIAN_POINT('',(-0.427639847648,-1.01,0.674233570948));
#9344 = CARTESIAN_POINT('',(-0.427639847648,-1.,0.674233570948));
#9345 = ADVANCED_FACE('',(#9346),#9364,.F.);
#9346 = FACE_BOUND('',#9347,.F.);
#9347 = EDGE_LOOP('',(#9348,#9349,#9358,#9363));
#9348 = ORIENTED_EDGE('',*,*,#9331,.F.);
#9349 = ORIENTED_EDGE('',*,*,#9350,.T.);
#9350 = EDGE_CURVE('',#9323,#9351,#9353,.T.);
#9351 = VERTEX_POINT('',#9352);
#9352 = CARTESIAN_POINT('',(-0.43048185262,-1.01,0.682239706904));
#9353 = B_SPLINE_CURVE_WITH_KNOTS('',3,(#9354,#9355,#9356,#9357),
  .UNSPECIFIED.,.F.,.F.,(4,4),(16.,17.),.PIECEWISE_BEZIER_KNOTS.);
#9354 = CARTESIAN_POINT('',(-0.427639847648,-1.01,0.674233570948));
#9355 = CARTESIAN_POINT('',(-0.427639847648,-1.01,0.677422161891));
#9356 = CARTESIAN_POINT('',(-0.428592959072,-1.01,0.680090873877));
#9357 = CARTESIAN_POINT('',(-0.43048185262,-1.01,0.682239706904));
#9358 = ORIENTED_EDGE('',*,*,#9359,.T.);
#9359 = EDGE_CURVE('',#9351,#1009,#9360,.T.);
#9360 = B_SPLINE_CURVE_WITH_KNOTS('',1,(#9361,#9362),.UNSPECIFIED.,.F.,
  .F.,(2,2),(0.,1.E-02),.PIECEWISE_BEZIER_KNOTS.);
#9361 = CARTESIAN_POINT('',(-0.43048185262,-1.01,0.682239706904));
#9362 = CARTESIAN_POINT('',(-0.43048185262,-1.,0.682239706904));
#9363 = ORIENTED_EDGE('',*,*,#1017,.F.);
#9364 = B_SPLINE_SURFACE_WITH_KNOTS('',3,1,(
    (#9365,#9366)
    ,(#9367,#9368)
    ,(#9369,#9370)
    ,(#9371,#9372
    )),.UNSPECIFIED.,.F.,.F.,.F.,(4,4),(2,2),(16.,17.),(0.,1.),
  .PIECEWISE_BEZIER_KNOTS.);
#9365 = CARTESIAN_POINT('',(-0.427639847648,-1.01,0.674233570948));
#9366 = CARTESIAN_POINT('',(-0.427639847648,-1.,0.674233570948));
#9367 = CARTESIAN_POINT('',(-0.427639847648,-1.01,0.677422161891));
#9368 = CARTESIAN_POINT('',(-0.427639847648,-1.,0.677422161891));
#9369 = CARTESIAN_POINT('',(-0.428592959072,-1.01,0.680090873877));
#9370 = CARTESIAN_POINT('',(-0.428592959072,-1.,0.680090873877));
#9371 = CARTESIAN_POINT('',(-0.43048185262,-1.01,0.682239706904));
#9372 = CARTESIAN_POINT('',(-0.43048185262,-1.,0.682239706904));
#9373 = ADVANCED_FACE('',(#9374),#9392,.F.);
#9374 = FACE_BOUND('',#9375,.F.);
#9375 = EDGE_LOOP('',(#9376,#9377,#9386,#9391));
#9376 = ORIENTED_EDGE('',*,*,#9359,.F.);
#9377 = ORIENTED_EDGE('',*,*,#9378,.T.);
#9378 = EDGE_CURVE('',#9351,#9379,#9381,.T.);
#9379 = VERTEX_POINT('',#9380);
#9380 = CARTESIAN_POINT('',(-0.441433969338,-1.01,0.688512912999));
#9381 = B_SPLINE_CURVE_WITH_KNOTS('',3,(#9382,#9383,#9384,#9385),
  .UNSPECIFIED.,.F.,.F.,(4,4),(15.,16.),.PIECEWISE_BEZIER_KNOTS.);
#9382 = CARTESIAN_POINT('',(-0.43048185262,-1.01,0.682239706904));
#9383 = CARTESIAN_POINT('',(-0.432388075466,-1.01,0.684388539931));
#9384 = CARTESIAN_POINT('',(-0.436027228173,-1.01,0.68650271436));
#9385 = CARTESIAN_POINT('',(-0.441433969338,-1.01,0.688512912999));
#9386 = ORIENTED_EDGE('',*,*,#9387,.T.);
#9387 = EDGE_CURVE('',#9379,#1000,#9388,.T.);
#9388 = B_SPLINE_CURVE_WITH_KNOTS('',1,(#9389,#9390),.UNSPECIFIED.,.F.,
  .F.,(2,2),(0.,1.E-02),.PIECEWISE_BEZIER_KNOTS.);
#9389 = CARTESIAN_POINT('',(-0.441433969338,-1.01,0.688512912999));
#9390 = CARTESIAN_POINT('',(-0.441433969338,-1.,0.688512912999));
#9391 = ORIENTED_EDGE('',*,*,#1008,.F.);
#9392 = B_SPLINE_SURFACE_WITH_KNOTS('',3,1,(
    (#9393,#9394)
    ,(#9395,#9396)
    ,(#9397,#9398)
    ,(#9399,#9400
    )),.UNSPECIFIED.,.F.,.F.,.F.,(4,4),(2,2),(15.,16.),(0.,1.),
  .PIECEWISE_BEZIER_KNOTS.);
#9393 = CARTESIAN_POINT('',(-0.43048185262,-1.01,0.682239706904));
#9394 = CARTESIAN_POINT('',(-0.43048185262,-1.,0.682239706904));
#9395 = CARTESIAN_POINT('',(-0.432388075466,-1.01,0.684388539931));
#9396 = CARTESIAN_POINT('',(-0.432388075466,-1.,0.684388539931));
#9397 = CARTESIAN_POINT('',(-0.436027228173,-1.01,0.68650271436));
#9398 = CARTESIAN_POINT('',(-0.436027228173,-1.,0.68650271436));
#9399 = CARTESIAN_POINT('',(-0.441433969338,-1.01,0.688512912999));
#9400 = CARTESIAN_POINT('',(-0.441433969338,-1.,0.688512912999));
#9401 = ADVANCED_FACE('',(#9402),#9420,.F.);
#9402 = FACE_BOUND('',#9403,.F.);
#9403 = EDGE_LOOP('',(#9404,#9405,#9414,#9419));
#9404 = ORIENTED_EDGE('',*,*,#9387,.F.);
#9405 = ORIENTED_EDGE('',*,*,#9406,.T.);
#9406 = EDGE_CURVE('',#9379,#9407,#9409,.T.);
#9407 = VERTEX_POINT('',#9408);
#9408 = CARTESIAN_POINT('',(-0.449682715474,-1.01,0.692671944664));
#9409 = B_SPLINE_CURVE_WITH_KNOTS('',3,(#9410,#9411,#9412,#9413),
  .UNSPECIFIED.,.F.,.F.,(4,4),(14.,15.),.PIECEWISE_BEZIER_KNOTS.);
#9410 = CARTESIAN_POINT('',(-0.441433969338,-1.01,0.688512912999));
#9411 = CARTESIAN_POINT('',(-0.445696976795,-1.01,0.690176525665));
#9412 = CARTESIAN_POINT('',(-0.448435005974,-1.01,0.691562869553));
#9413 = CARTESIAN_POINT('',(-0.449682715474,-1.01,0.692671944664));
#9414 = ORIENTED_EDGE('',*,*,#9415,.T.);
#9415 = EDGE_CURVE('',#9407,#991,#9416,.T.);
#9416 = B_SPLINE_CURVE_WITH_KNOTS('',1,(#9417,#9418),.UNSPECIFIED.,.F.,
  .F.,(2,2),(0.,1.E-02),.PIECEWISE_BEZIER_KNOTS.);
#9417 = CARTESIAN_POINT('',(-0.449682715474,-1.01,0.692671944664));
#9418 = CARTESIAN_POINT('',(-0.449682715474,-1.,0.692671944664));
#9419 = ORIENTED_EDGE('',*,*,#999,.F.);
#9420 = B_SPLINE_SURFACE_WITH_KNOTS('',3,1,(
    (#9421,#9422)
    ,(#9423,#9424)
    ,(#9425,#9426)
    ,(#9427,#9428
    )),.UNSPECIFIED.,.F.,.F.,.F.,(4,4),(2,2),(14.,15.),(0.,1.),
  .PIECEWISE_BEZIER_KNOTS.);
#9421 = CARTESIAN_POINT('',(-0.441433969338,-1.01,0.688512912999));
#9422 = CARTESIAN_POINT('',(-0.441433969338,-1.,0.688512912999));
#9423 = CARTESIAN_POINT('',(-0.445696976795,-1.01,0.690176525665));
#9424 = CARTESIAN_POINT('',(-0.445696976795,-1.,0.690176525665));
#9425 = CARTESIAN_POINT('',(-0.448435005974,-1.01,0.691562869553));
#9426 = CARTESIAN_POINT('',(-0.448435005974,-1.,0.691562869553));
#9427 = CARTESIAN_POINT('',(-0.449682715474,-1.01,0.692671944664));
#9428 = CARTESIAN_POINT('',(-0.449682715474,-1.,0.692671944664));
#9429 = ADVANCED_FACE('',(#9430),#9448,.F.);
#9430 = FACE_BOUND('',#9431,.F.);
#9431 = EDGE_LOOP('',(#9432,#9433,#9442,#9447));
#9432 = ORIENTED_EDGE('',*,*,#9415,.F.);
#9433 = ORIENTED_EDGE('',*,*,#9434,.T.);
#9434 = EDGE_CURVE('',#9407,#9435,#9437,.T.);
#9435 = VERTEX_POINT('',#9436);
#9436 = CARTESIAN_POINT('',(-0.451536950425,-1.01,0.697177562301));
#9437 = B_SPLINE_CURVE_WITH_KNOTS('',3,(#9438,#9439,#9440,#9441),
  .UNSPECIFIED.,.F.,.F.,(4,4),(13.,14.),.PIECEWISE_BEZIER_KNOTS.);
#9438 = CARTESIAN_POINT('',(-0.449682715474,-1.01,0.692671944664));
#9439 = CARTESIAN_POINT('',(-0.450913095675,-1.01,0.693746361177));
#9440 = CARTESIAN_POINT('',(-0.451536950425,-1.01,0.695236680858));
#9441 = CARTESIAN_POINT('',(-0.451536950425,-1.01,0.697177562301));
#9442 = ORIENTED_EDGE('',*,*,#9443,.T.);
#9443 = EDGE_CURVE('',#9435,#982,#9444,.T.);
#9444 = B_SPLINE_CURVE_WITH_KNOTS('',1,(#9445,#9446),.UNSPECIFIED.,.F.,
  .F.,(2,2),(0.,1.E-02),.PIECEWISE_BEZIER_KNOTS.);
#9445 = CARTESIAN_POINT('',(-0.451536950425,-1.01,0.697177562301));
#9446 = CARTESIAN_POINT('',(-0.451536950425,-1.,0.697177562301));
#9447 = ORIENTED_EDGE('',*,*,#990,.F.);
#9448 = B_SPLINE_SURFACE_WITH_KNOTS('',3,1,(
    (#9449,#9450)
    ,(#9451,#9452)
    ,(#9453,#9454)
    ,(#9455,#9456
    )),.UNSPECIFIED.,.F.,.F.,.F.,(4,4),(2,2),(13.,14.),(0.,1.),
  .PIECEWISE_BEZIER_KNOTS.);
#9449 = CARTESIAN_POINT('',(-0.449682715474,-1.01,0.692671944664));
#9450 = CARTESIAN_POINT('',(-0.449682715474,-1.,0.692671944664));
#9451 = CARTESIAN_POINT('',(-0.450913095675,-1.01,0.693746361177));
#9452 = CARTESIAN_POINT('',(-0.450913095675,-1.,0.693746361177));
#9453 = CARTESIAN_POINT('',(-0.451536950425,-1.01,0.695236680858));
#9454 = CARTESIAN_POINT('',(-0.451536950425,-1.,0.695236680858));
#9455 = CARTESIAN_POINT('',(-0.451536950425,-1.01,0.697177562301));
#9456 = CARTESIAN_POINT('',(-0.451536950425,-1.,0.697177562301));
#9457 = ADVANCED_FACE('',(#9458),#9476,.F.);
#9458 = FACE_BOUND('',#9459,.F.);
#9459 = EDGE_LOOP('',(#9460,#9461,#9470,#9475));
#9460 = ORIENTED_EDGE('',*,*,#9443,.F.);
#9461 = ORIENTED_EDGE('',*,*,#9462,.T.);
#9462 = EDGE_CURVE('',#9435,#9463,#9465,.T.);
#9463 = VERTEX_POINT('',#9464);
#9464 = CARTESIAN_POINT('',(-0.448954884933,-1.01,0.701891131522));
#9465 = B_SPLINE_CURVE_WITH_KNOTS('',3,(#9466,#9467,#9468,#9469),
  .UNSPECIFIED.,.F.,.F.,(4,4),(12.,13.),.PIECEWISE_BEZIER_KNOTS.);
#9466 = CARTESIAN_POINT('',(-0.451536950425,-1.01,0.697177562301));
#9467 = CARTESIAN_POINT('',(-0.451536950425,-1.01,0.699118443745));
#9468 = CARTESIAN_POINT('',(-0.450670485495,-1.01,0.700712739217));
#9469 = CARTESIAN_POINT('',(-0.448954884933,-1.01,0.701891131522));
#9470 = ORIENTED_EDGE('',*,*,#9471,.T.);
#9471 = EDGE_CURVE('',#9463,#973,#9472,.T.);
#9472 = B_SPLINE_CURVE_WITH_KNOTS('',1,(#9473,#9474),.UNSPECIFIED.,.F.,
  .F.,(2,2),(0.,1.E-02),.PIECEWISE_BEZIER_KNOTS.);
#9473 = CARTESIAN_POINT('',(-0.448954884933,-1.01,0.701891131522));
#9474 = CARTESIAN_POINT('',(-0.448954884933,-1.,0.701891131522));
#9475 = ORIENTED_EDGE('',*,*,#981,.F.);
#9476 = B_SPLINE_SURFACE_WITH_KNOTS('',3,1,(
    (#9477,#9478)
    ,(#9479,#9480)
    ,(#9481,#9482)
    ,(#9483,#9484
    )),.UNSPECIFIED.,.F.,.F.,.F.,(4,4),(2,2),(12.,13.),(0.,1.),
  .PIECEWISE_BEZIER_KNOTS.);
#9477 = CARTESIAN_POINT('',(-0.451536950425,-1.01,0.697177562301));
#9478 = CARTESIAN_POINT('',(-0.451536950425,-1.,0.697177562301));
#9479 = CARTESIAN_POINT('',(-0.451536950425,-1.01,0.699118443745));
#9480 = CARTESIAN_POINT('',(-0.451536950425,-1.,0.699118443745));
#9481 = CARTESIAN_POINT('',(-0.450670485495,-1.01,0.700712739217));
#9482 = CARTESIAN_POINT('',(-0.450670485495,-1.,0.700712739217));
#9483 = CARTESIAN_POINT('',(-0.448954884933,-1.01,0.701891131522));
#9484 = CARTESIAN_POINT('',(-0.448954884933,-1.,0.701891131522));
#9485 = ADVANCED_FACE('',(#9486),#9504,.F.);
#9486 = FACE_BOUND('',#9487,.F.);
#9487 = EDGE_LOOP('',(#9488,#9489,#9498,#9503));
#9488 = ORIENTED_EDGE('',*,*,#9471,.F.);
#9489 = ORIENTED_EDGE('',*,*,#9490,.T.);
#9490 = EDGE_CURVE('',#9463,#9491,#9493,.T.);
#9491 = VERTEX_POINT('',#9492);
#9492 = CARTESIAN_POINT('',(-0.442265775671,-1.01,0.703693378577));
#9493 = B_SPLINE_CURVE_WITH_KNOTS('',3,(#9494,#9495,#9496,#9497),
  .UNSPECIFIED.,.F.,.F.,(4,4),(11.,12.),.PIECEWISE_BEZIER_KNOTS.);
#9494 = CARTESIAN_POINT('',(-0.448954884933,-1.01,0.701891131522));
#9495 = CARTESIAN_POINT('',(-0.447239284371,-1.01,0.703104182424));
#9496 = CARTESIAN_POINT('',(-0.445003804851,-1.01,0.703693378577));
#9497 = CARTESIAN_POINT('',(-0.442265775671,-1.01,0.703693378577));
#9498 = ORIENTED_EDGE('',*,*,#9499,.T.);
#9499 = EDGE_CURVE('',#9491,#964,#9500,.T.);
#9500 = B_SPLINE_CURVE_WITH_KNOTS('',1,(#9501,#9502),.UNSPECIFIED.,.F.,
  .F.,(2,2),(0.,1.E-02),.PIECEWISE_BEZIER_KNOTS.);
#9501 = CARTESIAN_POINT('',(-0.442265775671,-1.01,0.703693378577));
#9502 = CARTESIAN_POINT('',(-0.442265775671,-1.,0.703693378577));
#9503 = ORIENTED_EDGE('',*,*,#972,.F.);
#9504 = B_SPLINE_SURFACE_WITH_KNOTS('',3,1,(
    (#9505,#9506)
    ,(#9507,#9508)
    ,(#9509,#9510)
    ,(#9511,#9512
    )),.UNSPECIFIED.,.F.,.F.,.F.,(4,4),(2,2),(11.,12.),(0.,1.),
  .PIECEWISE_BEZIER_KNOTS.);
#9505 = CARTESIAN_POINT('',(-0.448954884933,-1.01,0.701891131522));
#9506 = CARTESIAN_POINT('',(-0.448954884933,-1.,0.701891131522));
#9507 = CARTESIAN_POINT('',(-0.447239284371,-1.01,0.703104182424));
#9508 = CARTESIAN_POINT('',(-0.447239284371,-1.,0.703104182424));
#9509 = CARTESIAN_POINT('',(-0.445003804851,-1.01,0.703693378577));
#9510 = CARTESIAN_POINT('',(-0.445003804851,-1.,0.703693378577));
#9511 = CARTESIAN_POINT('',(-0.442265775671,-1.01,0.703693378577));
#9512 = CARTESIAN_POINT('',(-0.442265775671,-1.,0.703693378577));
#9513 = ADVANCED_FACE('',(#9514),#9532,.F.);
#9514 = FACE_BOUND('',#9515,.F.);
#9515 = EDGE_LOOP('',(#9516,#9517,#9526,#9531));
#9516 = ORIENTED_EDGE('',*,*,#9499,.F.);
#9517 = ORIENTED_EDGE('',*,*,#9518,.T.);
#9518 = EDGE_CURVE('',#9491,#9519,#9521,.T.);
#9519 = VERTEX_POINT('',#9520);
#9520 = CARTESIAN_POINT('',(-0.429961973661,-1.01,0.700192860259));
#9521 = B_SPLINE_CURVE_WITH_KNOTS('',3,(#9522,#9523,#9524,#9525),
  .UNSPECIFIED.,.F.,.F.,(4,4),(10.,11.),.PIECEWISE_BEZIER_KNOTS.);
#9522 = CARTESIAN_POINT('',(-0.442265775671,-1.01,0.703693378577));
#9523 = CARTESIAN_POINT('',(-0.437673511541,-1.01,0.703693378577));
#9524 = CARTESIAN_POINT('',(-0.43358379707,-1.01,0.702514986272));
#9525 = CARTESIAN_POINT('',(-0.429961973661,-1.01,0.700192860259));
#9526 = ORIENTED_EDGE('',*,*,#9527,.T.);
#9527 = EDGE_CURVE('',#9519,#957,#9528,.T.);
#9528 = B_SPLINE_CURVE_WITH_KNOTS('',1,(#9529,#9530),.UNSPECIFIED.,.F.,
  .F.,(2,2),(0.,1.E-02),.PIECEWISE_BEZIER_KNOTS.);
#9529 = CARTESIAN_POINT('',(-0.429961973661,-1.01,0.700192860259));
#9530 = CARTESIAN_POINT('',(-0.429961973661,-1.,0.700192860259));
#9531 = ORIENTED_EDGE('',*,*,#963,.F.);
#9532 = B_SPLINE_SURFACE_WITH_KNOTS('',3,1,(
    (#9533,#9534)
    ,(#9535,#9536)
    ,(#9537,#9538)
    ,(#9539,#9540
    )),.UNSPECIFIED.,.F.,.F.,.F.,(4,4),(2,2),(10.,11.),(0.,1.),
  .PIECEWISE_BEZIER_KNOTS.);
#9533 = CARTESIAN_POINT('',(-0.442265775671,-1.01,0.703693378577));
#9534 = CARTESIAN_POINT('',(-0.442265775671,-1.,0.703693378577));
#9535 = CARTESIAN_POINT('',(-0.437673511541,-1.01,0.703693378577));
#9536 = CARTESIAN_POINT('',(-0.437673511541,-1.,0.703693378577));
#9537 = CARTESIAN_POINT('',(-0.43358379707,-1.01,0.702514986272));
#9538 = CARTESIAN_POINT('',(-0.43358379707,-1.,0.702514986272));
#9539 = CARTESIAN_POINT('',(-0.429961973661,-1.01,0.700192860259));
#9540 = CARTESIAN_POINT('',(-0.429961973661,-1.,0.700192860259));
#9541 = ADVANCED_FACE('',(#9542),#9558,.F.);
#9542 = FACE_BOUND('',#9543,.T.);
#9543 = EDGE_LOOP('',(#9544,#9545,#9552,#9557));
#9544 = ORIENTED_EDGE('',*,*,#956,.T.);
#9545 = ORIENTED_EDGE('',*,*,#9546,.F.);
#9546 = EDGE_CURVE('',#9547,#948,#9549,.T.);
#9547 = VERTEX_POINT('',#9548);
#9548 = CARTESIAN_POINT('',(-0.429961973661,-1.01,0.708441606395));
#9549 = B_SPLINE_CURVE_WITH_KNOTS('',1,(#9550,#9551),.UNSPECIFIED.,.F.,
  .F.,(2,2),(0.,1.E-02),.PIECEWISE_BEZIER_KNOTS.);
#9550 = CARTESIAN_POINT('',(-0.429961973661,-1.01,0.708441606395));
#9551 = CARTESIAN_POINT('',(-0.429961973661,-1.,0.708441606395));
#9552 = ORIENTED_EDGE('',*,*,#9553,.F.);
#9553 = EDGE_CURVE('',#9519,#9547,#9554,.T.);
#9554 = B_SPLINE_CURVE_WITH_KNOTS('',1,(#9555,#9556),.UNSPECIFIED.,.F.,
  .F.,(2,2),(-8.248746135954E-03,0.),.PIECEWISE_BEZIER_KNOTS.);
#9555 = CARTESIAN_POINT('',(-0.429961973661,-1.01,0.700192860259));
#9556 = CARTESIAN_POINT('',(-0.429961973661,-1.01,0.708441606395));
#9557 = ORIENTED_EDGE('',*,*,#9527,.T.);
#9558 = B_SPLINE_SURFACE_WITH_KNOTS('',1,1,(
    (#9559,#9560)
    ,(#9561,#9562
    )),.UNSPECIFIED.,.F.,.F.,.F.,(2,2),(2,2),(-8.248746135954E-03,
    1.110223024625E-16),(0.,1.E-02),.PIECEWISE_BEZIER_KNOTS.);
#9559 = CARTESIAN_POINT('',(-0.429961973661,-1.01,0.700192860259));
#9560 = CARTESIAN_POINT('',(-0.429961973661,-1.,0.700192860259));
#9561 = CARTESIAN_POINT('',(-0.429961973661,-1.01,0.708441606395));
#9562 = CARTESIAN_POINT('',(-0.429961973661,-1.,0.708441606395));
#9563 = ADVANCED_FACE('',(#9564),#9582,.F.);
#9564 = FACE_BOUND('',#9565,.F.);
#9565 = EDGE_LOOP('',(#9566,#9567,#9576,#9581));
#9566 = ORIENTED_EDGE('',*,*,#9546,.F.);
#9567 = ORIENTED_EDGE('',*,*,#9568,.T.);
#9568 = EDGE_CURVE('',#9547,#9569,#9571,.T.);
#9569 = VERTEX_POINT('',#9570);
#9570 = CARTESIAN_POINT('',(-0.441433969338,-1.01,0.710590439422));
#9571 = B_SPLINE_CURVE_WITH_KNOTS('',3,(#9572,#9573,#9574,#9575),
  .UNSPECIFIED.,.F.,.F.,(4,4),(8.,9.),.PIECEWISE_BEZIER_KNOTS.);
#9572 = CARTESIAN_POINT('',(-0.429961973661,-1.01,0.708441606395));
#9573 = CARTESIAN_POINT('',(-0.433497150577,-1.01,0.709897267478));
#9574 = CARTESIAN_POINT('',(-0.43730959627,-1.01,0.710590439422));
#9575 = CARTESIAN_POINT('',(-0.441433969338,-1.01,0.710590439422));
#9576 = ORIENTED_EDGE('',*,*,#9577,.T.);
#9577 = EDGE_CURVE('',#9569,#939,#9578,.T.);
#9578 = B_SPLINE_CURVE_WITH_KNOTS('',1,(#9579,#9580),.UNSPECIFIED.,.F.,
  .F.,(2,2),(0.,1.E-02),.PIECEWISE_BEZIER_KNOTS.);
#9579 = CARTESIAN_POINT('',(-0.441433969338,-1.01,0.710590439422));
#9580 = CARTESIAN_POINT('',(-0.441433969338,-1.,0.710590439422));
#9581 = ORIENTED_EDGE('',*,*,#947,.F.);
#9582 = B_SPLINE_SURFACE_WITH_KNOTS('',3,1,(
    (#9583,#9584)
    ,(#9585,#9586)
    ,(#9587,#9588)
    ,(#9589,#9590
    )),.UNSPECIFIED.,.F.,.F.,.F.,(4,4),(2,2),(8.,9.),(0.,1.),
  .PIECEWISE_BEZIER_KNOTS.);
#9583 = CARTESIAN_POINT('',(-0.429961973661,-1.01,0.708441606395));
#9584 = CARTESIAN_POINT('',(-0.429961973661,-1.,0.708441606395));
#9585 = CARTESIAN_POINT('',(-0.433497150577,-1.01,0.709897267478));
#9586 = CARTESIAN_POINT('',(-0.433497150577,-1.,0.709897267478));
#9587 = CARTESIAN_POINT('',(-0.43730959627,-1.01,0.710590439422));
#9588 = CARTESIAN_POINT('',(-0.43730959627,-1.,0.710590439422));
#9589 = CARTESIAN_POINT('',(-0.441433969338,-1.01,0.710590439422));
#9590 = CARTESIAN_POINT('',(-0.441433969338,-1.,0.710590439422));
#9591 = ADVANCED_FACE('',(#9592),#9610,.F.);
#9592 = FACE_BOUND('',#9593,.F.);
#9593 = EDGE_LOOP('',(#9594,#9595,#9604,#9609));
#9594 = ORIENTED_EDGE('',*,*,#9577,.F.);
#9595 = ORIENTED_EDGE('',*,*,#9596,.T.);
#9596 = EDGE_CURVE('',#9569,#9597,#9599,.T.);
#9597 = VERTEX_POINT('',#9598);
#9598 = CARTESIAN_POINT('',(-0.454846846459,-1.01,0.706743335131));
#9599 = B_SPLINE_CURVE_WITH_KNOTS('',3,(#9600,#9601,#9602,#9603),
  .UNSPECIFIED.,.F.,.F.,(4,4),(7.,8.),.PIECEWISE_BEZIER_KNOTS.);
#9600 = CARTESIAN_POINT('',(-0.441433969338,-1.01,0.710590439422));
#9601 = CARTESIAN_POINT('',(-0.446736734711,-1.01,0.710590439422));
#9602 = CARTESIAN_POINT('',(-0.451207693751,-1.01,0.709308071325));
#9603 = CARTESIAN_POINT('',(-0.454846846459,-1.01,0.706743335131));
#9604 = ORIENTED_EDGE('',*,*,#9605,.T.);
#9605 = EDGE_CURVE('',#9597,#930,#9606,.T.);
#9606 = B_SPLINE_CURVE_WITH_KNOTS('',1,(#9607,#9608),.UNSPECIFIED.,.F.,
  .F.,(2,2),(0.,1.E-02),.PIECEWISE_BEZIER_KNOTS.);
#9607 = CARTESIAN_POINT('',(-0.454846846459,-1.01,0.706743335131));
#9608 = CARTESIAN_POINT('',(-0.454846846459,-1.,0.706743335131));
#9609 = ORIENTED_EDGE('',*,*,#938,.F.);
#9610 = B_SPLINE_SURFACE_WITH_KNOTS('',3,1,(
    (#9611,#9612)
    ,(#9613,#9614)
    ,(#9615,#9616)
    ,(#9617,#9618
    )),.UNSPECIFIED.,.F.,.F.,.F.,(4,4),(2,2),(7.,8.),(0.,1.),
  .PIECEWISE_BEZIER_KNOTS.);
#9611 = CARTESIAN_POINT('',(-0.441433969338,-1.01,0.710590439422));
#9612 = CARTESIAN_POINT('',(-0.441433969338,-1.,0.710590439422));
#9613 = CARTESIAN_POINT('',(-0.446736734711,-1.01,0.710590439422));
#9614 = CARTESIAN_POINT('',(-0.446736734711,-1.,0.710590439422));
#9615 = CARTESIAN_POINT('',(-0.451207693751,-1.01,0.709308071325));
#9616 = CARTESIAN_POINT('',(-0.451207693751,-1.,0.709308071325));
#9617 = CARTESIAN_POINT('',(-0.454846846459,-1.01,0.706743335131));
#9618 = CARTESIAN_POINT('',(-0.454846846459,-1.,0.706743335131));
#9619 = ADVANCED_FACE('',(#9620),#9638,.F.);
#9620 = FACE_BOUND('',#9621,.F.);
#9621 = EDGE_LOOP('',(#9622,#9623,#9632,#9637));
#9622 = ORIENTED_EDGE('',*,*,#9605,.F.);
#9623 = ORIENTED_EDGE('',*,*,#9624,.T.);
#9624 = EDGE_CURVE('',#9597,#9625,#9627,.T.);
#9625 = VERTEX_POINT('',#9626);
#9626 = CARTESIAN_POINT('',(-0.460288246221,-1.01,0.696415073163));
#9627 = B_SPLINE_CURVE_WITH_KNOTS('',3,(#9628,#9629,#9630,#9631),
  .UNSPECIFIED.,.F.,.F.,(4,4),(6.,7.),.PIECEWISE_BEZIER_KNOTS.);
#9628 = CARTESIAN_POINT('',(-0.454846846459,-1.01,0.706743335131));
#9629 = CARTESIAN_POINT('',(-0.458468669867,-1.01,0.704143940341));
#9630 = CARTESIAN_POINT('',(-0.460288246221,-1.01,0.700712739217));
#9631 = CARTESIAN_POINT('',(-0.460288246221,-1.01,0.696415073163));
#9632 = ORIENTED_EDGE('',*,*,#9633,.T.);
#9633 = EDGE_CURVE('',#9625,#921,#9634,.T.);
#9634 = B_SPLINE_CURVE_WITH_KNOTS('',1,(#9635,#9636),.UNSPECIFIED.,.F.,
  .F.,(2,2),(0.,1.E-02),.PIECEWISE_BEZIER_KNOTS.);
#9635 = CARTESIAN_POINT('',(-0.460288246221,-1.01,0.696415073163));
#9636 = CARTESIAN_POINT('',(-0.460288246221,-1.,0.696415073163));
#9637 = ORIENTED_EDGE('',*,*,#929,.F.);
#9638 = B_SPLINE_SURFACE_WITH_KNOTS('',3,1,(
    (#9639,#9640)
    ,(#9641,#9642)
    ,(#9643,#9644)
    ,(#9645,#9646
    )),.UNSPECIFIED.,.F.,.F.,.F.,(4,4),(2,2),(6.,7.),(0.,1.),
  .PIECEWISE_BEZIER_KNOTS.);
#9639 = CARTESIAN_POINT('',(-0.454846846459,-1.01,0.706743335131));
#9640 = CARTESIAN_POINT('',(-0.454846846459,-1.,0.706743335131));
#9641 = CARTESIAN_POINT('',(-0.458468669867,-1.01,0.704143940341));
#9642 = CARTESIAN_POINT('',(-0.458468669867,-1.,0.704143940341));
#9643 = CARTESIAN_POINT('',(-0.460288246221,-1.01,0.700712739217));
#9644 = CARTESIAN_POINT('',(-0.460288246221,-1.,0.700712739217));
#9645 = CARTESIAN_POINT('',(-0.460288246221,-1.01,0.696415073163));
#9646 = CARTESIAN_POINT('',(-0.460288246221,-1.,0.696415073163));
#9647 = ADVANCED_FACE('',(#9648),#9666,.F.);
#9648 = FACE_BOUND('',#9649,.F.);
#9649 = EDGE_LOOP('',(#9650,#9651,#9660,#9665));
#9650 = ORIENTED_EDGE('',*,*,#9633,.F.);
#9651 = ORIENTED_EDGE('',*,*,#9652,.T.);
#9652 = EDGE_CURVE('',#9625,#9653,#9655,.T.);
#9653 = VERTEX_POINT('',#9654);
#9654 = CARTESIAN_POINT('',(-0.457879473714,-1.01,0.688755523179));
#9655 = B_SPLINE_CURVE_WITH_KNOTS('',3,(#9656,#9657,#9658,#9659),
  .UNSPECIFIED.,.F.,.F.,(4,4),(5.,6.),.PIECEWISE_BEZIER_KNOTS.);
#9656 = CARTESIAN_POINT('',(-0.460288246221,-1.01,0.696415073163));
#9657 = CARTESIAN_POINT('',(-0.460288246221,-1.01,0.693434433802));
#9658 = CARTESIAN_POINT('',(-0.459491098485,-1.01,0.690869697609));
#9659 = CARTESIAN_POINT('',(-0.457879473714,-1.01,0.688755523179));
#9660 = ORIENTED_EDGE('',*,*,#9661,.T.);
#9661 = EDGE_CURVE('',#9653,#912,#9662,.T.);
#9662 = B_SPLINE_CURVE_WITH_KNOTS('',1,(#9663,#9664),.UNSPECIFIED.,.F.,
  .F.,(2,2),(0.,1.E-02),.PIECEWISE_BEZIER_KNOTS.);
#9663 = CARTESIAN_POINT('',(-0.457879473714,-1.01,0.688755523179));
#9664 = CARTESIAN_POINT('',(-0.457879473714,-1.,0.688755523179));
#9665 = ORIENTED_EDGE('',*,*,#920,.F.);
#9666 = B_SPLINE_SURFACE_WITH_KNOTS('',3,1,(
    (#9667,#9668)
    ,(#9669,#9670)
    ,(#9671,#9672)
    ,(#9673,#9674
    )),.UNSPECIFIED.,.F.,.F.,.F.,(4,4),(2,2),(5.,6.),(0.,1.),
  .PIECEWISE_BEZIER_KNOTS.);
#9667 = CARTESIAN_POINT('',(-0.460288246221,-1.01,0.696415073163));
#9668 = CARTESIAN_POINT('',(-0.460288246221,-1.,0.696415073163));
#9669 = CARTESIAN_POINT('',(-0.460288246221,-1.01,0.693434433802));
#9670 = CARTESIAN_POINT('',(-0.460288246221,-1.,0.693434433802));
#9671 = CARTESIAN_POINT('',(-0.459491098485,-1.01,0.690869697609));
#9672 = CARTESIAN_POINT('',(-0.459491098485,-1.,0.690869697609));
#9673 = CARTESIAN_POINT('',(-0.457879473714,-1.01,0.688755523179));
#9674 = CARTESIAN_POINT('',(-0.457879473714,-1.,0.688755523179));
#9675 = ADVANCED_FACE('',(#9676),#9694,.F.);
#9676 = FACE_BOUND('',#9677,.F.);
#9677 = EDGE_LOOP('',(#9678,#9679,#9688,#9693));
#9678 = ORIENTED_EDGE('',*,*,#9661,.F.);
#9679 = ORIENTED_EDGE('',*,*,#9680,.T.);
#9680 = EDGE_CURVE('',#9653,#9681,#9683,.T.);
#9681 = VERTEX_POINT('',#9682);
#9682 = CARTESIAN_POINT('',(-0.447429906655,-1.01,0.682343682695));
#9683 = B_SPLINE_CURVE_WITH_KNOTS('',3,(#9684,#9685,#9686,#9687),
  .UNSPECIFIED.,.F.,.F.,(4,4),(4.,5.),.PIECEWISE_BEZIER_KNOTS.);
#9684 = CARTESIAN_POINT('',(-0.457879473714,-1.01,0.688755523179));
#9685 = CARTESIAN_POINT('',(-0.456285178243,-1.01,0.686641348749));
#9686 = CARTESIAN_POINT('',(-0.452784659925,-1.01,0.684492515722));
#9687 = CARTESIAN_POINT('',(-0.447429906655,-1.01,0.682343682695));
#9688 = ORIENTED_EDGE('',*,*,#9689,.T.);
#9689 = EDGE_CURVE('',#9681,#903,#9690,.T.);
#9690 = B_SPLINE_CURVE_WITH_KNOTS('',1,(#9691,#9692),.UNSPECIFIED.,.F.,
  .F.,(2,2),(0.,1.E-02),.PIECEWISE_BEZIER_KNOTS.);
#9691 = CARTESIAN_POINT('',(-0.447429906655,-1.01,0.682343682695));
#9692 = CARTESIAN_POINT('',(-0.447429906655,-1.,0.682343682695));
#9693 = ORIENTED_EDGE('',*,*,#911,.F.);
#9694 = B_SPLINE_SURFACE_WITH_KNOTS('',3,1,(
    (#9695,#9696)
    ,(#9697,#9698)
    ,(#9699,#9700)
    ,(#9701,#9702
    )),.UNSPECIFIED.,.F.,.F.,.F.,(4,4),(2,2),(4.,5.),(0.,1.),
  .PIECEWISE_BEZIER_KNOTS.);
#9695 = CARTESIAN_POINT('',(-0.457879473714,-1.01,0.688755523179));
#9696 = CARTESIAN_POINT('',(-0.457879473714,-1.,0.688755523179));
#9697 = CARTESIAN_POINT('',(-0.456285178243,-1.01,0.686641348749));
#9698 = CARTESIAN_POINT('',(-0.456285178243,-1.,0.686641348749));
#9699 = CARTESIAN_POINT('',(-0.452784659925,-1.01,0.684492515722));
#9700 = CARTESIAN_POINT('',(-0.452784659925,-1.,0.684492515722));
#9701 = CARTESIAN_POINT('',(-0.447429906655,-1.01,0.682343682695));
#9702 = CARTESIAN_POINT('',(-0.447429906655,-1.,0.682343682695));
#9703 = ADVANCED_FACE('',(#9704),#9722,.F.);
#9704 = FACE_BOUND('',#9705,.F.);
#9705 = EDGE_LOOP('',(#9706,#9707,#9716,#9721));
#9706 = ORIENTED_EDGE('',*,*,#9689,.F.);
#9707 = ORIENTED_EDGE('',*,*,#9708,.T.);
#9708 = EDGE_CURVE('',#9681,#9709,#9711,.T.);
#9709 = VERTEX_POINT('',#9710);
#9710 = CARTESIAN_POINT('',(-0.438539976471,-1.01,0.678011358044));
#9711 = B_SPLINE_CURVE_WITH_KNOTS('',3,(#9712,#9713,#9714,#9715),
  .UNSPECIFIED.,.F.,.F.,(4,4),(3.,4.),.PIECEWISE_BEZIER_KNOTS.);
#9712 = CARTESIAN_POINT('',(-0.447429906655,-1.01,0.682343682695));
#9713 = CARTESIAN_POINT('',(-0.442958947615,-1.01,0.680680070029));
#9714 = CARTESIAN_POINT('',(-0.439995637554,-1.01,0.679224408946));
#9715 = CARTESIAN_POINT('',(-0.438539976471,-1.01,0.678011358044));
#9716 = ORIENTED_EDGE('',*,*,#9717,.T.);
#9717 = EDGE_CURVE('',#9709,#894,#9718,.T.);
#9718 = B_SPLINE_CURVE_WITH_KNOTS('',1,(#9719,#9720),.UNSPECIFIED.,.F.,
  .F.,(2,2),(0.,1.E-02),.PIECEWISE_BEZIER_KNOTS.);
#9719 = CARTESIAN_POINT('',(-0.438539976471,-1.01,0.678011358044));
#9720 = CARTESIAN_POINT('',(-0.438539976471,-1.,0.678011358044));
#9721 = ORIENTED_EDGE('',*,*,#902,.F.);
#9722 = B_SPLINE_SURFACE_WITH_KNOTS('',3,1,(
    (#9723,#9724)
    ,(#9725,#9726)
    ,(#9727,#9728)
    ,(#9729,#9730
    )),.UNSPECIFIED.,.F.,.F.,.F.,(4,4),(2,2),(3.,4.),(0.,1.),
  .PIECEWISE_BEZIER_KNOTS.);
#9723 = CARTESIAN_POINT('',(-0.447429906655,-1.01,0.682343682695));
#9724 = CARTESIAN_POINT('',(-0.447429906655,-1.,0.682343682695));
#9725 = CARTESIAN_POINT('',(-0.442958947615,-1.01,0.680680070029));
#9726 = CARTESIAN_POINT('',(-0.442958947615,-1.,0.680680070029));
#9727 = CARTESIAN_POINT('',(-0.439995637554,-1.01,0.679224408946));
#9728 = CARTESIAN_POINT('',(-0.439995637554,-1.,0.679224408946));
#9729 = CARTESIAN_POINT('',(-0.438539976471,-1.01,0.678011358044));
#9730 = CARTESIAN_POINT('',(-0.438539976471,-1.,0.678011358044));
#9731 = ADVANCED_FACE('',(#9732),#9750,.F.);
#9732 = FACE_BOUND('',#9733,.F.);
#9733 = EDGE_LOOP('',(#9734,#9735,#9744,#9749));
#9734 = ORIENTED_EDGE('',*,*,#9717,.F.);
#9735 = ORIENTED_EDGE('',*,*,#9736,.T.);
#9736 = EDGE_CURVE('',#9709,#9737,#9739,.T.);
#9737 = VERTEX_POINT('',#9738);
#9738 = CARTESIAN_POINT('',(-0.436356484847,-1.01,0.673401764615));
#9739 = B_SPLINE_CURVE_WITH_KNOTS('',3,(#9740,#9741,#9742,#9743),
  .UNSPECIFIED.,.F.,.F.,(4,4),(2.,3.),.PIECEWISE_BEZIER_KNOTS.);
#9740 = CARTESIAN_POINT('',(-0.438539976471,-1.01,0.678011358044));
#9741 = CARTESIAN_POINT('',(-0.437084315388,-1.01,0.676798307141));
#9742 = CARTESIAN_POINT('',(-0.436356484847,-1.01,0.675273328864));
#9743 = CARTESIAN_POINT('',(-0.436356484847,-1.01,0.673401764615));
#9744 = ORIENTED_EDGE('',*,*,#9745,.T.);
#9745 = EDGE_CURVE('',#9737,#885,#9746,.T.);
#9746 = B_SPLINE_CURVE_WITH_KNOTS('',1,(#9747,#9748),.UNSPECIFIED.,.F.,
  .F.,(2,2),(0.,1.E-02),.PIECEWISE_BEZIER_KNOTS.);
#9747 = CARTESIAN_POINT('',(-0.436356484847,-1.01,0.673401764615));
#9748 = CARTESIAN_POINT('',(-0.436356484847,-1.,0.673401764615));
#9749 = ORIENTED_EDGE('',*,*,#893,.F.);
#9750 = B_SPLINE_SURFACE_WITH_KNOTS('',3,1,(
    (#9751,#9752)
    ,(#9753,#9754)
    ,(#9755,#9756)
    ,(#9757,#9758
    )),.UNSPECIFIED.,.F.,.F.,.F.,(4,4),(2,2),(2.,3.),(0.,1.),
  .PIECEWISE_BEZIER_KNOTS.);
#9751 = CARTESIAN_POINT('',(-0.438539976471,-1.01,0.678011358044));
#9752 = CARTESIAN_POINT('',(-0.438539976471,-1.,0.678011358044));
#9753 = CARTESIAN_POINT('',(-0.437084315388,-1.01,0.676798307141));
#9754 = CARTESIAN_POINT('',(-0.437084315388,-1.,0.676798307141));
#9755 = CARTESIAN_POINT('',(-0.436356484847,-1.01,0.675273328864));
#9756 = CARTESIAN_POINT('',(-0.436356484847,-1.,0.675273328864));
#9757 = CARTESIAN_POINT('',(-0.436356484847,-1.01,0.673401764615));
#9758 = CARTESIAN_POINT('',(-0.436356484847,-1.,0.673401764615));
#9759 = ADVANCED_FACE('',(#9760),#9772,.F.);
#9760 = FACE_BOUND('',#9761,.F.);
#9761 = EDGE_LOOP('',(#9762,#9763,#9770,#9771));
#9762 = ORIENTED_EDGE('',*,*,#9745,.F.);
#9763 = ORIENTED_EDGE('',*,*,#9764,.T.);
#9764 = EDGE_CURVE('',#9737,#9210,#9765,.T.);
#9765 = B_SPLINE_CURVE_WITH_KNOTS('',3,(#9766,#9767,#9768,#9769),
  .UNSPECIFIED.,.F.,.F.,(4,4),(1.,2.),.PIECEWISE_BEZIER_KNOTS.);
#9766 = CARTESIAN_POINT('',(-0.436356484847,-1.01,0.673401764615));
#9767 = CARTESIAN_POINT('',(-0.436356484847,-1.01,0.669034781366));
#9768 = CARTESIAN_POINT('',(-0.439701039477,-1.01,0.666851289742));
#9769 = CARTESIAN_POINT('',(-0.44637281944,-1.01,0.666851289742));
#9770 = ORIENTED_EDGE('',*,*,#9209,.T.);
#9771 = ORIENTED_EDGE('',*,*,#884,.F.);
#9772 = B_SPLINE_SURFACE_WITH_KNOTS('',3,1,(
    (#9773,#9774)
    ,(#9775,#9776)
    ,(#9777,#9778)
    ,(#9779,#9780
    )),.UNSPECIFIED.,.F.,.F.,.F.,(4,4),(2,2),(1.,2.),(0.,1.),
  .PIECEWISE_BEZIER_KNOTS.);
#9773 = CARTESIAN_POINT('',(-0.436356484847,-1.01,0.673401764615));
#9774 = CARTESIAN_POINT('',(-0.436356484847,-1.,0.673401764615));
#9775 = CARTESIAN_POINT('',(-0.436356484847,-1.01,0.669034781366));
#9776 = CARTESIAN_POINT('',(-0.436356484847,-1.,0.669034781366));
#9777 = CARTESIAN_POINT('',(-0.439701039477,-1.01,0.666851289742));
#9778 = CARTESIAN_POINT('',(-0.439701039477,-1.,0.666851289742));
#9779 = CARTESIAN_POINT('',(-0.44637281944,-1.01,0.666851289742));
#9780 = CARTESIAN_POINT('',(-0.44637281944,-1.,0.666851289742));
#9781 = ADVANCED_FACE('',(#9782),#9805,.F.);
#9782 = FACE_BOUND('',#9783,.T.);
#9783 = EDGE_LOOP('',(#9784,#9785,#9786,#9787,#9788,#9789,#9790,#9791,
    #9792,#9793,#9794,#9795,#9796,#9797,#9798,#9799,#9800,#9801,#9802,
    #9803,#9804));
#9784 = ORIENTED_EDGE('',*,*,#9216,.T.);
#9785 = ORIENTED_EDGE('',*,*,#9251,.T.);
#9786 = ORIENTED_EDGE('',*,*,#9266,.T.);
#9787 = ORIENTED_EDGE('',*,*,#9294,.T.);
#9788 = ORIENTED_EDGE('',*,*,#9322,.T.);
#9789 = ORIENTED_EDGE('',*,*,#9350,.T.);
#9790 = ORIENTED_EDGE('',*,*,#9378,.T.);
#9791 = ORIENTED_EDGE('',*,*,#9406,.T.);
#9792 = ORIENTED_EDGE('',*,*,#9434,.T.);
#9793 = ORIENTED_EDGE('',*,*,#9462,.T.);
#9794 = ORIENTED_EDGE('',*,*,#9490,.T.);
#9795 = ORIENTED_EDGE('',*,*,#9518,.T.);
#9796 = ORIENTED_EDGE('',*,*,#9553,.T.);
#9797 = ORIENTED_EDGE('',*,*,#9568,.T.);
#9798 = ORIENTED_EDGE('',*,*,#9596,.T.);
#9799 = ORIENTED_EDGE('',*,*,#9624,.T.);
#9800 = ORIENTED_EDGE('',*,*,#9652,.T.);
#9801 = ORIENTED_EDGE('',*,*,#9680,.T.);
#9802 = ORIENTED_EDGE('',*,*,#9708,.T.);
#9803 = ORIENTED_EDGE('',*,*,#9736,.T.);
#9804 = ORIENTED_EDGE('',*,*,#9764,.T.);
#9805 = B_SPLINE_SURFACE_WITH_KNOTS('',1,1,(
    (#9806,#9807)
    ,(#9808,#9809
    )),.UNSPECIFIED.,.F.,.F.,.F.,(2,2),(2,2),(-8.101447097922E-03,
    4.256942202394E-02),(-6.736764832751E-03,2.596362163535E-02),
  .PIECEWISE_BEZIER_KNOTS.);
#9806 = CARTESIAN_POINT('',(-0.460340234116,-1.01,0.6599195703));
#9807 = CARTESIAN_POINT('',(-0.427639847648,-1.01,0.6599195703));
#9808 = CARTESIAN_POINT('',(-0.460340234116,-1.01,0.710590439422));
#9809 = CARTESIAN_POINT('',(-0.427639847648,-1.01,0.710590439422));
#9810 = ADVANCED_FACE('',(#9811),#9833,.F.);
#9811 = FACE_BOUND('',#9812,.T.);
#9812 = EDGE_LOOP('',(#9813,#9814,#9821,#9828));
#9813 = ORIENTED_EDGE('',*,*,#69,.T.);
#9814 = ORIENTED_EDGE('',*,*,#9815,.F.);
#9815 = EDGE_CURVE('',#9816,#72,#9818,.T.);
#9816 = VERTEX_POINT('',#9817);
#9817 = CARTESIAN_POINT('',(-0.385546981336,-1.01,0.709481364311));
#9818 = B_SPLINE_CURVE_WITH_KNOTS('',1,(#9819,#9820),.UNSPECIFIED.,.F.,
  .F.,(2,2),(0.,1.E-02),.PIECEWISE_BEZIER_KNOTS.);
#9819 = CARTESIAN_POINT('',(-0.385546981336,-1.01,0.709481364311));
#9820 = CARTESIAN_POINT('',(-0.385546981336,-1.,0.709481364311));
#9821 = ORIENTED_EDGE('',*,*,#9822,.F.);
#9822 = EDGE_CURVE('',#9823,#9816,#9825,.T.);
#9823 = VERTEX_POINT('',#9824);
#9824 = CARTESIAN_POINT('',(-0.376743697645,-1.01,0.709481364311));
#9825 = B_SPLINE_CURVE_WITH_KNOTS('',1,(#9826,#9827),.UNSPECIFIED.,.F.,
  .F.,(2,2),(-8.803283691157E-03,-0.),.PIECEWISE_BEZIER_KNOTS.);
#9826 = CARTESIAN_POINT('',(-0.376743697645,-1.01,0.709481364311));
#9827 = CARTESIAN_POINT('',(-0.385546981336,-1.01,0.709481364311));
#9828 = ORIENTED_EDGE('',*,*,#9829,.T.);
#9829 = EDGE_CURVE('',#9823,#70,#9830,.T.);
#9830 = B_SPLINE_CURVE_WITH_KNOTS('',1,(#9831,#9832),.UNSPECIFIED.,.F.,
  .F.,(2,2),(0.,1.E-02),.PIECEWISE_BEZIER_KNOTS.);
#9831 = CARTESIAN_POINT('',(-0.376743697645,-1.01,0.709481364311));
#9832 = CARTESIAN_POINT('',(-0.376743697645,-1.,0.709481364311));
#9833 = B_SPLINE_SURFACE_WITH_KNOTS('',1,1,(
    (#9834,#9835)
    ,(#9836,#9837
    )),.UNSPECIFIED.,.F.,.F.,.F.,(2,2),(2,2),(-8.803283691157E-03,0.),(
    0.,1.E-02),.PIECEWISE_BEZIER_KNOTS.);
#9834 = CARTESIAN_POINT('',(-0.376743697645,-1.01,0.709481364311));
#9835 = CARTESIAN_POINT('',(-0.376743697645,-1.,0.709481364311));
#9836 = CARTESIAN_POINT('',(-0.385546981336,-1.01,0.709481364311));
#9837 = CARTESIAN_POINT('',(-0.385546981336,-1.,0.709481364311));
#9838 = ADVANCED_FACE('',(#9839),#9855,.F.);
#9839 = FACE_BOUND('',#9840,.T.);
#9840 = EDGE_LOOP('',(#9841,#9842,#9849,#9854));
#9841 = ORIENTED_EDGE('',*,*,#179,.T.);
#9842 = ORIENTED_EDGE('',*,*,#9843,.F.);
#9843 = EDGE_CURVE('',#9844,#171,#9846,.T.);
#9844 = VERTEX_POINT('',#9845);
#9845 = CARTESIAN_POINT('',(-0.398769236172,-1.01,0.673020520046));
#9846 = B_SPLINE_CURVE_WITH_KNOTS('',1,(#9847,#9848),.UNSPECIFIED.,.F.,
  .F.,(2,2),(0.,1.E-02),.PIECEWISE_BEZIER_KNOTS.);
#9847 = CARTESIAN_POINT('',(-0.398769236172,-1.01,0.673020520046));
#9848 = CARTESIAN_POINT('',(-0.398769236172,-1.,0.673020520046));
#9849 = ORIENTED_EDGE('',*,*,#9850,.F.);
#9850 = EDGE_CURVE('',#9816,#9844,#9851,.T.);
#9851 = B_SPLINE_CURVE_WITH_KNOTS('',1,(#9852,#9853),.UNSPECIFIED.,.F.,
  .F.,(2,2),(-3.878429047314E-02,-0.),.PIECEWISE_BEZIER_KNOTS.);
#9852 = CARTESIAN_POINT('',(-0.385546981336,-1.01,0.709481364311));
#9853 = CARTESIAN_POINT('',(-0.398769236172,-1.01,0.673020520046));
#9854 = ORIENTED_EDGE('',*,*,#9815,.T.);
#9855 = B_SPLINE_SURFACE_WITH_KNOTS('',1,1,(
    (#9856,#9857)
    ,(#9858,#9859
    )),.UNSPECIFIED.,.F.,.F.,.F.,(2,2),(2,2),(-3.878429047314E-02,0.),(
    0.,1.E-02),.PIECEWISE_BEZIER_KNOTS.);
#9856 = CARTESIAN_POINT('',(-0.385546981336,-1.01,0.709481364311));
#9857 = CARTESIAN_POINT('',(-0.385546981336,-1.,0.709481364311));
#9858 = CARTESIAN_POINT('',(-0.398769236172,-1.01,0.673020520046));
#9859 = CARTESIAN_POINT('',(-0.398769236172,-1.,0.673020520046));
#9860 = ADVANCED_FACE('',(#9861),#9879,.F.);
#9861 = FACE_BOUND('',#9862,.F.);
#9862 = EDGE_LOOP('',(#9863,#9864,#9873,#9878));
#9863 = ORIENTED_EDGE('',*,*,#9843,.F.);
#9864 = ORIENTED_EDGE('',*,*,#9865,.T.);
#9865 = EDGE_CURVE('',#9844,#9866,#9868,.T.);
#9866 = VERTEX_POINT('',#9867);
#9867 = CARTESIAN_POINT('',(-0.399808994088,-1.01,0.669104098561));
#9868 = B_SPLINE_CURVE_WITH_KNOTS('',3,(#9869,#9870,#9871,#9872),
  .UNSPECIFIED.,.F.,.F.,(4,4),(12.,13.),.PIECEWISE_BEZIER_KNOTS.);
#9869 = CARTESIAN_POINT('',(-0.398769236172,-1.01,0.673020520046));
#9870 = CARTESIAN_POINT('',(-0.39928911513,-1.01,0.671322248782));
#9871 = CARTESIAN_POINT('',(-0.399635701102,-1.01,0.670005222088));
#9872 = CARTESIAN_POINT('',(-0.399808994088,-1.01,0.669104098561));
#9873 = ORIENTED_EDGE('',*,*,#9874,.T.);
#9874 = EDGE_CURVE('',#9866,#164,#9875,.T.);
#9875 = B_SPLINE_CURVE_WITH_KNOTS('',1,(#9876,#9877),.UNSPECIFIED.,.F.,
  .F.,(2,2),(0.,1.E-02),.PIECEWISE_BEZIER_KNOTS.);
#9876 = CARTESIAN_POINT('',(-0.399808994088,-1.01,0.669104098561));
#9877 = CARTESIAN_POINT('',(-0.399808994088,-1.,0.669104098561));
#9878 = ORIENTED_EDGE('',*,*,#170,.F.);
#9879 = B_SPLINE_SURFACE_WITH_KNOTS('',3,1,(
    (#9880,#9881)
    ,(#9882,#9883)
    ,(#9884,#9885)
    ,(#9886,#9887
    )),.UNSPECIFIED.,.F.,.F.,.F.,(4,4),(2,2),(12.,13.),(0.,1.),
  .PIECEWISE_BEZIER_KNOTS.);
#9880 = CARTESIAN_POINT('',(-0.398769236172,-1.01,0.673020520046));
#9881 = CARTESIAN_POINT('',(-0.398769236172,-1.,0.673020520046));
#9882 = CARTESIAN_POINT('',(-0.39928911513,-1.01,0.671322248782));
#9883 = CARTESIAN_POINT('',(-0.39928911513,-1.,0.671322248782));
#9884 = CARTESIAN_POINT('',(-0.399635701102,-1.01,0.670005222088));
#9885 = CARTESIAN_POINT('',(-0.399635701102,-1.,0.670005222088));
#9886 = CARTESIAN_POINT('',(-0.399808994088,-1.01,0.669104098561));
#9887 = CARTESIAN_POINT('',(-0.399808994088,-1.,0.669104098561));
#9888 = ADVANCED_FACE('',(#9889),#9905,.F.);
#9889 = FACE_BOUND('',#9890,.T.);
#9890 = EDGE_LOOP('',(#9891,#9892,#9899,#9904));
#9891 = ORIENTED_EDGE('',*,*,#163,.T.);
#9892 = ORIENTED_EDGE('',*,*,#9893,.F.);
#9893 = EDGE_CURVE('',#9894,#157,#9896,.T.);
#9894 = VERTEX_POINT('',#9895);
#9895 = CARTESIAN_POINT('',(-0.40003427497,-1.01,0.669104098561));
#9896 = B_SPLINE_CURVE_WITH_KNOTS('',1,(#9897,#9898),.UNSPECIFIED.,.F.,
  .F.,(2,2),(0.,1.E-02),.PIECEWISE_BEZIER_KNOTS.);
#9897 = CARTESIAN_POINT('',(-0.40003427497,-1.01,0.669104098561));
#9898 = CARTESIAN_POINT('',(-0.40003427497,-1.,0.669104098561));
#9899 = ORIENTED_EDGE('',*,*,#9900,.F.);
#9900 = EDGE_CURVE('',#9866,#9894,#9901,.T.);
#9901 = B_SPLINE_CURVE_WITH_KNOTS('',1,(#9902,#9903),.UNSPECIFIED.,.F.,
  .F.,(2,2),(-2.252808816116E-04,-0.),.PIECEWISE_BEZIER_KNOTS.);
#9902 = CARTESIAN_POINT('',(-0.399808994088,-1.01,0.669104098561));
#9903 = CARTESIAN_POINT('',(-0.40003427497,-1.01,0.669104098561));
#9904 = ORIENTED_EDGE('',*,*,#9874,.T.);
#9905 = B_SPLINE_SURFACE_WITH_KNOTS('',1,1,(
    (#9906,#9907)
    ,(#9908,#9909
    )),.UNSPECIFIED.,.F.,.F.,.F.,(2,2),(2,2),(-2.252808816116E-04,0.),(
    0.,1.E-02),.PIECEWISE_BEZIER_KNOTS.);
#9906 = CARTESIAN_POINT('',(-0.399808994088,-1.01,0.669104098561));
#9907 = CARTESIAN_POINT('',(-0.399808994088,-1.,0.669104098561));
#9908 = CARTESIAN_POINT('',(-0.40003427497,-1.01,0.669104098561));
#9909 = CARTESIAN_POINT('',(-0.40003427497,-1.,0.669104098561));
#9910 = ADVANCED_FACE('',(#9911),#9927,.F.);
#9911 = FACE_BOUND('',#9912,.T.);
#9912 = EDGE_LOOP('',(#9913,#9914,#9921,#9926));
#9913 = ORIENTED_EDGE('',*,*,#156,.T.);
#9914 = ORIENTED_EDGE('',*,*,#9915,.F.);
#9915 = EDGE_CURVE('',#9916,#150,#9918,.T.);
#9916 = VERTEX_POINT('',#9917);
#9917 = CARTESIAN_POINT('',(-0.401074032886,-1.01,0.67308983724));
#9918 = B_SPLINE_CURVE_WITH_KNOTS('',1,(#9919,#9920),.UNSPECIFIED.,.F.,
  .F.,(2,2),(0.,1.E-02),.PIECEWISE_BEZIER_KNOTS.);
#9919 = CARTESIAN_POINT('',(-0.401074032886,-1.01,0.67308983724));
#9920 = CARTESIAN_POINT('',(-0.401074032886,-1.,0.67308983724));
#9921 = ORIENTED_EDGE('',*,*,#9922,.F.);
#9922 = EDGE_CURVE('',#9894,#9916,#9923,.T.);
#9923 = B_SPLINE_CURVE_WITH_KNOTS('',1,(#9924,#9925),.UNSPECIFIED.,.F.,
  .F.,(2,2),(-4.119127255206E-03,0.),.PIECEWISE_BEZIER_KNOTS.);
#9924 = CARTESIAN_POINT('',(-0.40003427497,-1.01,0.669104098561));
#9925 = CARTESIAN_POINT('',(-0.401074032886,-1.01,0.67308983724));
#9926 = ORIENTED_EDGE('',*,*,#9893,.T.);
#9927 = B_SPLINE_SURFACE_WITH_KNOTS('',1,1,(
    (#9928,#9929)
    ,(#9930,#9931
    )),.UNSPECIFIED.,.F.,.F.,.F.,(2,2),(2,2),(-4.119127255206E-03,0.),(
    0.,1.E-02),.PIECEWISE_BEZIER_KNOTS.);
#9928 = CARTESIAN_POINT('',(-0.40003427497,-1.01,0.669104098561));
#9929 = CARTESIAN_POINT('',(-0.40003427497,-1.,0.669104098561));
#9930 = CARTESIAN_POINT('',(-0.401074032886,-1.01,0.67308983724));
#9931 = CARTESIAN_POINT('',(-0.401074032886,-1.,0.67308983724));
#9932 = ADVANCED_FACE('',(#9933),#9949,.F.);
#9933 = FACE_BOUND('',#9934,.T.);
#9934 = EDGE_LOOP('',(#9935,#9936,#9943,#9948));
#9935 = ORIENTED_EDGE('',*,*,#149,.T.);
#9936 = ORIENTED_EDGE('',*,*,#9937,.F.);
#9937 = EDGE_CURVE('',#9938,#143,#9940,.T.);
#9938 = VERTEX_POINT('',#9939);
#9939 = CARTESIAN_POINT('',(-0.413724420868,-1.01,0.709481364311));
#9940 = B_SPLINE_CURVE_WITH_KNOTS('',1,(#9941,#9942),.UNSPECIFIED.,.F.,
  .F.,(2,2),(0.,1.E-02),.PIECEWISE_BEZIER_KNOTS.);
#9941 = CARTESIAN_POINT('',(-0.413724420868,-1.01,0.709481364311));
#9942 = CARTESIAN_POINT('',(-0.413724420868,-1.,0.709481364311));
#9943 = ORIENTED_EDGE('',*,*,#9944,.F.);
#9944 = EDGE_CURVE('',#9916,#9938,#9945,.T.);
#9945 = B_SPLINE_CURVE_WITH_KNOTS('',1,(#9946,#9947),.UNSPECIFIED.,.F.,
  .F.,(2,2),(-3.852759476873E-02,0.),.PIECEWISE_BEZIER_KNOTS.);
#9946 = CARTESIAN_POINT('',(-0.401074032886,-1.01,0.67308983724));
#9947 = CARTESIAN_POINT('',(-0.413724420868,-1.01,0.709481364311));
#9948 = ORIENTED_EDGE('',*,*,#9915,.T.);
#9949 = B_SPLINE_SURFACE_WITH_KNOTS('',1,1,(
    (#9950,#9951)
    ,(#9952,#9953
    )),.UNSPECIFIED.,.F.,.F.,.F.,(2,2),(2,2),(-3.852759476873E-02,
    3.645374722222E-17),(0.,1.E-02),.PIECEWISE_BEZIER_KNOTS.);
#9950 = CARTESIAN_POINT('',(-0.401074032886,-1.01,0.67308983724));
#9951 = CARTESIAN_POINT('',(-0.401074032886,-1.,0.67308983724));
#9952 = CARTESIAN_POINT('',(-0.413724420868,-1.01,0.709481364311));
#9953 = CARTESIAN_POINT('',(-0.413724420868,-1.,0.709481364311));
#9954 = ADVANCED_FACE('',(#9955),#9971,.F.);
#9955 = FACE_BOUND('',#9956,.T.);
#9956 = EDGE_LOOP('',(#9957,#9958,#9965,#9970));
#9957 = ORIENTED_EDGE('',*,*,#142,.T.);
#9958 = ORIENTED_EDGE('',*,*,#9959,.F.);
#9959 = EDGE_CURVE('',#9960,#136,#9962,.T.);
#9960 = VERTEX_POINT('',#9961);
#9961 = CARTESIAN_POINT('',(-0.423220876504,-1.01,0.709481364311));
#9962 = B_SPLINE_CURVE_WITH_KNOTS('',1,(#9963,#9964),.UNSPECIFIED.,.F.,
  .F.,(2,2),(0.,1.E-02),.PIECEWISE_BEZIER_KNOTS.);
#9963 = CARTESIAN_POINT('',(-0.423220876504,-1.01,0.709481364311));
#9964 = CARTESIAN_POINT('',(-0.423220876504,-1.,0.709481364311));
#9965 = ORIENTED_EDGE('',*,*,#9966,.F.);
#9966 = EDGE_CURVE('',#9938,#9960,#9967,.T.);
#9967 = B_SPLINE_CURVE_WITH_KNOTS('',1,(#9968,#9969),.UNSPECIFIED.,.F.,
  .F.,(2,2),(-9.496455635733E-03,-0.),.PIECEWISE_BEZIER_KNOTS.);
#9968 = CARTESIAN_POINT('',(-0.413724420868,-1.01,0.709481364311));
#9969 = CARTESIAN_POINT('',(-0.423220876504,-1.01,0.709481364311));
#9970 = ORIENTED_EDGE('',*,*,#9937,.T.);
#9971 = B_SPLINE_SURFACE_WITH_KNOTS('',1,1,(
    (#9972,#9973)
    ,(#9974,#9975
    )),.UNSPECIFIED.,.F.,.F.,.F.,(2,2),(2,2),(-9.496455635733E-03,0.),(
    0.,1.E-02),.PIECEWISE_BEZIER_KNOTS.);
#9972 = CARTESIAN_POINT('',(-0.413724420868,-1.01,0.709481364311));
#9973 = CARTESIAN_POINT('',(-0.413724420868,-1.,0.709481364311));
#9974 = CARTESIAN_POINT('',(-0.423220876504,-1.01,0.709481364311));
#9975 = CARTESIAN_POINT('',(-0.423220876504,-1.,0.709481364311));
#9976 = ADVANCED_FACE('',(#9977),#9993,.F.);
#9977 = FACE_BOUND('',#9978,.T.);
#9978 = EDGE_LOOP('',(#9979,#9980,#9987,#9992));
#9979 = ORIENTED_EDGE('',*,*,#135,.T.);
#9980 = ORIENTED_EDGE('',*,*,#9981,.F.);
#9981 = EDGE_CURVE('',#9982,#129,#9984,.T.);
#9982 = VERTEX_POINT('',#9983);
#9983 = CARTESIAN_POINT('',(-0.404227965232,-1.01,0.6611672798));
#9984 = B_SPLINE_CURVE_WITH_KNOTS('',1,(#9985,#9986),.UNSPECIFIED.,.F.,
  .F.,(2,2),(0.,1.E-02),.PIECEWISE_BEZIER_KNOTS.);
#9985 = CARTESIAN_POINT('',(-0.404227965232,-1.01,0.6611672798));
#9986 = CARTESIAN_POINT('',(-0.404227965232,-1.,0.6611672798));
#9987 = ORIENTED_EDGE('',*,*,#9988,.F.);
#9988 = EDGE_CURVE('',#9960,#9982,#9989,.T.);
#9989 = B_SPLINE_CURVE_WITH_KNOTS('',1,(#9990,#9991),.UNSPECIFIED.,.F.,
  .F.,(2,2),(-5.191321065727E-02,0.),.PIECEWISE_BEZIER_KNOTS.);
#9990 = CARTESIAN_POINT('',(-0.423220876504,-1.01,0.709481364311));
#9991 = CARTESIAN_POINT('',(-0.404227965232,-1.01,0.6611672798));
#9992 = ORIENTED_EDGE('',*,*,#9959,.T.);
#9993 = B_SPLINE_SURFACE_WITH_KNOTS('',1,1,(
    (#9994,#9995)
    ,(#9996,#9997
    )),.UNSPECIFIED.,.F.,.F.,.F.,(2,2),(2,2),(-5.191321065727E-02,
    2.030924993009E-17),(0.,1.E-02),.PIECEWISE_BEZIER_KNOTS.);
#9994 = CARTESIAN_POINT('',(-0.423220876504,-1.01,0.709481364311));
#9995 = CARTESIAN_POINT('',(-0.423220876504,-1.,0.709481364311));
#9996 = CARTESIAN_POINT('',(-0.404227965232,-1.01,0.6611672798));
#9997 = CARTESIAN_POINT('',(-0.404227965232,-1.,0.6611672798));
#9998 = ADVANCED_FACE('',(#9999),#10015,.F.);
#9999 = FACE_BOUND('',#10000,.T.);
#10000 = EDGE_LOOP('',(#10001,#10002,#10009,#10014));
#10001 = ORIENTED_EDGE('',*,*,#128,.T.);
#10002 = ORIENTED_EDGE('',*,*,#10003,.F.);
#10003 = EDGE_CURVE('',#10004,#120,#10006,.T.);
#10004 = VERTEX_POINT('',#10005);
#10005 = CARTESIAN_POINT('',(-0.407953764433,-1.01,0.652363996108));
#10006 = B_SPLINE_CURVE_WITH_KNOTS('',1,(#10007,#10008),.UNSPECIFIED.,
  .F.,.F.,(2,2),(0.,1.E-02),.PIECEWISE_BEZIER_KNOTS.);
#10007 = CARTESIAN_POINT('',(-0.407953764433,-1.01,0.652363996108));
#10008 = CARTESIAN_POINT('',(-0.407953764433,-1.,0.652363996108));
#10009 = ORIENTED_EDGE('',*,*,#10010,.F.);
#10010 = EDGE_CURVE('',#9982,#10004,#10011,.T.);
#10011 = B_SPLINE_CURVE_WITH_KNOTS('',1,(#10012,#10013),.UNSPECIFIED.,
  .F.,.F.,(2,2),(-9.559256426937E-03,-2.163592999568E-17),
  .PIECEWISE_BEZIER_KNOTS.);
#10012 = CARTESIAN_POINT('',(-0.404227965232,-1.01,0.6611672798));
#10013 = CARTESIAN_POINT('',(-0.407953764433,-1.01,0.652363996108));
#10014 = ORIENTED_EDGE('',*,*,#9981,.T.);
#10015 = B_SPLINE_SURFACE_WITH_KNOTS('',1,1,(
    (#10016,#10017)
    ,(#10018,#10019
    )),.UNSPECIFIED.,.F.,.F.,.F.,(2,2),(2,2),(-9.559256426937E-03,0.),(
    0.,1.E-02),.PIECEWISE_BEZIER_KNOTS.);
#10016 = CARTESIAN_POINT('',(-0.404227965232,-1.01,0.6611672798));
#10017 = CARTESIAN_POINT('',(-0.404227965232,-1.,0.6611672798));
#10018 = CARTESIAN_POINT('',(-0.407953764433,-1.01,0.652363996108));
#10019 = CARTESIAN_POINT('',(-0.407953764433,-1.,0.652363996108));
#10020 = ADVANCED_FACE('',(#10021),#10039,.F.);
#10021 = FACE_BOUND('',#10022,.F.);
#10022 = EDGE_LOOP('',(#10023,#10024,#10033,#10038));
#10023 = ORIENTED_EDGE('',*,*,#10003,.F.);
#10024 = ORIENTED_EDGE('',*,*,#10025,.T.);
#10025 = EDGE_CURVE('',#10004,#10026,#10028,.T.);
#10026 = VERTEX_POINT('',#10027);
#10027 = CARTESIAN_POINT('',(-0.416653072333,-1.01,0.645536252457));
#10028 = B_SPLINE_CURVE_WITH_KNOTS('',3,(#10029,#10030,#10031,#10032),
  .UNSPECIFIED.,.F.,.F.,(4,4),(5.,6.),.PIECEWISE_BEZIER_KNOTS.);
#10029 = CARTESIAN_POINT('',(-0.407953764433,-1.01,0.652363996108));
#10030 = CARTESIAN_POINT('',(-0.409877316578,-1.01,0.647789061276));
#10031 = CARTESIAN_POINT('',(-0.412771309445,-1.01,0.645536252457));
#10032 = CARTESIAN_POINT('',(-0.416653072333,-1.01,0.645536252457));
#10033 = ORIENTED_EDGE('',*,*,#10034,.T.);
#10034 = EDGE_CURVE('',#10026,#111,#10035,.T.);
#10035 = B_SPLINE_CURVE_WITH_KNOTS('',1,(#10036,#10037),.UNSPECIFIED.,
  .F.,.F.,(2,2),(0.,1.E-02),.PIECEWISE_BEZIER_KNOTS.);
#10036 = CARTESIAN_POINT('',(-0.416653072333,-1.01,0.645536252457));
#10037 = CARTESIAN_POINT('',(-0.416653072333,-1.,0.645536252457));
#10038 = ORIENTED_EDGE('',*,*,#119,.F.);
#10039 = B_SPLINE_SURFACE_WITH_KNOTS('',3,1,(
    (#10040,#10041)
    ,(#10042,#10043)
    ,(#10044,#10045)
    ,(#10046,#10047
    )),.UNSPECIFIED.,.F.,.F.,.F.,(4,4),(2,2),(5.,6.),(0.,1.),
  .PIECEWISE_BEZIER_KNOTS.);
#10040 = CARTESIAN_POINT('',(-0.407953764433,-1.01,0.652363996108));
#10041 = CARTESIAN_POINT('',(-0.407953764433,-1.,0.652363996108));
#10042 = CARTESIAN_POINT('',(-0.409877316578,-1.01,0.647789061276));
#10043 = CARTESIAN_POINT('',(-0.409877316578,-1.,0.647789061276));
#10044 = CARTESIAN_POINT('',(-0.412771309445,-1.01,0.645536252457));
#10045 = CARTESIAN_POINT('',(-0.412771309445,-1.,0.645536252457));
#10046 = CARTESIAN_POINT('',(-0.416653072333,-1.01,0.645536252457));
#10047 = CARTESIAN_POINT('',(-0.416653072333,-1.,0.645536252457));
#10048 = ADVANCED_FACE('',(#10049),#10067,.F.);
#10049 = FACE_BOUND('',#10050,.F.);
#10050 = EDGE_LOOP('',(#10051,#10052,#10061,#10066));
#10051 = ORIENTED_EDGE('',*,*,#10034,.F.);
#10052 = ORIENTED_EDGE('',*,*,#10053,.T.);
#10053 = EDGE_CURVE('',#10026,#10054,#10056,.T.);
#10054 = VERTEX_POINT('',#10055);
#10055 = CARTESIAN_POINT('',(-0.421470617345,-1.01,0.64650669318));
#10056 = B_SPLINE_CURVE_WITH_KNOTS('',3,(#10057,#10058,#10059,#10060),
  .UNSPECIFIED.,.F.,.F.,(4,4),(4.,5.),.PIECEWISE_BEZIER_KNOTS.);
#10057 = CARTESIAN_POINT('',(-0.416653072333,-1.01,0.645536252457));
#10058 = CARTESIAN_POINT('',(-0.418212709207,-1.01,0.645536252457));
#10059 = CARTESIAN_POINT('',(-0.419807004679,-1.01,0.645848179832));
#10060 = CARTESIAN_POINT('',(-0.421470617345,-1.01,0.64650669318));
#10061 = ORIENTED_EDGE('',*,*,#10062,.T.);
#10062 = EDGE_CURVE('',#10054,#104,#10063,.T.);
#10063 = B_SPLINE_CURVE_WITH_KNOTS('',1,(#10064,#10065),.UNSPECIFIED.,
  .F.,.F.,(2,2),(0.,1.E-02),.PIECEWISE_BEZIER_KNOTS.);
#10064 = CARTESIAN_POINT('',(-0.421470617345,-1.01,0.64650669318));
#10065 = CARTESIAN_POINT('',(-0.421470617345,-1.,0.64650669318));
#10066 = ORIENTED_EDGE('',*,*,#110,.F.);
#10067 = B_SPLINE_SURFACE_WITH_KNOTS('',3,1,(
    (#10068,#10069)
    ,(#10070,#10071)
    ,(#10072,#10073)
    ,(#10074,#10075
    )),.UNSPECIFIED.,.F.,.F.,.F.,(4,4),(2,2),(4.,5.),(0.,1.),
  .PIECEWISE_BEZIER_KNOTS.);
#10068 = CARTESIAN_POINT('',(-0.416653072333,-1.01,0.645536252457));
#10069 = CARTESIAN_POINT('',(-0.416653072333,-1.,0.645536252457));
#10070 = CARTESIAN_POINT('',(-0.418212709207,-1.01,0.645536252457));
#10071 = CARTESIAN_POINT('',(-0.418212709207,-1.,0.645536252457));
#10072 = CARTESIAN_POINT('',(-0.419807004679,-1.01,0.645848179832));
#10073 = CARTESIAN_POINT('',(-0.419807004679,-1.,0.645848179832));
#10074 = CARTESIAN_POINT('',(-0.421470617345,-1.01,0.64650669318));
#10075 = CARTESIAN_POINT('',(-0.421470617345,-1.,0.64650669318));
#10076 = ADVANCED_FACE('',(#10077),#10093,.F.);
#10077 = FACE_BOUND('',#10078,.T.);
#10078 = EDGE_LOOP('',(#10079,#10080,#10087,#10092));
#10079 = ORIENTED_EDGE('',*,*,#103,.T.);
#10080 = ORIENTED_EDGE('',*,*,#10081,.F.);
#10081 = EDGE_CURVE('',#10082,#95,#10084,.T.);
#10082 = VERTEX_POINT('',#10083);
#10083 = CARTESIAN_POINT('',(-0.421470617345,-1.01,0.638951118988));
#10084 = B_SPLINE_CURVE_WITH_KNOTS('',1,(#10085,#10086),.UNSPECIFIED.,
  .F.,.F.,(2,2),(0.,1.E-02),.PIECEWISE_BEZIER_KNOTS.);
#10085 = CARTESIAN_POINT('',(-0.421470617345,-1.01,0.638951118988));
#10086 = CARTESIAN_POINT('',(-0.421470617345,-1.,0.638951118988));
#10087 = ORIENTED_EDGE('',*,*,#10088,.F.);
#10088 = EDGE_CURVE('',#10054,#10082,#10089,.T.);
#10089 = B_SPLINE_CURVE_WITH_KNOTS('',1,(#10090,#10091),.UNSPECIFIED.,
  .F.,.F.,(2,2),(-7.555574192073E-03,0.),.PIECEWISE_BEZIER_KNOTS.);
#10090 = CARTESIAN_POINT('',(-0.421470617345,-1.01,0.64650669318));
#10091 = CARTESIAN_POINT('',(-0.421470617345,-1.01,0.638951118988));
#10092 = ORIENTED_EDGE('',*,*,#10062,.T.);
#10093 = B_SPLINE_SURFACE_WITH_KNOTS('',1,1,(
    (#10094,#10095)
    ,(#10096,#10097
    )),.UNSPECIFIED.,.F.,.F.,.F.,(2,2),(2,2),(-7.555574192073E-03,0.),(
    0.,1.E-02),.PIECEWISE_BEZIER_KNOTS.);
#10094 = CARTESIAN_POINT('',(-0.421470617345,-1.01,0.64650669318));
#10095 = CARTESIAN_POINT('',(-0.421470617345,-1.,0.64650669318));
#10096 = CARTESIAN_POINT('',(-0.421470617345,-1.01,0.638951118988));
#10097 = CARTESIAN_POINT('',(-0.421470617345,-1.,0.638951118988));
#10098 = ADVANCED_FACE('',(#10099),#10117,.F.);
#10099 = FACE_BOUND('',#10100,.F.);
#10100 = EDGE_LOOP('',(#10101,#10102,#10111,#10116));
#10101 = ORIENTED_EDGE('',*,*,#10081,.F.);
#10102 = ORIENTED_EDGE('',*,*,#10103,.T.);
#10103 = EDGE_CURVE('',#10082,#10104,#10106,.T.);
#10104 = VERTEX_POINT('',#10105);
#10105 = CARTESIAN_POINT('',(-0.415994558985,-1.01,0.638257947043));
#10106 = B_SPLINE_CURVE_WITH_KNOTS('',3,(#10107,#10108,#10109,#10110),
  .UNSPECIFIED.,.F.,.F.,(4,4),(2.,3.),.PIECEWISE_BEZIER_KNOTS.);
#10107 = CARTESIAN_POINT('',(-0.421470617345,-1.01,0.638951118988));
#10108 = CARTESIAN_POINT('',(-0.419962968366,-1.01,0.638500557224));
#10109 = CARTESIAN_POINT('',(-0.418126062714,-1.01,0.638257947043));
#10110 = CARTESIAN_POINT('',(-0.415994558985,-1.01,0.638257947043));
#10111 = ORIENTED_EDGE('',*,*,#10112,.T.);
#10112 = EDGE_CURVE('',#10104,#86,#10113,.T.);
#10113 = B_SPLINE_CURVE_WITH_KNOTS('',1,(#10114,#10115),.UNSPECIFIED.,
  .F.,.F.,(2,2),(0.,1.E-02),.PIECEWISE_BEZIER_KNOTS.);
#10114 = CARTESIAN_POINT('',(-0.415994558985,-1.01,0.638257947043));
#10115 = CARTESIAN_POINT('',(-0.415994558985,-1.,0.638257947043));
#10116 = ORIENTED_EDGE('',*,*,#94,.F.);
#10117 = B_SPLINE_SURFACE_WITH_KNOTS('',3,1,(
    (#10118,#10119)
    ,(#10120,#10121)
    ,(#10122,#10123)
    ,(#10124,#10125
    )),.UNSPECIFIED.,.F.,.F.,.F.,(4,4),(2,2),(2.,3.),(0.,1.),
  .PIECEWISE_BEZIER_KNOTS.);
#10118 = CARTESIAN_POINT('',(-0.421470617345,-1.01,0.638951118988));
#10119 = CARTESIAN_POINT('',(-0.421470617345,-1.,0.638951118988));
#10120 = CARTESIAN_POINT('',(-0.419962968366,-1.01,0.638500557224));
#10121 = CARTESIAN_POINT('',(-0.419962968366,-1.,0.638500557224));
#10122 = CARTESIAN_POINT('',(-0.418126062714,-1.01,0.638257947043));
#10123 = CARTESIAN_POINT('',(-0.418126062714,-1.,0.638257947043));
#10124 = CARTESIAN_POINT('',(-0.415994558985,-1.01,0.638257947043));
#10125 = CARTESIAN_POINT('',(-0.415994558985,-1.,0.638257947043));
#10126 = ADVANCED_FACE('',(#10127),#10145,.F.);
#10127 = FACE_BOUND('',#10128,.F.);
#10128 = EDGE_LOOP('',(#10129,#10130,#10139,#10144));
#10129 = ORIENTED_EDGE('',*,*,#10112,.F.);
#10130 = ORIENTED_EDGE('',*,*,#10131,.T.);
#10131 = EDGE_CURVE('',#10104,#10132,#10134,.T.);
#10132 = VERTEX_POINT('',#10133);
#10133 = CARTESIAN_POINT('',(-0.398717248276,-1.01,0.653750339997));
#10134 = B_SPLINE_CURVE_WITH_KNOTS('',3,(#10135,#10136,#10137,#10138),
  .UNSPECIFIED.,.F.,.F.,(4,4),(1.,2.),.PIECEWISE_BEZIER_KNOTS.);
#10135 = CARTESIAN_POINT('',(-0.415994558985,-1.01,0.638257947043));
#10136 = CARTESIAN_POINT('',(-0.408560289884,-1.01,0.638257947043));
#10137 = CARTESIAN_POINT('',(-0.402806962747,-1.01,0.643422078028));
#10138 = CARTESIAN_POINT('',(-0.398717248276,-1.01,0.653750339997));
#10139 = ORIENTED_EDGE('',*,*,#10140,.T.);
#10140 = EDGE_CURVE('',#10132,#79,#10141,.T.);
#10141 = B_SPLINE_CURVE_WITH_KNOTS('',1,(#10142,#10143),.UNSPECIFIED.,
  .F.,.F.,(2,2),(0.,1.E-02),.PIECEWISE_BEZIER_KNOTS.);
#10142 = CARTESIAN_POINT('',(-0.398717248276,-1.01,0.653750339997));
#10143 = CARTESIAN_POINT('',(-0.398717248276,-1.,0.653750339997));
#10144 = ORIENTED_EDGE('',*,*,#85,.F.);
#10145 = B_SPLINE_SURFACE_WITH_KNOTS('',3,1,(
    (#10146,#10147)
    ,(#10148,#10149)
    ,(#10150,#10151)
    ,(#10152,#10153
    )),.UNSPECIFIED.,.F.,.F.,.F.,(4,4),(2,2),(1.,2.),(0.,1.),
  .PIECEWISE_BEZIER_KNOTS.);
#10146 = CARTESIAN_POINT('',(-0.415994558985,-1.01,0.638257947043));
#10147 = CARTESIAN_POINT('',(-0.415994558985,-1.,0.638257947043));
#10148 = CARTESIAN_POINT('',(-0.408560289884,-1.01,0.638257947043));
#10149 = CARTESIAN_POINT('',(-0.408560289884,-1.,0.638257947043));
#10150 = CARTESIAN_POINT('',(-0.402806962747,-1.01,0.643422078028));
#10151 = CARTESIAN_POINT('',(-0.402806962747,-1.,0.643422078028));
#10152 = CARTESIAN_POINT('',(-0.398717248276,-1.01,0.653750339997));
#10153 = CARTESIAN_POINT('',(-0.398717248276,-1.,0.653750339997));
#10154 = ADVANCED_FACE('',(#10155),#10165,.F.);
#10155 = FACE_BOUND('',#10156,.T.);
#10156 = EDGE_LOOP('',(#10157,#10158,#10159,#10164));
#10157 = ORIENTED_EDGE('',*,*,#78,.T.);
#10158 = ORIENTED_EDGE('',*,*,#9829,.F.);
#10159 = ORIENTED_EDGE('',*,*,#10160,.F.);
#10160 = EDGE_CURVE('',#10132,#9823,#10161,.T.);
#10161 = B_SPLINE_CURVE_WITH_KNOTS('',1,(#10162,#10163),.UNSPECIFIED.,
  .F.,.F.,(2,2),(-5.990646040689E-02,0.),.PIECEWISE_BEZIER_KNOTS.);
#10162 = CARTESIAN_POINT('',(-0.398717248276,-1.01,0.653750339997));
#10163 = CARTESIAN_POINT('',(-0.376743697645,-1.01,0.709481364311));
#10164 = ORIENTED_EDGE('',*,*,#10140,.T.);
#10165 = B_SPLINE_SURFACE_WITH_KNOTS('',1,1,(
    (#10166,#10167)
    ,(#10168,#10169
    )),.UNSPECIFIED.,.F.,.F.,.F.,(2,2),(2,2),(-5.990646040689E-02,0.),(
    0.,1.E-02),.PIECEWISE_BEZIER_KNOTS.);
#10166 = CARTESIAN_POINT('',(-0.398717248276,-1.01,0.653750339997));
#10167 = CARTESIAN_POINT('',(-0.398717248276,-1.,0.653750339997));
#10168 = CARTESIAN_POINT('',(-0.376743697645,-1.01,0.709481364311));
#10169 = CARTESIAN_POINT('',(-0.376743697645,-1.,0.709481364311));
#10170 = ADVANCED_FACE('',(#10171),#10188,.T.);
#10171 = FACE_BOUND('',#10172,.T.);
#10172 = EDGE_LOOP('',(#10173,#10174,#10175,#10176,#10177,#10178,#10179,
    #10180,#10181,#10182,#10183,#10184,#10185,#10186,#10187));
#10173 = ORIENTED_EDGE('',*,*,#9822,.T.);
#10174 = ORIENTED_EDGE('',*,*,#9850,.T.);
#10175 = ORIENTED_EDGE('',*,*,#9865,.T.);
#10176 = ORIENTED_EDGE('',*,*,#9900,.T.);
#10177 = ORIENTED_EDGE('',*,*,#9922,.T.);
#10178 = ORIENTED_EDGE('',*,*,#9944,.T.);
#10179 = ORIENTED_EDGE('',*,*,#9966,.T.);
#10180 = ORIENTED_EDGE('',*,*,#9988,.T.);
#10181 = ORIENTED_EDGE('',*,*,#10010,.T.);
#10182 = ORIENTED_EDGE('',*,*,#10025,.T.);
#10183 = ORIENTED_EDGE('',*,*,#10053,.T.);
#10184 = ORIENTED_EDGE('',*,*,#10088,.T.);
#10185 = ORIENTED_EDGE('',*,*,#10103,.T.);
#10186 = ORIENTED_EDGE('',*,*,#10131,.T.);
#10187 = ORIENTED_EDGE('',*,*,#10160,.T.);
#10188 = B_SPLINE_SURFACE_WITH_KNOTS('',1,1,(
    (#10189,#10190)
    ,(#10191,#10192
    )),.UNSPECIFIED.,.F.,.F.,.F.,(2,2),(2,2),(-6.73503190295E-02,
    3.873098238372E-03),(-1.711918085971E-02,2.93579979996E-02),
  .PIECEWISE_BEZIER_KNOTS.);
#10189 = CARTESIAN_POINT('',(-0.423220876504,-1.01,0.709481364311));
#10190 = CARTESIAN_POINT('',(-0.376743697645,-1.01,0.709481364311));
#10191 = CARTESIAN_POINT('',(-0.423220876504,-1.01,0.638257947043));
#10192 = CARTESIAN_POINT('',(-0.376743697645,-1.01,0.638257947043));
#10193 = ADVANCED_FACE('',(#10194),#10216,.F.);
#10194 = FACE_BOUND('',#10195,.T.);
#10195 = EDGE_LOOP('',(#10196,#10197,#10204,#10211));
#10196 = ORIENTED_EDGE('',*,*,#1060,.T.);
#10197 = ORIENTED_EDGE('',*,*,#10198,.F.);
#10198 = EDGE_CURVE('',#10199,#1063,#10201,.T.);
#10199 = VERTEX_POINT('',#10200);
#10200 = CARTESIAN_POINT('',(-0.331132983715,-1.01,0.668792171186));
#10201 = B_SPLINE_CURVE_WITH_KNOTS('',1,(#10202,#10203),.UNSPECIFIED.,
  .F.,.F.,(2,2),(0.,1.E-02),.PIECEWISE_BEZIER_KNOTS.);
#10202 = CARTESIAN_POINT('',(-0.331132983715,-1.01,0.668792171186));
#10203 = CARTESIAN_POINT('',(-0.331132983715,-1.,0.668792171186));
#10204 = ORIENTED_EDGE('',*,*,#10205,.F.);
#10205 = EDGE_CURVE('',#10206,#10199,#10208,.T.);
#10206 = VERTEX_POINT('',#10207);
#10207 = CARTESIAN_POINT('',(-0.331132983715,-1.01,0.661063304008));
#10208 = B_SPLINE_CURVE_WITH_KNOTS('',1,(#10209,#10210),.UNSPECIFIED.,
  .F.,.F.,(2,2),(-7.728867177929E-03,0.),.PIECEWISE_BEZIER_KNOTS.);
#10209 = CARTESIAN_POINT('',(-0.331132983715,-1.01,0.661063304008));
#10210 = CARTESIAN_POINT('',(-0.331132983715,-1.01,0.668792171186));
#10211 = ORIENTED_EDGE('',*,*,#10212,.T.);
#10212 = EDGE_CURVE('',#10206,#1061,#10213,.T.);
#10213 = B_SPLINE_CURVE_WITH_KNOTS('',1,(#10214,#10215),.UNSPECIFIED.,
  .F.,.F.,(2,2),(0.,1.E-02),.PIECEWISE_BEZIER_KNOTS.);
#10214 = CARTESIAN_POINT('',(-0.331132983715,-1.01,0.661063304008));
#10215 = CARTESIAN_POINT('',(-0.331132983715,-1.,0.661063304008));
#10216 = B_SPLINE_SURFACE_WITH_KNOTS('',1,1,(
    (#10217,#10218)
    ,(#10219,#10220
    )),.UNSPECIFIED.,.F.,.F.,.F.,(2,2),(2,2),(-7.728867177929E-03,0.),(
    0.,1.E-02),.PIECEWISE_BEZIER_KNOTS.);
#10217 = CARTESIAN_POINT('',(-0.331132983715,-1.01,0.661063304008));
#10218 = CARTESIAN_POINT('',(-0.331132983715,-1.,0.661063304008));
#10219 = CARTESIAN_POINT('',(-0.331132983715,-1.01,0.668792171186));
#10220 = CARTESIAN_POINT('',(-0.331132983715,-1.,0.668792171186));
#10221 = ADVANCED_FACE('',(#10222),#10238,.F.);
#10222 = FACE_BOUND('',#10223,.T.);
#10223 = EDGE_LOOP('',(#10224,#10225,#10232,#10237));
#10224 = ORIENTED_EDGE('',*,*,#1139,.T.);
#10225 = ORIENTED_EDGE('',*,*,#10226,.F.);
#10226 = EDGE_CURVE('',#10227,#1133,#10229,.T.);
#10227 = VERTEX_POINT('',#10228);
#10228 = CARTESIAN_POINT('',(-0.358842532185,-1.01,0.668792171186));
#10229 = B_SPLINE_CURVE_WITH_KNOTS('',1,(#10230,#10231),.UNSPECIFIED.,
  .F.,.F.,(2,2),(0.,1.E-02),.PIECEWISE_BEZIER_KNOTS.);
#10230 = CARTESIAN_POINT('',(-0.358842532185,-1.01,0.668792171186));
#10231 = CARTESIAN_POINT('',(-0.358842532185,-1.,0.668792171186));
#10232 = ORIENTED_EDGE('',*,*,#10233,.F.);
#10233 = EDGE_CURVE('',#10199,#10227,#10234,.T.);
#10234 = B_SPLINE_CURVE_WITH_KNOTS('',1,(#10235,#10236),.UNSPECIFIED.,
  .F.,.F.,(2,2),(-2.770954846969E-02,-0.),.PIECEWISE_BEZIER_KNOTS.);
#10235 = CARTESIAN_POINT('',(-0.331132983715,-1.01,0.668792171186));
#10236 = CARTESIAN_POINT('',(-0.358842532185,-1.01,0.668792171186));
#10237 = ORIENTED_EDGE('',*,*,#10198,.T.);
#10238 = B_SPLINE_SURFACE_WITH_KNOTS('',1,1,(
    (#10239,#10240)
    ,(#10241,#10242
    )),.UNSPECIFIED.,.F.,.F.,.F.,(2,2),(2,2),(-2.770954846969E-02,0.),(
    0.,1.E-02),.PIECEWISE_BEZIER_KNOTS.);
#10239 = CARTESIAN_POINT('',(-0.331132983715,-1.01,0.668792171186));
#10240 = CARTESIAN_POINT('',(-0.331132983715,-1.,0.668792171186));
#10241 = CARTESIAN_POINT('',(-0.358842532185,-1.01,0.668792171186));
#10242 = CARTESIAN_POINT('',(-0.358842532185,-1.,0.668792171186));
#10243 = ADVANCED_FACE('',(#10244),#10260,.F.);
#10244 = FACE_BOUND('',#10245,.T.);
#10245 = EDGE_LOOP('',(#10246,#10247,#10254,#10259));
#10246 = ORIENTED_EDGE('',*,*,#1132,.T.);
#10247 = ORIENTED_EDGE('',*,*,#10248,.F.);
#10248 = EDGE_CURVE('',#10249,#1126,#10251,.T.);
#10249 = VERTEX_POINT('',#10250);
#10250 = CARTESIAN_POINT('',(-0.358842532185,-1.01,0.69159752815));
#10251 = B_SPLINE_CURVE_WITH_KNOTS('',1,(#10252,#10253),.UNSPECIFIED.,
  .F.,.F.,(2,2),(0.,1.E-02),.PIECEWISE_BEZIER_KNOTS.);
#10252 = CARTESIAN_POINT('',(-0.358842532185,-1.01,0.69159752815));
#10253 = CARTESIAN_POINT('',(-0.358842532185,-1.,0.69159752815));
#10254 = ORIENTED_EDGE('',*,*,#10255,.F.);
#10255 = EDGE_CURVE('',#10227,#10249,#10256,.T.);
#10256 = B_SPLINE_CURVE_WITH_KNOTS('',1,(#10257,#10258),.UNSPECIFIED.,
  .F.,.F.,(2,2),(-2.280535696444E-02,0.),.PIECEWISE_BEZIER_KNOTS.);
#10257 = CARTESIAN_POINT('',(-0.358842532185,-1.01,0.668792171186));
#10258 = CARTESIAN_POINT('',(-0.358842532185,-1.01,0.69159752815));
#10259 = ORIENTED_EDGE('',*,*,#10226,.T.);
#10260 = B_SPLINE_SURFACE_WITH_KNOTS('',1,1,(
    (#10261,#10262)
    ,(#10263,#10264
    )),.UNSPECIFIED.,.F.,.F.,.F.,(2,2),(2,2),(-2.280535696444E-02,0.),(
    0.,1.E-02),.PIECEWISE_BEZIER_KNOTS.);
#10261 = CARTESIAN_POINT('',(-0.358842532185,-1.01,0.668792171186));
#10262 = CARTESIAN_POINT('',(-0.358842532185,-1.,0.668792171186));
#10263 = CARTESIAN_POINT('',(-0.358842532185,-1.01,0.69159752815));
#10264 = CARTESIAN_POINT('',(-0.358842532185,-1.,0.69159752815));
#10265 = ADVANCED_FACE('',(#10266),#10282,.F.);
#10266 = FACE_BOUND('',#10267,.T.);
#10267 = EDGE_LOOP('',(#10268,#10269,#10276,#10281));
#10268 = ORIENTED_EDGE('',*,*,#1125,.T.);
#10269 = ORIENTED_EDGE('',*,*,#10270,.F.);
#10270 = EDGE_CURVE('',#10271,#1119,#10273,.T.);
#10271 = VERTEX_POINT('',#10272);
#10272 = CARTESIAN_POINT('',(-0.334598843436,-1.01,0.69159752815));
#10273 = B_SPLINE_CURVE_WITH_KNOTS('',1,(#10274,#10275),.UNSPECIFIED.,
  .F.,.F.,(2,2),(0.,1.E-02),.PIECEWISE_BEZIER_KNOTS.);
#10274 = CARTESIAN_POINT('',(-0.334598843436,-1.01,0.69159752815));
#10275 = CARTESIAN_POINT('',(-0.334598843436,-1.,0.69159752815));
#10276 = ORIENTED_EDGE('',*,*,#10277,.F.);
#10277 = EDGE_CURVE('',#10249,#10271,#10278,.T.);
#10278 = B_SPLINE_CURVE_WITH_KNOTS('',1,(#10279,#10280),.UNSPECIFIED.,
  .F.,.F.,(2,2),(-2.424368874843E-02,0.),.PIECEWISE_BEZIER_KNOTS.);
#10279 = CARTESIAN_POINT('',(-0.358842532185,-1.01,0.69159752815));
#10280 = CARTESIAN_POINT('',(-0.334598843436,-1.01,0.69159752815));
#10281 = ORIENTED_EDGE('',*,*,#10248,.T.);
#10282 = B_SPLINE_SURFACE_WITH_KNOTS('',1,1,(
    (#10283,#10284)
    ,(#10285,#10286
    )),.UNSPECIFIED.,.F.,.F.,.F.,(2,2),(2,2),(-2.424368874843E-02,0.),(
    0.,1.E-02),.PIECEWISE_BEZIER_KNOTS.);
#10283 = CARTESIAN_POINT('',(-0.358842532185,-1.01,0.69159752815));
#10284 = CARTESIAN_POINT('',(-0.358842532185,-1.,0.69159752815));
#10285 = CARTESIAN_POINT('',(-0.334598843436,-1.01,0.69159752815));
#10286 = CARTESIAN_POINT('',(-0.334598843436,-1.,0.69159752815));
#10287 = ADVANCED_FACE('',(#10288),#10304,.F.);
#10288 = FACE_BOUND('',#10289,.T.);
#10289 = EDGE_LOOP('',(#10290,#10291,#10298,#10303));
#10290 = ORIENTED_EDGE('',*,*,#1118,.T.);
#10291 = ORIENTED_EDGE('',*,*,#10292,.F.);
#10292 = EDGE_CURVE('',#10293,#1112,#10295,.T.);
#10293 = VERTEX_POINT('',#10294);
#10294 = CARTESIAN_POINT('',(-0.334598843436,-1.01,0.699361053926));
#10295 = B_SPLINE_CURVE_WITH_KNOTS('',1,(#10296,#10297),.UNSPECIFIED.,
  .F.,.F.,(2,2),(0.,1.E-02),.PIECEWISE_BEZIER_KNOTS.);
#10296 = CARTESIAN_POINT('',(-0.334598843436,-1.01,0.699361053926));
#10297 = CARTESIAN_POINT('',(-0.334598843436,-1.,0.699361053926));
#10298 = ORIENTED_EDGE('',*,*,#10299,.F.);
#10299 = EDGE_CURVE('',#10271,#10293,#10300,.T.);
#10300 = B_SPLINE_CURVE_WITH_KNOTS('',1,(#10301,#10302),.UNSPECIFIED.,
  .F.,.F.,(2,2),(-7.763525775099E-03,0.),.PIECEWISE_BEZIER_KNOTS.);
#10301 = CARTESIAN_POINT('',(-0.334598843436,-1.01,0.69159752815));
#10302 = CARTESIAN_POINT('',(-0.334598843436,-1.01,0.699361053926));
#10303 = ORIENTED_EDGE('',*,*,#10270,.T.);
#10304 = B_SPLINE_SURFACE_WITH_KNOTS('',1,1,(
    (#10305,#10306)
    ,(#10307,#10308
    )),.UNSPECIFIED.,.F.,.F.,.F.,(2,2),(2,2),(-7.763525775099E-03,0.),(
    0.,1.E-02),.PIECEWISE_BEZIER_KNOTS.);
#10305 = CARTESIAN_POINT('',(-0.334598843436,-1.01,0.69159752815));
#10306 = CARTESIAN_POINT('',(-0.334598843436,-1.,0.69159752815));
#10307 = CARTESIAN_POINT('',(-0.334598843436,-1.01,0.699361053926));
#10308 = CARTESIAN_POINT('',(-0.334598843436,-1.,0.699361053926));
#10309 = ADVANCED_FACE('',(#10310),#10326,.F.);
#10310 = FACE_BOUND('',#10311,.T.);
#10311 = EDGE_LOOP('',(#10312,#10313,#10320,#10325));
#10312 = ORIENTED_EDGE('',*,*,#1111,.T.);
#10313 = ORIENTED_EDGE('',*,*,#10314,.F.);
#10314 = EDGE_CURVE('',#10315,#1105,#10317,.T.);
#10315 = VERTEX_POINT('',#10316);
#10316 = CARTESIAN_POINT('',(-0.358842532185,-1.01,0.699361053926));
#10317 = B_SPLINE_CURVE_WITH_KNOTS('',1,(#10318,#10319),.UNSPECIFIED.,
  .F.,.F.,(2,2),(0.,1.E-02),.PIECEWISE_BEZIER_KNOTS.);
#10318 = CARTESIAN_POINT('',(-0.358842532185,-1.01,0.699361053926));
#10319 = CARTESIAN_POINT('',(-0.358842532185,-1.,0.699361053926));
#10320 = ORIENTED_EDGE('',*,*,#10321,.F.);
#10321 = EDGE_CURVE('',#10293,#10315,#10322,.T.);
#10322 = B_SPLINE_CURVE_WITH_KNOTS('',1,(#10323,#10324),.UNSPECIFIED.,
  .F.,.F.,(2,2),(-2.424368874843E-02,-0.),.PIECEWISE_BEZIER_KNOTS.);
#10323 = CARTESIAN_POINT('',(-0.334598843436,-1.01,0.699361053926));
#10324 = CARTESIAN_POINT('',(-0.358842532185,-1.01,0.699361053926));
#10325 = ORIENTED_EDGE('',*,*,#10292,.T.);
#10326 = B_SPLINE_SURFACE_WITH_KNOTS('',1,1,(
    (#10327,#10328)
    ,(#10329,#10330
    )),.UNSPECIFIED.,.F.,.F.,.F.,(2,2),(2,2),(-2.424368874843E-02,0.),(
    0.,1.E-02),.PIECEWISE_BEZIER_KNOTS.);
#10327 = CARTESIAN_POINT('',(-0.334598843436,-1.01,0.699361053926));
#10328 = CARTESIAN_POINT('',(-0.334598843436,-1.,0.699361053926));
#10329 = CARTESIAN_POINT('',(-0.358842532185,-1.01,0.699361053926));
#10330 = CARTESIAN_POINT('',(-0.358842532185,-1.,0.699361053926));
#10331 = ADVANCED_FACE('',(#10332),#10348,.F.);
#10332 = FACE_BOUND('',#10333,.T.);
#10333 = EDGE_LOOP('',(#10334,#10335,#10342,#10347));
#10334 = ORIENTED_EDGE('',*,*,#1104,.T.);
#10335 = ORIENTED_EDGE('',*,*,#10336,.F.);
#10336 = EDGE_CURVE('',#10337,#1098,#10339,.T.);
#10337 = VERTEX_POINT('',#10338);
#10338 = CARTESIAN_POINT('',(-0.358842532185,-1.01,0.72105733578));
#10339 = B_SPLINE_CURVE_WITH_KNOTS('',1,(#10340,#10341),.UNSPECIFIED.,
  .F.,.F.,(2,2),(0.,1.E-02),.PIECEWISE_BEZIER_KNOTS.);
#10340 = CARTESIAN_POINT('',(-0.358842532185,-1.01,0.72105733578));
#10341 = CARTESIAN_POINT('',(-0.358842532185,-1.,0.72105733578));
#10342 = ORIENTED_EDGE('',*,*,#10343,.F.);
#10343 = EDGE_CURVE('',#10315,#10337,#10344,.T.);
#10344 = B_SPLINE_CURVE_WITH_KNOTS('',1,(#10345,#10346),.UNSPECIFIED.,
  .F.,.F.,(2,2),(-2.169628185404E-02,0.),.PIECEWISE_BEZIER_KNOTS.);
#10345 = CARTESIAN_POINT('',(-0.358842532185,-1.01,0.699361053926));
#10346 = CARTESIAN_POINT('',(-0.358842532185,-1.01,0.72105733578));
#10347 = ORIENTED_EDGE('',*,*,#10314,.T.);
#10348 = B_SPLINE_SURFACE_WITH_KNOTS('',1,1,(
    (#10349,#10350)
    ,(#10351,#10352
    )),.UNSPECIFIED.,.F.,.F.,.F.,(2,2),(2,2),(-2.169628185404E-02,0.),(
    0.,1.E-02),.PIECEWISE_BEZIER_KNOTS.);
#10349 = CARTESIAN_POINT('',(-0.358842532185,-1.01,0.699361053926));
#10350 = CARTESIAN_POINT('',(-0.358842532185,-1.,0.699361053926));
#10351 = CARTESIAN_POINT('',(-0.358842532185,-1.01,0.72105733578));
#10352 = CARTESIAN_POINT('',(-0.358842532185,-1.,0.72105733578));
#10353 = ADVANCED_FACE('',(#10354),#10370,.F.);
#10354 = FACE_BOUND('',#10355,.T.);
#10355 = EDGE_LOOP('',(#10356,#10357,#10364,#10369));
#10356 = ORIENTED_EDGE('',*,*,#1097,.T.);
#10357 = ORIENTED_EDGE('',*,*,#10358,.F.);
#10358 = EDGE_CURVE('',#10359,#1091,#10361,.T.);
#10359 = VERTEX_POINT('',#10360);
#10360 = CARTESIAN_POINT('',(-0.332675291291,-1.01,0.72105733578));
#10361 = B_SPLINE_CURVE_WITH_KNOTS('',1,(#10362,#10363),.UNSPECIFIED.,
  .F.,.F.,(2,2),(0.,1.E-02),.PIECEWISE_BEZIER_KNOTS.);
#10362 = CARTESIAN_POINT('',(-0.332675291291,-1.01,0.72105733578));
#10363 = CARTESIAN_POINT('',(-0.332675291291,-1.,0.72105733578));
#10364 = ORIENTED_EDGE('',*,*,#10365,.F.);
#10365 = EDGE_CURVE('',#10337,#10359,#10366,.T.);
#10366 = B_SPLINE_CURVE_WITH_KNOTS('',1,(#10367,#10368),.UNSPECIFIED.,
  .F.,.F.,(2,2),(-2.616724089373E-02,0.),.PIECEWISE_BEZIER_KNOTS.);
#10367 = CARTESIAN_POINT('',(-0.358842532185,-1.01,0.72105733578));
#10368 = CARTESIAN_POINT('',(-0.332675291291,-1.01,0.72105733578));
#10369 = ORIENTED_EDGE('',*,*,#10336,.T.);
#10370 = B_SPLINE_SURFACE_WITH_KNOTS('',1,1,(
    (#10371,#10372)
    ,(#10373,#10374
    )),.UNSPECIFIED.,.F.,.F.,.F.,(2,2),(2,2),(-2.616724089373E-02,0.),(
    0.,1.E-02),.PIECEWISE_BEZIER_KNOTS.);
#10371 = CARTESIAN_POINT('',(-0.358842532185,-1.01,0.72105733578));
#10372 = CARTESIAN_POINT('',(-0.358842532185,-1.,0.72105733578));
#10373 = CARTESIAN_POINT('',(-0.332675291291,-1.01,0.72105733578));
#10374 = CARTESIAN_POINT('',(-0.332675291291,-1.,0.72105733578));
#10375 = ADVANCED_FACE('',(#10376),#10392,.F.);
#10376 = FACE_BOUND('',#10377,.T.);
#10377 = EDGE_LOOP('',(#10378,#10379,#10386,#10391));
#10378 = ORIENTED_EDGE('',*,*,#1090,.T.);
#10379 = ORIENTED_EDGE('',*,*,#10380,.F.);
#10380 = EDGE_CURVE('',#10381,#1084,#10383,.T.);
#10381 = VERTEX_POINT('',#10382);
#10382 = CARTESIAN_POINT('',(-0.332675291291,-1.01,0.728855520152));
#10383 = B_SPLINE_CURVE_WITH_KNOTS('',1,(#10384,#10385),.UNSPECIFIED.,
  .F.,.F.,(2,2),(0.,1.E-02),.PIECEWISE_BEZIER_KNOTS.);
#10384 = CARTESIAN_POINT('',(-0.332675291291,-1.01,0.728855520152));
#10385 = CARTESIAN_POINT('',(-0.332675291291,-1.,0.728855520152));
#10386 = ORIENTED_EDGE('',*,*,#10387,.F.);
#10387 = EDGE_CURVE('',#10359,#10381,#10388,.T.);
#10388 = B_SPLINE_CURVE_WITH_KNOTS('',1,(#10389,#10390),.UNSPECIFIED.,
  .F.,.F.,(2,2),(-7.79818437227E-03,0.),.PIECEWISE_BEZIER_KNOTS.);
#10389 = CARTESIAN_POINT('',(-0.332675291291,-1.01,0.72105733578));
#10390 = CARTESIAN_POINT('',(-0.332675291291,-1.01,0.728855520152));
#10391 = ORIENTED_EDGE('',*,*,#10358,.T.);
#10392 = B_SPLINE_SURFACE_WITH_KNOTS('',1,1,(
    (#10393,#10394)
    ,(#10395,#10396
    )),.UNSPECIFIED.,.F.,.F.,.F.,(2,2),(2,2),(-7.79818437227E-03,0.),(0.
    ,1.E-02),.PIECEWISE_BEZIER_KNOTS.);
#10393 = CARTESIAN_POINT('',(-0.332675291291,-1.01,0.72105733578));
#10394 = CARTESIAN_POINT('',(-0.332675291291,-1.,0.72105733578));
#10395 = CARTESIAN_POINT('',(-0.332675291291,-1.01,0.728855520152));
#10396 = CARTESIAN_POINT('',(-0.332675291291,-1.,0.728855520152));
#10397 = ADVANCED_FACE('',(#10398),#10414,.F.);
#10398 = FACE_BOUND('',#10399,.T.);
#10399 = EDGE_LOOP('',(#10400,#10401,#10408,#10413));
#10400 = ORIENTED_EDGE('',*,*,#1083,.T.);
#10401 = ORIENTED_EDGE('',*,*,#10402,.F.);
#10402 = EDGE_CURVE('',#10403,#1077,#10405,.T.);
#10403 = VERTEX_POINT('',#10404);
#10404 = CARTESIAN_POINT('',(-0.367593827981,-1.01,0.728855520152));
#10405 = B_SPLINE_CURVE_WITH_KNOTS('',1,(#10406,#10407),.UNSPECIFIED.,
  .F.,.F.,(2,2),(0.,1.E-02),.PIECEWISE_BEZIER_KNOTS.);
#10406 = CARTESIAN_POINT('',(-0.367593827981,-1.01,0.728855520152));
#10407 = CARTESIAN_POINT('',(-0.367593827981,-1.,0.728855520152));
#10408 = ORIENTED_EDGE('',*,*,#10409,.F.);
#10409 = EDGE_CURVE('',#10381,#10403,#10410,.T.);
#10410 = B_SPLINE_CURVE_WITH_KNOTS('',1,(#10411,#10412),.UNSPECIFIED.,
  .F.,.F.,(2,2),(-3.491853668959E-02,-0.),.PIECEWISE_BEZIER_KNOTS.);
#10411 = CARTESIAN_POINT('',(-0.332675291291,-1.01,0.728855520152));
#10412 = CARTESIAN_POINT('',(-0.367593827981,-1.01,0.728855520152));
#10413 = ORIENTED_EDGE('',*,*,#10380,.T.);
#10414 = B_SPLINE_SURFACE_WITH_KNOTS('',1,1,(
    (#10415,#10416)
    ,(#10417,#10418
    )),.UNSPECIFIED.,.F.,.F.,.F.,(2,2),(2,2),(-3.491853668959E-02,0.),(
    0.,1.E-02),.PIECEWISE_BEZIER_KNOTS.);
#10415 = CARTESIAN_POINT('',(-0.332675291291,-1.01,0.728855520152));
#10416 = CARTESIAN_POINT('',(-0.332675291291,-1.,0.728855520152));
#10417 = CARTESIAN_POINT('',(-0.367593827981,-1.01,0.728855520152));
#10418 = CARTESIAN_POINT('',(-0.367593827981,-1.,0.728855520152));
#10419 = ADVANCED_FACE('',(#10420),#10436,.F.);
#10420 = FACE_BOUND('',#10421,.T.);
#10421 = EDGE_LOOP('',(#10422,#10423,#10430,#10435));
#10422 = ORIENTED_EDGE('',*,*,#1076,.T.);
#10423 = ORIENTED_EDGE('',*,*,#10424,.F.);
#10424 = EDGE_CURVE('',#10425,#1070,#10427,.T.);
#10425 = VERTEX_POINT('',#10426);
#10426 = CARTESIAN_POINT('',(-0.367593827981,-1.01,0.661063304008));
#10427 = B_SPLINE_CURVE_WITH_KNOTS('',1,(#10428,#10429),.UNSPECIFIED.,
  .F.,.F.,(2,2),(0.,1.E-02),.PIECEWISE_BEZIER_KNOTS.);
#10428 = CARTESIAN_POINT('',(-0.367593827981,-1.01,0.661063304008));
#10429 = CARTESIAN_POINT('',(-0.367593827981,-1.,0.661063304008));
#10430 = ORIENTED_EDGE('',*,*,#10431,.F.);
#10431 = EDGE_CURVE('',#10403,#10425,#10432,.T.);
#10432 = B_SPLINE_CURVE_WITH_KNOTS('',1,(#10433,#10434),.UNSPECIFIED.,
  .F.,.F.,(2,2),(-6.779221614378E-02,-0.),.PIECEWISE_BEZIER_KNOTS.);
#10433 = CARTESIAN_POINT('',(-0.367593827981,-1.01,0.728855520152));
#10434 = CARTESIAN_POINT('',(-0.367593827981,-1.01,0.661063304008));
#10435 = ORIENTED_EDGE('',*,*,#10402,.T.);
#10436 = B_SPLINE_SURFACE_WITH_KNOTS('',1,1,(
    (#10437,#10438)
    ,(#10439,#10440
    )),.UNSPECIFIED.,.F.,.F.,.F.,(2,2),(2,2),(-6.779221614378E-02,0.),(
    0.,1.E-02),.PIECEWISE_BEZIER_KNOTS.);
#10437 = CARTESIAN_POINT('',(-0.367593827981,-1.01,0.728855520152));
#10438 = CARTESIAN_POINT('',(-0.367593827981,-1.,0.728855520152));
#10439 = CARTESIAN_POINT('',(-0.367593827981,-1.01,0.661063304008));
#10440 = CARTESIAN_POINT('',(-0.367593827981,-1.,0.661063304008));
#10441 = ADVANCED_FACE('',(#10442),#10452,.F.);
#10442 = FACE_BOUND('',#10443,.T.);
#10443 = EDGE_LOOP('',(#10444,#10445,#10446,#10451));
#10444 = ORIENTED_EDGE('',*,*,#1069,.T.);
#10445 = ORIENTED_EDGE('',*,*,#10212,.F.);
#10446 = ORIENTED_EDGE('',*,*,#10447,.F.);
#10447 = EDGE_CURVE('',#10425,#10206,#10448,.T.);
#10448 = B_SPLINE_CURVE_WITH_KNOTS('',1,(#10449,#10450),.UNSPECIFIED.,
  .F.,.F.,(2,2),(-3.646084426555E-02,0.),.PIECEWISE_BEZIER_KNOTS.);
#10449 = CARTESIAN_POINT('',(-0.367593827981,-1.01,0.661063304008));
#10450 = CARTESIAN_POINT('',(-0.331132983715,-1.01,0.661063304008));
#10451 = ORIENTED_EDGE('',*,*,#10424,.T.);
#10452 = B_SPLINE_SURFACE_WITH_KNOTS('',1,1,(
    (#10453,#10454)
    ,(#10455,#10456
    )),.UNSPECIFIED.,.F.,.F.,.F.,(2,2),(2,2),(-3.646084426555E-02,0.),(
    0.,1.E-02),.PIECEWISE_BEZIER_KNOTS.);
#10453 = CARTESIAN_POINT('',(-0.367593827981,-1.01,0.661063304008));
#10454 = CARTESIAN_POINT('',(-0.367593827981,-1.,0.661063304008));
#10455 = CARTESIAN_POINT('',(-0.331132983715,-1.01,0.661063304008));
#10456 = CARTESIAN_POINT('',(-0.331132983715,-1.,0.661063304008));
#10457 = ADVANCED_FACE('',(#10458),#10472,.F.);
#10458 = FACE_BOUND('',#10459,.T.);
#10459 = EDGE_LOOP('',(#10460,#10461,#10462,#10463,#10464,#10465,#10466,
    #10467,#10468,#10469,#10470,#10471));
#10460 = ORIENTED_EDGE('',*,*,#10205,.T.);
#10461 = ORIENTED_EDGE('',*,*,#10233,.T.);
#10462 = ORIENTED_EDGE('',*,*,#10255,.T.);
#10463 = ORIENTED_EDGE('',*,*,#10277,.T.);
#10464 = ORIENTED_EDGE('',*,*,#10299,.T.);
#10465 = ORIENTED_EDGE('',*,*,#10321,.T.);
#10466 = ORIENTED_EDGE('',*,*,#10343,.T.);
#10467 = ORIENTED_EDGE('',*,*,#10365,.T.);
#10468 = ORIENTED_EDGE('',*,*,#10387,.T.);
#10469 = ORIENTED_EDGE('',*,*,#10409,.T.);
#10470 = ORIENTED_EDGE('',*,*,#10431,.T.);
#10471 = ORIENTED_EDGE('',*,*,#10447,.T.);
#10472 = B_SPLINE_SURFACE_WITH_KNOTS('',1,1,(
    (#10473,#10474)
    ,(#10475,#10476
    )),.UNSPECIFIED.,.F.,.F.,.F.,(2,2),(2,2),(0.641063204008,
    0.708855420152),(-0.367593827981,-0.331132983715),
  .PIECEWISE_BEZIER_KNOTS.);
#10473 = CARTESIAN_POINT('',(-0.367593827981,-1.01,0.661063304008));
#10474 = CARTESIAN_POINT('',(-0.331132983715,-1.01,0.661063304008));
#10475 = CARTESIAN_POINT('',(-0.367593827981,-1.01,0.728855520152));
#10476 = CARTESIAN_POINT('',(-0.331132983715,-1.01,0.728855520152));
#10477 = ADVANCED_FACE('',(#10478,#10537),#10596,.T.);
#10478 = FACE_BOUND('',#10479,.T.);
#10479 = EDGE_LOOP('',(#10480,#10489,#10498,#10507,#10516,#10525,#10532)
  );
#10480 = ORIENTED_EDGE('',*,*,#10481,.T.);
#10481 = EDGE_CURVE('',#10482,#10484,#10486,.T.);
#10482 = VERTEX_POINT('',#10483);
#10483 = CARTESIAN_POINT('',(-0.318326632046,-1.01,0.661063304008));
#10484 = VERTEX_POINT('',#10485);
#10485 = CARTESIAN_POINT('',(-0.299680306746,-1.01,0.661063304008));
#10486 = B_SPLINE_CURVE_WITH_KNOTS('',1,(#10487,#10488),.UNSPECIFIED.,
  .F.,.F.,(2,2),(-1.864632529929E-02,-5.551115123126E-17),
  .PIECEWISE_BEZIER_KNOTS.);
#10487 = CARTESIAN_POINT('',(-0.318326632046,-1.01,0.661063304008));
#10488 = CARTESIAN_POINT('',(-0.299680306746,-1.01,0.661063304008));
#10489 = ORIENTED_EDGE('',*,*,#10490,.T.);
#10490 = EDGE_CURVE('',#10484,#10491,#10493,.T.);
#10491 = VERTEX_POINT('',#10492);
#10492 = CARTESIAN_POINT('',(-0.273357102165,-1.01,0.670559759644));
#10493 = B_SPLINE_CURVE_WITH_KNOTS('',3,(#10494,#10495,#10496,#10497),
  .UNSPECIFIED.,.F.,.F.,(4,4),(5.,6.),.PIECEWISE_BEZIER_KNOTS.);
#10494 = CARTESIAN_POINT('',(-0.299680306746,-1.01,0.661063304008));
#10495 = CARTESIAN_POINT('',(-0.28895347091,-1.01,0.661063304008));
#10496 = CARTESIAN_POINT('',(-0.280167516517,-1.01,0.664217236354));
#10497 = CARTESIAN_POINT('',(-0.273357102165,-1.01,0.670559759644));
#10498 = ORIENTED_EDGE('',*,*,#10499,.T.);
#10499 = EDGE_CURVE('',#10491,#10500,#10502,.T.);
#10500 = VERTEX_POINT('',#10501);
#10501 = CARTESIAN_POINT('',(-0.263132815988,-1.01,0.69582587701));
#10502 = B_SPLINE_CURVE_WITH_KNOTS('',3,(#10503,#10504,#10505,#10506),
  .UNSPECIFIED.,.F.,.F.,(4,4),(4.,5.),.PIECEWISE_BEZIER_KNOTS.);
#10503 = CARTESIAN_POINT('',(-0.273357102165,-1.01,0.670559759644));
#10504 = CARTESIAN_POINT('',(-0.266546687813,-1.01,0.676902282933));
#10505 = CARTESIAN_POINT('',(-0.263132815988,-1.01,0.685324322055));
#10506 = CARTESIAN_POINT('',(-0.263132815988,-1.01,0.69582587701));
#10507 = ORIENTED_EDGE('',*,*,#10508,.T.);
#10508 = EDGE_CURVE('',#10500,#10509,#10511,.T.);
#10509 = VERTEX_POINT('',#10510);
#10510 = CARTESIAN_POINT('',(-0.273357102165,-1.01,0.719878943474));
#10511 = B_SPLINE_CURVE_WITH_KNOTS('',3,(#10512,#10513,#10514,#10515),
  .UNSPECIFIED.,.F.,.F.,(4,4),(3.,4.),.PIECEWISE_BEZIER_KNOTS.);
#10512 = CARTESIAN_POINT('',(-0.263132815988,-1.01,0.69582587701));
#10513 = CARTESIAN_POINT('',(-0.263132815988,-1.01,0.705876870201));
#10514 = CARTESIAN_POINT('',(-0.266546687813,-1.01,0.713883006157));
#10515 = CARTESIAN_POINT('',(-0.273357102165,-1.01,0.719878943474));
#10516 = ORIENTED_EDGE('',*,*,#10517,.T.);
#10517 = EDGE_CURVE('',#10509,#10518,#10520,.T.);
#10518 = VERTEX_POINT('',#10519);
#10519 = CARTESIAN_POINT('',(-0.298987134803,-1.01,0.728855520152));
#10520 = B_SPLINE_CURVE_WITH_KNOTS('',3,(#10521,#10522,#10523,#10524),
  .UNSPECIFIED.,.F.,.F.,(4,4),(2.,3.),.PIECEWISE_BEZIER_KNOTS.);
#10521 = CARTESIAN_POINT('',(-0.273357102165,-1.01,0.719878943474));
#10522 = CARTESIAN_POINT('',(-0.280167516517,-1.01,0.725874880791));
#10523 = CARTESIAN_POINT('',(-0.28871086073,-1.01,0.728855520152));
#10524 = CARTESIAN_POINT('',(-0.298987134803,-1.01,0.728855520152));
#10525 = ORIENTED_EDGE('',*,*,#10526,.T.);
#10526 = EDGE_CURVE('',#10518,#10527,#10529,.T.);
#10527 = VERTEX_POINT('',#10528);
#10528 = CARTESIAN_POINT('',(-0.318326632046,-1.01,0.728855520152));
#10529 = B_SPLINE_CURVE_WITH_KNOTS('',1,(#10530,#10531),.UNSPECIFIED.,
  .F.,.F.,(2,2),(-1.933949724317E-02,-0.),.PIECEWISE_BEZIER_KNOTS.);
#10530 = CARTESIAN_POINT('',(-0.298987134803,-1.01,0.728855520152));
#10531 = CARTESIAN_POINT('',(-0.318326632046,-1.01,0.728855520152));
#10532 = ORIENTED_EDGE('',*,*,#10533,.T.);
#10533 = EDGE_CURVE('',#10527,#10482,#10534,.T.);
#10534 = B_SPLINE_CURVE_WITH_KNOTS('',1,(#10535,#10536),.UNSPECIFIED.,
  .F.,.F.,(2,2),(-6.779221614378E-02,-0.),.PIECEWISE_BEZIER_KNOTS.);
#10535 = CARTESIAN_POINT('',(-0.318326632046,-1.01,0.728855520152));
#10536 = CARTESIAN_POINT('',(-0.318326632046,-1.01,0.661063304008));
#10537 = FACE_BOUND('',#10538,.T.);
#10538 = EDGE_LOOP('',(#10539,#10548,#10555,#10564,#10573,#10582,#10591)
  );
#10539 = ORIENTED_EDGE('',*,*,#10540,.F.);
#10540 = EDGE_CURVE('',#10541,#10543,#10545,.T.);
#10541 = VERTEX_POINT('',#10542);
#10542 = CARTESIAN_POINT('',(-0.30957533625,-1.01,0.72105733578));
#10543 = VERTEX_POINT('',#10544);
#10544 = CARTESIAN_POINT('',(-0.30957533625,-1.01,0.668792171186));
#10545 = B_SPLINE_CURVE_WITH_KNOTS('',1,(#10546,#10547),.UNSPECIFIED.,
  .F.,.F.,(2,2),(0.,5.226516459358E-02),.PIECEWISE_BEZIER_KNOTS.);
#10546 = CARTESIAN_POINT('',(-0.30957533625,-1.01,0.72105733578));
#10547 = CARTESIAN_POINT('',(-0.30957533625,-1.01,0.668792171186));
#10548 = ORIENTED_EDGE('',*,*,#10549,.F.);
#10549 = EDGE_CURVE('',#10550,#10541,#10552,.T.);
#10550 = VERTEX_POINT('',#10551);
#10551 = CARTESIAN_POINT('',(-0.299333720775,-1.01,0.72105733578));
#10552 = B_SPLINE_CURVE_WITH_KNOTS('',1,(#10553,#10554),.UNSPECIFIED.,
  .F.,.F.,(2,2),(0.,1.02416154756E-02),.PIECEWISE_BEZIER_KNOTS.);
#10553 = CARTESIAN_POINT('',(-0.299333720775,-1.01,0.72105733578));
#10554 = CARTESIAN_POINT('',(-0.30957533625,-1.01,0.72105733578));
#10555 = ORIENTED_EDGE('',*,*,#10556,.F.);
#10556 = EDGE_CURVE('',#10557,#10550,#10559,.T.);
#10557 = VERTEX_POINT('',#10558);
#10558 = CARTESIAN_POINT('',(-0.279768942649,-1.01,0.714680153893));
#10559 = B_SPLINE_CURVE_WITH_KNOTS('',3,(#10560,#10561,#10562,#10563),
  .UNSPECIFIED.,.F.,.F.,(4,4),(5.,6.),.PIECEWISE_BEZIER_KNOTS.);
#10560 = CARTESIAN_POINT('',(-0.279768942649,-1.01,0.714680153893));
#10561 = CARTESIAN_POINT('',(-0.28472512205,-1.01,0.718943161349));
#10562 = CARTESIAN_POINT('',(-0.291258267625,-1.01,0.72105733578));
#10563 = CARTESIAN_POINT('',(-0.299333720775,-1.01,0.72105733578));
#10564 = ORIENTED_EDGE('',*,*,#10565,.F.);
#10565 = EDGE_CURVE('',#10566,#10557,#10568,.T.);
#10566 = VERTEX_POINT('',#10567);
#10567 = CARTESIAN_POINT('',(-0.272334673548,-1.01,0.69558326683));
#10568 = B_SPLINE_CURVE_WITH_KNOTS('',3,(#10569,#10570,#10571,#10572),
  .UNSPECIFIED.,.F.,.F.,(4,4),(4.,5.),.PIECEWISE_BEZIER_KNOTS.);
#10569 = CARTESIAN_POINT('',(-0.272334673548,-1.01,0.69558326683));
#10570 = CARTESIAN_POINT('',(-0.272334673548,-1.01,0.704039964549));
#10571 = CARTESIAN_POINT('',(-0.274812763248,-1.01,0.710417146436));
#10572 = CARTESIAN_POINT('',(-0.279768942649,-1.01,0.714680153893));
#10573 = ORIENTED_EDGE('',*,*,#10574,.F.);
#10574 = EDGE_CURVE('',#10575,#10566,#10577,.T.);
#10575 = VERTEX_POINT('',#10576);
#10576 = CARTESIAN_POINT('',(-0.279578320365,-1.01,0.675862525017));
#10577 = B_SPLINE_CURVE_WITH_KNOTS('',3,(#10578,#10579,#10580,#10581),
  .UNSPECIFIED.,.F.,.F.,(4,4),(3.,4.),.PIECEWISE_BEZIER_KNOTS.);
#10578 = CARTESIAN_POINT('',(-0.279578320365,-1.01,0.675862525017));
#10579 = CARTESIAN_POINT('',(-0.274743446054,-1.01,0.68054143564));
#10580 = CARTESIAN_POINT('',(-0.272334673548,-1.01,0.68712656911));
#10581 = CARTESIAN_POINT('',(-0.272334673548,-1.01,0.69558326683));
#10582 = ORIENTED_EDGE('',*,*,#10583,.F.);
#10583 = EDGE_CURVE('',#10584,#10575,#10586,.T.);
#10584 = VERTEX_POINT('',#10585);
#10585 = CARTESIAN_POINT('',(-0.299732294643,-1.01,0.668792171186));
#10586 = B_SPLINE_CURVE_WITH_KNOTS('',3,(#10587,#10588,#10589,#10590),
  .UNSPECIFIED.,.F.,.F.,(4,4),(2.,3.),.PIECEWISE_BEZIER_KNOTS.);
#10587 = CARTESIAN_POINT('',(-0.299732294643,-1.01,0.668792171186));
#10588 = CARTESIAN_POINT('',(-0.291119633236,-1.01,0.668792171186));
#10589 = CARTESIAN_POINT('',(-0.284395865377,-1.01,0.671148955796));
#10590 = CARTESIAN_POINT('',(-0.279578320365,-1.01,0.675862525017));
#10591 = ORIENTED_EDGE('',*,*,#10592,.F.);
#10592 = EDGE_CURVE('',#10543,#10584,#10593,.T.);
#10593 = B_SPLINE_CURVE_WITH_KNOTS('',1,(#10594,#10595),.UNSPECIFIED.,
  .F.,.F.,(2,2),(0.,9.843041607674E-03),.PIECEWISE_BEZIER_KNOTS.);
#10594 = CARTESIAN_POINT('',(-0.30957533625,-1.01,0.668792171186));
#10595 = CARTESIAN_POINT('',(-0.299732294643,-1.01,0.668792171186));
#10596 = B_SPLINE_SURFACE_WITH_KNOTS('',1,1,(
    (#10597,#10598)
    ,(#10599,#10600
    )),.UNSPECIFIED.,.F.,.F.,.F.,(2,2),(2,2),(-2.239811844837E-03,
    6.555240429894E-02),(-3.345421095721E-02,2.173960510056E-02),
  .PIECEWISE_BEZIER_KNOTS.);
#10597 = CARTESIAN_POINT('',(-0.318326632046,-1.01,0.728855520152));
#10598 = CARTESIAN_POINT('',(-0.263132815988,-1.01,0.728855520152));
#10599 = CARTESIAN_POINT('',(-0.318326632046,-1.01,0.661063304008));
#10600 = CARTESIAN_POINT('',(-0.263132815988,-1.01,0.661063304008));
#10601 = ADVANCED_FACE('',(#10602),#10616,.F.);
#10602 = FACE_BOUND('',#10603,.T.);
#10603 = EDGE_LOOP('',(#10604,#10605,#10610,#10611));
#10604 = ORIENTED_EDGE('',*,*,#1146,.T.);
#10605 = ORIENTED_EDGE('',*,*,#10606,.F.);
#10606 = EDGE_CURVE('',#10484,#1149,#10607,.T.);
#10607 = B_SPLINE_CURVE_WITH_KNOTS('',1,(#10608,#10609),.UNSPECIFIED.,
  .F.,.F.,(2,2),(0.,1.E-02),.PIECEWISE_BEZIER_KNOTS.);
#10608 = CARTESIAN_POINT('',(-0.299680306746,-1.01,0.661063304008));
#10609 = CARTESIAN_POINT('',(-0.299680306746,-1.,0.661063304008));
#10610 = ORIENTED_EDGE('',*,*,#10481,.F.);
#10611 = ORIENTED_EDGE('',*,*,#10612,.T.);
#10612 = EDGE_CURVE('',#10482,#1147,#10613,.T.);
#10613 = B_SPLINE_CURVE_WITH_KNOTS('',1,(#10614,#10615),.UNSPECIFIED.,
  .F.,.F.,(2,2),(0.,1.E-02),.PIECEWISE_BEZIER_KNOTS.);
#10614 = CARTESIAN_POINT('',(-0.318326632046,-1.01,0.661063304008));
#10615 = CARTESIAN_POINT('',(-0.318326632046,-1.,0.661063304008));
#10616 = B_SPLINE_SURFACE_WITH_KNOTS('',1,1,(
    (#10617,#10618)
    ,(#10619,#10620
    )),.UNSPECIFIED.,.F.,.F.,.F.,(2,2),(2,2),(-1.864632529929E-02,
    -5.551115123126E-17),(0.,1.E-02),.PIECEWISE_BEZIER_KNOTS.);
#10617 = CARTESIAN_POINT('',(-0.318326632046,-1.01,0.661063304008));
#10618 = CARTESIAN_POINT('',(-0.318326632046,-1.,0.661063304008));
#10619 = CARTESIAN_POINT('',(-0.299680306746,-1.01,0.661063304008));
#10620 = CARTESIAN_POINT('',(-0.299680306746,-1.,0.661063304008));
#10621 = ADVANCED_FACE('',(#10622),#10632,.F.);
#10622 = FACE_BOUND('',#10623,.F.);
#10623 = EDGE_LOOP('',(#10624,#10625,#10626,#10631));
#10624 = ORIENTED_EDGE('',*,*,#10606,.F.);
#10625 = ORIENTED_EDGE('',*,*,#10490,.T.);
#10626 = ORIENTED_EDGE('',*,*,#10627,.T.);
#10627 = EDGE_CURVE('',#10491,#1188,#10628,.T.);
#10628 = B_SPLINE_CURVE_WITH_KNOTS('',1,(#10629,#10630),.UNSPECIFIED.,
  .F.,.F.,(2,2),(0.,1.E-02),.PIECEWISE_BEZIER_KNOTS.);
#10629 = CARTESIAN_POINT('',(-0.273357102165,-1.01,0.670559759644));
#10630 = CARTESIAN_POINT('',(-0.273357102165,-1.,0.670559759644));
#10631 = ORIENTED_EDGE('',*,*,#1196,.F.);
#10632 = B_SPLINE_SURFACE_WITH_KNOTS('',3,1,(
    (#10633,#10634)
    ,(#10635,#10636)
    ,(#10637,#10638)
    ,(#10639,#10640
    )),.UNSPECIFIED.,.F.,.F.,.F.,(4,4),(2,2),(5.,6.),(0.,1.),
  .PIECEWISE_BEZIER_KNOTS.);
#10633 = CARTESIAN_POINT('',(-0.299680306746,-1.01,0.661063304008));
#10634 = CARTESIAN_POINT('',(-0.299680306746,-1.,0.661063304008));
#10635 = CARTESIAN_POINT('',(-0.28895347091,-1.01,0.661063304008));
#10636 = CARTESIAN_POINT('',(-0.28895347091,-1.,0.661063304008));
#10637 = CARTESIAN_POINT('',(-0.280167516517,-1.01,0.664217236354));
#10638 = CARTESIAN_POINT('',(-0.280167516517,-1.,0.664217236354));
#10639 = CARTESIAN_POINT('',(-0.273357102165,-1.01,0.670559759644));
#10640 = CARTESIAN_POINT('',(-0.273357102165,-1.,0.670559759644));
#10641 = ADVANCED_FACE('',(#10642),#10652,.F.);
#10642 = FACE_BOUND('',#10643,.F.);
#10643 = EDGE_LOOP('',(#10644,#10645,#10646,#10651));
#10644 = ORIENTED_EDGE('',*,*,#10627,.F.);
#10645 = ORIENTED_EDGE('',*,*,#10499,.T.);
#10646 = ORIENTED_EDGE('',*,*,#10647,.T.);
#10647 = EDGE_CURVE('',#10500,#1179,#10648,.T.);
#10648 = B_SPLINE_CURVE_WITH_KNOTS('',1,(#10649,#10650),.UNSPECIFIED.,
  .F.,.F.,(2,2),(0.,1.E-02),.PIECEWISE_BEZIER_KNOTS.);
#10649 = CARTESIAN_POINT('',(-0.263132815988,-1.01,0.69582587701));
#10650 = CARTESIAN_POINT('',(-0.263132815988,-1.,0.69582587701));
#10651 = ORIENTED_EDGE('',*,*,#1187,.F.);
#10652 = B_SPLINE_SURFACE_WITH_KNOTS('',3,1,(
    (#10653,#10654)
    ,(#10655,#10656)
    ,(#10657,#10658)
    ,(#10659,#10660
    )),.UNSPECIFIED.,.F.,.F.,.F.,(4,4),(2,2),(4.,5.),(0.,1.),
  .PIECEWISE_BEZIER_KNOTS.);
#10653 = CARTESIAN_POINT('',(-0.273357102165,-1.01,0.670559759644));
#10654 = CARTESIAN_POINT('',(-0.273357102165,-1.,0.670559759644));
#10655 = CARTESIAN_POINT('',(-0.266546687813,-1.01,0.676902282933));
#10656 = CARTESIAN_POINT('',(-0.266546687813,-1.,0.676902282933));
#10657 = CARTESIAN_POINT('',(-0.263132815988,-1.01,0.685324322055));
#10658 = CARTESIAN_POINT('',(-0.263132815988,-1.,0.685324322055));
#10659 = CARTESIAN_POINT('',(-0.263132815988,-1.01,0.69582587701));
#10660 = CARTESIAN_POINT('',(-0.263132815988,-1.,0.69582587701));
#10661 = ADVANCED_FACE('',(#10662),#10672,.F.);
#10662 = FACE_BOUND('',#10663,.F.);
#10663 = EDGE_LOOP('',(#10664,#10665,#10666,#10671));
#10664 = ORIENTED_EDGE('',*,*,#10647,.F.);
#10665 = ORIENTED_EDGE('',*,*,#10508,.T.);
#10666 = ORIENTED_EDGE('',*,*,#10667,.T.);
#10667 = EDGE_CURVE('',#10509,#1170,#10668,.T.);
#10668 = B_SPLINE_CURVE_WITH_KNOTS('',1,(#10669,#10670),.UNSPECIFIED.,
  .F.,.F.,(2,2),(0.,1.E-02),.PIECEWISE_BEZIER_KNOTS.);
#10669 = CARTESIAN_POINT('',(-0.273357102165,-1.01,0.719878943474));
#10670 = CARTESIAN_POINT('',(-0.273357102165,-1.,0.719878943474));
#10671 = ORIENTED_EDGE('',*,*,#1178,.F.);
#10672 = B_SPLINE_SURFACE_WITH_KNOTS('',3,1,(
    (#10673,#10674)
    ,(#10675,#10676)
    ,(#10677,#10678)
    ,(#10679,#10680
    )),.UNSPECIFIED.,.F.,.F.,.F.,(4,4),(2,2),(3.,4.),(0.,1.),
  .PIECEWISE_BEZIER_KNOTS.);
#10673 = CARTESIAN_POINT('',(-0.263132815988,-1.01,0.69582587701));
#10674 = CARTESIAN_POINT('',(-0.263132815988,-1.,0.69582587701));
#10675 = CARTESIAN_POINT('',(-0.263132815988,-1.01,0.705876870201));
#10676 = CARTESIAN_POINT('',(-0.263132815988,-1.,0.705876870201));
#10677 = CARTESIAN_POINT('',(-0.266546687813,-1.01,0.713883006157));
#10678 = CARTESIAN_POINT('',(-0.266546687813,-1.,0.713883006157));
#10679 = CARTESIAN_POINT('',(-0.273357102165,-1.01,0.719878943474));
#10680 = CARTESIAN_POINT('',(-0.273357102165,-1.,0.719878943474));
#10681 = ADVANCED_FACE('',(#10682),#10692,.F.);
#10682 = FACE_BOUND('',#10683,.F.);
#10683 = EDGE_LOOP('',(#10684,#10685,#10686,#10691));
#10684 = ORIENTED_EDGE('',*,*,#10667,.F.);
#10685 = ORIENTED_EDGE('',*,*,#10517,.T.);
#10686 = ORIENTED_EDGE('',*,*,#10687,.T.);
#10687 = EDGE_CURVE('',#10518,#1163,#10688,.T.);
#10688 = B_SPLINE_CURVE_WITH_KNOTS('',1,(#10689,#10690),.UNSPECIFIED.,
  .F.,.F.,(2,2),(0.,1.E-02),.PIECEWISE_BEZIER_KNOTS.);
#10689 = CARTESIAN_POINT('',(-0.298987134803,-1.01,0.728855520152));
#10690 = CARTESIAN_POINT('',(-0.298987134803,-1.,0.728855520152));
#10691 = ORIENTED_EDGE('',*,*,#1169,.F.);
#10692 = B_SPLINE_SURFACE_WITH_KNOTS('',3,1,(
    (#10693,#10694)
    ,(#10695,#10696)
    ,(#10697,#10698)
    ,(#10699,#10700
    )),.UNSPECIFIED.,.F.,.F.,.F.,(4,4),(2,2),(2.,3.),(0.,1.),
  .PIECEWISE_BEZIER_KNOTS.);
#10693 = CARTESIAN_POINT('',(-0.273357102165,-1.01,0.719878943474));
#10694 = CARTESIAN_POINT('',(-0.273357102165,-1.,0.719878943474));
#10695 = CARTESIAN_POINT('',(-0.280167516517,-1.01,0.725874880791));
#10696 = CARTESIAN_POINT('',(-0.280167516517,-1.,0.725874880791));
#10697 = CARTESIAN_POINT('',(-0.28871086073,-1.01,0.728855520152));
#10698 = CARTESIAN_POINT('',(-0.28871086073,-1.,0.728855520152));
#10699 = CARTESIAN_POINT('',(-0.298987134803,-1.01,0.728855520152));
#10700 = CARTESIAN_POINT('',(-0.298987134803,-1.,0.728855520152));
#10701 = ADVANCED_FACE('',(#10702),#10712,.F.);
#10702 = FACE_BOUND('',#10703,.T.);
#10703 = EDGE_LOOP('',(#10704,#10705,#10710,#10711));
#10704 = ORIENTED_EDGE('',*,*,#1162,.T.);
#10705 = ORIENTED_EDGE('',*,*,#10706,.F.);
#10706 = EDGE_CURVE('',#10527,#1156,#10707,.T.);
#10707 = B_SPLINE_CURVE_WITH_KNOTS('',1,(#10708,#10709),.UNSPECIFIED.,
  .F.,.F.,(2,2),(0.,1.E-02),.PIECEWISE_BEZIER_KNOTS.);
#10708 = CARTESIAN_POINT('',(-0.318326632046,-1.01,0.728855520152));
#10709 = CARTESIAN_POINT('',(-0.318326632046,-1.,0.728855520152));
#10710 = ORIENTED_EDGE('',*,*,#10526,.F.);
#10711 = ORIENTED_EDGE('',*,*,#10687,.T.);
#10712 = B_SPLINE_SURFACE_WITH_KNOTS('',1,1,(
    (#10713,#10714)
    ,(#10715,#10716
    )),.UNSPECIFIED.,.F.,.F.,.F.,(2,2),(2,2),(-1.933949724317E-02,0.),(
    0.,1.E-02),.PIECEWISE_BEZIER_KNOTS.);
#10713 = CARTESIAN_POINT('',(-0.298987134803,-1.01,0.728855520152));
#10714 = CARTESIAN_POINT('',(-0.298987134803,-1.,0.728855520152));
#10715 = CARTESIAN_POINT('',(-0.318326632046,-1.01,0.728855520152));
#10716 = CARTESIAN_POINT('',(-0.318326632046,-1.,0.728855520152));
#10717 = ADVANCED_FACE('',(#10718),#10724,.F.);
#10718 = FACE_BOUND('',#10719,.T.);
#10719 = EDGE_LOOP('',(#10720,#10721,#10722,#10723));
#10720 = ORIENTED_EDGE('',*,*,#1155,.T.);
#10721 = ORIENTED_EDGE('',*,*,#10612,.F.);
#10722 = ORIENTED_EDGE('',*,*,#10533,.F.);
#10723 = ORIENTED_EDGE('',*,*,#10706,.T.);
#10724 = B_SPLINE_SURFACE_WITH_KNOTS('',1,1,(
    (#10725,#10726)
    ,(#10727,#10728
    )),.UNSPECIFIED.,.F.,.F.,.F.,(2,2),(2,2),(-6.779221614378E-02,0.),(
    0.,1.E-02),.PIECEWISE_BEZIER_KNOTS.);
#10725 = CARTESIAN_POINT('',(-0.318326632046,-1.01,0.728855520152));
#10726 = CARTESIAN_POINT('',(-0.318326632046,-1.,0.728855520152));
#10727 = CARTESIAN_POINT('',(-0.318326632046,-1.01,0.661063304008));
#10728 = CARTESIAN_POINT('',(-0.318326632046,-1.,0.661063304008));
#10729 = ADVANCED_FACE('',(#10730),#10752,.T.);
#10730 = FACE_BOUND('',#10731,.T.);
#10731 = EDGE_LOOP('',(#10732,#10741,#10746,#10747));
#10732 = ORIENTED_EDGE('',*,*,#10733,.F.);
#10733 = EDGE_CURVE('',#10734,#10736,#10738,.T.);
#10734 = VERTEX_POINT('',#10735);
#10735 = CARTESIAN_POINT('',(-0.299333720775,-1.,0.72105733578));
#10736 = VERTEX_POINT('',#10737);
#10737 = CARTESIAN_POINT('',(-0.30957533625,-1.,0.72105733578));
#10738 = B_SPLINE_CURVE_WITH_KNOTS('',1,(#10739,#10740),.UNSPECIFIED.,
  .F.,.F.,(2,2),(0.,1.02416154756E-02),.PIECEWISE_BEZIER_KNOTS.);
#10739 = CARTESIAN_POINT('',(-0.299333720775,-1.,0.72105733578));
#10740 = CARTESIAN_POINT('',(-0.30957533625,-1.,0.72105733578));
#10741 = ORIENTED_EDGE('',*,*,#10742,.F.);
#10742 = EDGE_CURVE('',#10550,#10734,#10743,.T.);
#10743 = B_SPLINE_CURVE_WITH_KNOTS('',1,(#10744,#10745),.UNSPECIFIED.,
  .F.,.F.,(2,2),(0.,1.E-02),.PIECEWISE_BEZIER_KNOTS.);
#10744 = CARTESIAN_POINT('',(-0.299333720775,-1.01,0.72105733578));
#10745 = CARTESIAN_POINT('',(-0.299333720775,-1.,0.72105733578));
#10746 = ORIENTED_EDGE('',*,*,#10549,.T.);
#10747 = ORIENTED_EDGE('',*,*,#10748,.T.);
#10748 = EDGE_CURVE('',#10541,#10736,#10749,.T.);
#10749 = B_SPLINE_CURVE_WITH_KNOTS('',1,(#10750,#10751),.UNSPECIFIED.,
  .F.,.F.,(2,2),(0.,1.E-02),.PIECEWISE_BEZIER_KNOTS.);
#10750 = CARTESIAN_POINT('',(-0.30957533625,-1.01,0.72105733578));
#10751 = CARTESIAN_POINT('',(-0.30957533625,-1.,0.72105733578));
#10752 = B_SPLINE_SURFACE_WITH_KNOTS('',1,1,(
    (#10753,#10754)
    ,(#10755,#10756
    )),.UNSPECIFIED.,.F.,.F.,.F.,(2,2),(2,2),(0.,1.02416154756E-02),(0.,
    1.E-02),.PIECEWISE_BEZIER_KNOTS.);
#10753 = CARTESIAN_POINT('',(-0.299333720775,-1.01,0.72105733578));
#10754 = CARTESIAN_POINT('',(-0.299333720775,-1.,0.72105733578));
#10755 = CARTESIAN_POINT('',(-0.30957533625,-1.01,0.72105733578));
#10756 = CARTESIAN_POINT('',(-0.30957533625,-1.,0.72105733578));
#10757 = ADVANCED_FACE('',(#10758),#10774,.T.);
#10758 = FACE_BOUND('',#10759,.T.);
#10759 = EDGE_LOOP('',(#10760,#10767,#10768,#10769));
#10760 = ORIENTED_EDGE('',*,*,#10761,.F.);
#10761 = EDGE_CURVE('',#10736,#10762,#10764,.T.);
#10762 = VERTEX_POINT('',#10763);
#10763 = CARTESIAN_POINT('',(-0.30957533625,-1.,0.668792171186));
#10764 = B_SPLINE_CURVE_WITH_KNOTS('',1,(#10765,#10766),.UNSPECIFIED.,
  .F.,.F.,(2,2),(0.,5.226516459358E-02),.PIECEWISE_BEZIER_KNOTS.);
#10765 = CARTESIAN_POINT('',(-0.30957533625,-1.,0.72105733578));
#10766 = CARTESIAN_POINT('',(-0.30957533625,-1.,0.668792171186));
#10767 = ORIENTED_EDGE('',*,*,#10748,.F.);
#10768 = ORIENTED_EDGE('',*,*,#10540,.T.);
#10769 = ORIENTED_EDGE('',*,*,#10770,.T.);
#10770 = EDGE_CURVE('',#10543,#10762,#10771,.T.);
#10771 = B_SPLINE_CURVE_WITH_KNOTS('',1,(#10772,#10773),.UNSPECIFIED.,
  .F.,.F.,(2,2),(0.,1.E-02),.PIECEWISE_BEZIER_KNOTS.);
#10772 = CARTESIAN_POINT('',(-0.30957533625,-1.01,0.668792171186));
#10773 = CARTESIAN_POINT('',(-0.30957533625,-1.,0.668792171186));
#10774 = B_SPLINE_SURFACE_WITH_KNOTS('',1,1,(
    (#10775,#10776)
    ,(#10777,#10778
    )),.UNSPECIFIED.,.F.,.F.,.F.,(2,2),(2,2),(0.,5.226516459358E-02),(0.
    ,1.E-02),.PIECEWISE_BEZIER_KNOTS.);
#10775 = CARTESIAN_POINT('',(-0.30957533625,-1.01,0.72105733578));
#10776 = CARTESIAN_POINT('',(-0.30957533625,-1.,0.72105733578));
#10777 = CARTESIAN_POINT('',(-0.30957533625,-1.01,0.668792171186));
#10778 = CARTESIAN_POINT('',(-0.30957533625,-1.,0.668792171186));
#10779 = ADVANCED_FACE('',(#10780),#10796,.T.);
#10780 = FACE_BOUND('',#10781,.T.);
#10781 = EDGE_LOOP('',(#10782,#10789,#10790,#10791));
#10782 = ORIENTED_EDGE('',*,*,#10783,.F.);
#10783 = EDGE_CURVE('',#10762,#10784,#10786,.T.);
#10784 = VERTEX_POINT('',#10785);
#10785 = CARTESIAN_POINT('',(-0.299732294643,-1.,0.668792171186));
#10786 = B_SPLINE_CURVE_WITH_KNOTS('',1,(#10787,#10788),.UNSPECIFIED.,
  .F.,.F.,(2,2),(0.,9.843041607674E-03),.PIECEWISE_BEZIER_KNOTS.);
#10787 = CARTESIAN_POINT('',(-0.30957533625,-1.,0.668792171186));
#10788 = CARTESIAN_POINT('',(-0.299732294643,-1.,0.668792171186));
#10789 = ORIENTED_EDGE('',*,*,#10770,.F.);
#10790 = ORIENTED_EDGE('',*,*,#10592,.T.);
#10791 = ORIENTED_EDGE('',*,*,#10792,.T.);
#10792 = EDGE_CURVE('',#10584,#10784,#10793,.T.);
#10793 = B_SPLINE_CURVE_WITH_KNOTS('',1,(#10794,#10795),.UNSPECIFIED.,
  .F.,.F.,(2,2),(0.,1.E-02),.PIECEWISE_BEZIER_KNOTS.);
#10794 = CARTESIAN_POINT('',(-0.299732294643,-1.01,0.668792171186));
#10795 = CARTESIAN_POINT('',(-0.299732294643,-1.,0.668792171186));
#10796 = B_SPLINE_SURFACE_WITH_KNOTS('',1,1,(
    (#10797,#10798)
    ,(#10799,#10800
    )),.UNSPECIFIED.,.F.,.F.,.F.,(2,2),(2,2),(0.,9.843041607674E-03),(0.
    ,1.E-02),.PIECEWISE_BEZIER_KNOTS.);
#10797 = CARTESIAN_POINT('',(-0.30957533625,-1.01,0.668792171186));
#10798 = CARTESIAN_POINT('',(-0.30957533625,-1.,0.668792171186));
#10799 = CARTESIAN_POINT('',(-0.299732294643,-1.01,0.668792171186));
#10800 = CARTESIAN_POINT('',(-0.299732294643,-1.,0.668792171186));
#10801 = ADVANCED_FACE('',(#10802),#10820,.T.);
#10802 = FACE_BOUND('',#10803,.T.);
#10803 = EDGE_LOOP('',(#10804,#10813,#10814,#10815));
#10804 = ORIENTED_EDGE('',*,*,#10805,.F.);
#10805 = EDGE_CURVE('',#10784,#10806,#10808,.T.);
#10806 = VERTEX_POINT('',#10807);
#10807 = CARTESIAN_POINT('',(-0.279578320365,-1.,0.675862525017));
#10808 = B_SPLINE_CURVE_WITH_KNOTS('',3,(#10809,#10810,#10811,#10812),
  .UNSPECIFIED.,.F.,.F.,(4,4),(2.,3.),.PIECEWISE_BEZIER_KNOTS.);
#10809 = CARTESIAN_POINT('',(-0.299732294643,-1.,0.668792171186));
#10810 = CARTESIAN_POINT('',(-0.291119633236,-1.,0.668792171186));
#10811 = CARTESIAN_POINT('',(-0.284395865377,-1.,0.671148955796));
#10812 = CARTESIAN_POINT('',(-0.279578320365,-1.,0.675862525017));
#10813 = ORIENTED_EDGE('',*,*,#10792,.F.);
#10814 = ORIENTED_EDGE('',*,*,#10583,.T.);
#10815 = ORIENTED_EDGE('',*,*,#10816,.T.);
#10816 = EDGE_CURVE('',#10575,#10806,#10817,.T.);
#10817 = B_SPLINE_CURVE_WITH_KNOTS('',1,(#10818,#10819),.UNSPECIFIED.,
  .F.,.F.,(2,2),(0.,1.E-02),.PIECEWISE_BEZIER_KNOTS.);
#10818 = CARTESIAN_POINT('',(-0.279578320365,-1.01,0.675862525017));
#10819 = CARTESIAN_POINT('',(-0.279578320365,-1.,0.675862525017));
#10820 = B_SPLINE_SURFACE_WITH_KNOTS('',3,1,(
    (#10821,#10822)
    ,(#10823,#10824)
    ,(#10825,#10826)
    ,(#10827,#10828
    )),.UNSPECIFIED.,.F.,.F.,.F.,(4,4),(2,2),(2.,3.),(0.,1.),
  .PIECEWISE_BEZIER_KNOTS.);
#10821 = CARTESIAN_POINT('',(-0.299732294643,-1.01,0.668792171186));
#10822 = CARTESIAN_POINT('',(-0.299732294643,-1.,0.668792171186));
#10823 = CARTESIAN_POINT('',(-0.291119633236,-1.01,0.668792171186));
#10824 = CARTESIAN_POINT('',(-0.291119633236,-1.,0.668792171186));
#10825 = CARTESIAN_POINT('',(-0.284395865377,-1.01,0.671148955796));
#10826 = CARTESIAN_POINT('',(-0.284395865377,-1.,0.671148955796));
#10827 = CARTESIAN_POINT('',(-0.279578320365,-1.01,0.675862525017));
#10828 = CARTESIAN_POINT('',(-0.279578320365,-1.,0.675862525017));
#10829 = ADVANCED_FACE('',(#10830),#10848,.T.);
#10830 = FACE_BOUND('',#10831,.T.);
#10831 = EDGE_LOOP('',(#10832,#10841,#10842,#10843));
#10832 = ORIENTED_EDGE('',*,*,#10833,.F.);
#10833 = EDGE_CURVE('',#10806,#10834,#10836,.T.);
#10834 = VERTEX_POINT('',#10835);
#10835 = CARTESIAN_POINT('',(-0.272334673548,-1.,0.69558326683));
#10836 = B_SPLINE_CURVE_WITH_KNOTS('',3,(#10837,#10838,#10839,#10840),
  .UNSPECIFIED.,.F.,.F.,(4,4),(3.,4.),.PIECEWISE_BEZIER_KNOTS.);
#10837 = CARTESIAN_POINT('',(-0.279578320365,-1.,0.675862525017));
#10838 = CARTESIAN_POINT('',(-0.274743446054,-1.,0.68054143564));
#10839 = CARTESIAN_POINT('',(-0.272334673548,-1.,0.68712656911));
#10840 = CARTESIAN_POINT('',(-0.272334673548,-1.,0.69558326683));
#10841 = ORIENTED_EDGE('',*,*,#10816,.F.);
#10842 = ORIENTED_EDGE('',*,*,#10574,.T.);
#10843 = ORIENTED_EDGE('',*,*,#10844,.T.);
#10844 = EDGE_CURVE('',#10566,#10834,#10845,.T.);
#10845 = B_SPLINE_CURVE_WITH_KNOTS('',1,(#10846,#10847),.UNSPECIFIED.,
  .F.,.F.,(2,2),(0.,1.E-02),.PIECEWISE_BEZIER_KNOTS.);
#10846 = CARTESIAN_POINT('',(-0.272334673548,-1.01,0.69558326683));
#10847 = CARTESIAN_POINT('',(-0.272334673548,-1.,0.69558326683));
#10848 = B_SPLINE_SURFACE_WITH_KNOTS('',3,1,(
    (#10849,#10850)
    ,(#10851,#10852)
    ,(#10853,#10854)
    ,(#10855,#10856
    )),.UNSPECIFIED.,.F.,.F.,.F.,(4,4),(2,2),(3.,4.),(0.,1.),
  .PIECEWISE_BEZIER_KNOTS.);
#10849 = CARTESIAN_POINT('',(-0.279578320365,-1.01,0.675862525017));
#10850 = CARTESIAN_POINT('',(-0.279578320365,-1.,0.675862525017));
#10851 = CARTESIAN_POINT('',(-0.274743446054,-1.01,0.68054143564));
#10852 = CARTESIAN_POINT('',(-0.274743446054,-1.,0.68054143564));
#10853 = CARTESIAN_POINT('',(-0.272334673548,-1.01,0.68712656911));
#10854 = CARTESIAN_POINT('',(-0.272334673548,-1.,0.68712656911));
#10855 = CARTESIAN_POINT('',(-0.272334673548,-1.01,0.69558326683));
#10856 = CARTESIAN_POINT('',(-0.272334673548,-1.,0.69558326683));
#10857 = ADVANCED_FACE('',(#10858),#10876,.T.);
#10858 = FACE_BOUND('',#10859,.T.);
#10859 = EDGE_LOOP('',(#10860,#10869,#10870,#10871));
#10860 = ORIENTED_EDGE('',*,*,#10861,.F.);
#10861 = EDGE_CURVE('',#10834,#10862,#10864,.T.);
#10862 = VERTEX_POINT('',#10863);
#10863 = CARTESIAN_POINT('',(-0.279768942649,-1.,0.714680153893));
#10864 = B_SPLINE_CURVE_WITH_KNOTS('',3,(#10865,#10866,#10867,#10868),
  .UNSPECIFIED.,.F.,.F.,(4,4),(4.,5.),.PIECEWISE_BEZIER_KNOTS.);
#10865 = CARTESIAN_POINT('',(-0.272334673548,-1.,0.69558326683));
#10866 = CARTESIAN_POINT('',(-0.272334673548,-1.,0.704039964549));
#10867 = CARTESIAN_POINT('',(-0.274812763248,-1.,0.710417146436));
#10868 = CARTESIAN_POINT('',(-0.279768942649,-1.,0.714680153893));
#10869 = ORIENTED_EDGE('',*,*,#10844,.F.);
#10870 = ORIENTED_EDGE('',*,*,#10565,.T.);
#10871 = ORIENTED_EDGE('',*,*,#10872,.T.);
#10872 = EDGE_CURVE('',#10557,#10862,#10873,.T.);
#10873 = B_SPLINE_CURVE_WITH_KNOTS('',1,(#10874,#10875),.UNSPECIFIED.,
  .F.,.F.,(2,2),(0.,1.E-02),.PIECEWISE_BEZIER_KNOTS.);
#10874 = CARTESIAN_POINT('',(-0.279768942649,-1.01,0.714680153893));
#10875 = CARTESIAN_POINT('',(-0.279768942649,-1.,0.714680153893));
#10876 = B_SPLINE_SURFACE_WITH_KNOTS('',3,1,(
    (#10877,#10878)
    ,(#10879,#10880)
    ,(#10881,#10882)
    ,(#10883,#10884
    )),.UNSPECIFIED.,.F.,.F.,.F.,(4,4),(2,2),(4.,5.),(0.,1.),
  .PIECEWISE_BEZIER_KNOTS.);
#10877 = CARTESIAN_POINT('',(-0.272334673548,-1.01,0.69558326683));
#10878 = CARTESIAN_POINT('',(-0.272334673548,-1.,0.69558326683));
#10879 = CARTESIAN_POINT('',(-0.272334673548,-1.01,0.704039964549));
#10880 = CARTESIAN_POINT('',(-0.272334673548,-1.,0.704039964549));
#10881 = CARTESIAN_POINT('',(-0.274812763248,-1.01,0.710417146436));
#10882 = CARTESIAN_POINT('',(-0.274812763248,-1.,0.710417146436));
#10883 = CARTESIAN_POINT('',(-0.279768942649,-1.01,0.714680153893));
#10884 = CARTESIAN_POINT('',(-0.279768942649,-1.,0.714680153893));
#10885 = ADVANCED_FACE('',(#10886),#10898,.T.);
#10886 = FACE_BOUND('',#10887,.T.);
#10887 = EDGE_LOOP('',(#10888,#10895,#10896,#10897));
#10888 = ORIENTED_EDGE('',*,*,#10889,.F.);
#10889 = EDGE_CURVE('',#10862,#10734,#10890,.T.);
#10890 = B_SPLINE_CURVE_WITH_KNOTS('',3,(#10891,#10892,#10893,#10894),
  .UNSPECIFIED.,.F.,.F.,(4,4),(5.,6.),.PIECEWISE_BEZIER_KNOTS.);
#10891 = CARTESIAN_POINT('',(-0.279768942649,-1.,0.714680153893));
#10892 = CARTESIAN_POINT('',(-0.28472512205,-1.,0.718943161349));
#10893 = CARTESIAN_POINT('',(-0.291258267625,-1.,0.72105733578));
#10894 = CARTESIAN_POINT('',(-0.299333720775,-1.,0.72105733578));
#10895 = ORIENTED_EDGE('',*,*,#10872,.F.);
#10896 = ORIENTED_EDGE('',*,*,#10556,.T.);
#10897 = ORIENTED_EDGE('',*,*,#10742,.T.);
#10898 = B_SPLINE_SURFACE_WITH_KNOTS('',3,1,(
    (#10899,#10900)
    ,(#10901,#10902)
    ,(#10903,#10904)
    ,(#10905,#10906
    )),.UNSPECIFIED.,.F.,.F.,.F.,(4,4),(2,2),(5.,6.),(0.,1.),
  .PIECEWISE_BEZIER_KNOTS.);
#10899 = CARTESIAN_POINT('',(-0.279768942649,-1.01,0.714680153893));
#10900 = CARTESIAN_POINT('',(-0.279768942649,-1.,0.714680153893));
#10901 = CARTESIAN_POINT('',(-0.28472512205,-1.01,0.718943161349));
#10902 = CARTESIAN_POINT('',(-0.28472512205,-1.,0.718943161349));
#10903 = CARTESIAN_POINT('',(-0.291258267625,-1.01,0.72105733578));
#10904 = CARTESIAN_POINT('',(-0.291258267625,-1.,0.72105733578));
#10905 = CARTESIAN_POINT('',(-0.299333720775,-1.01,0.72105733578));
#10906 = CARTESIAN_POINT('',(-0.299333720775,-1.,0.72105733578));
#10907 = ADVANCED_FACE('',(#10908),#10917,.F.);
#10908 = FACE_BOUND('',#10909,.T.);
#10909 = EDGE_LOOP('',(#10910,#10911,#10912,#10913,#10914,#10915,#10916)
  );
#10910 = ORIENTED_EDGE('',*,*,#10889,.T.);
#10911 = ORIENTED_EDGE('',*,*,#10733,.T.);
#10912 = ORIENTED_EDGE('',*,*,#10761,.T.);
#10913 = ORIENTED_EDGE('',*,*,#10783,.T.);
#10914 = ORIENTED_EDGE('',*,*,#10805,.T.);
#10915 = ORIENTED_EDGE('',*,*,#10833,.T.);
#10916 = ORIENTED_EDGE('',*,*,#10861,.T.);
#10917 = B_SPLINE_SURFACE_WITH_KNOTS('',1,1,(
    (#10918,#10919)
    ,(#10920,#10921
    )),.UNSPECIFIED.,.F.,.F.,.F.,(2,2),(2,2),(-0.251207928814,
    -0.19894276422),(0.69042466375,0.727665326452),
  .PIECEWISE_BEZIER_KNOTS.);
#10918 = CARTESIAN_POINT('',(-0.30957533625,-1.,0.668792171186));
#10919 = CARTESIAN_POINT('',(-0.272334673548,-1.,0.668792171186));
#10920 = CARTESIAN_POINT('',(-0.30957533625,-1.,0.72105733578));
#10921 = CARTESIAN_POINT('',(-0.272334673548,-1.,0.72105733578));
#10922 = ADVANCED_FACE('',(#10923,#10981),#11029,.F.);
#10923 = FACE_BOUND('',#10924,.T.);
#10924 = EDGE_LOOP('',(#10925,#10934,#10941,#10948,#10955,#10962,#10969,
    #10976));
#10925 = ORIENTED_EDGE('',*,*,#10926,.T.);
#10926 = EDGE_CURVE('',#10927,#10929,#10931,.T.);
#10927 = VERTEX_POINT('',#10928);
#10928 = CARTESIAN_POINT('',(-0.1983732271,-1.01,0.661063304008));
#10929 = VERTEX_POINT('',#10930);
#10930 = CARTESIAN_POINT('',(-0.224193882022,-1.01,0.728855520152));
#10931 = B_SPLINE_CURVE_WITH_KNOTS('',1,(#10932,#10933),.UNSPECIFIED.,
  .F.,.F.,(2,2),(-7.254302716501E-02,0.),.PIECEWISE_BEZIER_KNOTS.);
#10932 = CARTESIAN_POINT('',(-0.1983732271,-1.01,0.661063304008));
#10933 = CARTESIAN_POINT('',(-0.224193882022,-1.01,0.728855520152));
#10934 = ORIENTED_EDGE('',*,*,#10935,.T.);
#10935 = EDGE_CURVE('',#10929,#10936,#10938,.T.);
#10936 = VERTEX_POINT('',#10937);
#10937 = CARTESIAN_POINT('',(-0.233551703269,-1.01,0.728855520152));
#10938 = B_SPLINE_CURVE_WITH_KNOTS('',1,(#10939,#10940),.UNSPECIFIED.,
  .F.,.F.,(2,2),(-9.357821247279E-03,-0.),.PIECEWISE_BEZIER_KNOTS.);
#10939 = CARTESIAN_POINT('',(-0.224193882022,-1.01,0.728855520152));
#10940 = CARTESIAN_POINT('',(-0.233551703269,-1.01,0.728855520152));
#10941 = ORIENTED_EDGE('',*,*,#10942,.T.);
#10942 = EDGE_CURVE('',#10936,#10943,#10945,.T.);
#10943 = VERTEX_POINT('',#10944);
#10944 = CARTESIAN_POINT('',(-0.259372358191,-1.01,0.661063304008));
#10945 = B_SPLINE_CURVE_WITH_KNOTS('',1,(#10946,#10947),.UNSPECIFIED.,
  .F.,.F.,(2,2),(-7.254302716517E-02,-0.),.PIECEWISE_BEZIER_KNOTS.);
#10946 = CARTESIAN_POINT('',(-0.233551703269,-1.01,0.728855520152));
#10947 = CARTESIAN_POINT('',(-0.259372358191,-1.01,0.661063304008));
#10948 = ORIENTED_EDGE('',*,*,#10949,.T.);
#10949 = EDGE_CURVE('',#10943,#10950,#10952,.T.);
#10950 = VERTEX_POINT('',#10951);
#10951 = CARTESIAN_POINT('',(-0.249702609569,-1.01,0.661063304008));
#10952 = B_SPLINE_CURVE_WITH_KNOTS('',1,(#10953,#10954),.UNSPECIFIED.,
  .F.,.F.,(2,2),(-9.669748621818E-03,0.),.PIECEWISE_BEZIER_KNOTS.);
#10953 = CARTESIAN_POINT('',(-0.259372358191,-1.01,0.661063304008));
#10954 = CARTESIAN_POINT('',(-0.249702609569,-1.01,0.661063304008));
#10955 = ORIENTED_EDGE('',*,*,#10956,.T.);
#10956 = EDGE_CURVE('',#10950,#10957,#10959,.T.);
#10957 = VERTEX_POINT('',#10958);
#10958 = CARTESIAN_POINT('',(-0.243186793294,-1.01,0.679605653515));
#10959 = B_SPLINE_CURVE_WITH_KNOTS('',1,(#10960,#10961),.UNSPECIFIED.,
  .F.,.F.,(2,2),(-1.965386951692E-02,0.),.PIECEWISE_BEZIER_KNOTS.);
#10960 = CARTESIAN_POINT('',(-0.249702609569,-1.01,0.661063304008));
#10961 = CARTESIAN_POINT('',(-0.243186793294,-1.01,0.679605653515));
#10962 = ORIENTED_EDGE('',*,*,#10963,.T.);
#10963 = EDGE_CURVE('',#10957,#10964,#10966,.T.);
#10964 = VERTEX_POINT('',#10965);
#10965 = CARTESIAN_POINT('',(-0.214957365866,-1.01,0.679605653515));
#10966 = B_SPLINE_CURVE_WITH_KNOTS('',1,(#10967,#10968),.UNSPECIFIED.,
  .F.,.F.,(2,2),(-2.822942742818E-02,0.),.PIECEWISE_BEZIER_KNOTS.);
#10967 = CARTESIAN_POINT('',(-0.243186793294,-1.01,0.679605653515));
#10968 = CARTESIAN_POINT('',(-0.214957365866,-1.01,0.679605653515));
#10969 = ORIENTED_EDGE('',*,*,#10970,.T.);
#10970 = EDGE_CURVE('',#10964,#10971,#10973,.T.);
#10971 = VERTEX_POINT('',#10972);
#10972 = CARTESIAN_POINT('',(-0.208042975722,-1.01,0.661063304008));
#10973 = B_SPLINE_CURVE_WITH_KNOTS('',1,(#10974,#10975),.UNSPECIFIED.,
  .F.,.F.,(2,2),(-1.978958100401E-02,0.),.PIECEWISE_BEZIER_KNOTS.);
#10974 = CARTESIAN_POINT('',(-0.214957365866,-1.01,0.679605653515));
#10975 = CARTESIAN_POINT('',(-0.208042975722,-1.01,0.661063304008));
#10976 = ORIENTED_EDGE('',*,*,#10977,.T.);
#10977 = EDGE_CURVE('',#10971,#10927,#10978,.T.);
#10978 = B_SPLINE_CURVE_WITH_KNOTS('',1,(#10979,#10980),.UNSPECIFIED.,
  .F.,.F.,(2,2),(-9.669748621356E-03,0.),.PIECEWISE_BEZIER_KNOTS.);
#10979 = CARTESIAN_POINT('',(-0.208042975722,-1.01,0.661063304008));
#10980 = CARTESIAN_POINT('',(-0.1983732271,-1.01,0.661063304008));
#10981 = FACE_BOUND('',#10982,.T.);
#10982 = EDGE_LOOP('',(#10983,#10992,#10999,#11008,#11015,#11024));
#10983 = ORIENTED_EDGE('',*,*,#10984,.F.);
#10984 = EDGE_CURVE('',#10985,#10987,#10989,.T.);
#10985 = VERTEX_POINT('',#10986);
#10986 = CARTESIAN_POINT('',(-0.240414105516,-1.01,0.687265203499));
#10987 = VERTEX_POINT('',#10988);
#10988 = CARTESIAN_POINT('',(-0.217660736448,-1.01,0.687265203499));
#10989 = B_SPLINE_CURVE_WITH_KNOTS('',1,(#10990,#10991),.UNSPECIFIED.,
  .F.,.F.,(2,2),(0.,2.275336906869E-02),.PIECEWISE_BEZIER_KNOTS.);
#10990 = CARTESIAN_POINT('',(-0.240414105516,-1.01,0.687265203499));
#10991 = CARTESIAN_POINT('',(-0.217660736448,-1.01,0.687265203499));
#10992 = ORIENTED_EDGE('',*,*,#10993,.F.);
#10993 = EDGE_CURVE('',#10994,#10985,#10996,.T.);
#10994 = VERTEX_POINT('',#10995);
#10995 = CARTESIAN_POINT('',(-0.230276465833,-1.01,0.715442643031));
#10996 = B_SPLINE_CURVE_WITH_KNOTS('',1,(#10997,#10998),.UNSPECIFIED.,
  .F.,.F.,(2,2),(-1.232593255052E-16,2.994561465321E-02),
  .PIECEWISE_BEZIER_KNOTS.);
#10997 = CARTESIAN_POINT('',(-0.230276465833,-1.01,0.715442643031));
#10998 = CARTESIAN_POINT('',(-0.240414105516,-1.01,0.687265203499));
#10999 = ORIENTED_EDGE('',*,*,#11000,.F.);
#11000 = EDGE_CURVE('',#11001,#10994,#11003,.T.);
#11001 = VERTEX_POINT('',#11002);
#11002 = CARTESIAN_POINT('',(-0.229167390722,-1.01,0.720190870849));
#11003 = B_SPLINE_CURVE_WITH_KNOTS('',3,(#11004,#11005,#11006,#11007),
  .UNSPECIFIED.,.F.,.F.,(4,4),(3.,4.),.PIECEWISE_BEZIER_KNOTS.);
#11004 = CARTESIAN_POINT('',(-0.229167390722,-1.01,0.720190870849));
#11005 = CARTESIAN_POINT('',(-0.229496647396,-1.01,0.718146013614));
#11006 = CARTESIAN_POINT('',(-0.229860562666,-1.01,0.716551718142));
#11007 = CARTESIAN_POINT('',(-0.230276465833,-1.01,0.715442643031));
#11008 = ORIENTED_EDGE('',*,*,#11009,.F.);
#11009 = EDGE_CURVE('',#11010,#11001,#11012,.T.);
#11010 = VERTEX_POINT('',#11011);
#11011 = CARTESIAN_POINT('',(-0.228959439138,-1.01,0.720190870849));
#11012 = B_SPLINE_CURVE_WITH_KNOTS('',1,(#11013,#11014),.UNSPECIFIED.,
  .F.,.F.,(2,2),(2.775557561563E-17,2.07951583489E-04),
  .PIECEWISE_BEZIER_KNOTS.);
#11013 = CARTESIAN_POINT('',(-0.228959439138,-1.01,0.720190870849));
#11014 = CARTESIAN_POINT('',(-0.229167390722,-1.01,0.720190870849));
#11015 = ORIENTED_EDGE('',*,*,#11016,.F.);
#11016 = EDGE_CURVE('',#11017,#11010,#11019,.T.);
#11017 = VERTEX_POINT('',#11018);
#11018 = CARTESIAN_POINT('',(-0.227902351924,-1.01,0.715442643031));
#11019 = B_SPLINE_CURVE_WITH_KNOTS('',3,(#11020,#11021,#11022,#11023),
  .UNSPECIFIED.,.F.,.F.,(4,4),(1.,2.),.PIECEWISE_BEZIER_KNOTS.);
#11020 = CARTESIAN_POINT('',(-0.227902351924,-1.01,0.715442643031));
#11021 = CARTESIAN_POINT('',(-0.228231608597,-1.01,0.716378425156));
#11022 = CARTESIAN_POINT('',(-0.22857819457,-1.01,0.717938062031));
#11023 = CARTESIAN_POINT('',(-0.228959439138,-1.01,0.720190870849));
#11024 = ORIENTED_EDGE('',*,*,#11025,.F.);
#11025 = EDGE_CURVE('',#10987,#11017,#11026,.T.);
#11026 = B_SPLINE_CURVE_WITH_KNOTS('',1,(#11027,#11028),.UNSPECIFIED.,
  .F.,.F.,(2,2),(0.,2.998097373607E-02),.PIECEWISE_BEZIER_KNOTS.);
#11027 = CARTESIAN_POINT('',(-0.217660736448,-1.01,0.687265203499));
#11028 = CARTESIAN_POINT('',(-0.227902351924,-1.01,0.715442643031));
#11029 = B_SPLINE_SURFACE_WITH_KNOTS('',1,1,(
    (#11030,#11031)
    ,(#11032,#11033
    )),.UNSPECIFIED.,.F.,.F.,.F.,(2,2),(2,2),(0.641063204008,
    0.708855420152),(-0.259372358191,-0.1983732271),
  .PIECEWISE_BEZIER_KNOTS.);
#11030 = CARTESIAN_POINT('',(-0.259372358191,-1.01,0.661063304008));
#11031 = CARTESIAN_POINT('',(-0.1983732271,-1.01,0.661063304008));
#11032 = CARTESIAN_POINT('',(-0.259372358191,-1.01,0.728855520152));
#11033 = CARTESIAN_POINT('',(-0.1983732271,-1.01,0.728855520152));
#11034 = ADVANCED_FACE('',(#11035),#11049,.F.);
#11035 = FACE_BOUND('',#11036,.T.);
#11036 = EDGE_LOOP('',(#11037,#11038,#11043,#11044));
#11037 = ORIENTED_EDGE('',*,*,#1205,.T.);
#11038 = ORIENTED_EDGE('',*,*,#11039,.F.);
#11039 = EDGE_CURVE('',#10929,#1208,#11040,.T.);
#11040 = B_SPLINE_CURVE_WITH_KNOTS('',1,(#11041,#11042),.UNSPECIFIED.,
  .F.,.F.,(2,2),(0.,1.E-02),.PIECEWISE_BEZIER_KNOTS.);
#11041 = CARTESIAN_POINT('',(-0.224193882022,-1.01,0.728855520152));
#11042 = CARTESIAN_POINT('',(-0.224193882022,-1.,0.728855520152));
#11043 = ORIENTED_EDGE('',*,*,#10926,.F.);
#11044 = ORIENTED_EDGE('',*,*,#11045,.T.);
#11045 = EDGE_CURVE('',#10927,#1206,#11046,.T.);
#11046 = B_SPLINE_CURVE_WITH_KNOTS('',1,(#11047,#11048),.UNSPECIFIED.,
  .F.,.F.,(2,2),(0.,1.E-02),.PIECEWISE_BEZIER_KNOTS.);
#11047 = CARTESIAN_POINT('',(-0.1983732271,-1.01,0.661063304008));
#11048 = CARTESIAN_POINT('',(-0.1983732271,-1.,0.661063304008));
#11049 = B_SPLINE_SURFACE_WITH_KNOTS('',1,1,(
    (#11050,#11051)
    ,(#11052,#11053
    )),.UNSPECIFIED.,.F.,.F.,.F.,(2,2),(2,2),(-7.254302716501E-02,0.),(
    0.,1.E-02),.PIECEWISE_BEZIER_KNOTS.);
#11050 = CARTESIAN_POINT('',(-0.1983732271,-1.01,0.661063304008));
#11051 = CARTESIAN_POINT('',(-0.1983732271,-1.,0.661063304008));
#11052 = CARTESIAN_POINT('',(-0.224193882022,-1.01,0.728855520152));
#11053 = CARTESIAN_POINT('',(-0.224193882022,-1.,0.728855520152));
#11054 = ADVANCED_FACE('',(#11055),#11065,.F.);
#11055 = FACE_BOUND('',#11056,.T.);
#11056 = EDGE_LOOP('',(#11057,#11058,#11063,#11064));
#11057 = ORIENTED_EDGE('',*,*,#1256,.T.);
#11058 = ORIENTED_EDGE('',*,*,#11059,.F.);
#11059 = EDGE_CURVE('',#10936,#1250,#11060,.T.);
#11060 = B_SPLINE_CURVE_WITH_KNOTS('',1,(#11061,#11062),.UNSPECIFIED.,
  .F.,.F.,(2,2),(0.,1.E-02),.PIECEWISE_BEZIER_KNOTS.);
#11061 = CARTESIAN_POINT('',(-0.233551703269,-1.01,0.728855520152));
#11062 = CARTESIAN_POINT('',(-0.233551703269,-1.,0.728855520152));
#11063 = ORIENTED_EDGE('',*,*,#10935,.F.);
#11064 = ORIENTED_EDGE('',*,*,#11039,.T.);
#11065 = B_SPLINE_SURFACE_WITH_KNOTS('',1,1,(
    (#11066,#11067)
    ,(#11068,#11069
    )),.UNSPECIFIED.,.F.,.F.,.F.,(2,2),(2,2),(-9.357821247279E-03,0.),(
    0.,1.E-02),.PIECEWISE_BEZIER_KNOTS.);
#11066 = CARTESIAN_POINT('',(-0.224193882022,-1.01,0.728855520152));
#11067 = CARTESIAN_POINT('',(-0.224193882022,-1.,0.728855520152));
#11068 = CARTESIAN_POINT('',(-0.233551703269,-1.01,0.728855520152));
#11069 = CARTESIAN_POINT('',(-0.233551703269,-1.,0.728855520152));
#11070 = ADVANCED_FACE('',(#11071),#11081,.F.);
#11071 = FACE_BOUND('',#11072,.T.);
#11072 = EDGE_LOOP('',(#11073,#11074,#11079,#11080));
#11073 = ORIENTED_EDGE('',*,*,#1249,.T.);
#11074 = ORIENTED_EDGE('',*,*,#11075,.F.);
#11075 = EDGE_CURVE('',#10943,#1243,#11076,.T.);
#11076 = B_SPLINE_CURVE_WITH_KNOTS('',1,(#11077,#11078),.UNSPECIFIED.,
  .F.,.F.,(2,2),(0.,1.E-02),.PIECEWISE_BEZIER_KNOTS.);
#11077 = CARTESIAN_POINT('',(-0.259372358191,-1.01,0.661063304008));
#11078 = CARTESIAN_POINT('',(-0.259372358191,-1.,0.661063304008));
#11079 = ORIENTED_EDGE('',*,*,#10942,.F.);
#11080 = ORIENTED_EDGE('',*,*,#11059,.T.);
#11081 = B_SPLINE_SURFACE_WITH_KNOTS('',1,1,(
    (#11082,#11083)
    ,(#11084,#11085
    )),.UNSPECIFIED.,.F.,.F.,.F.,(2,2),(2,2),(-7.254302716517E-02,0.),(
    0.,1.E-02),.PIECEWISE_BEZIER_KNOTS.);
#11082 = CARTESIAN_POINT('',(-0.233551703269,-1.01,0.728855520152));
#11083 = CARTESIAN_POINT('',(-0.233551703269,-1.,0.728855520152));
#11084 = CARTESIAN_POINT('',(-0.259372358191,-1.01,0.661063304008));
#11085 = CARTESIAN_POINT('',(-0.259372358191,-1.,0.661063304008));
#11086 = ADVANCED_FACE('',(#11087),#11097,.F.);
#11087 = FACE_BOUND('',#11088,.T.);
#11088 = EDGE_LOOP('',(#11089,#11090,#11095,#11096));
#11089 = ORIENTED_EDGE('',*,*,#1242,.T.);
#11090 = ORIENTED_EDGE('',*,*,#11091,.F.);
#11091 = EDGE_CURVE('',#10950,#1236,#11092,.T.);
#11092 = B_SPLINE_CURVE_WITH_KNOTS('',1,(#11093,#11094),.UNSPECIFIED.,
  .F.,.F.,(2,2),(0.,1.E-02),.PIECEWISE_BEZIER_KNOTS.);
#11093 = CARTESIAN_POINT('',(-0.249702609569,-1.01,0.661063304008));
#11094 = CARTESIAN_POINT('',(-0.249702609569,-1.,0.661063304008));
#11095 = ORIENTED_EDGE('',*,*,#10949,.F.);
#11096 = ORIENTED_EDGE('',*,*,#11075,.T.);
#11097 = B_SPLINE_SURFACE_WITH_KNOTS('',1,1,(
    (#11098,#11099)
    ,(#11100,#11101
    )),.UNSPECIFIED.,.F.,.F.,.F.,(2,2),(2,2),(-9.669748621818E-03,0.),(
    0.,1.E-02),.PIECEWISE_BEZIER_KNOTS.);
#11098 = CARTESIAN_POINT('',(-0.259372358191,-1.01,0.661063304008));
#11099 = CARTESIAN_POINT('',(-0.259372358191,-1.,0.661063304008));
#11100 = CARTESIAN_POINT('',(-0.249702609569,-1.01,0.661063304008));
#11101 = CARTESIAN_POINT('',(-0.249702609569,-1.,0.661063304008));
#11102 = ADVANCED_FACE('',(#11103),#11113,.F.);
#11103 = FACE_BOUND('',#11104,.T.);
#11104 = EDGE_LOOP('',(#11105,#11106,#11111,#11112));
#11105 = ORIENTED_EDGE('',*,*,#1235,.T.);
#11106 = ORIENTED_EDGE('',*,*,#11107,.F.);
#11107 = EDGE_CURVE('',#10957,#1229,#11108,.T.);
#11108 = B_SPLINE_CURVE_WITH_KNOTS('',1,(#11109,#11110),.UNSPECIFIED.,
  .F.,.F.,(2,2),(0.,1.E-02),.PIECEWISE_BEZIER_KNOTS.);
#11109 = CARTESIAN_POINT('',(-0.243186793294,-1.01,0.679605653515));
#11110 = CARTESIAN_POINT('',(-0.243186793294,-1.,0.679605653515));
#11111 = ORIENTED_EDGE('',*,*,#10956,.F.);
#11112 = ORIENTED_EDGE('',*,*,#11091,.T.);
#11113 = B_SPLINE_SURFACE_WITH_KNOTS('',1,1,(
    (#11114,#11115)
    ,(#11116,#11117
    )),.UNSPECIFIED.,.F.,.F.,.F.,(2,2),(2,2),(-1.965386951692E-02,0.),(
    0.,1.E-02),.PIECEWISE_BEZIER_KNOTS.);
#11114 = CARTESIAN_POINT('',(-0.249702609569,-1.01,0.661063304008));
#11115 = CARTESIAN_POINT('',(-0.249702609569,-1.,0.661063304008));
#11116 = CARTESIAN_POINT('',(-0.243186793294,-1.01,0.679605653515));
#11117 = CARTESIAN_POINT('',(-0.243186793294,-1.,0.679605653515));
#11118 = ADVANCED_FACE('',(#11119),#11129,.F.);
#11119 = FACE_BOUND('',#11120,.T.);
#11120 = EDGE_LOOP('',(#11121,#11122,#11127,#11128));
#11121 = ORIENTED_EDGE('',*,*,#1228,.T.);
#11122 = ORIENTED_EDGE('',*,*,#11123,.F.);
#11123 = EDGE_CURVE('',#10964,#1222,#11124,.T.);
#11124 = B_SPLINE_CURVE_WITH_KNOTS('',1,(#11125,#11126),.UNSPECIFIED.,
  .F.,.F.,(2,2),(0.,1.E-02),.PIECEWISE_BEZIER_KNOTS.);
#11125 = CARTESIAN_POINT('',(-0.214957365866,-1.01,0.679605653515));
#11126 = CARTESIAN_POINT('',(-0.214957365866,-1.,0.679605653515));
#11127 = ORIENTED_EDGE('',*,*,#10963,.F.);
#11128 = ORIENTED_EDGE('',*,*,#11107,.T.);
#11129 = B_SPLINE_SURFACE_WITH_KNOTS('',1,1,(
    (#11130,#11131)
    ,(#11132,#11133
    )),.UNSPECIFIED.,.F.,.F.,.F.,(2,2),(2,2),(-2.822942742818E-02,0.),(
    0.,1.E-02),.PIECEWISE_BEZIER_KNOTS.);
#11130 = CARTESIAN_POINT('',(-0.243186793294,-1.01,0.679605653515));
#11131 = CARTESIAN_POINT('',(-0.243186793294,-1.,0.679605653515));
#11132 = CARTESIAN_POINT('',(-0.214957365866,-1.01,0.679605653515));
#11133 = CARTESIAN_POINT('',(-0.214957365866,-1.,0.679605653515));
#11134 = ADVANCED_FACE('',(#11135),#11145,.F.);
#11135 = FACE_BOUND('',#11136,.T.);
#11136 = EDGE_LOOP('',(#11137,#11138,#11143,#11144));
#11137 = ORIENTED_EDGE('',*,*,#1221,.T.);
#11138 = ORIENTED_EDGE('',*,*,#11139,.F.);
#11139 = EDGE_CURVE('',#10971,#1215,#11140,.T.);
#11140 = B_SPLINE_CURVE_WITH_KNOTS('',1,(#11141,#11142),.UNSPECIFIED.,
  .F.,.F.,(2,2),(0.,1.E-02),.PIECEWISE_BEZIER_KNOTS.);
#11141 = CARTESIAN_POINT('',(-0.208042975722,-1.01,0.661063304008));
#11142 = CARTESIAN_POINT('',(-0.208042975722,-1.,0.661063304008));
#11143 = ORIENTED_EDGE('',*,*,#10970,.F.);
#11144 = ORIENTED_EDGE('',*,*,#11123,.T.);
#11145 = B_SPLINE_SURFACE_WITH_KNOTS('',1,1,(
    (#11146,#11147)
    ,(#11148,#11149
    )),.UNSPECIFIED.,.F.,.F.,.F.,(2,2),(2,2),(-1.978958100401E-02,0.),(
    0.,1.E-02),.PIECEWISE_BEZIER_KNOTS.);
#11146 = CARTESIAN_POINT('',(-0.214957365866,-1.01,0.679605653515));
#11147 = CARTESIAN_POINT('',(-0.214957365866,-1.,0.679605653515));
#11148 = CARTESIAN_POINT('',(-0.208042975722,-1.01,0.661063304008));
#11149 = CARTESIAN_POINT('',(-0.208042975722,-1.,0.661063304008));
#11150 = ADVANCED_FACE('',(#11151),#11157,.F.);
#11151 = FACE_BOUND('',#11152,.T.);
#11152 = EDGE_LOOP('',(#11153,#11154,#11155,#11156));
#11153 = ORIENTED_EDGE('',*,*,#1214,.T.);
#11154 = ORIENTED_EDGE('',*,*,#11045,.F.);
#11155 = ORIENTED_EDGE('',*,*,#10977,.F.);
#11156 = ORIENTED_EDGE('',*,*,#11139,.T.);
#11157 = B_SPLINE_SURFACE_WITH_KNOTS('',1,1,(
    (#11158,#11159)
    ,(#11160,#11161
    )),.UNSPECIFIED.,.F.,.F.,.F.,(2,2),(2,2),(-9.669748621356E-03,0.),(
    0.,1.E-02),.PIECEWISE_BEZIER_KNOTS.);
#11158 = CARTESIAN_POINT('',(-0.208042975722,-1.01,0.661063304008));
#11159 = CARTESIAN_POINT('',(-0.208042975722,-1.,0.661063304008));
#11160 = CARTESIAN_POINT('',(-0.1983732271,-1.01,0.661063304008));
#11161 = CARTESIAN_POINT('',(-0.1983732271,-1.,0.661063304008));
#11162 = ADVANCED_FACE('',(#11163),#11185,.T.);
#11163 = FACE_BOUND('',#11164,.T.);
#11164 = EDGE_LOOP('',(#11165,#11174,#11179,#11180));
#11165 = ORIENTED_EDGE('',*,*,#11166,.F.);
#11166 = EDGE_CURVE('',#11167,#11169,#11171,.T.);
#11167 = VERTEX_POINT('',#11168);
#11168 = CARTESIAN_POINT('',(-0.240414105516,-1.,0.687265203499));
#11169 = VERTEX_POINT('',#11170);
#11170 = CARTESIAN_POINT('',(-0.217660736448,-1.,0.687265203499));
#11171 = B_SPLINE_CURVE_WITH_KNOTS('',1,(#11172,#11173),.UNSPECIFIED.,
  .F.,.F.,(2,2),(2.775557561563E-17,2.275336906869E-02),
  .PIECEWISE_BEZIER_KNOTS.);
#11172 = CARTESIAN_POINT('',(-0.240414105516,-1.,0.687265203499));
#11173 = CARTESIAN_POINT('',(-0.217660736448,-1.,0.687265203499));
#11174 = ORIENTED_EDGE('',*,*,#11175,.F.);
#11175 = EDGE_CURVE('',#10985,#11167,#11176,.T.);
#11176 = B_SPLINE_CURVE_WITH_KNOTS('',1,(#11177,#11178),.UNSPECIFIED.,
  .F.,.F.,(2,2),(0.,1.E-02),.PIECEWISE_BEZIER_KNOTS.);
#11177 = CARTESIAN_POINT('',(-0.240414105516,-1.01,0.687265203499));
#11178 = CARTESIAN_POINT('',(-0.240414105516,-1.,0.687265203499));
#11179 = ORIENTED_EDGE('',*,*,#10984,.T.);
#11180 = ORIENTED_EDGE('',*,*,#11181,.T.);
#11181 = EDGE_CURVE('',#10987,#11169,#11182,.T.);
#11182 = B_SPLINE_CURVE_WITH_KNOTS('',1,(#11183,#11184),.UNSPECIFIED.,
  .F.,.F.,(2,2),(0.,1.E-02),.PIECEWISE_BEZIER_KNOTS.);
#11183 = CARTESIAN_POINT('',(-0.217660736448,-1.01,0.687265203499));
#11184 = CARTESIAN_POINT('',(-0.217660736448,-1.,0.687265203499));
#11185 = B_SPLINE_SURFACE_WITH_KNOTS('',1,1,(
    (#11186,#11187)
    ,(#11188,#11189
    )),.UNSPECIFIED.,.F.,.F.,.F.,(2,2),(2,2),(0.,2.275336906869E-02),(0.
    ,1.E-02),.PIECEWISE_BEZIER_KNOTS.);
#11186 = CARTESIAN_POINT('',(-0.240414105516,-1.01,0.687265203499));
#11187 = CARTESIAN_POINT('',(-0.240414105516,-1.,0.687265203499));
#11188 = CARTESIAN_POINT('',(-0.217660736448,-1.01,0.687265203499));
#11189 = CARTESIAN_POINT('',(-0.217660736448,-1.,0.687265203499));
#11190 = ADVANCED_FACE('',(#11191),#11207,.T.);
#11191 = FACE_BOUND('',#11192,.T.);
#11192 = EDGE_LOOP('',(#11193,#11200,#11201,#11202));
#11193 = ORIENTED_EDGE('',*,*,#11194,.F.);
#11194 = EDGE_CURVE('',#11169,#11195,#11197,.T.);
#11195 = VERTEX_POINT('',#11196);
#11196 = CARTESIAN_POINT('',(-0.227902351924,-1.,0.715442643031));
#11197 = B_SPLINE_CURVE_WITH_KNOTS('',1,(#11198,#11199),.UNSPECIFIED.,
  .F.,.F.,(2,2),(0.,2.998097373607E-02),.PIECEWISE_BEZIER_KNOTS.);
#11198 = CARTESIAN_POINT('',(-0.217660736448,-1.,0.687265203499));
#11199 = CARTESIAN_POINT('',(-0.227902351924,-1.,0.715442643031));
#11200 = ORIENTED_EDGE('',*,*,#11181,.F.);
#11201 = ORIENTED_EDGE('',*,*,#11025,.T.);
#11202 = ORIENTED_EDGE('',*,*,#11203,.T.);
#11203 = EDGE_CURVE('',#11017,#11195,#11204,.T.);
#11204 = B_SPLINE_CURVE_WITH_KNOTS('',1,(#11205,#11206),.UNSPECIFIED.,
  .F.,.F.,(2,2),(0.,1.E-02),.PIECEWISE_BEZIER_KNOTS.);
#11205 = CARTESIAN_POINT('',(-0.227902351924,-1.01,0.715442643031));
#11206 = CARTESIAN_POINT('',(-0.227902351924,-1.,0.715442643031));
#11207 = B_SPLINE_SURFACE_WITH_KNOTS('',1,1,(
    (#11208,#11209)
    ,(#11210,#11211
    )),.UNSPECIFIED.,.F.,.F.,.F.,(2,2),(2,2),(0.,2.998097373607E-02),(0.
    ,1.E-02),.PIECEWISE_BEZIER_KNOTS.);
#11208 = CARTESIAN_POINT('',(-0.217660736448,-1.01,0.687265203499));
#11209 = CARTESIAN_POINT('',(-0.217660736448,-1.,0.687265203499));
#11210 = CARTESIAN_POINT('',(-0.227902351924,-1.01,0.715442643031));
#11211 = CARTESIAN_POINT('',(-0.227902351924,-1.,0.715442643031));
#11212 = ADVANCED_FACE('',(#11213),#11231,.T.);
#11213 = FACE_BOUND('',#11214,.T.);
#11214 = EDGE_LOOP('',(#11215,#11224,#11225,#11226));
#11215 = ORIENTED_EDGE('',*,*,#11216,.F.);
#11216 = EDGE_CURVE('',#11195,#11217,#11219,.T.);
#11217 = VERTEX_POINT('',#11218);
#11218 = CARTESIAN_POINT('',(-0.228959439138,-1.,0.720190870849));
#11219 = B_SPLINE_CURVE_WITH_KNOTS('',3,(#11220,#11221,#11222,#11223),
  .UNSPECIFIED.,.F.,.F.,(4,4),(1.,2.),.PIECEWISE_BEZIER_KNOTS.);
#11220 = CARTESIAN_POINT('',(-0.227902351924,-1.,0.715442643031));
#11221 = CARTESIAN_POINT('',(-0.228231608597,-1.,0.716378425156));
#11222 = CARTESIAN_POINT('',(-0.22857819457,-1.,0.717938062031));
#11223 = CARTESIAN_POINT('',(-0.228959439138,-1.,0.720190870849));
#11224 = ORIENTED_EDGE('',*,*,#11203,.F.);
#11225 = ORIENTED_EDGE('',*,*,#11016,.T.);
#11226 = ORIENTED_EDGE('',*,*,#11227,.T.);
#11227 = EDGE_CURVE('',#11010,#11217,#11228,.T.);
#11228 = B_SPLINE_CURVE_WITH_KNOTS('',1,(#11229,#11230),.UNSPECIFIED.,
  .F.,.F.,(2,2),(0.,1.E-02),.PIECEWISE_BEZIER_KNOTS.);
#11229 = CARTESIAN_POINT('',(-0.228959439138,-1.01,0.720190870849));
#11230 = CARTESIAN_POINT('',(-0.228959439138,-1.,0.720190870849));
#11231 = B_SPLINE_SURFACE_WITH_KNOTS('',3,1,(
    (#11232,#11233)
    ,(#11234,#11235)
    ,(#11236,#11237)
    ,(#11238,#11239
    )),.UNSPECIFIED.,.F.,.F.,.F.,(4,4),(2,2),(1.,2.),(0.,1.),
  .PIECEWISE_BEZIER_KNOTS.);
#11232 = CARTESIAN_POINT('',(-0.227902351924,-1.01,0.715442643031));
#11233 = CARTESIAN_POINT('',(-0.227902351924,-1.,0.715442643031));
#11234 = CARTESIAN_POINT('',(-0.228231608597,-1.01,0.716378425156));
#11235 = CARTESIAN_POINT('',(-0.228231608597,-1.,0.716378425156));
#11236 = CARTESIAN_POINT('',(-0.22857819457,-1.01,0.717938062031));
#11237 = CARTESIAN_POINT('',(-0.22857819457,-1.,0.717938062031));
#11238 = CARTESIAN_POINT('',(-0.228959439138,-1.01,0.720190870849));
#11239 = CARTESIAN_POINT('',(-0.228959439138,-1.,0.720190870849));
#11240 = ADVANCED_FACE('',(#11241),#11257,.T.);
#11241 = FACE_BOUND('',#11242,.T.);
#11242 = EDGE_LOOP('',(#11243,#11250,#11251,#11252));
#11243 = ORIENTED_EDGE('',*,*,#11244,.F.);
#11244 = EDGE_CURVE('',#11217,#11245,#11247,.T.);
#11245 = VERTEX_POINT('',#11246);
#11246 = CARTESIAN_POINT('',(-0.229167390722,-1.,0.720190870849));
#11247 = B_SPLINE_CURVE_WITH_KNOTS('',1,(#11248,#11249),.UNSPECIFIED.,
  .F.,.F.,(2,2),(2.775557561563E-17,2.07951583489E-04),
  .PIECEWISE_BEZIER_KNOTS.);
#11248 = CARTESIAN_POINT('',(-0.228959439138,-1.,0.720190870849));
#11249 = CARTESIAN_POINT('',(-0.229167390722,-1.,0.720190870849));
#11250 = ORIENTED_EDGE('',*,*,#11227,.F.);
#11251 = ORIENTED_EDGE('',*,*,#11009,.T.);
#11252 = ORIENTED_EDGE('',*,*,#11253,.T.);
#11253 = EDGE_CURVE('',#11001,#11245,#11254,.T.);
#11254 = B_SPLINE_CURVE_WITH_KNOTS('',1,(#11255,#11256),.UNSPECIFIED.,
  .F.,.F.,(2,2),(0.,1.E-02),.PIECEWISE_BEZIER_KNOTS.);
#11255 = CARTESIAN_POINT('',(-0.229167390722,-1.01,0.720190870849));
#11256 = CARTESIAN_POINT('',(-0.229167390722,-1.,0.720190870849));
#11257 = B_SPLINE_SURFACE_WITH_KNOTS('',1,1,(
    (#11258,#11259)
    ,(#11260,#11261
    )),.UNSPECIFIED.,.F.,.F.,.F.,(2,2),(2,2),(2.775557561563E-17,
    2.07951583489E-04),(0.,1.E-02),.PIECEWISE_BEZIER_KNOTS.);
#11258 = CARTESIAN_POINT('',(-0.228959439138,-1.01,0.720190870849));
#11259 = CARTESIAN_POINT('',(-0.228959439138,-1.,0.720190870849));
#11260 = CARTESIAN_POINT('',(-0.229167390722,-1.01,0.720190870849));
#11261 = CARTESIAN_POINT('',(-0.229167390722,-1.,0.720190870849));
#11262 = ADVANCED_FACE('',(#11263),#11281,.T.);
#11263 = FACE_BOUND('',#11264,.T.);
#11264 = EDGE_LOOP('',(#11265,#11274,#11275,#11276));
#11265 = ORIENTED_EDGE('',*,*,#11266,.F.);
#11266 = EDGE_CURVE('',#11245,#11267,#11269,.T.);
#11267 = VERTEX_POINT('',#11268);
#11268 = CARTESIAN_POINT('',(-0.230276465833,-1.,0.715442643031));
#11269 = B_SPLINE_CURVE_WITH_KNOTS('',3,(#11270,#11271,#11272,#11273),
  .UNSPECIFIED.,.F.,.F.,(4,4),(3.,4.),.PIECEWISE_BEZIER_KNOTS.);
#11270 = CARTESIAN_POINT('',(-0.229167390722,-1.,0.720190870849));
#11271 = CARTESIAN_POINT('',(-0.229496647396,-1.,0.718146013614));
#11272 = CARTESIAN_POINT('',(-0.229860562666,-1.,0.716551718142));
#11273 = CARTESIAN_POINT('',(-0.230276465833,-1.,0.715442643031));
#11274 = ORIENTED_EDGE('',*,*,#11253,.F.);
#11275 = ORIENTED_EDGE('',*,*,#11000,.T.);
#11276 = ORIENTED_EDGE('',*,*,#11277,.T.);
#11277 = EDGE_CURVE('',#10994,#11267,#11278,.T.);
#11278 = B_SPLINE_CURVE_WITH_KNOTS('',1,(#11279,#11280),.UNSPECIFIED.,
  .F.,.F.,(2,2),(0.,1.E-02),.PIECEWISE_BEZIER_KNOTS.);
#11279 = CARTESIAN_POINT('',(-0.230276465833,-1.01,0.715442643031));
#11280 = CARTESIAN_POINT('',(-0.230276465833,-1.,0.715442643031));
#11281 = B_SPLINE_SURFACE_WITH_KNOTS('',3,1,(
    (#11282,#11283)
    ,(#11284,#11285)
    ,(#11286,#11287)
    ,(#11288,#11289
    )),.UNSPECIFIED.,.F.,.F.,.F.,(4,4),(2,2),(3.,4.),(0.,1.),
  .PIECEWISE_BEZIER_KNOTS.);
#11282 = CARTESIAN_POINT('',(-0.229167390722,-1.01,0.720190870849));
#11283 = CARTESIAN_POINT('',(-0.229167390722,-1.,0.720190870849));
#11284 = CARTESIAN_POINT('',(-0.229496647396,-1.01,0.718146013614));
#11285 = CARTESIAN_POINT('',(-0.229496647396,-1.,0.718146013614));
#11286 = CARTESIAN_POINT('',(-0.229860562666,-1.01,0.716551718142));
#11287 = CARTESIAN_POINT('',(-0.229860562666,-1.,0.716551718142));
#11288 = CARTESIAN_POINT('',(-0.230276465833,-1.01,0.715442643031));
#11289 = CARTESIAN_POINT('',(-0.230276465833,-1.,0.715442643031));
#11290 = ADVANCED_FACE('',(#11291),#11301,.T.);
#11291 = FACE_BOUND('',#11292,.T.);
#11292 = EDGE_LOOP('',(#11293,#11298,#11299,#11300));
#11293 = ORIENTED_EDGE('',*,*,#11294,.F.);
#11294 = EDGE_CURVE('',#11267,#11167,#11295,.T.);
#11295 = B_SPLINE_CURVE_WITH_KNOTS('',1,(#11296,#11297),.UNSPECIFIED.,
  .F.,.F.,(2,2),(-8.567438653349E-17,2.994561465321E-02),
  .PIECEWISE_BEZIER_KNOTS.);
#11296 = CARTESIAN_POINT('',(-0.230276465833,-1.,0.715442643031));
#11297 = CARTESIAN_POINT('',(-0.240414105516,-1.,0.687265203499));
#11298 = ORIENTED_EDGE('',*,*,#11277,.F.);
#11299 = ORIENTED_EDGE('',*,*,#10993,.T.);
#11300 = ORIENTED_EDGE('',*,*,#11175,.T.);
#11301 = B_SPLINE_SURFACE_WITH_KNOTS('',1,1,(
    (#11302,#11303)
    ,(#11304,#11305
    )),.UNSPECIFIED.,.F.,.F.,.F.,(2,2),(2,2),(-1.232593255052E-16,
    2.994561465321E-02),(0.,1.E-02),.PIECEWISE_BEZIER_KNOTS.);
#11302 = CARTESIAN_POINT('',(-0.230276465833,-1.01,0.715442643031));
#11303 = CARTESIAN_POINT('',(-0.230276465833,-1.,0.715442643031));
#11304 = CARTESIAN_POINT('',(-0.240414105516,-1.01,0.687265203499));
#11305 = CARTESIAN_POINT('',(-0.240414105516,-1.,0.687265203499));
#11306 = ADVANCED_FACE('',(#11307),#11315,.F.);
#11307 = FACE_BOUND('',#11308,.T.);
#11308 = EDGE_LOOP('',(#11309,#11310,#11311,#11312,#11313,#11314));
#11309 = ORIENTED_EDGE('',*,*,#11294,.T.);
#11310 = ORIENTED_EDGE('',*,*,#11166,.T.);
#11311 = ORIENTED_EDGE('',*,*,#11194,.T.);
#11312 = ORIENTED_EDGE('',*,*,#11216,.T.);
#11313 = ORIENTED_EDGE('',*,*,#11244,.T.);
#11314 = ORIENTED_EDGE('',*,*,#11266,.T.);
#11315 = B_SPLINE_SURFACE_WITH_KNOTS('',1,1,(
    (#11316,#11317)
    ,(#11318,#11319
    )),.UNSPECIFIED.,.F.,.F.,.F.,(2,2),(2,2),(-0.232734896501,
    -0.199809229151),(0.759585894484,0.782339263552),
  .PIECEWISE_BEZIER_KNOTS.);
#11316 = CARTESIAN_POINT('',(-0.240414105516,-1.,0.687265203499));
#11317 = CARTESIAN_POINT('',(-0.217660736448,-1.,0.687265203499));
#11318 = CARTESIAN_POINT('',(-0.240414105516,-1.,0.720190870849));
#11319 = CARTESIAN_POINT('',(-0.217660736448,-1.,0.720190870849));
#11320 = ADVANCED_FACE('',(#11321,#11610),#11635,.F.);
#11321 = FACE_BOUND('',#11322,.T.);
#11322 = EDGE_LOOP('',(#11323,#11334,#11343,#11352,#11361,#11370,#11379,
    #11388,#11397,#11406,#11415,#11424,#11433,#11442,#11449,#11456,
    #11463,#11472,#11481,#11490,#11499,#11508,#11517,#11526,#11535,
    #11544,#11553,#11560,#11569,#11578,#11587,#11594,#11603));
#11323 = ORIENTED_EDGE('',*,*,#11324,.T.);
#11324 = EDGE_CURVE('',#11325,#11327,#11329,.T.);
#11325 = VERTEX_POINT('',#11326);
#11326 = CARTESIAN_POINT('',(-0.610859959169,-1.01,0.728307590821));
#11327 = VERTEX_POINT('',#11328);
#11328 = CARTESIAN_POINT('',(-0.658577524766,-1.01,0.791449014055));
#11329 = B_SPLINE_CURVE_WITH_KNOTS('',3,(#11330,#11331,#11332,#11333),
  .UNSPECIFIED.,.F.,.F.,(4,4),(35.,36.),.PIECEWISE_BEZIER_KNOTS.);
#11330 = CARTESIAN_POINT('',(-0.610859959169,-1.01,0.728307590821));
#11331 = CARTESIAN_POINT('',(-0.611341947538,-1.01,0.757227315846));
#11332 = CARTESIAN_POINT('',(-0.631103783234,-1.01,0.782773094708));
#11333 = CARTESIAN_POINT('',(-0.658577524766,-1.01,0.791449014055));
#11334 = ORIENTED_EDGE('',*,*,#11335,.T.);
#11335 = EDGE_CURVE('',#11327,#11336,#11338,.T.);
#11336 = VERTEX_POINT('',#11337);
#11337 = CARTESIAN_POINT('',(-0.684605301191,-1.01,0.829526676673));
#11338 = B_SPLINE_CURVE_WITH_KNOTS('',3,(#11339,#11340,#11341,#11342),
  .UNSPECIFIED.,.F.,.F.,(4,4),(0.,1.),.PIECEWISE_BEZIER_KNOTS.);
#11339 = CARTESIAN_POINT('',(-0.658577524766,-1.01,0.791449014055));
#11340 = CARTESIAN_POINT('',(-0.66387947037,-1.01,0.80590888576));
#11341 = CARTESIAN_POINT('',(-0.673037396472,-1.01,0.818922769376));
#11342 = CARTESIAN_POINT('',(-0.684605301191,-1.01,0.829526676673));
#11343 = ORIENTED_EDGE('',*,*,#11344,.T.);
#11344 = EDGE_CURVE('',#11336,#11345,#11347,.T.);
#11345 = VERTEX_POINT('',#11346);
#11346 = CARTESIAN_POINT('',(-0.750156712236,-1.01,0.854590455675));
#11347 = B_SPLINE_CURVE_WITH_KNOTS('',3,(#11348,#11349,#11350,#11351),
  .UNSPECIFIED.,.F.,.F.,(4,4),(1.,2.),.PIECEWISE_BEZIER_KNOTS.);
#11348 = CARTESIAN_POINT('',(-0.684605301191,-1.01,0.829526676673));
#11349 = CARTESIAN_POINT('',(-0.702921135007,-1.01,0.845432537043));
#11350 = CARTESIAN_POINT('',(-0.726056926059,-1.01,0.854590455675));
#11351 = CARTESIAN_POINT('',(-0.750156712236,-1.01,0.854590455675));
#11352 = ORIENTED_EDGE('',*,*,#11353,.T.);
#11353 = EDGE_CURVE('',#11345,#11354,#11356,.T.);
#11354 = VERTEX_POINT('',#11355);
#11355 = CARTESIAN_POINT('',(-0.807996199059,-1.01,0.835792621998));
#11356 = B_SPLINE_CURVE_WITH_KNOTS('',3,(#11357,#11358,#11359,#11360),
  .UNSPECIFIED.,.F.,.F.,(4,4),(2.,3.),.PIECEWISE_BEZIER_KNOTS.);
#11357 = CARTESIAN_POINT('',(-0.750156712236,-1.01,0.854590455675));
#11358 = CARTESIAN_POINT('',(-0.771364522232,-1.01,0.854590455675));
#11359 = CARTESIAN_POINT('',(-0.791126348735,-1.01,0.847842515661));
#11360 = CARTESIAN_POINT('',(-0.807996199059,-1.01,0.835792621998));
#11361 = ORIENTED_EDGE('',*,*,#11362,.T.);
#11362 = EDGE_CURVE('',#11354,#11363,#11365,.T.);
#11363 = VERTEX_POINT('',#11364);
#11364 = CARTESIAN_POINT('',(-0.829204009055,-1.01,0.814584809703));
#11365 = B_SPLINE_CURVE_WITH_KNOTS('',3,(#11366,#11367,#11368,#11369),
  .UNSPECIFIED.,.F.,.F.,(4,4),(3.,4.),.PIECEWISE_BEZIER_KNOTS.);
#11366 = CARTESIAN_POINT('',(-0.807996199059,-1.01,0.835792621998));
#11367 = CARTESIAN_POINT('',(-0.816190130036,-1.01,0.830008671936));
#11368 = CARTESIAN_POINT('',(-0.822938068326,-1.01,0.822778736084));
#11369 = CARTESIAN_POINT('',(-0.829204009055,-1.01,0.814584809703));
#11370 = ORIENTED_EDGE('',*,*,#11371,.T.);
#11371 = EDGE_CURVE('',#11363,#11372,#11374,.T.);
#11372 = VERTEX_POINT('',#11373);
#11373 = CARTESIAN_POINT('',(-0.840289907019,-1.01,0.815548800231));
#11374 = B_SPLINE_CURVE_WITH_KNOTS('',3,(#11375,#11376,#11377,#11378),
  .UNSPECIFIED.,.F.,.F.,(4,4),(4.,5.),.PIECEWISE_BEZIER_KNOTS.);
#11375 = CARTESIAN_POINT('',(-0.829204009055,-1.01,0.814584809703));
#11376 = CARTESIAN_POINT('',(-0.833059971166,-1.01,0.815066807265));
#11377 = CARTESIAN_POINT('',(-0.836433944908,-1.01,0.815548800231));
#11378 = CARTESIAN_POINT('',(-0.840289907019,-1.01,0.815548800231));
#11379 = ORIENTED_EDGE('',*,*,#11380,.T.);
#11380 = EDGE_CURVE('',#11372,#11381,#11383,.T.);
#11381 = VERTEX_POINT('',#11382);
#11382 = CARTESIAN_POINT('',(-0.895719415224,-1.01,0.792413004582));
#11383 = B_SPLINE_CURVE_WITH_KNOTS('',3,(#11384,#11385,#11386,#11387),
  .UNSPECIFIED.,.F.,.F.,(4,4),(5.,6.),.PIECEWISE_BEZIER_KNOTS.);
#11384 = CARTESIAN_POINT('',(-0.840289907019,-1.01,0.815548800231));
#11385 = CARTESIAN_POINT('',(-0.86101572405,-1.01,0.815548800231));
#11386 = CARTESIAN_POINT('',(-0.880777545956,-1.01,0.807354873851));
#11387 = CARTESIAN_POINT('',(-0.895719415224,-1.01,0.792413004582));
#11388 = ORIENTED_EDGE('',*,*,#11389,.T.);
#11389 = EDGE_CURVE('',#11381,#11390,#11392,.T.);
#11390 = VERTEX_POINT('',#11391);
#11391 = CARTESIAN_POINT('',(-0.9183732271,-1.01,0.737465498536));
#11392 = B_SPLINE_CURVE_WITH_KNOTS('',3,(#11393,#11394,#11395,#11396),
  .UNSPECIFIED.,.F.,.F.,(4,4),(6.,7.),.PIECEWISE_BEZIER_KNOTS.);
#11393 = CARTESIAN_POINT('',(-0.895719415224,-1.01,0.792413004582));
#11394 = CARTESIAN_POINT('',(-0.910179299571,-1.01,0.777953137473));
#11395 = CARTESIAN_POINT('',(-0.9183732271,-1.01,0.75819131097));
#11396 = CARTESIAN_POINT('',(-0.9183732271,-1.01,0.737465498536));
#11397 = ORIENTED_EDGE('',*,*,#11398,.T.);
#11398 = EDGE_CURVE('',#11390,#11399,#11401,.T.);
#11399 = VERTEX_POINT('',#11400);
#11400 = CARTESIAN_POINT('',(-0.898129407631,-1.01,0.684927975704));
#11401 = B_SPLINE_CURVE_WITH_KNOTS('',3,(#11402,#11403,#11404,#11405),
  .UNSPECIFIED.,.F.,.F.,(4,4),(7.,8.),.PIECEWISE_BEZIER_KNOTS.);
#11402 = CARTESIAN_POINT('',(-0.9183732271,-1.01,0.737465498536));
#11403 = CARTESIAN_POINT('',(-0.9183732271,-1.01,0.718185669595));
#11404 = CARTESIAN_POINT('',(-0.911143291248,-1.01,0.699387829023));
#11405 = CARTESIAN_POINT('',(-0.898129407631,-1.01,0.684927975704));
#11406 = ORIENTED_EDGE('',*,*,#11407,.T.);
#11407 = EDGE_CURVE('',#11399,#11408,#11410,.T.);
#11408 = VERTEX_POINT('',#11409);
#11409 = CARTESIAN_POINT('',(-0.85956974975,-1.01,0.661792184652));
#11410 = B_SPLINE_CURVE_WITH_KNOTS('',3,(#11411,#11412,#11413,#11414),
  .UNSPECIFIED.,.F.,.F.,(4,4),(8.,9.),.PIECEWISE_BEZIER_KNOTS.);
#11411 = CARTESIAN_POINT('',(-0.898129407631,-1.01,0.684927975704));
#11412 = CARTESIAN_POINT('',(-0.887525502633,-1.01,0.673360070984));
#11413 = CARTESIAN_POINT('',(-0.874511614421,-1.01,0.665648146763));
#11414 = CARTESIAN_POINT('',(-0.85956974975,-1.01,0.661792184652));
#11415 = ORIENTED_EDGE('',*,*,#11416,.T.);
#11416 = EDGE_CURVE('',#11408,#11417,#11419,.T.);
#11417 = VERTEX_POINT('',#11418);
#11418 = CARTESIAN_POINT('',(-0.813780151418,-1.01,0.62901647913));
#11419 = B_SPLINE_CURVE_WITH_KNOTS('',3,(#11420,#11421,#11422,#11423),
  .UNSPECIFIED.,.F.,.F.,(4,4),(9.,10.),.PIECEWISE_BEZIER_KNOTS.);
#11420 = CARTESIAN_POINT('',(-0.85956974975,-1.01,0.661792184652));
#11421 = CARTESIAN_POINT('',(-0.853303804425,-1.01,0.642512355711));
#11422 = CARTESIAN_POINT('',(-0.834987970608,-1.01,0.62901647913));
#11423 = CARTESIAN_POINT('',(-0.813780151418,-1.01,0.62901647913));
#11424 = ORIENTED_EDGE('',*,*,#11425,.T.);
#11425 = EDGE_CURVE('',#11417,#11426,#11428,.T.);
#11426 = VERTEX_POINT('',#11427);
#11427 = CARTESIAN_POINT('',(-0.765580579065,-1.01,0.677216051482));
#11428 = B_SPLINE_CURVE_WITH_KNOTS('',3,(#11429,#11430,#11431,#11432),
  .UNSPECIFIED.,.F.,.F.,(4,4),(10.,11.),.PIECEWISE_BEZIER_KNOTS.);
#11429 = CARTESIAN_POINT('',(-0.813780151418,-1.01,0.62901647913));
#11430 = CARTESIAN_POINT('',(-0.787270386624,-1.01,0.62901647913));
#11431 = CARTESIAN_POINT('',(-0.765580579065,-1.01,0.650706286688));
#11432 = CARTESIAN_POINT('',(-0.765580579065,-1.01,0.677216051482));
#11433 = ORIENTED_EDGE('',*,*,#11434,.T.);
#11434 = EDGE_CURVE('',#11426,#11435,#11437,.T.);
#11435 = VERTEX_POINT('',#11436);
#11436 = CARTESIAN_POINT('',(-0.765580579065,-1.01,0.682036008717));
#11437 = B_SPLINE_CURVE_WITH_KNOTS('',3,(#11438,#11439,#11440,#11441),
  .UNSPECIFIED.,.F.,.F.,(4,4),(11.,12.),.PIECEWISE_BEZIER_KNOTS.);
#11438 = CARTESIAN_POINT('',(-0.765580579065,-1.01,0.677216051482));
#11439 = CARTESIAN_POINT('',(-0.765580579065,-1.01,0.678662034975));
#11440 = CARTESIAN_POINT('',(-0.765580579065,-1.01,0.680108018469));
#11441 = CARTESIAN_POINT('',(-0.765580579065,-1.01,0.682036008717));
#11442 = ORIENTED_EDGE('',*,*,#11443,.T.);
#11443 = EDGE_CURVE('',#11435,#11444,#11446,.T.);
#11444 = VERTEX_POINT('',#11445);
#11445 = CARTESIAN_POINT('',(-0.698101177772,-1.01,0.717703690419));
#11446 = B_SPLINE_CURVE_WITH_KNOTS('',1,(#11447,#11448),.UNSPECIFIED.,
  .F.,.F.,(2,2),(5.188153315345E-17,7.632596620359E-02),
  .PIECEWISE_BEZIER_KNOTS.);
#11447 = CARTESIAN_POINT('',(-0.765580579065,-1.01,0.682036008717));
#11448 = CARTESIAN_POINT('',(-0.698101177772,-1.01,0.717703690419));
#11449 = ORIENTED_EDGE('',*,*,#11450,.T.);
#11450 = EDGE_CURVE('',#11444,#11451,#11453,.T.);
#11451 = VERTEX_POINT('',#11452);
#11452 = CARTESIAN_POINT('',(-0.713043037847,-1.01,0.743249469282));
#11453 = B_SPLINE_CURVE_WITH_KNOTS('',1,(#11454,#11455),.UNSPECIFIED.,
  .F.,.F.,(2,2),(0.,2.959469547388E-02),.PIECEWISE_BEZIER_KNOTS.);
#11454 = CARTESIAN_POINT('',(-0.698101177772,-1.01,0.717703690419));
#11455 = CARTESIAN_POINT('',(-0.713043037847,-1.01,0.743249469282));
#11456 = ORIENTED_EDGE('',*,*,#11457,.T.);
#11457 = EDGE_CURVE('',#11451,#11458,#11460,.T.);
#11458 = VERTEX_POINT('',#11459);
#11459 = CARTESIAN_POINT('',(-0.77763046296,-1.01,0.709509768635));
#11460 = B_SPLINE_CURVE_WITH_KNOTS('',1,(#11461,#11462),.UNSPECIFIED.,
  .F.,.F.,(2,2),(0.,7.286908042864E-02),.PIECEWISE_BEZIER_KNOTS.);
#11461 = CARTESIAN_POINT('',(-0.713043037847,-1.01,0.743249469282));
#11462 = CARTESIAN_POINT('',(-0.77763046296,-1.01,0.709509768635));
#11463 = ORIENTED_EDGE('',*,*,#11464,.T.);
#11464 = EDGE_CURVE('',#11458,#11465,#11467,.T.);
#11465 = VERTEX_POINT('',#11466);
#11466 = CARTESIAN_POINT('',(-0.813780142225,-1.01,0.725897621397));
#11467 = B_SPLINE_CURVE_WITH_KNOTS('',3,(#11468,#11469,#11470,#11471),
  .UNSPECIFIED.,.F.,.F.,(4,4),(15.,16.),.PIECEWISE_BEZIER_KNOTS.);
#11468 = CARTESIAN_POINT('',(-0.77763046296,-1.01,0.709509768635));
#11469 = CARTESIAN_POINT('',(-0.786306382307,-1.01,0.719631680668));
#11470 = CARTESIAN_POINT('',(-0.799320270519,-1.01,0.725897621397));
#11471 = CARTESIAN_POINT('',(-0.813780142225,-1.01,0.725897621397));
#11472 = ORIENTED_EDGE('',*,*,#11473,.T.);
#11473 = EDGE_CURVE('',#11465,#11474,#11476,.T.);
#11474 = VERTEX_POINT('',#11475);
#11475 = CARTESIAN_POINT('',(-0.859087738397,-1.01,0.694085901806));
#11476 = B_SPLINE_CURVE_WITH_KNOTS('',3,(#11477,#11478,#11479,#11480),
  .UNSPECIFIED.,.F.,.F.,(4,4),(16.,17.),.PIECEWISE_BEZIER_KNOTS.);
#11477 = CARTESIAN_POINT('',(-0.813780142225,-1.01,0.725897621397));
#11478 = CARTESIAN_POINT('',(-0.834505963852,-1.01,0.725897621397));
#11479 = CARTESIAN_POINT('',(-0.852339800107,-1.01,0.712401744816));
#11480 = CARTESIAN_POINT('',(-0.859087738397,-1.01,0.694085901806));
#11481 = ORIENTED_EDGE('',*,*,#11482,.T.);
#11482 = EDGE_CURVE('',#11474,#11483,#11485,.T.);
#11483 = VERTEX_POINT('',#11484);
#11484 = CARTESIAN_POINT('',(-0.888007481809,-1.01,0.738429512047));
#11485 = B_SPLINE_CURVE_WITH_KNOTS('',3,(#11486,#11487,#11488,#11489),
  .UNSPECIFIED.,.F.,.F.,(4,4),(17.,18.),.PIECEWISE_BEZIER_KNOTS.);
#11486 = CARTESIAN_POINT('',(-0.859087738397,-1.01,0.694085901806));
#11487 = CARTESIAN_POINT('',(-0.875957588721,-1.01,0.70179783522));
#11488 = CARTESIAN_POINT('',(-0.888007481809,-1.01,0.718667685544));
#11489 = CARTESIAN_POINT('',(-0.888007481809,-1.01,0.738429512047));
#11490 = ORIENTED_EDGE('',*,*,#11491,.T.);
#11491 = EDGE_CURVE('',#11483,#11492,#11494,.T.);
#11492 = VERTEX_POINT('',#11493);
#11493 = CARTESIAN_POINT('',(-0.839807909457,-1.01,0.786629084399));
#11494 = B_SPLINE_CURVE_WITH_KNOTS('',3,(#11495,#11496,#11497,#11498),
  .UNSPECIFIED.,.F.,.F.,(4,4),(18.,19.),.PIECEWISE_BEZIER_KNOTS.);
#11495 = CARTESIAN_POINT('',(-0.888007481809,-1.01,0.738429512047));
#11496 = CARTESIAN_POINT('',(-0.888007481809,-1.01,0.764939276841));
#11497 = CARTESIAN_POINT('',(-0.86631767425,-1.01,0.786629084399));
#11498 = CARTESIAN_POINT('',(-0.839807909457,-1.01,0.786629084399));
#11499 = ORIENTED_EDGE('',*,*,#11500,.T.);
#11500 = EDGE_CURVE('',#11492,#11501,#11503,.T.);
#11501 = VERTEX_POINT('',#11502);
#11502 = CARTESIAN_POINT('',(-0.814262139787,-1.01,0.779399148546));
#11503 = B_SPLINE_CURVE_WITH_KNOTS('',3,(#11504,#11505,#11506,#11507),
  .UNSPECIFIED.,.F.,.F.,(4,4),(19.,20.),.PIECEWISE_BEZIER_KNOTS.);
#11504 = CARTESIAN_POINT('',(-0.839807909457,-1.01,0.786629084399));
#11505 = CARTESIAN_POINT('',(-0.830649992548,-1.01,0.786629084399));
#11506 = CARTESIAN_POINT('',(-0.82149207564,-1.01,0.78373710822));
#11507 = CARTESIAN_POINT('',(-0.814262139787,-1.01,0.779399148546));
#11508 = ORIENTED_EDGE('',*,*,#11509,.T.);
#11509 = EDGE_CURVE('',#11501,#11510,#11512,.T.);
#11510 = VERTEX_POINT('',#11511);
#11511 = CARTESIAN_POINT('',(-0.749674723867,-1.01,0.825670712263));
#11512 = B_SPLINE_CURVE_WITH_KNOTS('',3,(#11513,#11514,#11515,#11516),
  .UNSPECIFIED.,.F.,.F.,(4,4),(20.,21.),.PIECEWISE_BEZIER_KNOTS.);
#11513 = CARTESIAN_POINT('',(-0.814262139787,-1.01,0.779399148546));
#11514 = CARTESIAN_POINT('',(-0.805104232072,-1.01,0.806390883323));
#11515 = CARTESIAN_POINT('',(-0.780040450771,-1.01,0.825670712263));
#11516 = CARTESIAN_POINT('',(-0.749674723867,-1.01,0.825670712263));
#11517 = ORIENTED_EDGE('',*,*,#11518,.T.);
#11518 = EDGE_CURVE('',#11510,#11519,#11521,.T.);
#11519 = VERTEX_POINT('',#11520);
#11520 = CARTESIAN_POINT('',(-0.682195322573,-1.01,0.765421246823));
#11521 = B_SPLINE_CURVE_WITH_KNOTS('',3,(#11522,#11523,#11524,#11525),
  .UNSPECIFIED.,.F.,.F.,(4,4),(21.,22.),.PIECEWISE_BEZIER_KNOTS.);
#11522 = CARTESIAN_POINT('',(-0.749674723867,-1.01,0.825670712263));
#11523 = CARTESIAN_POINT('',(-0.714971028095,-1.01,0.825670712263));
#11524 = CARTESIAN_POINT('',(-0.686051284684,-1.01,0.79916094747));
#11525 = CARTESIAN_POINT('',(-0.682195322573,-1.01,0.765421246823));
#11526 = ORIENTED_EDGE('',*,*,#11527,.T.);
#11527 = EDGE_CURVE('',#11519,#11528,#11530,.T.);
#11528 = VERTEX_POINT('',#11529);
#11529 = CARTESIAN_POINT('',(-0.678339360462,-1.01,0.765421246823));
#11530 = B_SPLINE_CURVE_WITH_KNOTS('',3,(#11531,#11532,#11533,#11534),
  .UNSPECIFIED.,.F.,.F.,(4,4),(22.,23.),.PIECEWISE_BEZIER_KNOTS.);
#11531 = CARTESIAN_POINT('',(-0.682195322573,-1.01,0.765421246823));
#11532 = CARTESIAN_POINT('',(-0.68074933908,-1.01,0.765421246823));
#11533 = CARTESIAN_POINT('',(-0.679785343956,-1.01,0.765421246823));
#11534 = CARTESIAN_POINT('',(-0.678339360462,-1.01,0.765421246823));
#11535 = ORIENTED_EDGE('',*,*,#11536,.T.);
#11536 = EDGE_CURVE('',#11528,#11537,#11539,.T.);
#11537 = VERTEX_POINT('',#11538);
#11538 = CARTESIAN_POINT('',(-0.640743697705,-1.01,0.727825584065));
#11539 = B_SPLINE_CURVE_WITH_KNOTS('',3,(#11540,#11541,#11542,#11543),
  .UNSPECIFIED.,.F.,.F.,(4,4),(23.,24.),.PIECEWISE_BEZIER_KNOTS.);
#11540 = CARTESIAN_POINT('',(-0.678339360462,-1.01,0.765421246823));
#11541 = CARTESIAN_POINT('',(-0.657613548028,-1.01,0.765421246823));
#11542 = CARTESIAN_POINT('',(-0.640743697705,-1.01,0.7485513965));
#11543 = CARTESIAN_POINT('',(-0.640743697705,-1.01,0.727825584065));
#11544 = ORIENTED_EDGE('',*,*,#11545,.T.);
#11545 = EDGE_CURVE('',#11537,#11546,#11548,.T.);
#11546 = VERTEX_POINT('',#11547);
#11547 = CARTESIAN_POINT('',(-0.675447393476,-1.01,0.690229921308));
#11548 = B_SPLINE_CURVE_WITH_KNOTS('',3,(#11549,#11550,#11551,#11552),
  .UNSPECIFIED.,.F.,.F.,(4,4),(24.,25.),.PIECEWISE_BEZIER_KNOTS.);
#11549 = CARTESIAN_POINT('',(-0.640743697705,-1.01,0.727825584065));
#11550 = CARTESIAN_POINT('',(-0.640743697705,-1.01,0.708063757562));
#11551 = CARTESIAN_POINT('',(-0.65568555778,-1.01,0.691675904801));
#11552 = CARTESIAN_POINT('',(-0.675447393476,-1.01,0.690229921308));
#11553 = ORIENTED_EDGE('',*,*,#11554,.T.);
#11554 = EDGE_CURVE('',#11546,#11555,#11557,.T.);
#11555 = VERTEX_POINT('',#11556);
#11556 = CARTESIAN_POINT('',(-0.697137201034,-1.01,0.690229921308));
#11557 = B_SPLINE_CURVE_WITH_KNOTS('',1,(#11558,#11559),.UNSPECIFIED.,
  .F.,.F.,(2,2),(0.,2.168980755861E-02),.PIECEWISE_BEZIER_KNOTS.);
#11558 = CARTESIAN_POINT('',(-0.675447393476,-1.01,0.690229921308));
#11559 = CARTESIAN_POINT('',(-0.697137201034,-1.01,0.690229921308));
#11560 = ORIENTED_EDGE('',*,*,#11561,.T.);
#11561 = EDGE_CURVE('',#11555,#11562,#11564,.T.);
#11562 = VERTEX_POINT('',#11563);
#11563 = CARTESIAN_POINT('',(-0.700029168021,-1.01,0.690711909677));
#11564 = B_SPLINE_CURVE_WITH_KNOTS('',3,(#11565,#11566,#11567,#11568),
  .UNSPECIFIED.,.F.,.F.,(4,4),(26.,27.),.PIECEWISE_BEZIER_KNOTS.);
#11565 = CARTESIAN_POINT('',(-0.697137201034,-1.01,0.690229921308));
#11566 = CARTESIAN_POINT('',(-0.698101196159,-1.01,0.690229921308));
#11567 = CARTESIAN_POINT('',(-0.699065191283,-1.01,0.690711909677));
#11568 = CARTESIAN_POINT('',(-0.700029168021,-1.01,0.690711909677));
#11569 = ORIENTED_EDGE('',*,*,#11570,.T.);
#11570 = EDGE_CURVE('',#11562,#11571,#11573,.T.);
#11571 = VERTEX_POINT('',#11572);
#11572 = CARTESIAN_POINT('',(-0.714971028095,-1.01,0.675770049602));
#11573 = B_SPLINE_CURVE_WITH_KNOTS('',3,(#11574,#11575,#11576,#11577),
  .UNSPECIFIED.,.F.,.F.,(4,4),(27.,28.),.PIECEWISE_BEZIER_KNOTS.);
#11574 = CARTESIAN_POINT('',(-0.700029168021,-1.01,0.690711909677));
#11575 = CARTESIAN_POINT('',(-0.708223098998,-1.01,0.690711909677));
#11576 = CARTESIAN_POINT('',(-0.714971028095,-1.01,0.683963962193));
#11577 = CARTESIAN_POINT('',(-0.714971028095,-1.01,0.675770049602));
#11578 = ORIENTED_EDGE('',*,*,#11579,.T.);
#11579 = EDGE_CURVE('',#11571,#11580,#11582,.T.);
#11580 = VERTEX_POINT('',#11581);
#11581 = CARTESIAN_POINT('',(-0.700993144759,-1.01,0.660828189527));
#11582 = B_SPLINE_CURVE_WITH_KNOTS('',3,(#11583,#11584,#11585,#11586),
  .UNSPECIFIED.,.F.,.F.,(4,4),(28.,29.),.PIECEWISE_BEZIER_KNOTS.);
#11583 = CARTESIAN_POINT('',(-0.714971028095,-1.01,0.675770049602));
#11584 = CARTESIAN_POINT('',(-0.714971028095,-1.01,0.66805812538));
#11585 = CARTESIAN_POINT('',(-0.708705087367,-1.01,0.661310177896));
#11586 = CARTESIAN_POINT('',(-0.700993144759,-1.01,0.660828189527));
#11587 = ORIENTED_EDGE('',*,*,#11588,.T.);
#11588 = EDGE_CURVE('',#11580,#11589,#11591,.T.);
#11589 = VERTEX_POINT('',#11590);
#11590 = CARTESIAN_POINT('',(-0.672555408103,-1.01,0.660828189527));
#11591 = B_SPLINE_CURVE_WITH_KNOTS('',1,(#11592,#11593),.UNSPECIFIED.,
  .F.,.F.,(2,2),(-1.110223024625E-16,2.843773665606E-02),
  .PIECEWISE_BEZIER_KNOTS.);
#11592 = CARTESIAN_POINT('',(-0.700993144759,-1.01,0.660828189527));
#11593 = CARTESIAN_POINT('',(-0.672555408103,-1.01,0.660828189527));
#11594 = ORIENTED_EDGE('',*,*,#11595,.T.);
#11595 = EDGE_CURVE('',#11589,#11596,#11598,.T.);
#11596 = VERTEX_POINT('',#11597);
#11597 = CARTESIAN_POINT('',(-0.628693804617,-1.01,0.682517997086));
#11598 = B_SPLINE_CURVE_WITH_KNOTS('',3,(#11599,#11600,#11601,#11602),
  .UNSPECIFIED.,.F.,.F.,(4,4),(33.,34.),.PIECEWISE_BEZIER_KNOTS.);
#11599 = CARTESIAN_POINT('',(-0.672555408103,-1.01,0.660828189527));
#11600 = CARTESIAN_POINT('',(-0.65568555778,-1.01,0.662274173021));
#11601 = CARTESIAN_POINT('',(-0.640261690949,-1.01,0.669986115629));
#11602 = CARTESIAN_POINT('',(-0.628693804617,-1.01,0.682517997086));
#11603 = ORIENTED_EDGE('',*,*,#11604,.T.);
#11604 = EDGE_CURVE('',#11596,#11325,#11605,.T.);
#11605 = B_SPLINE_CURVE_WITH_KNOTS('',3,(#11606,#11607,#11608,#11609),
  .UNSPECIFIED.,.F.,.F.,(4,4),(34.,35.),.PIECEWISE_BEZIER_KNOTS.);
#11606 = CARTESIAN_POINT('',(-0.628693804617,-1.01,0.682517997086));
#11607 = CARTESIAN_POINT('',(-0.617125899897,-1.01,0.695049878543));
#11608 = CARTESIAN_POINT('',(-0.610859959169,-1.01,0.711437740498));
#11609 = CARTESIAN_POINT('',(-0.610859959169,-1.01,0.728307590821));
#11610 = FACE_BOUND('',#11611,.T.);
#11611 = EDGE_LOOP('',(#11612,#11626));
#11612 = ORIENTED_EDGE('',*,*,#11613,.F.);
#11613 = EDGE_CURVE('',#11614,#11616,#11618,.T.);
#11614 = VERTEX_POINT('',#11615);
#11615 = CARTESIAN_POINT('',(-0.81426214898,-1.01,0.657936185768));
#11616 = VERTEX_POINT('',#11617);
#11617 = CARTESIAN_POINT('',(-0.81426214898,-1.01,0.695531866912));
#11618 = B_SPLINE_CURVE_WITH_KNOTS('',3,(#11619,#11620,#11621,#11622,
    #11623,#11624,#11625),.UNSPECIFIED.,.F.,.F.,(4,3,4),(0.,1.,2.),
  .PIECEWISE_BEZIER_KNOTS.);
#11619 = CARTESIAN_POINT('',(-0.81426214898,-1.01,0.657936185768));
#11620 = CARTESIAN_POINT('',(-0.803658248579,-1.01,0.657936185768));
#11621 = CARTESIAN_POINT('',(-0.795464317602,-1.01,0.6666121235));
#11622 = CARTESIAN_POINT('',(-0.795464317602,-1.01,0.67673402634));
#11623 = CARTESIAN_POINT('',(-0.795464317602,-1.01,0.687337935935));
#11624 = CARTESIAN_POINT('',(-0.804140236948,-1.01,0.695531866912));
#11625 = CARTESIAN_POINT('',(-0.81426214898,-1.01,0.695531866912));
#11626 = ORIENTED_EDGE('',*,*,#11627,.F.);
#11627 = EDGE_CURVE('',#11616,#11614,#11628,.T.);
#11628 = B_SPLINE_CURVE_WITH_KNOTS('',3,(#11629,#11630,#11631,#11632,
    #11633,#11634),.UNSPECIFIED.,.F.,.F.,(4,2,4),(2.,3.,4.),
  .UNSPECIFIED.);
#11629 = CARTESIAN_POINT('',(-0.81426214898,-1.01,0.695531866912));
#11630 = CARTESIAN_POINT('',(-0.824384061013,-1.01,0.695531866912));
#11631 = CARTESIAN_POINT('',(-0.833059980359,-1.01,0.687337935935));
#11632 = CARTESIAN_POINT('',(-0.833059980359,-1.01,0.666130116745));
#11633 = CARTESIAN_POINT('',(-0.824384061013,-1.01,0.657936185768));
#11634 = CARTESIAN_POINT('',(-0.81426214898,-1.01,0.657936185768));
#11635 = B_SPLINE_SURFACE_WITH_KNOTS('',1,1,(
    (#11636,#11637)
    ,(#11638,#11639
    )),.UNSPECIFIED.,.F.,.F.,.F.,(2,2),(2,2),(-0.138453250438,
    8.712072610774E-02),(-0.293776392569,1.373687536253E-02),
  .PIECEWISE_BEZIER_KNOTS.);
#11636 = CARTESIAN_POINT('',(-0.9183732271,-1.01,0.62901647913));
#11637 = CARTESIAN_POINT('',(-0.610859959169,-1.01,0.62901647913));
#11638 = CARTESIAN_POINT('',(-0.9183732271,-1.01,0.854590455675));
#11639 = CARTESIAN_POINT('',(-0.610859959169,-1.01,0.854590455675));
#11640 = ADVANCED_FACE('',(#11641),#11655,.F.);
#11641 = FACE_BOUND('',#11642,.F.);
#11642 = EDGE_LOOP('',(#11643,#11648,#11649,#11654));
#11643 = ORIENTED_EDGE('',*,*,#11644,.F.);
#11644 = EDGE_CURVE('',#11325,#1264,#11645,.T.);
#11645 = B_SPLINE_CURVE_WITH_KNOTS('',1,(#11646,#11647),.UNSPECIFIED.,
  .F.,.F.,(2,2),(0.,1.E-02),.PIECEWISE_BEZIER_KNOTS.);
#11646 = CARTESIAN_POINT('',(-0.610859959169,-1.01,0.728307590821));
#11647 = CARTESIAN_POINT('',(-0.610859959169,-1.,0.728307590821));
#11648 = ORIENTED_EDGE('',*,*,#11324,.T.);
#11649 = ORIENTED_EDGE('',*,*,#11650,.T.);
#11650 = EDGE_CURVE('',#11327,#1266,#11651,.T.);
#11651 = B_SPLINE_CURVE_WITH_KNOTS('',1,(#11652,#11653),.UNSPECIFIED.,
  .F.,.F.,(2,2),(0.,1.E-02),.PIECEWISE_BEZIER_KNOTS.);
#11652 = CARTESIAN_POINT('',(-0.658577524766,-1.01,0.791449014055));
#11653 = CARTESIAN_POINT('',(-0.658577524766,-1.,0.791449014055));
#11654 = ORIENTED_EDGE('',*,*,#1263,.F.);
#11655 = B_SPLINE_SURFACE_WITH_KNOTS('',3,1,(
    (#11656,#11657)
    ,(#11658,#11659)
    ,(#11660,#11661)
    ,(#11662,#11663
    )),.UNSPECIFIED.,.F.,.F.,.F.,(4,4),(2,2),(35.,36.),(0.,1.),
  .PIECEWISE_BEZIER_KNOTS.);
#11656 = CARTESIAN_POINT('',(-0.610859959169,-1.01,0.728307590821));
#11657 = CARTESIAN_POINT('',(-0.610859959169,-1.,0.728307590821));
#11658 = CARTESIAN_POINT('',(-0.611341947538,-1.01,0.757227315846));
#11659 = CARTESIAN_POINT('',(-0.611341947538,-1.,0.757227315846));
#11660 = CARTESIAN_POINT('',(-0.631103783234,-1.01,0.782773094708));
#11661 = CARTESIAN_POINT('',(-0.631103783234,-1.,0.782773094708));
#11662 = CARTESIAN_POINT('',(-0.658577524766,-1.01,0.791449014055));
#11663 = CARTESIAN_POINT('',(-0.658577524766,-1.,0.791449014055));
#11664 = ADVANCED_FACE('',(#11665),#11675,.F.);
#11665 = FACE_BOUND('',#11666,.F.);
#11666 = EDGE_LOOP('',(#11667,#11668,#11669,#11674));
#11667 = ORIENTED_EDGE('',*,*,#11650,.F.);
#11668 = ORIENTED_EDGE('',*,*,#11335,.T.);
#11669 = ORIENTED_EDGE('',*,*,#11670,.T.);
#11670 = EDGE_CURVE('',#11336,#1535,#11671,.T.);
#11671 = B_SPLINE_CURVE_WITH_KNOTS('',1,(#11672,#11673),.UNSPECIFIED.,
  .F.,.F.,(2,2),(0.,1.E-02),.PIECEWISE_BEZIER_KNOTS.);
#11672 = CARTESIAN_POINT('',(-0.684605301191,-1.01,0.829526676673));
#11673 = CARTESIAN_POINT('',(-0.684605301191,-1.,0.829526676673));
#11674 = ORIENTED_EDGE('',*,*,#1543,.F.);
#11675 = B_SPLINE_SURFACE_WITH_KNOTS('',3,1,(
    (#11676,#11677)
    ,(#11678,#11679)
    ,(#11680,#11681)
    ,(#11682,#11683
    )),.UNSPECIFIED.,.F.,.F.,.F.,(4,4),(2,2),(0.,1.),(0.,1.),
  .PIECEWISE_BEZIER_KNOTS.);
#11676 = CARTESIAN_POINT('',(-0.658577524766,-1.01,0.791449014055));
#11677 = CARTESIAN_POINT('',(-0.658577524766,-1.,0.791449014055));
#11678 = CARTESIAN_POINT('',(-0.66387947037,-1.01,0.80590888576));
#11679 = CARTESIAN_POINT('',(-0.66387947037,-1.,0.80590888576));
#11680 = CARTESIAN_POINT('',(-0.673037396472,-1.01,0.818922769376));
#11681 = CARTESIAN_POINT('',(-0.673037396472,-1.,0.818922769376));
#11682 = CARTESIAN_POINT('',(-0.684605301191,-1.01,0.829526676673));
#11683 = CARTESIAN_POINT('',(-0.684605301191,-1.,0.829526676673));
#11684 = ADVANCED_FACE('',(#11685),#11695,.F.);
#11685 = FACE_BOUND('',#11686,.F.);
#11686 = EDGE_LOOP('',(#11687,#11688,#11689,#11694));
#11687 = ORIENTED_EDGE('',*,*,#11670,.F.);
#11688 = ORIENTED_EDGE('',*,*,#11344,.T.);
#11689 = ORIENTED_EDGE('',*,*,#11690,.T.);
#11690 = EDGE_CURVE('',#11345,#1526,#11691,.T.);
#11691 = B_SPLINE_CURVE_WITH_KNOTS('',1,(#11692,#11693),.UNSPECIFIED.,
  .F.,.F.,(2,2),(0.,1.E-02),.PIECEWISE_BEZIER_KNOTS.);
#11692 = CARTESIAN_POINT('',(-0.750156712236,-1.01,0.854590455675));
#11693 = CARTESIAN_POINT('',(-0.750156712236,-1.,0.854590455675));
#11694 = ORIENTED_EDGE('',*,*,#1534,.F.);
#11695 = B_SPLINE_SURFACE_WITH_KNOTS('',3,1,(
    (#11696,#11697)
    ,(#11698,#11699)
    ,(#11700,#11701)
    ,(#11702,#11703
    )),.UNSPECIFIED.,.F.,.F.,.F.,(4,4),(2,2),(1.,2.),(0.,1.),
  .PIECEWISE_BEZIER_KNOTS.);
#11696 = CARTESIAN_POINT('',(-0.684605301191,-1.01,0.829526676673));
#11697 = CARTESIAN_POINT('',(-0.684605301191,-1.,0.829526676673));
#11698 = CARTESIAN_POINT('',(-0.702921135007,-1.01,0.845432537043));
#11699 = CARTESIAN_POINT('',(-0.702921135007,-1.,0.845432537043));
#11700 = CARTESIAN_POINT('',(-0.726056926059,-1.01,0.854590455675));
#11701 = CARTESIAN_POINT('',(-0.726056926059,-1.,0.854590455675));
#11702 = CARTESIAN_POINT('',(-0.750156712236,-1.01,0.854590455675));
#11703 = CARTESIAN_POINT('',(-0.750156712236,-1.,0.854590455675));
#11704 = ADVANCED_FACE('',(#11705),#11715,.F.);
#11705 = FACE_BOUND('',#11706,.F.);
#11706 = EDGE_LOOP('',(#11707,#11708,#11709,#11714));
#11707 = ORIENTED_EDGE('',*,*,#11690,.F.);
#11708 = ORIENTED_EDGE('',*,*,#11353,.T.);
#11709 = ORIENTED_EDGE('',*,*,#11710,.T.);
#11710 = EDGE_CURVE('',#11354,#1517,#11711,.T.);
#11711 = B_SPLINE_CURVE_WITH_KNOTS('',1,(#11712,#11713),.UNSPECIFIED.,
  .F.,.F.,(2,2),(0.,1.E-02),.PIECEWISE_BEZIER_KNOTS.);
#11712 = CARTESIAN_POINT('',(-0.807996199059,-1.01,0.835792621998));
#11713 = CARTESIAN_POINT('',(-0.807996199059,-1.,0.835792621998));
#11714 = ORIENTED_EDGE('',*,*,#1525,.F.);
#11715 = B_SPLINE_SURFACE_WITH_KNOTS('',3,1,(
    (#11716,#11717)
    ,(#11718,#11719)
    ,(#11720,#11721)
    ,(#11722,#11723
    )),.UNSPECIFIED.,.F.,.F.,.F.,(4,4),(2,2),(2.,3.),(0.,1.),
  .PIECEWISE_BEZIER_KNOTS.);
#11716 = CARTESIAN_POINT('',(-0.750156712236,-1.01,0.854590455675));
#11717 = CARTESIAN_POINT('',(-0.750156712236,-1.,0.854590455675));
#11718 = CARTESIAN_POINT('',(-0.771364522232,-1.01,0.854590455675));
#11719 = CARTESIAN_POINT('',(-0.771364522232,-1.,0.854590455675));
#11720 = CARTESIAN_POINT('',(-0.791126348735,-1.01,0.847842515661));
#11721 = CARTESIAN_POINT('',(-0.791126348735,-1.,0.847842515661));
#11722 = CARTESIAN_POINT('',(-0.807996199059,-1.01,0.835792621998));
#11723 = CARTESIAN_POINT('',(-0.807996199059,-1.,0.835792621998));
#11724 = ADVANCED_FACE('',(#11725),#11735,.F.);
#11725 = FACE_BOUND('',#11726,.F.);
#11726 = EDGE_LOOP('',(#11727,#11728,#11729,#11734));
#11727 = ORIENTED_EDGE('',*,*,#11710,.F.);
#11728 = ORIENTED_EDGE('',*,*,#11362,.T.);
#11729 = ORIENTED_EDGE('',*,*,#11730,.T.);
#11730 = EDGE_CURVE('',#11363,#1508,#11731,.T.);
#11731 = B_SPLINE_CURVE_WITH_KNOTS('',1,(#11732,#11733),.UNSPECIFIED.,
  .F.,.F.,(2,2),(0.,1.E-02),.PIECEWISE_BEZIER_KNOTS.);
#11732 = CARTESIAN_POINT('',(-0.829204009055,-1.01,0.814584809703));
#11733 = CARTESIAN_POINT('',(-0.829204009055,-1.,0.814584809703));
#11734 = ORIENTED_EDGE('',*,*,#1516,.F.);
#11735 = B_SPLINE_SURFACE_WITH_KNOTS('',3,1,(
    (#11736,#11737)
    ,(#11738,#11739)
    ,(#11740,#11741)
    ,(#11742,#11743
    )),.UNSPECIFIED.,.F.,.F.,.F.,(4,4),(2,2),(3.,4.),(0.,1.),
  .PIECEWISE_BEZIER_KNOTS.);
#11736 = CARTESIAN_POINT('',(-0.807996199059,-1.01,0.835792621998));
#11737 = CARTESIAN_POINT('',(-0.807996199059,-1.,0.835792621998));
#11738 = CARTESIAN_POINT('',(-0.816190130036,-1.01,0.830008671936));
#11739 = CARTESIAN_POINT('',(-0.816190130036,-1.,0.830008671936));
#11740 = CARTESIAN_POINT('',(-0.822938068326,-1.01,0.822778736084));
#11741 = CARTESIAN_POINT('',(-0.822938068326,-1.,0.822778736084));
#11742 = CARTESIAN_POINT('',(-0.829204009055,-1.01,0.814584809703));
#11743 = CARTESIAN_POINT('',(-0.829204009055,-1.,0.814584809703));
#11744 = ADVANCED_FACE('',(#11745),#11755,.F.);
#11745 = FACE_BOUND('',#11746,.F.);
#11746 = EDGE_LOOP('',(#11747,#11748,#11749,#11754));
#11747 = ORIENTED_EDGE('',*,*,#11730,.F.);
#11748 = ORIENTED_EDGE('',*,*,#11371,.T.);
#11749 = ORIENTED_EDGE('',*,*,#11750,.T.);
#11750 = EDGE_CURVE('',#11372,#1499,#11751,.T.);
#11751 = B_SPLINE_CURVE_WITH_KNOTS('',1,(#11752,#11753),.UNSPECIFIED.,
  .F.,.F.,(2,2),(0.,1.E-02),.PIECEWISE_BEZIER_KNOTS.);
#11752 = CARTESIAN_POINT('',(-0.840289907019,-1.01,0.815548800231));
#11753 = CARTESIAN_POINT('',(-0.840289907019,-1.,0.815548800231));
#11754 = ORIENTED_EDGE('',*,*,#1507,.F.);
#11755 = B_SPLINE_SURFACE_WITH_KNOTS('',3,1,(
    (#11756,#11757)
    ,(#11758,#11759)
    ,(#11760,#11761)
    ,(#11762,#11763
    )),.UNSPECIFIED.,.F.,.F.,.F.,(4,4),(2,2),(4.,5.),(0.,1.),
  .PIECEWISE_BEZIER_KNOTS.);
#11756 = CARTESIAN_POINT('',(-0.829204009055,-1.01,0.814584809703));
#11757 = CARTESIAN_POINT('',(-0.829204009055,-1.,0.814584809703));
#11758 = CARTESIAN_POINT('',(-0.833059971166,-1.01,0.815066807265));
#11759 = CARTESIAN_POINT('',(-0.833059971166,-1.,0.815066807265));
#11760 = CARTESIAN_POINT('',(-0.836433944908,-1.01,0.815548800231));
#11761 = CARTESIAN_POINT('',(-0.836433944908,-1.,0.815548800231));
#11762 = CARTESIAN_POINT('',(-0.840289907019,-1.01,0.815548800231));
#11763 = CARTESIAN_POINT('',(-0.840289907019,-1.,0.815548800231));
#11764 = ADVANCED_FACE('',(#11765),#11775,.F.);
#11765 = FACE_BOUND('',#11766,.F.);
#11766 = EDGE_LOOP('',(#11767,#11768,#11769,#11774));
#11767 = ORIENTED_EDGE('',*,*,#11750,.F.);
#11768 = ORIENTED_EDGE('',*,*,#11380,.T.);
#11769 = ORIENTED_EDGE('',*,*,#11770,.T.);
#11770 = EDGE_CURVE('',#11381,#1490,#11771,.T.);
#11771 = B_SPLINE_CURVE_WITH_KNOTS('',1,(#11772,#11773),.UNSPECIFIED.,
  .F.,.F.,(2,2),(0.,1.E-02),.PIECEWISE_BEZIER_KNOTS.);
#11772 = CARTESIAN_POINT('',(-0.895719415224,-1.01,0.792413004582));
#11773 = CARTESIAN_POINT('',(-0.895719415224,-1.,0.792413004582));
#11774 = ORIENTED_EDGE('',*,*,#1498,.F.);
#11775 = B_SPLINE_SURFACE_WITH_KNOTS('',3,1,(
    (#11776,#11777)
    ,(#11778,#11779)
    ,(#11780,#11781)
    ,(#11782,#11783
    )),.UNSPECIFIED.,.F.,.F.,.F.,(4,4),(2,2),(5.,6.),(0.,1.),
  .PIECEWISE_BEZIER_KNOTS.);
#11776 = CARTESIAN_POINT('',(-0.840289907019,-1.01,0.815548800231));
#11777 = CARTESIAN_POINT('',(-0.840289907019,-1.,0.815548800231));
#11778 = CARTESIAN_POINT('',(-0.86101572405,-1.01,0.815548800231));
#11779 = CARTESIAN_POINT('',(-0.86101572405,-1.,0.815548800231));
#11780 = CARTESIAN_POINT('',(-0.880777545956,-1.01,0.807354873851));
#11781 = CARTESIAN_POINT('',(-0.880777545956,-1.,0.807354873851));
#11782 = CARTESIAN_POINT('',(-0.895719415224,-1.01,0.792413004582));
#11783 = CARTESIAN_POINT('',(-0.895719415224,-1.,0.792413004582));
#11784 = ADVANCED_FACE('',(#11785),#11795,.F.);
#11785 = FACE_BOUND('',#11786,.F.);
#11786 = EDGE_LOOP('',(#11787,#11788,#11789,#11794));
#11787 = ORIENTED_EDGE('',*,*,#11770,.F.);
#11788 = ORIENTED_EDGE('',*,*,#11389,.T.);
#11789 = ORIENTED_EDGE('',*,*,#11790,.T.);
#11790 = EDGE_CURVE('',#11390,#1481,#11791,.T.);
#11791 = B_SPLINE_CURVE_WITH_KNOTS('',1,(#11792,#11793),.UNSPECIFIED.,
  .F.,.F.,(2,2),(0.,1.E-02),.PIECEWISE_BEZIER_KNOTS.);
#11792 = CARTESIAN_POINT('',(-0.9183732271,-1.01,0.737465498536));
#11793 = CARTESIAN_POINT('',(-0.9183732271,-1.,0.737465498536));
#11794 = ORIENTED_EDGE('',*,*,#1489,.F.);
#11795 = B_SPLINE_SURFACE_WITH_KNOTS('',3,1,(
    (#11796,#11797)
    ,(#11798,#11799)
    ,(#11800,#11801)
    ,(#11802,#11803
    )),.UNSPECIFIED.,.F.,.F.,.F.,(4,4),(2,2),(6.,7.),(0.,1.),
  .PIECEWISE_BEZIER_KNOTS.);
#11796 = CARTESIAN_POINT('',(-0.895719415224,-1.01,0.792413004582));
#11797 = CARTESIAN_POINT('',(-0.895719415224,-1.,0.792413004582));
#11798 = CARTESIAN_POINT('',(-0.910179299571,-1.01,0.777953137473));
#11799 = CARTESIAN_POINT('',(-0.910179299571,-1.,0.777953137473));
#11800 = CARTESIAN_POINT('',(-0.9183732271,-1.01,0.75819131097));
#11801 = CARTESIAN_POINT('',(-0.9183732271,-1.,0.75819131097));
#11802 = CARTESIAN_POINT('',(-0.9183732271,-1.01,0.737465498536));
#11803 = CARTESIAN_POINT('',(-0.9183732271,-1.,0.737465498536));
#11804 = ADVANCED_FACE('',(#11805),#11815,.F.);
#11805 = FACE_BOUND('',#11806,.F.);
#11806 = EDGE_LOOP('',(#11807,#11808,#11809,#11814));
#11807 = ORIENTED_EDGE('',*,*,#11790,.F.);
#11808 = ORIENTED_EDGE('',*,*,#11398,.T.);
#11809 = ORIENTED_EDGE('',*,*,#11810,.T.);
#11810 = EDGE_CURVE('',#11399,#1472,#11811,.T.);
#11811 = B_SPLINE_CURVE_WITH_KNOTS('',1,(#11812,#11813),.UNSPECIFIED.,
  .F.,.F.,(2,2),(0.,1.E-02),.PIECEWISE_BEZIER_KNOTS.);
#11812 = CARTESIAN_POINT('',(-0.898129407631,-1.01,0.684927975704));
#11813 = CARTESIAN_POINT('',(-0.898129407631,-1.,0.684927975704));
#11814 = ORIENTED_EDGE('',*,*,#1480,.F.);
#11815 = B_SPLINE_SURFACE_WITH_KNOTS('',3,1,(
    (#11816,#11817)
    ,(#11818,#11819)
    ,(#11820,#11821)
    ,(#11822,#11823
    )),.UNSPECIFIED.,.F.,.F.,.F.,(4,4),(2,2),(7.,8.),(0.,1.),
  .PIECEWISE_BEZIER_KNOTS.);
#11816 = CARTESIAN_POINT('',(-0.9183732271,-1.01,0.737465498536));
#11817 = CARTESIAN_POINT('',(-0.9183732271,-1.,0.737465498536));
#11818 = CARTESIAN_POINT('',(-0.9183732271,-1.01,0.718185669595));
#11819 = CARTESIAN_POINT('',(-0.9183732271,-1.,0.718185669595));
#11820 = CARTESIAN_POINT('',(-0.911143291248,-1.01,0.699387829023));
#11821 = CARTESIAN_POINT('',(-0.911143291248,-1.,0.699387829023));
#11822 = CARTESIAN_POINT('',(-0.898129407631,-1.01,0.684927975704));
#11823 = CARTESIAN_POINT('',(-0.898129407631,-1.,0.684927975704));
#11824 = ADVANCED_FACE('',(#11825),#11835,.F.);
#11825 = FACE_BOUND('',#11826,.F.);
#11826 = EDGE_LOOP('',(#11827,#11828,#11829,#11834));
#11827 = ORIENTED_EDGE('',*,*,#11810,.F.);
#11828 = ORIENTED_EDGE('',*,*,#11407,.T.);
#11829 = ORIENTED_EDGE('',*,*,#11830,.T.);
#11830 = EDGE_CURVE('',#11408,#1463,#11831,.T.);
#11831 = B_SPLINE_CURVE_WITH_KNOTS('',1,(#11832,#11833),.UNSPECIFIED.,
  .F.,.F.,(2,2),(0.,1.E-02),.PIECEWISE_BEZIER_KNOTS.);
#11832 = CARTESIAN_POINT('',(-0.85956974975,-1.01,0.661792184652));
#11833 = CARTESIAN_POINT('',(-0.85956974975,-1.,0.661792184652));
#11834 = ORIENTED_EDGE('',*,*,#1471,.F.);
#11835 = B_SPLINE_SURFACE_WITH_KNOTS('',3,1,(
    (#11836,#11837)
    ,(#11838,#11839)
    ,(#11840,#11841)
    ,(#11842,#11843
    )),.UNSPECIFIED.,.F.,.F.,.F.,(4,4),(2,2),(8.,9.),(0.,1.),
  .PIECEWISE_BEZIER_KNOTS.);
#11836 = CARTESIAN_POINT('',(-0.898129407631,-1.01,0.684927975704));
#11837 = CARTESIAN_POINT('',(-0.898129407631,-1.,0.684927975704));
#11838 = CARTESIAN_POINT('',(-0.887525502633,-1.01,0.673360070984));
#11839 = CARTESIAN_POINT('',(-0.887525502633,-1.,0.673360070984));
#11840 = CARTESIAN_POINT('',(-0.874511614421,-1.01,0.665648146763));
#11841 = CARTESIAN_POINT('',(-0.874511614421,-1.,0.665648146763));
#11842 = CARTESIAN_POINT('',(-0.85956974975,-1.01,0.661792184652));
#11843 = CARTESIAN_POINT('',(-0.85956974975,-1.,0.661792184652));
#11844 = ADVANCED_FACE('',(#11845),#11855,.F.);
#11845 = FACE_BOUND('',#11846,.F.);
#11846 = EDGE_LOOP('',(#11847,#11848,#11849,#11854));
#11847 = ORIENTED_EDGE('',*,*,#11830,.F.);
#11848 = ORIENTED_EDGE('',*,*,#11416,.T.);
#11849 = ORIENTED_EDGE('',*,*,#11850,.T.);
#11850 = EDGE_CURVE('',#11417,#1454,#11851,.T.);
#11851 = B_SPLINE_CURVE_WITH_KNOTS('',1,(#11852,#11853),.UNSPECIFIED.,
  .F.,.F.,(2,2),(0.,1.E-02),.PIECEWISE_BEZIER_KNOTS.);
#11852 = CARTESIAN_POINT('',(-0.813780151418,-1.01,0.62901647913));
#11853 = CARTESIAN_POINT('',(-0.813780151418,-1.,0.62901647913));
#11854 = ORIENTED_EDGE('',*,*,#1462,.F.);
#11855 = B_SPLINE_SURFACE_WITH_KNOTS('',3,1,(
    (#11856,#11857)
    ,(#11858,#11859)
    ,(#11860,#11861)
    ,(#11862,#11863
    )),.UNSPECIFIED.,.F.,.F.,.F.,(4,4),(2,2),(9.,10.),(0.,1.),
  .PIECEWISE_BEZIER_KNOTS.);
#11856 = CARTESIAN_POINT('',(-0.85956974975,-1.01,0.661792184652));
#11857 = CARTESIAN_POINT('',(-0.85956974975,-1.,0.661792184652));
#11858 = CARTESIAN_POINT('',(-0.853303804425,-1.01,0.642512355711));
#11859 = CARTESIAN_POINT('',(-0.853303804425,-1.,0.642512355711));
#11860 = CARTESIAN_POINT('',(-0.834987970608,-1.01,0.62901647913));
#11861 = CARTESIAN_POINT('',(-0.834987970608,-1.,0.62901647913));
#11862 = CARTESIAN_POINT('',(-0.813780151418,-1.01,0.62901647913));
#11863 = CARTESIAN_POINT('',(-0.813780151418,-1.,0.62901647913));
#11864 = ADVANCED_FACE('',(#11865),#11875,.F.);
#11865 = FACE_BOUND('',#11866,.F.);
#11866 = EDGE_LOOP('',(#11867,#11868,#11869,#11874));
#11867 = ORIENTED_EDGE('',*,*,#11850,.F.);
#11868 = ORIENTED_EDGE('',*,*,#11425,.T.);
#11869 = ORIENTED_EDGE('',*,*,#11870,.T.);
#11870 = EDGE_CURVE('',#11426,#1445,#11871,.T.);
#11871 = B_SPLINE_CURVE_WITH_KNOTS('',1,(#11872,#11873),.UNSPECIFIED.,
  .F.,.F.,(2,2),(0.,1.E-02),.PIECEWISE_BEZIER_KNOTS.);
#11872 = CARTESIAN_POINT('',(-0.765580579065,-1.01,0.677216051482));
#11873 = CARTESIAN_POINT('',(-0.765580579065,-1.,0.677216051482));
#11874 = ORIENTED_EDGE('',*,*,#1453,.F.);
#11875 = B_SPLINE_SURFACE_WITH_KNOTS('',3,1,(
    (#11876,#11877)
    ,(#11878,#11879)
    ,(#11880,#11881)
    ,(#11882,#11883
    )),.UNSPECIFIED.,.F.,.F.,.F.,(4,4),(2,2),(10.,11.),(0.,1.),
  .PIECEWISE_BEZIER_KNOTS.);
#11876 = CARTESIAN_POINT('',(-0.813780151418,-1.01,0.62901647913));
#11877 = CARTESIAN_POINT('',(-0.813780151418,-1.,0.62901647913));
#11878 = CARTESIAN_POINT('',(-0.787270386624,-1.01,0.62901647913));
#11879 = CARTESIAN_POINT('',(-0.787270386624,-1.,0.62901647913));
#11880 = CARTESIAN_POINT('',(-0.765580579065,-1.01,0.650706286688));
#11881 = CARTESIAN_POINT('',(-0.765580579065,-1.,0.650706286688));
#11882 = CARTESIAN_POINT('',(-0.765580579065,-1.01,0.677216051482));
#11883 = CARTESIAN_POINT('',(-0.765580579065,-1.,0.677216051482));
#11884 = ADVANCED_FACE('',(#11885),#11895,.F.);
#11885 = FACE_BOUND('',#11886,.T.);
#11886 = EDGE_LOOP('',(#11887,#11888,#11893,#11894));
#11887 = ORIENTED_EDGE('',*,*,#1444,.T.);
#11888 = ORIENTED_EDGE('',*,*,#11889,.F.);
#11889 = EDGE_CURVE('',#11435,#1438,#11890,.T.);
#11890 = B_SPLINE_CURVE_WITH_KNOTS('',1,(#11891,#11892),.UNSPECIFIED.,
  .F.,.F.,(2,2),(0.,1.E-02),.PIECEWISE_BEZIER_KNOTS.);
#11891 = CARTESIAN_POINT('',(-0.765580579065,-1.01,0.682036008717));
#11892 = CARTESIAN_POINT('',(-0.765580579065,-1.,0.682036008717));
#11893 = ORIENTED_EDGE('',*,*,#11434,.F.);
#11894 = ORIENTED_EDGE('',*,*,#11870,.T.);
#11895 = B_SPLINE_SURFACE_WITH_KNOTS('',1,1,(
    (#11896,#11897)
    ,(#11898,#11899
    )),.UNSPECIFIED.,.F.,.F.,.F.,(2,2),(2,2),(0.,4.819957235555E-03),(0.
    ,1.E-02),.PIECEWISE_BEZIER_KNOTS.);
#11896 = CARTESIAN_POINT('',(-0.765580579065,-1.01,0.677216051482));
#11897 = CARTESIAN_POINT('',(-0.765580579065,-1.,0.677216051482));
#11898 = CARTESIAN_POINT('',(-0.765580579065,-1.01,0.682036008717));
#11899 = CARTESIAN_POINT('',(-0.765580579065,-1.,0.682036008717));
#11900 = ADVANCED_FACE('',(#11901),#11911,.F.);
#11901 = FACE_BOUND('',#11902,.T.);
#11902 = EDGE_LOOP('',(#11903,#11904,#11909,#11910));
#11903 = ORIENTED_EDGE('',*,*,#1437,.T.);
#11904 = ORIENTED_EDGE('',*,*,#11905,.F.);
#11905 = EDGE_CURVE('',#11444,#1431,#11906,.T.);
#11906 = B_SPLINE_CURVE_WITH_KNOTS('',1,(#11907,#11908),.UNSPECIFIED.,
  .F.,.F.,(2,2),(0.,1.E-02),.PIECEWISE_BEZIER_KNOTS.);
#11907 = CARTESIAN_POINT('',(-0.698101177772,-1.01,0.717703690419));
#11908 = CARTESIAN_POINT('',(-0.698101177772,-1.,0.717703690419));
#11909 = ORIENTED_EDGE('',*,*,#11443,.F.);
#11910 = ORIENTED_EDGE('',*,*,#11889,.T.);
#11911 = B_SPLINE_SURFACE_WITH_KNOTS('',1,1,(
    (#11912,#11913)
    ,(#11914,#11915
    )),.UNSPECIFIED.,.F.,.F.,.F.,(2,2),(2,2),(0.,7.632596620359E-02),(0.
    ,1.E-02),.PIECEWISE_BEZIER_KNOTS.);
#11912 = CARTESIAN_POINT('',(-0.765580579065,-1.01,0.682036008717));
#11913 = CARTESIAN_POINT('',(-0.765580579065,-1.,0.682036008717));
#11914 = CARTESIAN_POINT('',(-0.698101177772,-1.01,0.717703690419));
#11915 = CARTESIAN_POINT('',(-0.698101177772,-1.,0.717703690419));
#11916 = ADVANCED_FACE('',(#11917),#11927,.F.);
#11917 = FACE_BOUND('',#11918,.T.);
#11918 = EDGE_LOOP('',(#11919,#11920,#11925,#11926));
#11919 = ORIENTED_EDGE('',*,*,#1430,.T.);
#11920 = ORIENTED_EDGE('',*,*,#11921,.F.);
#11921 = EDGE_CURVE('',#11451,#1424,#11922,.T.);
#11922 = B_SPLINE_CURVE_WITH_KNOTS('',1,(#11923,#11924),.UNSPECIFIED.,
  .F.,.F.,(2,2),(0.,1.E-02),.PIECEWISE_BEZIER_KNOTS.);
#11923 = CARTESIAN_POINT('',(-0.713043037847,-1.01,0.743249469282));
#11924 = CARTESIAN_POINT('',(-0.713043037847,-1.,0.743249469282));
#11925 = ORIENTED_EDGE('',*,*,#11450,.F.);
#11926 = ORIENTED_EDGE('',*,*,#11905,.T.);
#11927 = B_SPLINE_SURFACE_WITH_KNOTS('',1,1,(
    (#11928,#11929)
    ,(#11930,#11931
    )),.UNSPECIFIED.,.F.,.F.,.F.,(2,2),(2,2),(0.,2.959469547388E-02),(0.
    ,1.E-02),.PIECEWISE_BEZIER_KNOTS.);
#11928 = CARTESIAN_POINT('',(-0.698101177772,-1.01,0.717703690419));
#11929 = CARTESIAN_POINT('',(-0.698101177772,-1.,0.717703690419));
#11930 = CARTESIAN_POINT('',(-0.713043037847,-1.01,0.743249469282));
#11931 = CARTESIAN_POINT('',(-0.713043037847,-1.,0.743249469282));
#11932 = ADVANCED_FACE('',(#11933),#11943,.F.);
#11933 = FACE_BOUND('',#11934,.T.);
#11934 = EDGE_LOOP('',(#11935,#11936,#11941,#11942));
#11935 = ORIENTED_EDGE('',*,*,#1423,.T.);
#11936 = ORIENTED_EDGE('',*,*,#11937,.F.);
#11937 = EDGE_CURVE('',#11458,#1415,#11938,.T.);
#11938 = B_SPLINE_CURVE_WITH_KNOTS('',1,(#11939,#11940),.UNSPECIFIED.,
  .F.,.F.,(2,2),(0.,1.E-02),.PIECEWISE_BEZIER_KNOTS.);
#11939 = CARTESIAN_POINT('',(-0.77763046296,-1.01,0.709509768635));
#11940 = CARTESIAN_POINT('',(-0.77763046296,-1.,0.709509768635));
#11941 = ORIENTED_EDGE('',*,*,#11457,.F.);
#11942 = ORIENTED_EDGE('',*,*,#11921,.T.);
#11943 = B_SPLINE_SURFACE_WITH_KNOTS('',1,1,(
    (#11944,#11945)
    ,(#11946,#11947
    )),.UNSPECIFIED.,.F.,.F.,.F.,(2,2),(2,2),(0.,7.286908042864E-02),(0.
    ,1.E-02),.PIECEWISE_BEZIER_KNOTS.);
#11944 = CARTESIAN_POINT('',(-0.713043037847,-1.01,0.743249469282));
#11945 = CARTESIAN_POINT('',(-0.713043037847,-1.,0.743249469282));
#11946 = CARTESIAN_POINT('',(-0.77763046296,-1.01,0.709509768635));
#11947 = CARTESIAN_POINT('',(-0.77763046296,-1.,0.709509768635));
#11948 = ADVANCED_FACE('',(#11949),#11959,.F.);
#11949 = FACE_BOUND('',#11950,.F.);
#11950 = EDGE_LOOP('',(#11951,#11952,#11953,#11958));
#11951 = ORIENTED_EDGE('',*,*,#11937,.F.);
#11952 = ORIENTED_EDGE('',*,*,#11464,.T.);
#11953 = ORIENTED_EDGE('',*,*,#11954,.T.);
#11954 = EDGE_CURVE('',#11465,#1406,#11955,.T.);
#11955 = B_SPLINE_CURVE_WITH_KNOTS('',1,(#11956,#11957),.UNSPECIFIED.,
  .F.,.F.,(2,2),(0.,1.E-02),.PIECEWISE_BEZIER_KNOTS.);
#11956 = CARTESIAN_POINT('',(-0.813780142225,-1.01,0.725897621397));
#11957 = CARTESIAN_POINT('',(-0.813780142225,-1.,0.725897621397));
#11958 = ORIENTED_EDGE('',*,*,#1414,.F.);
#11959 = B_SPLINE_SURFACE_WITH_KNOTS('',3,1,(
    (#11960,#11961)
    ,(#11962,#11963)
    ,(#11964,#11965)
    ,(#11966,#11967
    )),.UNSPECIFIED.,.F.,.F.,.F.,(4,4),(2,2),(15.,16.),(0.,1.),
  .PIECEWISE_BEZIER_KNOTS.);
#11960 = CARTESIAN_POINT('',(-0.77763046296,-1.01,0.709509768635));
#11961 = CARTESIAN_POINT('',(-0.77763046296,-1.,0.709509768635));
#11962 = CARTESIAN_POINT('',(-0.786306382307,-1.01,0.719631680668));
#11963 = CARTESIAN_POINT('',(-0.786306382307,-1.,0.719631680668));
#11964 = CARTESIAN_POINT('',(-0.799320270519,-1.01,0.725897621397));
#11965 = CARTESIAN_POINT('',(-0.799320270519,-1.,0.725897621397));
#11966 = CARTESIAN_POINT('',(-0.813780142225,-1.01,0.725897621397));
#11967 = CARTESIAN_POINT('',(-0.813780142225,-1.,0.725897621397));
#11968 = ADVANCED_FACE('',(#11969),#11979,.F.);
#11969 = FACE_BOUND('',#11970,.F.);
#11970 = EDGE_LOOP('',(#11971,#11972,#11973,#11978));
#11971 = ORIENTED_EDGE('',*,*,#11954,.F.);
#11972 = ORIENTED_EDGE('',*,*,#11473,.T.);
#11973 = ORIENTED_EDGE('',*,*,#11974,.T.);
#11974 = EDGE_CURVE('',#11474,#1397,#11975,.T.);
#11975 = B_SPLINE_CURVE_WITH_KNOTS('',1,(#11976,#11977),.UNSPECIFIED.,
  .F.,.F.,(2,2),(0.,1.E-02),.PIECEWISE_BEZIER_KNOTS.);
#11976 = CARTESIAN_POINT('',(-0.859087738397,-1.01,0.694085901806));
#11977 = CARTESIAN_POINT('',(-0.859087738397,-1.,0.694085901806));
#11978 = ORIENTED_EDGE('',*,*,#1405,.F.);
#11979 = B_SPLINE_SURFACE_WITH_KNOTS('',3,1,(
    (#11980,#11981)
    ,(#11982,#11983)
    ,(#11984,#11985)
    ,(#11986,#11987
    )),.UNSPECIFIED.,.F.,.F.,.F.,(4,4),(2,2),(16.,17.),(0.,1.),
  .PIECEWISE_BEZIER_KNOTS.);
#11980 = CARTESIAN_POINT('',(-0.813780142225,-1.01,0.725897621397));
#11981 = CARTESIAN_POINT('',(-0.813780142225,-1.,0.725897621397));
#11982 = CARTESIAN_POINT('',(-0.834505963852,-1.01,0.725897621397));
#11983 = CARTESIAN_POINT('',(-0.834505963852,-1.,0.725897621397));
#11984 = CARTESIAN_POINT('',(-0.852339800107,-1.01,0.712401744816));
#11985 = CARTESIAN_POINT('',(-0.852339800107,-1.,0.712401744816));
#11986 = CARTESIAN_POINT('',(-0.859087738397,-1.01,0.694085901806));
#11987 = CARTESIAN_POINT('',(-0.859087738397,-1.,0.694085901806));
#11988 = ADVANCED_FACE('',(#11989),#11999,.F.);
#11989 = FACE_BOUND('',#11990,.F.);
#11990 = EDGE_LOOP('',(#11991,#11992,#11993,#11998));
#11991 = ORIENTED_EDGE('',*,*,#11974,.F.);
#11992 = ORIENTED_EDGE('',*,*,#11482,.T.);
#11993 = ORIENTED_EDGE('',*,*,#11994,.T.);
#11994 = EDGE_CURVE('',#11483,#1388,#11995,.T.);
#11995 = B_SPLINE_CURVE_WITH_KNOTS('',1,(#11996,#11997),.UNSPECIFIED.,
  .F.,.F.,(2,2),(0.,1.E-02),.PIECEWISE_BEZIER_KNOTS.);
#11996 = CARTESIAN_POINT('',(-0.888007481809,-1.01,0.738429512047));
#11997 = CARTESIAN_POINT('',(-0.888007481809,-1.,0.738429512047));
#11998 = ORIENTED_EDGE('',*,*,#1396,.F.);
#11999 = B_SPLINE_SURFACE_WITH_KNOTS('',3,1,(
    (#12000,#12001)
    ,(#12002,#12003)
    ,(#12004,#12005)
    ,(#12006,#12007
    )),.UNSPECIFIED.,.F.,.F.,.F.,(4,4),(2,2),(17.,18.),(0.,1.),
  .PIECEWISE_BEZIER_KNOTS.);
#12000 = CARTESIAN_POINT('',(-0.859087738397,-1.01,0.694085901806));
#12001 = CARTESIAN_POINT('',(-0.859087738397,-1.,0.694085901806));
#12002 = CARTESIAN_POINT('',(-0.875957588721,-1.01,0.70179783522));
#12003 = CARTESIAN_POINT('',(-0.875957588721,-1.,0.70179783522));
#12004 = CARTESIAN_POINT('',(-0.888007481809,-1.01,0.718667685544));
#12005 = CARTESIAN_POINT('',(-0.888007481809,-1.,0.718667685544));
#12006 = CARTESIAN_POINT('',(-0.888007481809,-1.01,0.738429512047));
#12007 = CARTESIAN_POINT('',(-0.888007481809,-1.,0.738429512047));
#12008 = ADVANCED_FACE('',(#12009),#12019,.F.);
#12009 = FACE_BOUND('',#12010,.F.);
#12010 = EDGE_LOOP('',(#12011,#12012,#12013,#12018));
#12011 = ORIENTED_EDGE('',*,*,#11994,.F.);
#12012 = ORIENTED_EDGE('',*,*,#11491,.T.);
#12013 = ORIENTED_EDGE('',*,*,#12014,.T.);
#12014 = EDGE_CURVE('',#11492,#1379,#12015,.T.);
#12015 = B_SPLINE_CURVE_WITH_KNOTS('',1,(#12016,#12017),.UNSPECIFIED.,
  .F.,.F.,(2,2),(0.,1.E-02),.PIECEWISE_BEZIER_KNOTS.);
#12016 = CARTESIAN_POINT('',(-0.839807909457,-1.01,0.786629084399));
#12017 = CARTESIAN_POINT('',(-0.839807909457,-1.,0.786629084399));
#12018 = ORIENTED_EDGE('',*,*,#1387,.F.);
#12019 = B_SPLINE_SURFACE_WITH_KNOTS('',3,1,(
    (#12020,#12021)
    ,(#12022,#12023)
    ,(#12024,#12025)
    ,(#12026,#12027
    )),.UNSPECIFIED.,.F.,.F.,.F.,(4,4),(2,2),(18.,19.),(0.,1.),
  .PIECEWISE_BEZIER_KNOTS.);
#12020 = CARTESIAN_POINT('',(-0.888007481809,-1.01,0.738429512047));
#12021 = CARTESIAN_POINT('',(-0.888007481809,-1.,0.738429512047));
#12022 = CARTESIAN_POINT('',(-0.888007481809,-1.01,0.764939276841));
#12023 = CARTESIAN_POINT('',(-0.888007481809,-1.,0.764939276841));
#12024 = CARTESIAN_POINT('',(-0.86631767425,-1.01,0.786629084399));
#12025 = CARTESIAN_POINT('',(-0.86631767425,-1.,0.786629084399));
#12026 = CARTESIAN_POINT('',(-0.839807909457,-1.01,0.786629084399));
#12027 = CARTESIAN_POINT('',(-0.839807909457,-1.,0.786629084399));
#12028 = ADVANCED_FACE('',(#12029),#12039,.F.);
#12029 = FACE_BOUND('',#12030,.F.);
#12030 = EDGE_LOOP('',(#12031,#12032,#12033,#12038));
#12031 = ORIENTED_EDGE('',*,*,#12014,.F.);
#12032 = ORIENTED_EDGE('',*,*,#11500,.T.);
#12033 = ORIENTED_EDGE('',*,*,#12034,.T.);
#12034 = EDGE_CURVE('',#11501,#1370,#12035,.T.);
#12035 = B_SPLINE_CURVE_WITH_KNOTS('',1,(#12036,#12037),.UNSPECIFIED.,
  .F.,.F.,(2,2),(0.,1.E-02),.PIECEWISE_BEZIER_KNOTS.);
#12036 = CARTESIAN_POINT('',(-0.814262139787,-1.01,0.779399148546));
#12037 = CARTESIAN_POINT('',(-0.814262139787,-1.,0.779399148546));
#12038 = ORIENTED_EDGE('',*,*,#1378,.F.);
#12039 = B_SPLINE_SURFACE_WITH_KNOTS('',3,1,(
    (#12040,#12041)
    ,(#12042,#12043)
    ,(#12044,#12045)
    ,(#12046,#12047
    )),.UNSPECIFIED.,.F.,.F.,.F.,(4,4),(2,2),(19.,20.),(0.,1.),
  .PIECEWISE_BEZIER_KNOTS.);
#12040 = CARTESIAN_POINT('',(-0.839807909457,-1.01,0.786629084399));
#12041 = CARTESIAN_POINT('',(-0.839807909457,-1.,0.786629084399));
#12042 = CARTESIAN_POINT('',(-0.830649992548,-1.01,0.786629084399));
#12043 = CARTESIAN_POINT('',(-0.830649992548,-1.,0.786629084399));
#12044 = CARTESIAN_POINT('',(-0.82149207564,-1.01,0.78373710822));
#12045 = CARTESIAN_POINT('',(-0.82149207564,-1.,0.78373710822));
#12046 = CARTESIAN_POINT('',(-0.814262139787,-1.01,0.779399148546));
#12047 = CARTESIAN_POINT('',(-0.814262139787,-1.,0.779399148546));
#12048 = ADVANCED_FACE('',(#12049),#12059,.F.);
#12049 = FACE_BOUND('',#12050,.F.);
#12050 = EDGE_LOOP('',(#12051,#12052,#12053,#12058));
#12051 = ORIENTED_EDGE('',*,*,#12034,.F.);
#12052 = ORIENTED_EDGE('',*,*,#11509,.T.);
#12053 = ORIENTED_EDGE('',*,*,#12054,.T.);
#12054 = EDGE_CURVE('',#11510,#1361,#12055,.T.);
#12055 = B_SPLINE_CURVE_WITH_KNOTS('',1,(#12056,#12057),.UNSPECIFIED.,
  .F.,.F.,(2,2),(0.,1.E-02),.PIECEWISE_BEZIER_KNOTS.);
#12056 = CARTESIAN_POINT('',(-0.749674723867,-1.01,0.825670712263));
#12057 = CARTESIAN_POINT('',(-0.749674723867,-1.,0.825670712263));
#12058 = ORIENTED_EDGE('',*,*,#1369,.F.);
#12059 = B_SPLINE_SURFACE_WITH_KNOTS('',3,1,(
    (#12060,#12061)
    ,(#12062,#12063)
    ,(#12064,#12065)
    ,(#12066,#12067
    )),.UNSPECIFIED.,.F.,.F.,.F.,(4,4),(2,2),(20.,21.),(0.,1.),
  .PIECEWISE_BEZIER_KNOTS.);
#12060 = CARTESIAN_POINT('',(-0.814262139787,-1.01,0.779399148546));
#12061 = CARTESIAN_POINT('',(-0.814262139787,-1.,0.779399148546));
#12062 = CARTESIAN_POINT('',(-0.805104232072,-1.01,0.806390883323));
#12063 = CARTESIAN_POINT('',(-0.805104232072,-1.,0.806390883323));
#12064 = CARTESIAN_POINT('',(-0.780040450771,-1.01,0.825670712263));
#12065 = CARTESIAN_POINT('',(-0.780040450771,-1.,0.825670712263));
#12066 = CARTESIAN_POINT('',(-0.749674723867,-1.01,0.825670712263));
#12067 = CARTESIAN_POINT('',(-0.749674723867,-1.,0.825670712263));
#12068 = ADVANCED_FACE('',(#12069),#12079,.F.);
#12069 = FACE_BOUND('',#12070,.F.);
#12070 = EDGE_LOOP('',(#12071,#12072,#12073,#12078));
#12071 = ORIENTED_EDGE('',*,*,#12054,.F.);
#12072 = ORIENTED_EDGE('',*,*,#11518,.T.);
#12073 = ORIENTED_EDGE('',*,*,#12074,.T.);
#12074 = EDGE_CURVE('',#11519,#1352,#12075,.T.);
#12075 = B_SPLINE_CURVE_WITH_KNOTS('',1,(#12076,#12077),.UNSPECIFIED.,
  .F.,.F.,(2,2),(0.,1.E-02),.PIECEWISE_BEZIER_KNOTS.);
#12076 = CARTESIAN_POINT('',(-0.682195322573,-1.01,0.765421246823));
#12077 = CARTESIAN_POINT('',(-0.682195322573,-1.,0.765421246823));
#12078 = ORIENTED_EDGE('',*,*,#1360,.F.);
#12079 = B_SPLINE_SURFACE_WITH_KNOTS('',3,1,(
    (#12080,#12081)
    ,(#12082,#12083)
    ,(#12084,#12085)
    ,(#12086,#12087
    )),.UNSPECIFIED.,.F.,.F.,.F.,(4,4),(2,2),(21.,22.),(0.,1.),
  .PIECEWISE_BEZIER_KNOTS.);
#12080 = CARTESIAN_POINT('',(-0.749674723867,-1.01,0.825670712263));
#12081 = CARTESIAN_POINT('',(-0.749674723867,-1.,0.825670712263));
#12082 = CARTESIAN_POINT('',(-0.714971028095,-1.01,0.825670712263));
#12083 = CARTESIAN_POINT('',(-0.714971028095,-1.,0.825670712263));
#12084 = CARTESIAN_POINT('',(-0.686051284684,-1.01,0.79916094747));
#12085 = CARTESIAN_POINT('',(-0.686051284684,-1.,0.79916094747));
#12086 = CARTESIAN_POINT('',(-0.682195322573,-1.01,0.765421246823));
#12087 = CARTESIAN_POINT('',(-0.682195322573,-1.,0.765421246823));
#12088 = ADVANCED_FACE('',(#12089),#12099,.F.);
#12089 = FACE_BOUND('',#12090,.T.);
#12090 = EDGE_LOOP('',(#12091,#12092,#12097,#12098));
#12091 = ORIENTED_EDGE('',*,*,#1351,.T.);
#12092 = ORIENTED_EDGE('',*,*,#12093,.F.);
#12093 = EDGE_CURVE('',#11528,#1343,#12094,.T.);
#12094 = B_SPLINE_CURVE_WITH_KNOTS('',1,(#12095,#12096),.UNSPECIFIED.,
  .F.,.F.,(2,2),(0.,1.E-02),.PIECEWISE_BEZIER_KNOTS.);
#12095 = CARTESIAN_POINT('',(-0.678339360462,-1.01,0.765421246823));
#12096 = CARTESIAN_POINT('',(-0.678339360462,-1.,0.765421246823));
#12097 = ORIENTED_EDGE('',*,*,#11527,.F.);
#12098 = ORIENTED_EDGE('',*,*,#12074,.T.);
#12099 = B_SPLINE_SURFACE_WITH_KNOTS('',1,1,(
    (#12100,#12101)
    ,(#12102,#12103
    )),.UNSPECIFIED.,.F.,.F.,.F.,(2,2),(2,2),(-1.110223024625E-16,
    3.855962110924E-03),(0.,1.E-02),.PIECEWISE_BEZIER_KNOTS.);
#12100 = CARTESIAN_POINT('',(-0.682195322573,-1.01,0.765421246823));
#12101 = CARTESIAN_POINT('',(-0.682195322573,-1.,0.765421246823));
#12102 = CARTESIAN_POINT('',(-0.678339360462,-1.01,0.765421246823));
#12103 = CARTESIAN_POINT('',(-0.678339360462,-1.,0.765421246823));
#12104 = ADVANCED_FACE('',(#12105),#12115,.F.);
#12105 = FACE_BOUND('',#12106,.F.);
#12106 = EDGE_LOOP('',(#12107,#12108,#12109,#12114));
#12107 = ORIENTED_EDGE('',*,*,#12093,.F.);
#12108 = ORIENTED_EDGE('',*,*,#11536,.T.);
#12109 = ORIENTED_EDGE('',*,*,#12110,.T.);
#12110 = EDGE_CURVE('',#11537,#1334,#12111,.T.);
#12111 = B_SPLINE_CURVE_WITH_KNOTS('',1,(#12112,#12113),.UNSPECIFIED.,
  .F.,.F.,(2,2),(0.,1.E-02),.PIECEWISE_BEZIER_KNOTS.);
#12112 = CARTESIAN_POINT('',(-0.640743697705,-1.01,0.727825584065));
#12113 = CARTESIAN_POINT('',(-0.640743697705,-1.,0.727825584065));
#12114 = ORIENTED_EDGE('',*,*,#1342,.F.);
#12115 = B_SPLINE_SURFACE_WITH_KNOTS('',3,1,(
    (#12116,#12117)
    ,(#12118,#12119)
    ,(#12120,#12121)
    ,(#12122,#12123
    )),.UNSPECIFIED.,.F.,.F.,.F.,(4,4),(2,2),(23.,24.),(0.,1.),
  .PIECEWISE_BEZIER_KNOTS.);
#12116 = CARTESIAN_POINT('',(-0.678339360462,-1.01,0.765421246823));
#12117 = CARTESIAN_POINT('',(-0.678339360462,-1.,0.765421246823));
#12118 = CARTESIAN_POINT('',(-0.657613548028,-1.01,0.765421246823));
#12119 = CARTESIAN_POINT('',(-0.657613548028,-1.,0.765421246823));
#12120 = CARTESIAN_POINT('',(-0.640743697705,-1.01,0.7485513965));
#12121 = CARTESIAN_POINT('',(-0.640743697705,-1.,0.7485513965));
#12122 = CARTESIAN_POINT('',(-0.640743697705,-1.01,0.727825584065));
#12123 = CARTESIAN_POINT('',(-0.640743697705,-1.,0.727825584065));
#12124 = ADVANCED_FACE('',(#12125),#12135,.F.);
#12125 = FACE_BOUND('',#12126,.F.);
#12126 = EDGE_LOOP('',(#12127,#12128,#12129,#12134));
#12127 = ORIENTED_EDGE('',*,*,#12110,.F.);
#12128 = ORIENTED_EDGE('',*,*,#11545,.T.);
#12129 = ORIENTED_EDGE('',*,*,#12130,.T.);
#12130 = EDGE_CURVE('',#11546,#1327,#12131,.T.);
#12131 = B_SPLINE_CURVE_WITH_KNOTS('',1,(#12132,#12133),.UNSPECIFIED.,
  .F.,.F.,(2,2),(0.,1.E-02),.PIECEWISE_BEZIER_KNOTS.);
#12132 = CARTESIAN_POINT('',(-0.675447393476,-1.01,0.690229921308));
#12133 = CARTESIAN_POINT('',(-0.675447393476,-1.,0.690229921308));
#12134 = ORIENTED_EDGE('',*,*,#1333,.F.);
#12135 = B_SPLINE_SURFACE_WITH_KNOTS('',3,1,(
    (#12136,#12137)
    ,(#12138,#12139)
    ,(#12140,#12141)
    ,(#12142,#12143
    )),.UNSPECIFIED.,.F.,.F.,.F.,(4,4),(2,2),(24.,25.),(0.,1.),
  .PIECEWISE_BEZIER_KNOTS.);
#12136 = CARTESIAN_POINT('',(-0.640743697705,-1.01,0.727825584065));
#12137 = CARTESIAN_POINT('',(-0.640743697705,-1.,0.727825584065));
#12138 = CARTESIAN_POINT('',(-0.640743697705,-1.01,0.708063757562));
#12139 = CARTESIAN_POINT('',(-0.640743697705,-1.,0.708063757562));
#12140 = CARTESIAN_POINT('',(-0.65568555778,-1.01,0.691675904801));
#12141 = CARTESIAN_POINT('',(-0.65568555778,-1.,0.691675904801));
#12142 = CARTESIAN_POINT('',(-0.675447393476,-1.01,0.690229921308));
#12143 = CARTESIAN_POINT('',(-0.675447393476,-1.,0.690229921308));
#12144 = ADVANCED_FACE('',(#12145),#12155,.F.);
#12145 = FACE_BOUND('',#12146,.T.);
#12146 = EDGE_LOOP('',(#12147,#12148,#12153,#12154));
#12147 = ORIENTED_EDGE('',*,*,#1326,.T.);
#12148 = ORIENTED_EDGE('',*,*,#12149,.F.);
#12149 = EDGE_CURVE('',#11555,#1318,#12150,.T.);
#12150 = B_SPLINE_CURVE_WITH_KNOTS('',1,(#12151,#12152),.UNSPECIFIED.,
  .F.,.F.,(2,2),(0.,1.E-02),.PIECEWISE_BEZIER_KNOTS.);
#12151 = CARTESIAN_POINT('',(-0.697137201034,-1.01,0.690229921308));
#12152 = CARTESIAN_POINT('',(-0.697137201034,-1.,0.690229921308));
#12153 = ORIENTED_EDGE('',*,*,#11554,.F.);
#12154 = ORIENTED_EDGE('',*,*,#12130,.T.);
#12155 = B_SPLINE_SURFACE_WITH_KNOTS('',1,1,(
    (#12156,#12157)
    ,(#12158,#12159
    )),.UNSPECIFIED.,.F.,.F.,.F.,(2,2),(2,2),(0.,2.168980755861E-02),(0.
    ,1.E-02),.PIECEWISE_BEZIER_KNOTS.);
#12156 = CARTESIAN_POINT('',(-0.675447393476,-1.01,0.690229921308));
#12157 = CARTESIAN_POINT('',(-0.675447393476,-1.,0.690229921308));
#12158 = CARTESIAN_POINT('',(-0.697137201034,-1.01,0.690229921308));
#12159 = CARTESIAN_POINT('',(-0.697137201034,-1.,0.690229921308));
#12160 = ADVANCED_FACE('',(#12161),#12171,.F.);
#12161 = FACE_BOUND('',#12162,.F.);
#12162 = EDGE_LOOP('',(#12163,#12164,#12165,#12170));
#12163 = ORIENTED_EDGE('',*,*,#12149,.F.);
#12164 = ORIENTED_EDGE('',*,*,#11561,.T.);
#12165 = ORIENTED_EDGE('',*,*,#12166,.T.);
#12166 = EDGE_CURVE('',#11562,#1309,#12167,.T.);
#12167 = B_SPLINE_CURVE_WITH_KNOTS('',1,(#12168,#12169),.UNSPECIFIED.,
  .F.,.F.,(2,2),(0.,1.E-02),.PIECEWISE_BEZIER_KNOTS.);
#12168 = CARTESIAN_POINT('',(-0.700029168021,-1.01,0.690711909677));
#12169 = CARTESIAN_POINT('',(-0.700029168021,-1.,0.690711909677));
#12170 = ORIENTED_EDGE('',*,*,#1317,.F.);
#12171 = B_SPLINE_SURFACE_WITH_KNOTS('',3,1,(
    (#12172,#12173)
    ,(#12174,#12175)
    ,(#12176,#12177)
    ,(#12178,#12179
    )),.UNSPECIFIED.,.F.,.F.,.F.,(4,4),(2,2),(26.,27.),(0.,1.),
  .PIECEWISE_BEZIER_KNOTS.);
#12172 = CARTESIAN_POINT('',(-0.697137201034,-1.01,0.690229921308));
#12173 = CARTESIAN_POINT('',(-0.697137201034,-1.,0.690229921308));
#12174 = CARTESIAN_POINT('',(-0.698101196159,-1.01,0.690229921308));
#12175 = CARTESIAN_POINT('',(-0.698101196159,-1.,0.690229921308));
#12176 = CARTESIAN_POINT('',(-0.699065191283,-1.01,0.690711909677));
#12177 = CARTESIAN_POINT('',(-0.699065191283,-1.,0.690711909677));
#12178 = CARTESIAN_POINT('',(-0.700029168021,-1.01,0.690711909677));
#12179 = CARTESIAN_POINT('',(-0.700029168021,-1.,0.690711909677));
#12180 = ADVANCED_FACE('',(#12181),#12191,.F.);
#12181 = FACE_BOUND('',#12182,.F.);
#12182 = EDGE_LOOP('',(#12183,#12184,#12185,#12190));
#12183 = ORIENTED_EDGE('',*,*,#12166,.F.);
#12184 = ORIENTED_EDGE('',*,*,#11570,.T.);
#12185 = ORIENTED_EDGE('',*,*,#12186,.T.);
#12186 = EDGE_CURVE('',#11571,#1300,#12187,.T.);
#12187 = B_SPLINE_CURVE_WITH_KNOTS('',1,(#12188,#12189),.UNSPECIFIED.,
  .F.,.F.,(2,2),(0.,1.E-02),.PIECEWISE_BEZIER_KNOTS.);
#12188 = CARTESIAN_POINT('',(-0.714971028095,-1.01,0.675770049602));
#12189 = CARTESIAN_POINT('',(-0.714971028095,-1.,0.675770049602));
#12190 = ORIENTED_EDGE('',*,*,#1308,.F.);
#12191 = B_SPLINE_SURFACE_WITH_KNOTS('',3,1,(
    (#12192,#12193)
    ,(#12194,#12195)
    ,(#12196,#12197)
    ,(#12198,#12199
    )),.UNSPECIFIED.,.F.,.F.,.F.,(4,4),(2,2),(27.,28.),(0.,1.),
  .PIECEWISE_BEZIER_KNOTS.);
#12192 = CARTESIAN_POINT('',(-0.700029168021,-1.01,0.690711909677));
#12193 = CARTESIAN_POINT('',(-0.700029168021,-1.,0.690711909677));
#12194 = CARTESIAN_POINT('',(-0.708223098998,-1.01,0.690711909677));
#12195 = CARTESIAN_POINT('',(-0.708223098998,-1.,0.690711909677));
#12196 = CARTESIAN_POINT('',(-0.714971028095,-1.01,0.683963962193));
#12197 = CARTESIAN_POINT('',(-0.714971028095,-1.,0.683963962193));
#12198 = CARTESIAN_POINT('',(-0.714971028095,-1.01,0.675770049602));
#12199 = CARTESIAN_POINT('',(-0.714971028095,-1.,0.675770049602));
#12200 = ADVANCED_FACE('',(#12201),#12211,.F.);
#12201 = FACE_BOUND('',#12202,.F.);
#12202 = EDGE_LOOP('',(#12203,#12204,#12205,#12210));
#12203 = ORIENTED_EDGE('',*,*,#12186,.F.);
#12204 = ORIENTED_EDGE('',*,*,#11579,.T.);
#12205 = ORIENTED_EDGE('',*,*,#12206,.T.);
#12206 = EDGE_CURVE('',#11580,#1293,#12207,.T.);
#12207 = B_SPLINE_CURVE_WITH_KNOTS('',1,(#12208,#12209),.UNSPECIFIED.,
  .F.,.F.,(2,2),(0.,1.E-02),.PIECEWISE_BEZIER_KNOTS.);
#12208 = CARTESIAN_POINT('',(-0.700993144759,-1.01,0.660828189527));
#12209 = CARTESIAN_POINT('',(-0.700993144759,-1.,0.660828189527));
#12210 = ORIENTED_EDGE('',*,*,#1299,.F.);
#12211 = B_SPLINE_SURFACE_WITH_KNOTS('',3,1,(
    (#12212,#12213)
    ,(#12214,#12215)
    ,(#12216,#12217)
    ,(#12218,#12219
    )),.UNSPECIFIED.,.F.,.F.,.F.,(4,4),(2,2),(28.,29.),(0.,1.),
  .PIECEWISE_BEZIER_KNOTS.);
#12212 = CARTESIAN_POINT('',(-0.714971028095,-1.01,0.675770049602));
#12213 = CARTESIAN_POINT('',(-0.714971028095,-1.,0.675770049602));
#12214 = CARTESIAN_POINT('',(-0.714971028095,-1.01,0.66805812538));
#12215 = CARTESIAN_POINT('',(-0.714971028095,-1.,0.66805812538));
#12216 = CARTESIAN_POINT('',(-0.708705087367,-1.01,0.661310177896));
#12217 = CARTESIAN_POINT('',(-0.708705087367,-1.,0.661310177896));
#12218 = CARTESIAN_POINT('',(-0.700993144759,-1.01,0.660828189527));
#12219 = CARTESIAN_POINT('',(-0.700993144759,-1.,0.660828189527));
#12220 = ADVANCED_FACE('',(#12221),#12231,.F.);
#12221 = FACE_BOUND('',#12222,.T.);
#12222 = EDGE_LOOP('',(#12223,#12224,#12229,#12230));
#12223 = ORIENTED_EDGE('',*,*,#1292,.T.);
#12224 = ORIENTED_EDGE('',*,*,#12225,.F.);
#12225 = EDGE_CURVE('',#11589,#1284,#12226,.T.);
#12226 = B_SPLINE_CURVE_WITH_KNOTS('',1,(#12227,#12228),.UNSPECIFIED.,
  .F.,.F.,(2,2),(0.,1.E-02),.PIECEWISE_BEZIER_KNOTS.);
#12227 = CARTESIAN_POINT('',(-0.672555408103,-1.01,0.660828189527));
#12228 = CARTESIAN_POINT('',(-0.672555408103,-1.,0.660828189527));
#12229 = ORIENTED_EDGE('',*,*,#11588,.F.);
#12230 = ORIENTED_EDGE('',*,*,#12206,.T.);
#12231 = B_SPLINE_SURFACE_WITH_KNOTS('',1,1,(
    (#12232,#12233)
    ,(#12234,#12235
    )),.UNSPECIFIED.,.F.,.F.,.F.,(2,2),(2,2),(-2.699175316268E-02,
    1.445983493377E-03),(0.,1.E-02),.PIECEWISE_BEZIER_KNOTS.);
#12232 = CARTESIAN_POINT('',(-0.700993144759,-1.01,0.660828189527));
#12233 = CARTESIAN_POINT('',(-0.700993144759,-1.,0.660828189527));
#12234 = CARTESIAN_POINT('',(-0.672555408103,-1.01,0.660828189527));
#12235 = CARTESIAN_POINT('',(-0.672555408103,-1.,0.660828189527));
#12236 = ADVANCED_FACE('',(#12237),#12247,.F.);
#12237 = FACE_BOUND('',#12238,.F.);
#12238 = EDGE_LOOP('',(#12239,#12240,#12241,#12246));
#12239 = ORIENTED_EDGE('',*,*,#12225,.F.);
#12240 = ORIENTED_EDGE('',*,*,#11595,.T.);
#12241 = ORIENTED_EDGE('',*,*,#12242,.T.);
#12242 = EDGE_CURVE('',#11596,#1275,#12243,.T.);
#12243 = B_SPLINE_CURVE_WITH_KNOTS('',1,(#12244,#12245),.UNSPECIFIED.,
  .F.,.F.,(2,2),(0.,1.E-02),.PIECEWISE_BEZIER_KNOTS.);
#12244 = CARTESIAN_POINT('',(-0.628693804617,-1.01,0.682517997086));
#12245 = CARTESIAN_POINT('',(-0.628693804617,-1.,0.682517997086));
#12246 = ORIENTED_EDGE('',*,*,#1283,.F.);
#12247 = B_SPLINE_SURFACE_WITH_KNOTS('',3,1,(
    (#12248,#12249)
    ,(#12250,#12251)
    ,(#12252,#12253)
    ,(#12254,#12255
    )),.UNSPECIFIED.,.F.,.F.,.F.,(4,4),(2,2),(33.,34.),(0.,1.),
  .PIECEWISE_BEZIER_KNOTS.);
#12248 = CARTESIAN_POINT('',(-0.672555408103,-1.01,0.660828189527));
#12249 = CARTESIAN_POINT('',(-0.672555408103,-1.,0.660828189527));
#12250 = CARTESIAN_POINT('',(-0.65568555778,-1.01,0.662274173021));
#12251 = CARTESIAN_POINT('',(-0.65568555778,-1.,0.662274173021));
#12252 = CARTESIAN_POINT('',(-0.640261690949,-1.01,0.669986115629));
#12253 = CARTESIAN_POINT('',(-0.640261690949,-1.,0.669986115629));
#12254 = CARTESIAN_POINT('',(-0.628693804617,-1.01,0.682517997086));
#12255 = CARTESIAN_POINT('',(-0.628693804617,-1.,0.682517997086));
#12256 = ADVANCED_FACE('',(#12257),#12263,.F.);
#12257 = FACE_BOUND('',#12258,.F.);
#12258 = EDGE_LOOP('',(#12259,#12260,#12261,#12262));
#12259 = ORIENTED_EDGE('',*,*,#12242,.F.);
#12260 = ORIENTED_EDGE('',*,*,#11604,.T.);
#12261 = ORIENTED_EDGE('',*,*,#11644,.T.);
#12262 = ORIENTED_EDGE('',*,*,#1274,.F.);
#12263 = B_SPLINE_SURFACE_WITH_KNOTS('',3,1,(
    (#12264,#12265)
    ,(#12266,#12267)
    ,(#12268,#12269)
    ,(#12270,#12271
    )),.UNSPECIFIED.,.F.,.F.,.F.,(4,4),(2,2),(34.,35.),(0.,1.),
  .PIECEWISE_BEZIER_KNOTS.);
#12264 = CARTESIAN_POINT('',(-0.628693804617,-1.01,0.682517997086));
#12265 = CARTESIAN_POINT('',(-0.628693804617,-1.,0.682517997086));
#12266 = CARTESIAN_POINT('',(-0.617125899897,-1.01,0.695049878543));
#12267 = CARTESIAN_POINT('',(-0.617125899897,-1.,0.695049878543));
#12268 = CARTESIAN_POINT('',(-0.610859959169,-1.01,0.711437740498));
#12269 = CARTESIAN_POINT('',(-0.610859959169,-1.,0.711437740498));
#12270 = CARTESIAN_POINT('',(-0.610859959169,-1.01,0.728307590821));
#12271 = CARTESIAN_POINT('',(-0.610859959169,-1.,0.728307590821));
#12272 = ADVANCED_FACE('',(#12273),#12300,.T.);
#12273 = FACE_BOUND('',#12274,.T.);
#12274 = EDGE_LOOP('',(#12275,#12289,#12294,#12295));
#12275 = ORIENTED_EDGE('',*,*,#12276,.F.);
#12276 = EDGE_CURVE('',#12277,#12279,#12281,.T.);
#12277 = VERTEX_POINT('',#12278);
#12278 = CARTESIAN_POINT('',(-0.81426214898,-1.,0.657936185768));
#12279 = VERTEX_POINT('',#12280);
#12280 = CARTESIAN_POINT('',(-0.81426214898,-1.,0.695531866912));
#12281 = B_SPLINE_CURVE_WITH_KNOTS('',3,(#12282,#12283,#12284,#12285,
    #12286,#12287,#12288),.UNSPECIFIED.,.F.,.F.,(4,3,4),(0.,1.,2.),
  .PIECEWISE_BEZIER_KNOTS.);
#12282 = CARTESIAN_POINT('',(-0.81426214898,-1.,0.657936185768));
#12283 = CARTESIAN_POINT('',(-0.803658248579,-1.,0.657936185768));
#12284 = CARTESIAN_POINT('',(-0.795464317602,-1.,0.6666121235));
#12285 = CARTESIAN_POINT('',(-0.795464317602,-1.,0.67673402634));
#12286 = CARTESIAN_POINT('',(-0.795464317602,-1.,0.687337935935));
#12287 = CARTESIAN_POINT('',(-0.804140236948,-1.,0.695531866912));
#12288 = CARTESIAN_POINT('',(-0.81426214898,-1.,0.695531866912));
#12289 = ORIENTED_EDGE('',*,*,#12290,.F.);
#12290 = EDGE_CURVE('',#11614,#12277,#12291,.T.);
#12291 = B_SPLINE_CURVE_WITH_KNOTS('',1,(#12292,#12293),.UNSPECIFIED.,
  .F.,.F.,(2,2),(0.,1.E-02),.PIECEWISE_BEZIER_KNOTS.);
#12292 = CARTESIAN_POINT('',(-0.81426214898,-1.01,0.657936185768));
#12293 = CARTESIAN_POINT('',(-0.81426214898,-1.,0.657936185768));
#12294 = ORIENTED_EDGE('',*,*,#11613,.T.);
#12295 = ORIENTED_EDGE('',*,*,#12296,.T.);
#12296 = EDGE_CURVE('',#11616,#12279,#12297,.T.);
#12297 = B_SPLINE_CURVE_WITH_KNOTS('',1,(#12298,#12299),.UNSPECIFIED.,
  .F.,.F.,(2,2),(0.,1.E-02),.PIECEWISE_BEZIER_KNOTS.);
#12298 = CARTESIAN_POINT('',(-0.81426214898,-1.01,0.695531866912));
#12299 = CARTESIAN_POINT('',(-0.81426214898,-1.,0.695531866912));
#12300 = B_SPLINE_SURFACE_WITH_KNOTS('',3,1,(
    (#12301,#12302)
    ,(#12303,#12304)
    ,(#12305,#12306)
    ,(#12307,#12308)
    ,(#12309,#12310)
    ,(#12311,#12312)
    ,(#12313,#12314
  )),.UNSPECIFIED.,.F.,.F.,.F.,(4,3,4),(2,2),(0.,1.,2.),(0.,1.),
  .PIECEWISE_BEZIER_KNOTS.);
#12301 = CARTESIAN_POINT('',(-0.81426214898,-1.01,0.657936185768));
#12302 = CARTESIAN_POINT('',(-0.81426214898,-1.,0.657936185768));
#12303 = CARTESIAN_POINT('',(-0.803658248579,-1.01,0.657936185768));
#12304 = CARTESIAN_POINT('',(-0.803658248579,-1.,0.657936185768));
#12305 = CARTESIAN_POINT('',(-0.795464317602,-1.01,0.6666121235));
#12306 = CARTESIAN_POINT('',(-0.795464317602,-1.,0.6666121235));
#12307 = CARTESIAN_POINT('',(-0.795464317602,-1.01,0.67673402634));
#12308 = CARTESIAN_POINT('',(-0.795464317602,-1.,0.67673402634));
#12309 = CARTESIAN_POINT('',(-0.795464317602,-1.01,0.687337935935));
#12310 = CARTESIAN_POINT('',(-0.795464317602,-1.,0.687337935935));
#12311 = CARTESIAN_POINT('',(-0.804140236948,-1.01,0.695531866912));
#12312 = CARTESIAN_POINT('',(-0.804140236948,-1.,0.695531866912));
#12313 = CARTESIAN_POINT('',(-0.81426214898,-1.01,0.695531866912));
#12314 = CARTESIAN_POINT('',(-0.81426214898,-1.,0.695531866912));
#12315 = ADVANCED_FACE('',(#12316),#12330,.T.);
#12316 = FACE_BOUND('',#12317,.T.);
#12317 = EDGE_LOOP('',(#12318,#12327,#12328,#12329));
#12318 = ORIENTED_EDGE('',*,*,#12319,.F.);
#12319 = EDGE_CURVE('',#12279,#12277,#12320,.T.);
#12320 = B_SPLINE_CURVE_WITH_KNOTS('',3,(#12321,#12322,#12323,#12324,
    #12325,#12326),.UNSPECIFIED.,.F.,.F.,(4,2,4),(2.,3.,4.),
  .UNSPECIFIED.);
#12321 = CARTESIAN_POINT('',(-0.81426214898,-1.,0.695531866912));
#12322 = CARTESIAN_POINT('',(-0.824384061013,-1.,0.695531866912));
#12323 = CARTESIAN_POINT('',(-0.833059980359,-1.,0.687337935935));
#12324 = CARTESIAN_POINT('',(-0.833059980359,-1.,0.666130116745));
#12325 = CARTESIAN_POINT('',(-0.824384061013,-1.,0.657936185768));
#12326 = CARTESIAN_POINT('',(-0.81426214898,-1.,0.657936185768));
#12327 = ORIENTED_EDGE('',*,*,#12296,.F.);
#12328 = ORIENTED_EDGE('',*,*,#11627,.T.);
#12329 = ORIENTED_EDGE('',*,*,#12290,.T.);
#12330 = B_SPLINE_SURFACE_WITH_KNOTS('',3,1,(
    (#12331,#12332)
    ,(#12333,#12334)
    ,(#12335,#12336)
    ,(#12337,#12338)
    ,(#12339,#12340)
    ,(#12341,#12342
  )),.UNSPECIFIED.,.F.,.F.,.F.,(4,2,4),(2,2),(2.,3.,4.),(0.,1.),
  .UNSPECIFIED.);
#12331 = CARTESIAN_POINT('',(-0.81426214898,-1.01,0.695531866912));
#12332 = CARTESIAN_POINT('',(-0.81426214898,-1.,0.695531866912));
#12333 = CARTESIAN_POINT('',(-0.824384061013,-1.01,0.695531866912));
#12334 = CARTESIAN_POINT('',(-0.824384061013,-1.,0.695531866912));
#12335 = CARTESIAN_POINT('',(-0.833059980359,-1.01,0.687337935935));
#12336 = CARTESIAN_POINT('',(-0.833059980359,-1.,0.687337935935));
#12337 = CARTESIAN_POINT('',(-0.833059980359,-1.01,0.666130116745));
#12338 = CARTESIAN_POINT('',(-0.833059980359,-1.,0.666130116745));
#12339 = CARTESIAN_POINT('',(-0.824384061013,-1.01,0.657936185768));
#12340 = CARTESIAN_POINT('',(-0.824384061013,-1.,0.657936185768));
#12341 = CARTESIAN_POINT('',(-0.81426214898,-1.01,0.657936185768));
#12342 = CARTESIAN_POINT('',(-0.81426214898,-1.,0.657936185768));
#12343 = ADVANCED_FACE('',(#12344),#12348,.F.);
#12344 = FACE_BOUND('',#12345,.T.);
#12345 = EDGE_LOOP('',(#12346,#12347));
#12346 = ORIENTED_EDGE('',*,*,#12319,.T.);
#12347 = ORIENTED_EDGE('',*,*,#12276,.T.);
#12348 = B_SPLINE_SURFACE_WITH_KNOTS('',1,1,(
    (#12349,#12350)
    ,(#12351,#12352
    )),.UNSPECIFIED.,.F.,.F.,.F.,(2,2),(2,2),(-0.262063914232,
    -0.224468233088),(0.166940019641,0.204535682398),
  .PIECEWISE_BEZIER_KNOTS.);
#12349 = CARTESIAN_POINT('',(-0.833059980359,-1.,0.657936185768));
#12350 = CARTESIAN_POINT('',(-0.795464317602,-1.,0.657936185768));
#12351 = CARTESIAN_POINT('',(-0.833059980359,-1.,0.695531866912));
#12352 = CARTESIAN_POINT('',(-0.795464317602,-1.,0.695531866912));
#12353 = ( GEOMETRIC_REPRESENTATION_CONTEXT(3) 
GLOBAL_UNCERTAINTY_ASSIGNED_CONTEXT((#12357)) 
GLOBAL_UNIT_ASSIGNED_CONTEXT((#12354,#12355,#12356)) 
REPRESENTATION_CONTEXT('Context #1',
  '3D Context with UNIT and UNCERTAINTY') );
#12354 = ( LENGTH_UNIT() NAMED_UNIT(*) SI_UNIT(.MILLI.,.METRE.) );
#12355 = ( NAMED_UNIT(*) PLANE_ANGLE_UNIT() SI_UNIT($,.RADIAN.) );
#12356 = ( NAMED_UNIT(*) SI_UNIT($,.STERADIAN.) SOLID_ANGLE_UNIT() );
#12357 = UNCERTAINTY_MEASURE_WITH_UNIT(LENGTH_MEASURE(1.E-07),#12354,
  'distance_accuracy_value','confusion accuracy');
#12358 = PRODUCT_RELATED_PRODUCT_CATEGORY('part',$,(#7));
#12359 = MECHANICAL_DESIGN_GEOMETRIC_PRESENTATION_REPRESENTATION('',(
    #12360,#12370,#12378,#12386,#12394,#12401,#12408,#12415,#12422,
    #12429,#12436,#12443,#12450,#12457,#12464,#12471,#12478,#12485,
    #12492,#12499,#12506,#12513,#12520,#12527,#12534,#12541,#12548,
    #12555,#12562,#12569,#12576,#12583,#12590,#12597,#12604,#12611,
    #12618,#12625,#12632,#12639,#12646,#12653,#12660,#12667,#12674,
    #12681,#12688,#12695,#12702,#12709,#12716,#12723,#12730,#12737,
    #12744,#12751,#12758,#12765,#12772,#12779,#12786,#12793,#12800,
    #12807,#12814,#12821,#12828,#12835,#12842,#12849,#12856,#12863,
    #12870,#12877,#12884,#12891,#12898,#12905,#12912,#12919,#12926,
    #12933,#12940,#12947,#12954,#12961,#12968,#12975,#12982,#12989,
    #12996,#13003,#13010,#13017,#13024,#13031,#13038,#13045,#13052,
    #13059,#13066,#13073,#13080,#13087,#13094,#13101,#13108,#13115,
    #13122,#13129,#13136,#13143,#13150,#13157,#13164,#13171,#13178,
    #13185,#13192,#13199,#13206,#13213,#13220,#13227,#13234,#13241,
    #13248,#13255,#13262,#13269,#13276,#13283,#13290,#13297,#13304,
    #13311,#13318,#13325,#13332,#13339,#13346,#13353,#13360,#13367,
    #13374,#13381,#13388,#13395,#13402,#13409,#13416,#13423,#13430,
    #13437,#13444,#13451,#13458,#13465,#13472,#13479,#13486,#13493,
    #13500,#13507,#13514,#13521,#13528,#13535,#13542,#13549,#13556,
    #13563,#13570,#13577,#13584,#13591,#13598,#13605,#13612,#13619,
    #13626,#13633,#13640,#13647,#13654,#13661,#13668,#13675,#13682,
    #13689,#13696,#13703,#13710,#13717,#13724,#13731,#13738,#13745,
    #13752,#13759,#13766,#13773,#13780,#13787,#13794,#13801,#13808,
    #13815,#13822,#13829,#13836,#13843,#13850,#13857,#13864,#13871,
    #13878,#13885,#13892,#13899,#13906,#13913,#13920,#13927,#13934,
    #13941,#13948,#13955,#13962,#13969,#13976,#13983,#13990,#13997,
    #14004,#14011,#14018,#14025,#14032,#14039,#14046,#14053,#14060,
    #14067,#14074,#14081,#14088,#14095,#14102,#14109,#14116,#14123,
    #14130,#14137,#14144,#14151,#14158,#14165,#14172,#14179,#14186,
    #14193,#14200,#14207,#14214,#14221,#14228,#14235,#14242,#14249,
    #14256,#14263,#14270,#14277,#14284,#14291,#14298,#14305,#14312,
    #14319,#14326,#14333,#14340,#14347,#14354,#14361,#14368,#14375,
    #14382,#14389,#14396,#14403,#14410,#14417,#14424,#14431,#14438,
    #14445,#14452,#14459,#14466,#14473,#14480,#14487,#14494,#14501,
    #14508,#14515,#14522,#14529,#14536,#14543,#14550,#14557,#14564,
    #14571,#14578,#14585,#14592,#14599,#14606,#14613,#14620,#14627,
    #14634,#14641,#14648,#14655,#14662,#14669,#14676,#14683,#14690,
    #14697,#14704,#14711,#14718,#14725,#14732,#14739,#14746,#14753,
    #14760,#14767,#14774,#14781,#14788,#14795,#14802,#14809,#14816,
    #14823,#14830,#14837,#14844,#14851,#14858,#14865,#14872,#14879,
    #14886,#14893,#14900,#14907,#14914,#14921,#14928,#14935,#14942,
    #14949,#14956,#14963,#14970,#14977,#14984,#14991,#14998,#15005,
    #15012,#15019,#15026,#15033,#15040,#15047,#15054,#15061,#15068,
    #15075,#15082,#15089,#15096,#15103,#15110,#15117,#15124,#15131,
    #15138,#15145,#15152,#15159,#15166,#15173,#15180,#15187,#15194,
    #15201,#15208,#15215,#15222,#15229,#15236,#15243,#15250),#12353);
#12360 = STYLED_ITEM('color',(#12361),#15);
#12361 = PRESENTATION_STYLE_ASSIGNMENT((#12362,#12368));
#12362 = SURFACE_STYLE_USAGE(.BOTH.,#12363);
#12363 = SURFACE_SIDE_STYLE('',(#12364));
#12364 = SURFACE_STYLE_FILL_AREA(#12365);
#12365 = FILL_AREA_STYLE('',(#12366));
#12366 = FILL_AREA_STYLE_COLOUR('',#12367);
#12367 = COLOUR_RGB('',0.501960785193,0.250980388104,0.);
#12368 = CURVE_STYLE('',#12369,POSITIVE_LENGTH_MEASURE(0.1),#12367);
#12369 = DRAUGHTING_PRE_DEFINED_CURVE_FONT('continuous');
#12370 = OVER_RIDING_STYLED_ITEM('overriding color',(#12371),#17,#12360
  );
#12371 = PRESENTATION_STYLE_ASSIGNMENT((#12372));
#12372 = SURFACE_STYLE_USAGE(.BOTH.,#12373);
#12373 = SURFACE_SIDE_STYLE('',(#12374));
#12374 = SURFACE_STYLE_FILL_AREA(#12375);
#12375 = FILL_AREA_STYLE('',(#12376));
#12376 = FILL_AREA_STYLE_COLOUR('',#12377);
#12377 = DRAUGHTING_PRE_DEFINED_COLOUR('white');
#12378 = OVER_RIDING_STYLED_ITEM('overriding color',(#12379),#65,#12360
  );
#12379 = PRESENTATION_STYLE_ASSIGNMENT((#12380));
#12380 = SURFACE_STYLE_USAGE(.BOTH.,#12381);
#12381 = SURFACE_SIDE_STYLE('',(#12382));
#12382 = SURFACE_STYLE_FILL_AREA(#12383);
#12383 = FILL_AREA_STYLE('',(#12384));
#12384 = FILL_AREA_STYLE_COLOUR('',#12385);
#12385 = COLOUR_RGB('',0.250980388104,0.250980388104,0.250980388104);
#12386 = OVER_RIDING_STYLED_ITEM('overriding color',(#12387),#1554,
  #12360);
#12387 = PRESENTATION_STYLE_ASSIGNMENT((#12388));
#12388 = SURFACE_STYLE_USAGE(.BOTH.,#12389);
#12389 = SURFACE_SIDE_STYLE('',(#12390));
#12390 = SURFACE_STYLE_FILL_AREA(#12391);
#12391 = FILL_AREA_STYLE('',(#12392));
#12392 = FILL_AREA_STYLE_COLOUR('',#12393);
#12393 = COLOUR_RGB('',0.752941164258,0.752941164258,0.752941164258);
#12394 = OVER_RIDING_STYLED_ITEM('overriding color',(#12395),#1604,
  #12360);
#12395 = PRESENTATION_STYLE_ASSIGNMENT((#12396));
#12396 = SURFACE_STYLE_USAGE(.BOTH.,#12397);
#12397 = SURFACE_SIDE_STYLE('',(#12398));
#12398 = SURFACE_STYLE_FILL_AREA(#12399);
#12399 = FILL_AREA_STYLE('',(#12400));
#12400 = FILL_AREA_STYLE_COLOUR('',#12393);
#12401 = OVER_RIDING_STYLED_ITEM('overriding color',(#12402),#1654,
  #12360);
#12402 = PRESENTATION_STYLE_ASSIGNMENT((#12403));
#12403 = SURFACE_STYLE_USAGE(.BOTH.,#12404);
#12404 = SURFACE_SIDE_STYLE('',(#12405));
#12405 = SURFACE_STYLE_FILL_AREA(#12406);
#12406 = FILL_AREA_STYLE('',(#12407));
#12407 = FILL_AREA_STYLE_COLOUR('',#12385);
#12408 = OVER_RIDING_STYLED_ITEM('overriding color',(#12409),#1696,
  #12360);
#12409 = PRESENTATION_STYLE_ASSIGNMENT((#12410));
#12410 = SURFACE_STYLE_USAGE(.BOTH.,#12411);
#12411 = SURFACE_SIDE_STYLE('',(#12412));
#12412 = SURFACE_STYLE_FILL_AREA(#12413);
#12413 = FILL_AREA_STYLE('',(#12414));
#12414 = FILL_AREA_STYLE_COLOUR('',#12385);
#12415 = OVER_RIDING_STYLED_ITEM('overriding color',(#12416),#1718,
  #12360);
#12416 = PRESENTATION_STYLE_ASSIGNMENT((#12417));
#12417 = SURFACE_STYLE_USAGE(.BOTH.,#12418);
#12418 = SURFACE_SIDE_STYLE('',(#12419));
#12419 = SURFACE_STYLE_FILL_AREA(#12420);
#12420 = FILL_AREA_STYLE('',(#12421));
#12421 = FILL_AREA_STYLE_COLOUR('',#12393);
#12422 = OVER_RIDING_STYLED_ITEM('overriding color',(#12423),#1768,
  #12360);
#12423 = PRESENTATION_STYLE_ASSIGNMENT((#12424));
#12424 = SURFACE_STYLE_USAGE(.BOTH.,#12425);
#12425 = SURFACE_SIDE_STYLE('',(#12426));
#12426 = SURFACE_STYLE_FILL_AREA(#12427);
#12427 = FILL_AREA_STYLE('',(#12428));
#12428 = FILL_AREA_STYLE_COLOUR('',#12393);
#12429 = OVER_RIDING_STYLED_ITEM('overriding color',(#12430),#1804,
  #12360);
#12430 = PRESENTATION_STYLE_ASSIGNMENT((#12431));
#12431 = SURFACE_STYLE_USAGE(.BOTH.,#12432);
#12432 = SURFACE_SIDE_STYLE('',(#12433));
#12433 = SURFACE_STYLE_FILL_AREA(#12434);
#12434 = FILL_AREA_STYLE('',(#12435));
#12435 = FILL_AREA_STYLE_COLOUR('',#12393);
#12436 = OVER_RIDING_STYLED_ITEM('overriding color',(#12437),#1854,
  #12360);
#12437 = PRESENTATION_STYLE_ASSIGNMENT((#12438));
#12438 = SURFACE_STYLE_USAGE(.BOTH.,#12439);
#12439 = SURFACE_SIDE_STYLE('',(#12440));
#12440 = SURFACE_STYLE_FILL_AREA(#12441);
#12441 = FILL_AREA_STYLE('',(#12442));
#12442 = FILL_AREA_STYLE_COLOUR('',#12393);
#12443 = OVER_RIDING_STYLED_ITEM('overriding color',(#12444),#1890,
  #12360);
#12444 = PRESENTATION_STYLE_ASSIGNMENT((#12445));
#12445 = SURFACE_STYLE_USAGE(.BOTH.,#12446);
#12446 = SURFACE_SIDE_STYLE('',(#12447));
#12447 = SURFACE_STYLE_FILL_AREA(#12448);
#12448 = FILL_AREA_STYLE('',(#12449));
#12449 = FILL_AREA_STYLE_COLOUR('',#12393);
#12450 = OVER_RIDING_STYLED_ITEM('overriding color',(#12451),#1910,
  #12360);
#12451 = PRESENTATION_STYLE_ASSIGNMENT((#12452));
#12452 = SURFACE_STYLE_USAGE(.BOTH.,#12453);
#12453 = SURFACE_SIDE_STYLE('',(#12454));
#12454 = SURFACE_STYLE_FILL_AREA(#12455);
#12455 = FILL_AREA_STYLE('',(#12456));
#12456 = FILL_AREA_STYLE_COLOUR('',#12393);
#12457 = OVER_RIDING_STYLED_ITEM('overriding color',(#12458),#1930,
  #12360);
#12458 = PRESENTATION_STYLE_ASSIGNMENT((#12459));
#12459 = SURFACE_STYLE_USAGE(.BOTH.,#12460);
#12460 = SURFACE_SIDE_STYLE('',(#12461));
#12461 = SURFACE_STYLE_FILL_AREA(#12462);
#12462 = FILL_AREA_STYLE('',(#12463));
#12463 = FILL_AREA_STYLE_COLOUR('',#12393);
#12464 = OVER_RIDING_STYLED_ITEM('overriding color',(#12465),#1980,
  #12360);
#12465 = PRESENTATION_STYLE_ASSIGNMENT((#12466));
#12466 = SURFACE_STYLE_USAGE(.BOTH.,#12467);
#12467 = SURFACE_SIDE_STYLE('',(#12468));
#12468 = SURFACE_STYLE_FILL_AREA(#12469);
#12469 = FILL_AREA_STYLE('',(#12470));
#12470 = FILL_AREA_STYLE_COLOUR('',#12393);
#12471 = OVER_RIDING_STYLED_ITEM('overriding color',(#12472),#2016,
  #12360);
#12472 = PRESENTATION_STYLE_ASSIGNMENT((#12473));
#12473 = SURFACE_STYLE_USAGE(.BOTH.,#12474);
#12474 = SURFACE_SIDE_STYLE('',(#12475));
#12475 = SURFACE_STYLE_FILL_AREA(#12476);
#12476 = FILL_AREA_STYLE('',(#12477));
#12477 = FILL_AREA_STYLE_COLOUR('',#12393);
#12478 = OVER_RIDING_STYLED_ITEM('overriding color',(#12479),#2066,
  #12360);
#12479 = PRESENTATION_STYLE_ASSIGNMENT((#12480));
#12480 = SURFACE_STYLE_USAGE(.BOTH.,#12481);
#12481 = SURFACE_SIDE_STYLE('',(#12482));
#12482 = SURFACE_STYLE_FILL_AREA(#12483);
#12483 = FILL_AREA_STYLE('',(#12484));
#12484 = FILL_AREA_STYLE_COLOUR('',#12393);
#12485 = OVER_RIDING_STYLED_ITEM('overriding color',(#12486),#2102,
  #12360);
#12486 = PRESENTATION_STYLE_ASSIGNMENT((#12487));
#12487 = SURFACE_STYLE_USAGE(.BOTH.,#12488);
#12488 = SURFACE_SIDE_STYLE('',(#12489));
#12489 = SURFACE_STYLE_FILL_AREA(#12490);
#12490 = FILL_AREA_STYLE('',(#12491));
#12491 = FILL_AREA_STYLE_COLOUR('',#12393);
#12492 = OVER_RIDING_STYLED_ITEM('overriding color',(#12493),#2144,
  #12360);
#12493 = PRESENTATION_STYLE_ASSIGNMENT((#12494));
#12494 = SURFACE_STYLE_USAGE(.BOTH.,#12495);
#12495 = SURFACE_SIDE_STYLE('',(#12496));
#12496 = SURFACE_STYLE_FILL_AREA(#12497);
#12497 = FILL_AREA_STYLE('',(#12498));
#12498 = FILL_AREA_STYLE_COLOUR('',#12393);
#12499 = OVER_RIDING_STYLED_ITEM('overriding color',(#12500),#2172,
  #12360);
#12500 = PRESENTATION_STYLE_ASSIGNMENT((#12501));
#12501 = SURFACE_STYLE_USAGE(.BOTH.,#12502);
#12502 = SURFACE_SIDE_STYLE('',(#12503));
#12503 = SURFACE_STYLE_FILL_AREA(#12504);
#12504 = FILL_AREA_STYLE('',(#12505));
#12505 = FILL_AREA_STYLE_COLOUR('',#12393);
#12506 = OVER_RIDING_STYLED_ITEM('overriding color',(#12507),#2214,
  #12360);
#12507 = PRESENTATION_STYLE_ASSIGNMENT((#12508));
#12508 = SURFACE_STYLE_USAGE(.BOTH.,#12509);
#12509 = SURFACE_SIDE_STYLE('',(#12510));
#12510 = SURFACE_STYLE_FILL_AREA(#12511);
#12511 = FILL_AREA_STYLE('',(#12512));
#12512 = FILL_AREA_STYLE_COLOUR('',#12393);
#12513 = OVER_RIDING_STYLED_ITEM('overriding color',(#12514),#2242,
  #12360);
#12514 = PRESENTATION_STYLE_ASSIGNMENT((#12515));
#12515 = SURFACE_STYLE_USAGE(.BOTH.,#12516);
#12516 = SURFACE_SIDE_STYLE('',(#12517));
#12517 = SURFACE_STYLE_FILL_AREA(#12518);
#12518 = FILL_AREA_STYLE('',(#12519));
#12519 = FILL_AREA_STYLE_COLOUR('',#12393);
#12520 = OVER_RIDING_STYLED_ITEM('overriding color',(#12521),#2262,
  #12360);
#12521 = PRESENTATION_STYLE_ASSIGNMENT((#12522));
#12522 = SURFACE_STYLE_USAGE(.BOTH.,#12523);
#12523 = SURFACE_SIDE_STYLE('',(#12524));
#12524 = SURFACE_STYLE_FILL_AREA(#12525);
#12525 = FILL_AREA_STYLE('',(#12526));
#12526 = FILL_AREA_STYLE_COLOUR('',#12393);
#12527 = OVER_RIDING_STYLED_ITEM('overriding color',(#12528),#2282,
  #12360);
#12528 = PRESENTATION_STYLE_ASSIGNMENT((#12529));
#12529 = SURFACE_STYLE_USAGE(.BOTH.,#12530);
#12530 = SURFACE_SIDE_STYLE('',(#12531));
#12531 = SURFACE_STYLE_FILL_AREA(#12532);
#12532 = FILL_AREA_STYLE('',(#12533));
#12533 = FILL_AREA_STYLE_COLOUR('',#12393);
#12534 = OVER_RIDING_STYLED_ITEM('overriding color',(#12535),#2304,
  #12360);
#12535 = PRESENTATION_STYLE_ASSIGNMENT((#12536));
#12536 = SURFACE_STYLE_USAGE(.BOTH.,#12537);
#12537 = SURFACE_SIDE_STYLE('',(#12538));
#12538 = SURFACE_STYLE_FILL_AREA(#12539);
#12539 = FILL_AREA_STYLE('',(#12540));
#12540 = FILL_AREA_STYLE_COLOUR('',#12393);
#12541 = OVER_RIDING_STYLED_ITEM('overriding color',(#12542),#2354,
  #12360);
#12542 = PRESENTATION_STYLE_ASSIGNMENT((#12543));
#12543 = SURFACE_STYLE_USAGE(.BOTH.,#12544);
#12544 = SURFACE_SIDE_STYLE('',(#12545));
#12545 = SURFACE_STYLE_FILL_AREA(#12546);
#12546 = FILL_AREA_STYLE('',(#12547));
#12547 = FILL_AREA_STYLE_COLOUR('',#12393);
#12548 = OVER_RIDING_STYLED_ITEM('overriding color',(#12549),#2390,
  #12360);
#12549 = PRESENTATION_STYLE_ASSIGNMENT((#12550));
#12550 = SURFACE_STYLE_USAGE(.BOTH.,#12551);
#12551 = SURFACE_SIDE_STYLE('',(#12552));
#12552 = SURFACE_STYLE_FILL_AREA(#12553);
#12553 = FILL_AREA_STYLE('',(#12554));
#12554 = FILL_AREA_STYLE_COLOUR('',#12393);
#12555 = OVER_RIDING_STYLED_ITEM('overriding color',(#12556),#2440,
  #12360);
#12556 = PRESENTATION_STYLE_ASSIGNMENT((#12557));
#12557 = SURFACE_STYLE_USAGE(.BOTH.,#12558);
#12558 = SURFACE_SIDE_STYLE('',(#12559));
#12559 = SURFACE_STYLE_FILL_AREA(#12560);
#12560 = FILL_AREA_STYLE('',(#12561));
#12561 = FILL_AREA_STYLE_COLOUR('',#12393);
#12562 = OVER_RIDING_STYLED_ITEM('overriding color',(#12563),#2476,
  #12360);
#12563 = PRESENTATION_STYLE_ASSIGNMENT((#12564));
#12564 = SURFACE_STYLE_USAGE(.BOTH.,#12565);
#12565 = SURFACE_SIDE_STYLE('',(#12566));
#12566 = SURFACE_STYLE_FILL_AREA(#12567);
#12567 = FILL_AREA_STYLE('',(#12568));
#12568 = FILL_AREA_STYLE_COLOUR('',#12393);
#12569 = OVER_RIDING_STYLED_ITEM('overriding color',(#12570),#2496,
  #12360);
#12570 = PRESENTATION_STYLE_ASSIGNMENT((#12571));
#12571 = SURFACE_STYLE_USAGE(.BOTH.,#12572);
#12572 = SURFACE_SIDE_STYLE('',(#12573));
#12573 = SURFACE_STYLE_FILL_AREA(#12574);
#12574 = FILL_AREA_STYLE('',(#12575));
#12575 = FILL_AREA_STYLE_COLOUR('',#12393);
#12576 = OVER_RIDING_STYLED_ITEM('overriding color',(#12577),#2516,
  #12360);
#12577 = PRESENTATION_STYLE_ASSIGNMENT((#12578));
#12578 = SURFACE_STYLE_USAGE(.BOTH.,#12579);
#12579 = SURFACE_SIDE_STYLE('',(#12580));
#12580 = SURFACE_STYLE_FILL_AREA(#12581);
#12581 = FILL_AREA_STYLE('',(#12582));
#12582 = FILL_AREA_STYLE_COLOUR('',#12393);
#12583 = OVER_RIDING_STYLED_ITEM('overriding color',(#12584),#2566,
  #12360);
#12584 = PRESENTATION_STYLE_ASSIGNMENT((#12585));
#12585 = SURFACE_STYLE_USAGE(.BOTH.,#12586);
#12586 = SURFACE_SIDE_STYLE('',(#12587));
#12587 = SURFACE_STYLE_FILL_AREA(#12588);
#12588 = FILL_AREA_STYLE('',(#12589));
#12589 = FILL_AREA_STYLE_COLOUR('',#12393);
#12590 = OVER_RIDING_STYLED_ITEM('overriding color',(#12591),#2602,
  #12360);
#12591 = PRESENTATION_STYLE_ASSIGNMENT((#12592));
#12592 = SURFACE_STYLE_USAGE(.BOTH.,#12593);
#12593 = SURFACE_SIDE_STYLE('',(#12594));
#12594 = SURFACE_STYLE_FILL_AREA(#12595);
#12595 = FILL_AREA_STYLE('',(#12596));
#12596 = FILL_AREA_STYLE_COLOUR('',#12393);
#12597 = OVER_RIDING_STYLED_ITEM('overriding color',(#12598),#2652,
  #12360);
#12598 = PRESENTATION_STYLE_ASSIGNMENT((#12599));
#12599 = SURFACE_STYLE_USAGE(.BOTH.,#12600);
#12600 = SURFACE_SIDE_STYLE('',(#12601));
#12601 = SURFACE_STYLE_FILL_AREA(#12602);
#12602 = FILL_AREA_STYLE('',(#12603));
#12603 = FILL_AREA_STYLE_COLOUR('',#12393);
#12604 = OVER_RIDING_STYLED_ITEM('overriding color',(#12605),#2688,
  #12360);
#12605 = PRESENTATION_STYLE_ASSIGNMENT((#12606));
#12606 = SURFACE_STYLE_USAGE(.BOTH.,#12607);
#12607 = SURFACE_SIDE_STYLE('',(#12608));
#12608 = SURFACE_STYLE_FILL_AREA(#12609);
#12609 = FILL_AREA_STYLE('',(#12610));
#12610 = FILL_AREA_STYLE_COLOUR('',#12393);
#12611 = OVER_RIDING_STYLED_ITEM('overriding color',(#12612),#2730,
  #12360);
#12612 = PRESENTATION_STYLE_ASSIGNMENT((#12613));
#12613 = SURFACE_STYLE_USAGE(.BOTH.,#12614);
#12614 = SURFACE_SIDE_STYLE('',(#12615));
#12615 = SURFACE_STYLE_FILL_AREA(#12616);
#12616 = FILL_AREA_STYLE('',(#12617));
#12617 = FILL_AREA_STYLE_COLOUR('',#12393);
#12618 = OVER_RIDING_STYLED_ITEM('overriding color',(#12619),#2758,
  #12360);
#12619 = PRESENTATION_STYLE_ASSIGNMENT((#12620));
#12620 = SURFACE_STYLE_USAGE(.BOTH.,#12621);
#12621 = SURFACE_SIDE_STYLE('',(#12622));
#12622 = SURFACE_STYLE_FILL_AREA(#12623);
#12623 = FILL_AREA_STYLE('',(#12624));
#12624 = FILL_AREA_STYLE_COLOUR('',#12393);
#12625 = OVER_RIDING_STYLED_ITEM('overriding color',(#12626),#2778,
  #12360);
#12626 = PRESENTATION_STYLE_ASSIGNMENT((#12627));
#12627 = SURFACE_STYLE_USAGE(.BOTH.,#12628);
#12628 = SURFACE_SIDE_STYLE('',(#12629));
#12629 = SURFACE_STYLE_FILL_AREA(#12630);
#12630 = FILL_AREA_STYLE('',(#12631));
#12631 = FILL_AREA_STYLE_COLOUR('',#12393);
#12632 = OVER_RIDING_STYLED_ITEM('overriding color',(#12633),#2800,
  #12360);
#12633 = PRESENTATION_STYLE_ASSIGNMENT((#12634));
#12634 = SURFACE_STYLE_USAGE(.BOTH.,#12635);
#12635 = SURFACE_SIDE_STYLE('',(#12636));
#12636 = SURFACE_STYLE_FILL_AREA(#12637);
#12637 = FILL_AREA_STYLE('',(#12638));
#12638 = FILL_AREA_STYLE_COLOUR('',#12385);
#12639 = OVER_RIDING_STYLED_ITEM('overriding color',(#12640),#2822,
  #12360);
#12640 = PRESENTATION_STYLE_ASSIGNMENT((#12641));
#12641 = SURFACE_STYLE_USAGE(.BOTH.,#12642);
#12642 = SURFACE_SIDE_STYLE('',(#12643));
#12643 = SURFACE_STYLE_FILL_AREA(#12644);
#12644 = FILL_AREA_STYLE('',(#12645));
#12645 = FILL_AREA_STYLE_COLOUR('',#12385);
#12646 = OVER_RIDING_STYLED_ITEM('overriding color',(#12647),#2981,
  #12360);
#12647 = PRESENTATION_STYLE_ASSIGNMENT((#12648));
#12648 = SURFACE_STYLE_USAGE(.BOTH.,#12649);
#12649 = SURFACE_SIDE_STYLE('',(#12650));
#12650 = SURFACE_STYLE_FILL_AREA(#12651);
#12651 = FILL_AREA_STYLE('',(#12652));
#12652 = FILL_AREA_STYLE_COLOUR('',#12385);
#12653 = OVER_RIDING_STYLED_ITEM('overriding color',(#12654),#3113,
  #12360);
#12654 = PRESENTATION_STYLE_ASSIGNMENT((#12655));
#12655 = SURFACE_STYLE_USAGE(.BOTH.,#12656);
#12656 = SURFACE_SIDE_STYLE('',(#12657));
#12657 = SURFACE_STYLE_FILL_AREA(#12658);
#12658 = FILL_AREA_STYLE('',(#12659));
#12659 = FILL_AREA_STYLE_COLOUR('',#12385);
#12660 = OVER_RIDING_STYLED_ITEM('overriding color',(#12661),#3153,
  #12360);
#12661 = PRESENTATION_STYLE_ASSIGNMENT((#12662));
#12662 = SURFACE_STYLE_USAGE(.BOTH.,#12663);
#12663 = SURFACE_SIDE_STYLE('',(#12664));
#12664 = SURFACE_STYLE_FILL_AREA(#12665);
#12665 = FILL_AREA_STYLE('',(#12666));
#12666 = FILL_AREA_STYLE_COLOUR('',#12385);
#12667 = OVER_RIDING_STYLED_ITEM('overriding color',(#12668),#3195,
  #12360);
#12668 = PRESENTATION_STYLE_ASSIGNMENT((#12669));
#12669 = SURFACE_STYLE_USAGE(.BOTH.,#12670);
#12670 = SURFACE_SIDE_STYLE('',(#12671));
#12671 = SURFACE_STYLE_FILL_AREA(#12672);
#12672 = FILL_AREA_STYLE('',(#12673));
#12673 = FILL_AREA_STYLE_COLOUR('',#12385);
#12674 = OVER_RIDING_STYLED_ITEM('overriding color',(#12675),#3221,
  #12360);
#12675 = PRESENTATION_STYLE_ASSIGNMENT((#12676));
#12676 = SURFACE_STYLE_USAGE(.BOTH.,#12677);
#12677 = SURFACE_SIDE_STYLE('',(#12678));
#12678 = SURFACE_STYLE_FILL_AREA(#12679);
#12679 = FILL_AREA_STYLE('',(#12680));
#12680 = FILL_AREA_STYLE_COLOUR('',#12385);
#12681 = OVER_RIDING_STYLED_ITEM('overriding color',(#12682),#3237,
  #12360);
#12682 = PRESENTATION_STYLE_ASSIGNMENT((#12683));
#12683 = SURFACE_STYLE_USAGE(.BOTH.,#12684);
#12684 = SURFACE_SIDE_STYLE('',(#12685));
#12685 = SURFACE_STYLE_FILL_AREA(#12686);
#12686 = FILL_AREA_STYLE('',(#12687));
#12687 = FILL_AREA_STYLE_COLOUR('',#12385);
#12688 = OVER_RIDING_STYLED_ITEM('overriding color',(#12689),#3249,
  #12360);
#12689 = PRESENTATION_STYLE_ASSIGNMENT((#12690));
#12690 = SURFACE_STYLE_USAGE(.BOTH.,#12691);
#12691 = SURFACE_SIDE_STYLE('',(#12692));
#12692 = SURFACE_STYLE_FILL_AREA(#12693);
#12693 = FILL_AREA_STYLE('',(#12694));
#12694 = FILL_AREA_STYLE_COLOUR('',#12385);
#12695 = OVER_RIDING_STYLED_ITEM('overriding color',(#12696),#3261,
  #12360);
#12696 = PRESENTATION_STYLE_ASSIGNMENT((#12697));
#12697 = SURFACE_STYLE_USAGE(.BOTH.,#12698);
#12698 = SURFACE_SIDE_STYLE('',(#12699));
#12699 = SURFACE_STYLE_FILL_AREA(#12700);
#12700 = FILL_AREA_STYLE('',(#12701));
#12701 = FILL_AREA_STYLE_COLOUR('',#12385);
#12702 = OVER_RIDING_STYLED_ITEM('overriding color',(#12703),#3277,
  #12360);
#12703 = PRESENTATION_STYLE_ASSIGNMENT((#12704));
#12704 = SURFACE_STYLE_USAGE(.BOTH.,#12705);
#12705 = SURFACE_SIDE_STYLE('',(#12706));
#12706 = SURFACE_STYLE_FILL_AREA(#12707);
#12707 = FILL_AREA_STYLE('',(#12708));
#12708 = FILL_AREA_STYLE_COLOUR('',#12385);
#12709 = OVER_RIDING_STYLED_ITEM('overriding color',(#12710),#3409,
  #12360);
#12710 = PRESENTATION_STYLE_ASSIGNMENT((#12711));
#12711 = SURFACE_STYLE_USAGE(.BOTH.,#12712);
#12712 = SURFACE_SIDE_STYLE('',(#12713));
#12713 = SURFACE_STYLE_FILL_AREA(#12714);
#12714 = FILL_AREA_STYLE('',(#12715));
#12715 = FILL_AREA_STYLE_COLOUR('',#12385);
#12716 = OVER_RIDING_STYLED_ITEM('overriding color',(#12717),#3435,
  #12360);
#12717 = PRESENTATION_STYLE_ASSIGNMENT((#12718));
#12718 = SURFACE_STYLE_USAGE(.BOTH.,#12719);
#12719 = SURFACE_SIDE_STYLE('',(#12720));
#12720 = SURFACE_STYLE_FILL_AREA(#12721);
#12721 = FILL_AREA_STYLE('',(#12722));
#12722 = FILL_AREA_STYLE_COLOUR('',#12385);
#12723 = OVER_RIDING_STYLED_ITEM('overriding color',(#12724),#3447,
  #12360);
#12724 = PRESENTATION_STYLE_ASSIGNMENT((#12725));
#12725 = SURFACE_STYLE_USAGE(.BOTH.,#12726);
#12726 = SURFACE_SIDE_STYLE('',(#12727));
#12727 = SURFACE_STYLE_FILL_AREA(#12728);
#12728 = FILL_AREA_STYLE('',(#12729));
#12729 = FILL_AREA_STYLE_COLOUR('',#12385);
#12730 = OVER_RIDING_STYLED_ITEM('overriding color',(#12731),#3473,
  #12360);
#12731 = PRESENTATION_STYLE_ASSIGNMENT((#12732));
#12732 = SURFACE_STYLE_USAGE(.BOTH.,#12733);
#12733 = SURFACE_SIDE_STYLE('',(#12734));
#12734 = SURFACE_STYLE_FILL_AREA(#12735);
#12735 = FILL_AREA_STYLE('',(#12736));
#12736 = FILL_AREA_STYLE_COLOUR('',#12385);
#12737 = OVER_RIDING_STYLED_ITEM('overriding color',(#12738),#3507,
  #12360);
#12738 = PRESENTATION_STYLE_ASSIGNMENT((#12739));
#12739 = SURFACE_STYLE_USAGE(.BOTH.,#12740);
#12740 = SURFACE_SIDE_STYLE('',(#12741));
#12741 = SURFACE_STYLE_FILL_AREA(#12742);
#12742 = FILL_AREA_STYLE('',(#12743));
#12743 = FILL_AREA_STYLE_COLOUR('',#12385);
#12744 = OVER_RIDING_STYLED_ITEM('overriding color',(#12745),#3541,
  #12360);
#12745 = PRESENTATION_STYLE_ASSIGNMENT((#12746));
#12746 = SURFACE_STYLE_USAGE(.BOTH.,#12747);
#12747 = SURFACE_SIDE_STYLE('',(#12748));
#12748 = SURFACE_STYLE_FILL_AREA(#12749);
#12749 = FILL_AREA_STYLE('',(#12750));
#12750 = FILL_AREA_STYLE_COLOUR('',#12385);
#12751 = OVER_RIDING_STYLED_ITEM('overriding color',(#12752),#3563,
  #12360);
#12752 = PRESENTATION_STYLE_ASSIGNMENT((#12753));
#12753 = SURFACE_STYLE_USAGE(.BOTH.,#12754);
#12754 = SURFACE_SIDE_STYLE('',(#12755));
#12755 = SURFACE_STYLE_FILL_AREA(#12756);
#12756 = FILL_AREA_STYLE('',(#12757));
#12757 = FILL_AREA_STYLE_COLOUR('',#12385);
#12758 = OVER_RIDING_STYLED_ITEM('overriding color',(#12759),#3575,
  #12360);
#12759 = PRESENTATION_STYLE_ASSIGNMENT((#12760));
#12760 = SURFACE_STYLE_USAGE(.BOTH.,#12761);
#12761 = SURFACE_SIDE_STYLE('',(#12762));
#12762 = SURFACE_STYLE_FILL_AREA(#12763);
#12763 = FILL_AREA_STYLE('',(#12764));
#12764 = FILL_AREA_STYLE_COLOUR('',#12385);
#12765 = OVER_RIDING_STYLED_ITEM('overriding color',(#12766),#3591,
  #12360);
#12766 = PRESENTATION_STYLE_ASSIGNMENT((#12767));
#12767 = SURFACE_STYLE_USAGE(.BOTH.,#12768);
#12768 = SURFACE_SIDE_STYLE('',(#12769));
#12769 = SURFACE_STYLE_FILL_AREA(#12770);
#12770 = FILL_AREA_STYLE('',(#12771));
#12771 = FILL_AREA_STYLE_COLOUR('',#12385);
#12772 = OVER_RIDING_STYLED_ITEM('overriding color',(#12773),#3607,
  #12360);
#12773 = PRESENTATION_STYLE_ASSIGNMENT((#12774));
#12774 = SURFACE_STYLE_USAGE(.BOTH.,#12775);
#12775 = SURFACE_SIDE_STYLE('',(#12776));
#12776 = SURFACE_STYLE_FILL_AREA(#12777);
#12777 = FILL_AREA_STYLE('',(#12778));
#12778 = FILL_AREA_STYLE_COLOUR('',#12385);
#12779 = OVER_RIDING_STYLED_ITEM('overriding color',(#12780),#3619,
  #12360);
#12780 = PRESENTATION_STYLE_ASSIGNMENT((#12781));
#12781 = SURFACE_STYLE_USAGE(.BOTH.,#12782);
#12782 = SURFACE_SIDE_STYLE('',(#12783));
#12783 = SURFACE_STYLE_FILL_AREA(#12784);
#12784 = FILL_AREA_STYLE('',(#12785));
#12785 = FILL_AREA_STYLE_COLOUR('',#12393);
#12786 = OVER_RIDING_STYLED_ITEM('overriding color',(#12787),#3655,
  #12360);
#12787 = PRESENTATION_STYLE_ASSIGNMENT((#12788));
#12788 = SURFACE_STYLE_USAGE(.BOTH.,#12789);
#12789 = SURFACE_SIDE_STYLE('',(#12790));
#12790 = SURFACE_STYLE_FILL_AREA(#12791);
#12791 = FILL_AREA_STYLE('',(#12792));
#12792 = FILL_AREA_STYLE_COLOUR('',#12393);
#12793 = OVER_RIDING_STYLED_ITEM('overriding color',(#12794),#3691,
  #12360);
#12794 = PRESENTATION_STYLE_ASSIGNMENT((#12795));
#12795 = SURFACE_STYLE_USAGE(.BOTH.,#12796);
#12796 = SURFACE_SIDE_STYLE('',(#12797));
#12797 = SURFACE_STYLE_FILL_AREA(#12798);
#12798 = FILL_AREA_STYLE('',(#12799));
#12799 = FILL_AREA_STYLE_COLOUR('',#12393);
#12800 = OVER_RIDING_STYLED_ITEM('overriding color',(#12801),#3711,
  #12360);
#12801 = PRESENTATION_STYLE_ASSIGNMENT((#12802));
#12802 = SURFACE_STYLE_USAGE(.BOTH.,#12803);
#12803 = SURFACE_SIDE_STYLE('',(#12804));
#12804 = SURFACE_STYLE_FILL_AREA(#12805);
#12805 = FILL_AREA_STYLE('',(#12806));
#12806 = FILL_AREA_STYLE_COLOUR('',#12393);
#12807 = OVER_RIDING_STYLED_ITEM('overriding color',(#12808),#3747,
  #12360);
#12808 = PRESENTATION_STYLE_ASSIGNMENT((#12809));
#12809 = SURFACE_STYLE_USAGE(.BOTH.,#12810);
#12810 = SURFACE_SIDE_STYLE('',(#12811));
#12811 = SURFACE_STYLE_FILL_AREA(#12812);
#12812 = FILL_AREA_STYLE('',(#12813));
#12813 = FILL_AREA_STYLE_COLOUR('',#12393);
#12814 = OVER_RIDING_STYLED_ITEM('overriding color',(#12815),#3775,
  #12360);
#12815 = PRESENTATION_STYLE_ASSIGNMENT((#12816));
#12816 = SURFACE_STYLE_USAGE(.BOTH.,#12817);
#12817 = SURFACE_SIDE_STYLE('',(#12818));
#12818 = SURFACE_STYLE_FILL_AREA(#12819);
#12819 = FILL_AREA_STYLE('',(#12820));
#12820 = FILL_AREA_STYLE_COLOUR('',#12393);
#12821 = OVER_RIDING_STYLED_ITEM('overriding color',(#12822),#3803,
  #12360);
#12822 = PRESENTATION_STYLE_ASSIGNMENT((#12823));
#12823 = SURFACE_STYLE_USAGE(.BOTH.,#12824);
#12824 = SURFACE_SIDE_STYLE('',(#12825));
#12825 = SURFACE_STYLE_FILL_AREA(#12826);
#12826 = FILL_AREA_STYLE('',(#12827));
#12827 = FILL_AREA_STYLE_COLOUR('',#12393);
#12828 = OVER_RIDING_STYLED_ITEM('overriding color',(#12829),#3839,
  #12360);
#12829 = PRESENTATION_STYLE_ASSIGNMENT((#12830));
#12830 = SURFACE_STYLE_USAGE(.BOTH.,#12831);
#12831 = SURFACE_SIDE_STYLE('',(#12832));
#12832 = SURFACE_STYLE_FILL_AREA(#12833);
#12833 = FILL_AREA_STYLE('',(#12834));
#12834 = FILL_AREA_STYLE_COLOUR('',#12393);
#12835 = OVER_RIDING_STYLED_ITEM('overriding color',(#12836),#3859,
  #12360);
#12836 = PRESENTATION_STYLE_ASSIGNMENT((#12837));
#12837 = SURFACE_STYLE_USAGE(.BOTH.,#12838);
#12838 = SURFACE_SIDE_STYLE('',(#12839));
#12839 = SURFACE_STYLE_FILL_AREA(#12840);
#12840 = FILL_AREA_STYLE('',(#12841));
#12841 = FILL_AREA_STYLE_COLOUR('',#12393);
#12842 = OVER_RIDING_STYLED_ITEM('overriding color',(#12843),#3879,
  #12360);
#12843 = PRESENTATION_STYLE_ASSIGNMENT((#12844));
#12844 = SURFACE_STYLE_USAGE(.BOTH.,#12845);
#12845 = SURFACE_SIDE_STYLE('',(#12846));
#12846 = SURFACE_STYLE_FILL_AREA(#12847);
#12847 = FILL_AREA_STYLE('',(#12848));
#12848 = FILL_AREA_STYLE_COLOUR('',#12393);
#12849 = OVER_RIDING_STYLED_ITEM('overriding color',(#12850),#3915,
  #12360);
#12850 = PRESENTATION_STYLE_ASSIGNMENT((#12851));
#12851 = SURFACE_STYLE_USAGE(.BOTH.,#12852);
#12852 = SURFACE_SIDE_STYLE('',(#12853));
#12853 = SURFACE_STYLE_FILL_AREA(#12854);
#12854 = FILL_AREA_STYLE('',(#12855));
#12855 = FILL_AREA_STYLE_COLOUR('',#12393);
#12856 = OVER_RIDING_STYLED_ITEM('overriding color',(#12857),#3951,
  #12360);
#12857 = PRESENTATION_STYLE_ASSIGNMENT((#12858));
#12858 = SURFACE_STYLE_USAGE(.BOTH.,#12859);
#12859 = SURFACE_SIDE_STYLE('',(#12860));
#12860 = SURFACE_STYLE_FILL_AREA(#12861);
#12861 = FILL_AREA_STYLE('',(#12862));
#12862 = FILL_AREA_STYLE_COLOUR('',#12393);
#12863 = OVER_RIDING_STYLED_ITEM('overriding color',(#12864),#3971,
  #12360);
#12864 = PRESENTATION_STYLE_ASSIGNMENT((#12865));
#12865 = SURFACE_STYLE_USAGE(.BOTH.,#12866);
#12866 = SURFACE_SIDE_STYLE('',(#12867));
#12867 = SURFACE_STYLE_FILL_AREA(#12868);
#12868 = FILL_AREA_STYLE('',(#12869));
#12869 = FILL_AREA_STYLE_COLOUR('',#12393);
#12870 = OVER_RIDING_STYLED_ITEM('overriding color',(#12871),#4007,
  #12360);
#12871 = PRESENTATION_STYLE_ASSIGNMENT((#12872));
#12872 = SURFACE_STYLE_USAGE(.BOTH.,#12873);
#12873 = SURFACE_SIDE_STYLE('',(#12874));
#12874 = SURFACE_STYLE_FILL_AREA(#12875);
#12875 = FILL_AREA_STYLE('',(#12876));
#12876 = FILL_AREA_STYLE_COLOUR('',#12393);
#12877 = OVER_RIDING_STYLED_ITEM('overriding color',(#12878),#4037,
  #12360);
#12878 = PRESENTATION_STYLE_ASSIGNMENT((#12879));
#12879 = SURFACE_STYLE_USAGE(.BOTH.,#12880);
#12880 = SURFACE_SIDE_STYLE('',(#12881));
#12881 = SURFACE_STYLE_FILL_AREA(#12882);
#12882 = FILL_AREA_STYLE('',(#12883));
#12883 = FILL_AREA_STYLE_COLOUR('',#12393);
#12884 = OVER_RIDING_STYLED_ITEM('overriding color',(#12885),#4087,
  #12360);
#12885 = PRESENTATION_STYLE_ASSIGNMENT((#12886));
#12886 = SURFACE_STYLE_USAGE(.BOTH.,#12887);
#12887 = SURFACE_SIDE_STYLE('',(#12888));
#12888 = SURFACE_STYLE_FILL_AREA(#12889);
#12889 = FILL_AREA_STYLE('',(#12890));
#12890 = FILL_AREA_STYLE_COLOUR('',#12393);
#12891 = OVER_RIDING_STYLED_ITEM('overriding color',(#12892),#4123,
  #12360);
#12892 = PRESENTATION_STYLE_ASSIGNMENT((#12893));
#12893 = SURFACE_STYLE_USAGE(.BOTH.,#12894);
#12894 = SURFACE_SIDE_STYLE('',(#12895));
#12895 = SURFACE_STYLE_FILL_AREA(#12896);
#12896 = FILL_AREA_STYLE('',(#12897));
#12897 = FILL_AREA_STYLE_COLOUR('',#12393);
#12898 = OVER_RIDING_STYLED_ITEM('overriding color',(#12899),#4143,
  #12360);
#12899 = PRESENTATION_STYLE_ASSIGNMENT((#12900));
#12900 = SURFACE_STYLE_USAGE(.BOTH.,#12901);
#12901 = SURFACE_SIDE_STYLE('',(#12902));
#12902 = SURFACE_STYLE_FILL_AREA(#12903);
#12903 = FILL_AREA_STYLE('',(#12904));
#12904 = FILL_AREA_STYLE_COLOUR('',#12385);
#12905 = OVER_RIDING_STYLED_ITEM('overriding color',(#12906),#4193,
  #12360);
#12906 = PRESENTATION_STYLE_ASSIGNMENT((#12907));
#12907 = SURFACE_STYLE_USAGE(.BOTH.,#12908);
#12908 = SURFACE_SIDE_STYLE('',(#12909));
#12909 = SURFACE_STYLE_FILL_AREA(#12910);
#12910 = FILL_AREA_STYLE('',(#12911));
#12911 = FILL_AREA_STYLE_COLOUR('',#12385);
#12912 = OVER_RIDING_STYLED_ITEM('overriding color',(#12913),#4213,
  #12360);
#12913 = PRESENTATION_STYLE_ASSIGNMENT((#12914));
#12914 = SURFACE_STYLE_USAGE(.BOTH.,#12915);
#12915 = SURFACE_SIDE_STYLE('',(#12916));
#12916 = SURFACE_STYLE_FILL_AREA(#12917);
#12917 = FILL_AREA_STYLE('',(#12918));
#12918 = FILL_AREA_STYLE_COLOUR('',#12385);
#12919 = OVER_RIDING_STYLED_ITEM('overriding color',(#12920),#4261,
  #12360);
#12920 = PRESENTATION_STYLE_ASSIGNMENT((#12921));
#12921 = SURFACE_STYLE_USAGE(.BOTH.,#12922);
#12922 = SURFACE_SIDE_STYLE('',(#12923));
#12923 = SURFACE_STYLE_FILL_AREA(#12924);
#12924 = FILL_AREA_STYLE('',(#12925));
#12925 = FILL_AREA_STYLE_COLOUR('',#12385);
#12926 = OVER_RIDING_STYLED_ITEM('overriding color',(#12927),#4289,
  #12360);
#12927 = PRESENTATION_STYLE_ASSIGNMENT((#12928));
#12928 = SURFACE_STYLE_USAGE(.BOTH.,#12929);
#12929 = SURFACE_SIDE_STYLE('',(#12930));
#12930 = SURFACE_STYLE_FILL_AREA(#12931);
#12931 = FILL_AREA_STYLE('',(#12932));
#12932 = FILL_AREA_STYLE_COLOUR('',#12385);
#12933 = OVER_RIDING_STYLED_ITEM('overriding color',(#12934),#4325,
  #12360);
#12934 = PRESENTATION_STYLE_ASSIGNMENT((#12935));
#12935 = SURFACE_STYLE_USAGE(.BOTH.,#12936);
#12936 = SURFACE_SIDE_STYLE('',(#12937));
#12937 = SURFACE_STYLE_FILL_AREA(#12938);
#12938 = FILL_AREA_STYLE('',(#12939));
#12939 = FILL_AREA_STYLE_COLOUR('',#12385);
#12940 = OVER_RIDING_STYLED_ITEM('overriding color',(#12941),#4373,
  #12360);
#12941 = PRESENTATION_STYLE_ASSIGNMENT((#12942));
#12942 = SURFACE_STYLE_USAGE(.BOTH.,#12943);
#12943 = SURFACE_SIDE_STYLE('',(#12944));
#12944 = SURFACE_STYLE_FILL_AREA(#12945);
#12945 = FILL_AREA_STYLE('',(#12946));
#12946 = FILL_AREA_STYLE_COLOUR('',#12385);
#12947 = OVER_RIDING_STYLED_ITEM('overriding color',(#12948),#4423,
  #12360);
#12948 = PRESENTATION_STYLE_ASSIGNMENT((#12949));
#12949 = SURFACE_STYLE_USAGE(.BOTH.,#12950);
#12950 = SURFACE_SIDE_STYLE('',(#12951));
#12951 = SURFACE_STYLE_FILL_AREA(#12952);
#12952 = FILL_AREA_STYLE('',(#12953));
#12953 = FILL_AREA_STYLE_COLOUR('',#12385);
#12954 = OVER_RIDING_STYLED_ITEM('overriding color',(#12955),#4445,
  #12360);
#12955 = PRESENTATION_STYLE_ASSIGNMENT((#12956));
#12956 = SURFACE_STYLE_USAGE(.BOTH.,#12957);
#12957 = SURFACE_SIDE_STYLE('',(#12958));
#12958 = SURFACE_STYLE_FILL_AREA(#12959);
#12959 = FILL_AREA_STYLE('',(#12960));
#12960 = FILL_AREA_STYLE_COLOUR('',#12385);
#12961 = OVER_RIDING_STYLED_ITEM('overriding color',(#12962),#4467,
  #12360);
#12962 = PRESENTATION_STYLE_ASSIGNMENT((#12963));
#12963 = SURFACE_STYLE_USAGE(.BOTH.,#12964);
#12964 = SURFACE_SIDE_STYLE('',(#12965));
#12965 = SURFACE_STYLE_FILL_AREA(#12966);
#12966 = FILL_AREA_STYLE('',(#12967));
#12967 = FILL_AREA_STYLE_COLOUR('',#12385);
#12968 = OVER_RIDING_STYLED_ITEM('overriding color',(#12969),#4495,
  #12360);
#12969 = PRESENTATION_STYLE_ASSIGNMENT((#12970));
#12970 = SURFACE_STYLE_USAGE(.BOTH.,#12971);
#12971 = SURFACE_SIDE_STYLE('',(#12972));
#12972 = SURFACE_STYLE_FILL_AREA(#12973);
#12973 = FILL_AREA_STYLE('',(#12974));
#12974 = FILL_AREA_STYLE_COLOUR('',#12385);
#12975 = OVER_RIDING_STYLED_ITEM('overriding color',(#12976),#4591,
  #12360);
#12976 = PRESENTATION_STYLE_ASSIGNMENT((#12977));
#12977 = SURFACE_STYLE_USAGE(.BOTH.,#12978);
#12978 = SURFACE_SIDE_STYLE('',(#12979));
#12979 = SURFACE_STYLE_FILL_AREA(#12980);
#12980 = FILL_AREA_STYLE('',(#12981));
#12981 = FILL_AREA_STYLE_COLOUR('',#12385);
#12982 = OVER_RIDING_STYLED_ITEM('overriding color',(#12983),#4614,
  #12360);
#12983 = PRESENTATION_STYLE_ASSIGNMENT((#12984));
#12984 = SURFACE_STYLE_USAGE(.BOTH.,#12985);
#12985 = SURFACE_SIDE_STYLE('',(#12986));
#12986 = SURFACE_STYLE_FILL_AREA(#12987);
#12987 = FILL_AREA_STYLE('',(#12988));
#12988 = FILL_AREA_STYLE_COLOUR('',#12377);
#12989 = OVER_RIDING_STYLED_ITEM('overriding color',(#12990),#4639,
  #12360);
#12990 = PRESENTATION_STYLE_ASSIGNMENT((#12991));
#12991 = SURFACE_STYLE_USAGE(.BOTH.,#12992);
#12992 = SURFACE_SIDE_STYLE('',(#12993));
#12993 = SURFACE_STYLE_FILL_AREA(#12994);
#12994 = FILL_AREA_STYLE('',(#12995));
#12995 = FILL_AREA_STYLE_COLOUR('',#12377);
#12996 = OVER_RIDING_STYLED_ITEM('overriding color',(#12997),#4649,
  #12360);
#12997 = PRESENTATION_STYLE_ASSIGNMENT((#12998));
#12998 = SURFACE_STYLE_USAGE(.BOTH.,#12999);
#12999 = SURFACE_SIDE_STYLE('',(#13000));
#13000 = SURFACE_STYLE_FILL_AREA(#13001);
#13001 = FILL_AREA_STYLE('',(#13002));
#13002 = FILL_AREA_STYLE_COLOUR('',#12385);
#13003 = OVER_RIDING_STYLED_ITEM('overriding color',(#13004),#4683,
  #12360);
#13004 = PRESENTATION_STYLE_ASSIGNMENT((#13005));
#13005 = SURFACE_STYLE_USAGE(.BOTH.,#13006);
#13006 = SURFACE_SIDE_STYLE('',(#13007));
#13007 = SURFACE_STYLE_FILL_AREA(#13008);
#13008 = FILL_AREA_STYLE('',(#13009));
#13009 = FILL_AREA_STYLE_COLOUR('',#12385);
#13010 = OVER_RIDING_STYLED_ITEM('overriding color',(#13011),#4699,
  #12360);
#13011 = PRESENTATION_STYLE_ASSIGNMENT((#13012));
#13012 = SURFACE_STYLE_USAGE(.BOTH.,#13013);
#13013 = SURFACE_SIDE_STYLE('',(#13014));
#13014 = SURFACE_STYLE_FILL_AREA(#13015);
#13015 = FILL_AREA_STYLE('',(#13016));
#13016 = FILL_AREA_STYLE_COLOUR('',#12385);
#13017 = OVER_RIDING_STYLED_ITEM('overriding color',(#13018),#4719,
  #12360);
#13018 = PRESENTATION_STYLE_ASSIGNMENT((#13019));
#13019 = SURFACE_STYLE_USAGE(.BOTH.,#13020);
#13020 = SURFACE_SIDE_STYLE('',(#13021));
#13021 = SURFACE_STYLE_FILL_AREA(#13022);
#13022 = FILL_AREA_STYLE('',(#13023));
#13023 = FILL_AREA_STYLE_COLOUR('',#12385);
#13024 = OVER_RIDING_STYLED_ITEM('overriding color',(#13025),#4735,
  #12360);
#13025 = PRESENTATION_STYLE_ASSIGNMENT((#13026));
#13026 = SURFACE_STYLE_USAGE(.BOTH.,#13027);
#13027 = SURFACE_SIDE_STYLE('',(#13028));
#13028 = SURFACE_STYLE_FILL_AREA(#13029);
#13029 = FILL_AREA_STYLE('',(#13030));
#13030 = FILL_AREA_STYLE_COLOUR('',#12393);
#13031 = OVER_RIDING_STYLED_ITEM('overriding color',(#13032),#4747,
  #12360);
#13032 = PRESENTATION_STYLE_ASSIGNMENT((#13033));
#13033 = SURFACE_STYLE_USAGE(.BOTH.,#13034);
#13034 = SURFACE_SIDE_STYLE('',(#13035));
#13035 = SURFACE_STYLE_FILL_AREA(#13036);
#13036 = FILL_AREA_STYLE('',(#13037));
#13037 = FILL_AREA_STYLE_COLOUR('',#12393);
#13038 = OVER_RIDING_STYLED_ITEM('overriding color',(#13039),#4777,
  #12360);
#13039 = PRESENTATION_STYLE_ASSIGNMENT((#13040));
#13040 = SURFACE_STYLE_USAGE(.BOTH.,#13041);
#13041 = SURFACE_SIDE_STYLE('',(#13042));
#13042 = SURFACE_STYLE_FILL_AREA(#13043);
#13043 = FILL_AREA_STYLE('',(#13044));
#13044 = FILL_AREA_STYLE_COLOUR('',#12393);
#13045 = OVER_RIDING_STYLED_ITEM('overriding color',(#13046),#4799,
  #12360);
#13046 = PRESENTATION_STYLE_ASSIGNMENT((#13047));
#13047 = SURFACE_STYLE_USAGE(.BOTH.,#13048);
#13048 = SURFACE_SIDE_STYLE('',(#13049));
#13049 = SURFACE_STYLE_FILL_AREA(#13050);
#13050 = FILL_AREA_STYLE('',(#13051));
#13051 = FILL_AREA_STYLE_COLOUR('',#12393);
#13052 = OVER_RIDING_STYLED_ITEM('overriding color',(#13053),#4823,
  #12360);
#13053 = PRESENTATION_STYLE_ASSIGNMENT((#13054));
#13054 = SURFACE_STYLE_USAGE(.BOTH.,#13055);
#13055 = SURFACE_SIDE_STYLE('',(#13056));
#13056 = SURFACE_STYLE_FILL_AREA(#13057);
#13057 = FILL_AREA_STYLE('',(#13058));
#13058 = FILL_AREA_STYLE_COLOUR('',#12393);
#13059 = OVER_RIDING_STYLED_ITEM('overriding color',(#13060),#4839,
  #12360);
#13060 = PRESENTATION_STYLE_ASSIGNMENT((#13061));
#13061 = SURFACE_STYLE_USAGE(.BOTH.,#13062);
#13062 = SURFACE_SIDE_STYLE('',(#13063));
#13063 = SURFACE_STYLE_FILL_AREA(#13064);
#13064 = FILL_AREA_STYLE('',(#13065));
#13065 = FILL_AREA_STYLE_COLOUR('',#12393);
#13066 = OVER_RIDING_STYLED_ITEM('overriding color',(#13067),#4851,
  #12360);
#13067 = PRESENTATION_STYLE_ASSIGNMENT((#13068));
#13068 = SURFACE_STYLE_USAGE(.BOTH.,#13069);
#13069 = SURFACE_SIDE_STYLE('',(#13070));
#13070 = SURFACE_STYLE_FILL_AREA(#13071);
#13071 = FILL_AREA_STYLE('',(#13072));
#13072 = FILL_AREA_STYLE_COLOUR('',#12393);
#13073 = OVER_RIDING_STYLED_ITEM('overriding color',(#13074),#4863,
  #12360);
#13074 = PRESENTATION_STYLE_ASSIGNMENT((#13075));
#13075 = SURFACE_STYLE_USAGE(.BOTH.,#13076);
#13076 = SURFACE_SIDE_STYLE('',(#13077));
#13077 = SURFACE_STYLE_FILL_AREA(#13078);
#13078 = FILL_AREA_STYLE('',(#13079));
#13079 = FILL_AREA_STYLE_COLOUR('',#12393);
#13080 = OVER_RIDING_STYLED_ITEM('overriding color',(#13081),#4893,
  #12360);
#13081 = PRESENTATION_STYLE_ASSIGNMENT((#13082));
#13082 = SURFACE_STYLE_USAGE(.BOTH.,#13083);
#13083 = SURFACE_SIDE_STYLE('',(#13084));
#13084 = SURFACE_STYLE_FILL_AREA(#13085);
#13085 = FILL_AREA_STYLE('',(#13086));
#13086 = FILL_AREA_STYLE_COLOUR('',#12393);
#13087 = OVER_RIDING_STYLED_ITEM('overriding color',(#13088),#4917,
  #12360);
#13088 = PRESENTATION_STYLE_ASSIGNMENT((#13089));
#13089 = SURFACE_STYLE_USAGE(.BOTH.,#13090);
#13090 = SURFACE_SIDE_STYLE('',(#13091));
#13091 = SURFACE_STYLE_FILL_AREA(#13092);
#13092 = FILL_AREA_STYLE('',(#13093));
#13093 = FILL_AREA_STYLE_COLOUR('',#12393);
#13094 = OVER_RIDING_STYLED_ITEM('overriding color',(#13095),#4947,
  #12360);
#13095 = PRESENTATION_STYLE_ASSIGNMENT((#13096));
#13096 = SURFACE_STYLE_USAGE(.BOTH.,#13097);
#13097 = SURFACE_SIDE_STYLE('',(#13098));
#13098 = SURFACE_STYLE_FILL_AREA(#13099);
#13099 = FILL_AREA_STYLE('',(#13100));
#13100 = FILL_AREA_STYLE_COLOUR('',#12393);
#13101 = OVER_RIDING_STYLED_ITEM('overriding color',(#13102),#4971,
  #12360);
#13102 = PRESENTATION_STYLE_ASSIGNMENT((#13103));
#13103 = SURFACE_STYLE_USAGE(.BOTH.,#13104);
#13104 = SURFACE_SIDE_STYLE('',(#13105));
#13105 = SURFACE_STYLE_FILL_AREA(#13106);
#13106 = FILL_AREA_STYLE('',(#13107));
#13107 = FILL_AREA_STYLE_COLOUR('',#12393);
#13108 = OVER_RIDING_STYLED_ITEM('overriding color',(#13109),#4993,
  #12360);
#13109 = PRESENTATION_STYLE_ASSIGNMENT((#13110));
#13110 = SURFACE_STYLE_USAGE(.BOTH.,#13111);
#13111 = SURFACE_SIDE_STYLE('',(#13112));
#13112 = SURFACE_STYLE_FILL_AREA(#13113);
#13113 = FILL_AREA_STYLE('',(#13114));
#13114 = FILL_AREA_STYLE_COLOUR('',#12393);
#13115 = OVER_RIDING_STYLED_ITEM('overriding color',(#13116),#5005,
  #12360);
#13116 = PRESENTATION_STYLE_ASSIGNMENT((#13117));
#13117 = SURFACE_STYLE_USAGE(.BOTH.,#13118);
#13118 = SURFACE_SIDE_STYLE('',(#13119));
#13119 = SURFACE_STYLE_FILL_AREA(#13120);
#13120 = FILL_AREA_STYLE('',(#13121));
#13121 = FILL_AREA_STYLE_COLOUR('',#12393);
#13122 = OVER_RIDING_STYLED_ITEM('overriding color',(#13123),#5033,
  #12360);
#13123 = PRESENTATION_STYLE_ASSIGNMENT((#13124));
#13124 = SURFACE_STYLE_USAGE(.BOTH.,#13125);
#13125 = SURFACE_SIDE_STYLE('',(#13126));
#13126 = SURFACE_STYLE_FILL_AREA(#13127);
#13127 = FILL_AREA_STYLE('',(#13128));
#13128 = FILL_AREA_STYLE_COLOUR('',#12393);
#13129 = OVER_RIDING_STYLED_ITEM('overriding color',(#13130),#5057,
  #12360);
#13130 = PRESENTATION_STYLE_ASSIGNMENT((#13131));
#13131 = SURFACE_STYLE_USAGE(.BOTH.,#13132);
#13132 = SURFACE_SIDE_STYLE('',(#13133));
#13133 = SURFACE_STYLE_FILL_AREA(#13134);
#13134 = FILL_AREA_STYLE('',(#13135));
#13135 = FILL_AREA_STYLE_COLOUR('',#12393);
#13136 = OVER_RIDING_STYLED_ITEM('overriding color',(#13137),#5081,
  #12360);
#13137 = PRESENTATION_STYLE_ASSIGNMENT((#13138));
#13138 = SURFACE_STYLE_USAGE(.BOTH.,#13139);
#13139 = SURFACE_SIDE_STYLE('',(#13140));
#13140 = SURFACE_STYLE_FILL_AREA(#13141);
#13141 = FILL_AREA_STYLE('',(#13142));
#13142 = FILL_AREA_STYLE_COLOUR('',#12393);
#13143 = OVER_RIDING_STYLED_ITEM('overriding color',(#13144),#5097,
  #12360);
#13144 = PRESENTATION_STYLE_ASSIGNMENT((#13145));
#13145 = SURFACE_STYLE_USAGE(.BOTH.,#13146);
#13146 = SURFACE_SIDE_STYLE('',(#13147));
#13147 = SURFACE_STYLE_FILL_AREA(#13148);
#13148 = FILL_AREA_STYLE('',(#13149));
#13149 = FILL_AREA_STYLE_COLOUR('',#12393);
#13150 = OVER_RIDING_STYLED_ITEM('overriding color',(#13151),#5125,
  #12360);
#13151 = PRESENTATION_STYLE_ASSIGNMENT((#13152));
#13152 = SURFACE_STYLE_USAGE(.BOTH.,#13153);
#13153 = SURFACE_SIDE_STYLE('',(#13154));
#13154 = SURFACE_STYLE_FILL_AREA(#13155);
#13155 = FILL_AREA_STYLE('',(#13156));
#13156 = FILL_AREA_STYLE_COLOUR('',#12393);
#13157 = OVER_RIDING_STYLED_ITEM('overriding color',(#13158),#5137,
  #12360);
#13158 = PRESENTATION_STYLE_ASSIGNMENT((#13159));
#13159 = SURFACE_STYLE_USAGE(.BOTH.,#13160);
#13160 = SURFACE_SIDE_STYLE('',(#13161));
#13161 = SURFACE_STYLE_FILL_AREA(#13162);
#13162 = FILL_AREA_STYLE('',(#13163));
#13163 = FILL_AREA_STYLE_COLOUR('',#12393);
#13164 = OVER_RIDING_STYLED_ITEM('overriding color',(#13165),#5167,
  #12360);
#13165 = PRESENTATION_STYLE_ASSIGNMENT((#13166));
#13166 = SURFACE_STYLE_USAGE(.BOTH.,#13167);
#13167 = SURFACE_SIDE_STYLE('',(#13168));
#13168 = SURFACE_STYLE_FILL_AREA(#13169);
#13169 = FILL_AREA_STYLE('',(#13170));
#13170 = FILL_AREA_STYLE_COLOUR('',#12393);
#13171 = OVER_RIDING_STYLED_ITEM('overriding color',(#13172),#5189,
  #12360);
#13172 = PRESENTATION_STYLE_ASSIGNMENT((#13173));
#13173 = SURFACE_STYLE_USAGE(.BOTH.,#13174);
#13174 = SURFACE_SIDE_STYLE('',(#13175));
#13175 = SURFACE_STYLE_FILL_AREA(#13176);
#13176 = FILL_AREA_STYLE('',(#13177));
#13177 = FILL_AREA_STYLE_COLOUR('',#12393);
#13178 = OVER_RIDING_STYLED_ITEM('overriding color',(#13179),#5211,
  #12360);
#13179 = PRESENTATION_STYLE_ASSIGNMENT((#13180));
#13180 = SURFACE_STYLE_USAGE(.BOTH.,#13181);
#13181 = SURFACE_SIDE_STYLE('',(#13182));
#13182 = SURFACE_STYLE_FILL_AREA(#13183);
#13183 = FILL_AREA_STYLE('',(#13184));
#13184 = FILL_AREA_STYLE_COLOUR('',#12393);
#13185 = OVER_RIDING_STYLED_ITEM('overriding color',(#13186),#5235,
  #12360);
#13186 = PRESENTATION_STYLE_ASSIGNMENT((#13187));
#13187 = SURFACE_STYLE_USAGE(.BOTH.,#13188);
#13188 = SURFACE_SIDE_STYLE('',(#13189));
#13189 = SURFACE_STYLE_FILL_AREA(#13190);
#13190 = FILL_AREA_STYLE('',(#13191));
#13191 = FILL_AREA_STYLE_COLOUR('',#12393);
#13192 = OVER_RIDING_STYLED_ITEM('overriding color',(#13193),#5251,
  #12360);
#13193 = PRESENTATION_STYLE_ASSIGNMENT((#13194));
#13194 = SURFACE_STYLE_USAGE(.BOTH.,#13195);
#13195 = SURFACE_SIDE_STYLE('',(#13196));
#13196 = SURFACE_STYLE_FILL_AREA(#13197);
#13197 = FILL_AREA_STYLE('',(#13198));
#13198 = FILL_AREA_STYLE_COLOUR('',#12393);
#13199 = OVER_RIDING_STYLED_ITEM('overriding color',(#13200),#5278,
  #12360);
#13200 = PRESENTATION_STYLE_ASSIGNMENT((#13201));
#13201 = SURFACE_STYLE_USAGE(.BOTH.,#13202);
#13202 = SURFACE_SIDE_STYLE('',(#13203));
#13203 = SURFACE_STYLE_FILL_AREA(#13204);
#13204 = FILL_AREA_STYLE('',(#13205));
#13205 = FILL_AREA_STYLE_COLOUR('',#12393);
#13206 = OVER_RIDING_STYLED_ITEM('overriding color',(#13207),#5300,
  #12360);
#13207 = PRESENTATION_STYLE_ASSIGNMENT((#13208));
#13208 = SURFACE_STYLE_USAGE(.BOTH.,#13209);
#13209 = SURFACE_SIDE_STYLE('',(#13210));
#13210 = SURFACE_STYLE_FILL_AREA(#13211);
#13211 = FILL_AREA_STYLE('',(#13212));
#13212 = FILL_AREA_STYLE_COLOUR('',#12393);
#13213 = OVER_RIDING_STYLED_ITEM('overriding color',(#13214),#5324,
  #12360);
#13214 = PRESENTATION_STYLE_ASSIGNMENT((#13215));
#13215 = SURFACE_STYLE_USAGE(.BOTH.,#13216);
#13216 = SURFACE_SIDE_STYLE('',(#13217));
#13217 = SURFACE_STYLE_FILL_AREA(#13218);
#13218 = FILL_AREA_STYLE('',(#13219));
#13219 = FILL_AREA_STYLE_COLOUR('',#12393);
#13220 = OVER_RIDING_STYLED_ITEM('overriding color',(#13221),#5340,
  #12360);
#13221 = PRESENTATION_STYLE_ASSIGNMENT((#13222));
#13222 = SURFACE_STYLE_USAGE(.BOTH.,#13223);
#13223 = SURFACE_SIDE_STYLE('',(#13224));
#13224 = SURFACE_STYLE_FILL_AREA(#13225);
#13225 = FILL_AREA_STYLE('',(#13226));
#13226 = FILL_AREA_STYLE_COLOUR('',#12393);
#13227 = OVER_RIDING_STYLED_ITEM('overriding color',(#13228),#5354,
  #12360);
#13228 = PRESENTATION_STYLE_ASSIGNMENT((#13229));
#13229 = SURFACE_STYLE_USAGE(.BOTH.,#13230);
#13230 = SURFACE_SIDE_STYLE('',(#13231));
#13231 = SURFACE_STYLE_FILL_AREA(#13232);
#13232 = FILL_AREA_STYLE('',(#13233));
#13233 = FILL_AREA_STYLE_COLOUR('',#12393);
#13234 = OVER_RIDING_STYLED_ITEM('overriding color',(#13235),#5376,
  #12360);
#13235 = PRESENTATION_STYLE_ASSIGNMENT((#13236));
#13236 = SURFACE_STYLE_USAGE(.BOTH.,#13237);
#13237 = SURFACE_SIDE_STYLE('',(#13238));
#13238 = SURFACE_STYLE_FILL_AREA(#13239);
#13239 = FILL_AREA_STYLE('',(#13240));
#13240 = FILL_AREA_STYLE_COLOUR('',#12393);
#13241 = OVER_RIDING_STYLED_ITEM('overriding color',(#13242),#5400,
  #12360);
#13242 = PRESENTATION_STYLE_ASSIGNMENT((#13243));
#13243 = SURFACE_STYLE_USAGE(.BOTH.,#13244);
#13244 = SURFACE_SIDE_STYLE('',(#13245));
#13245 = SURFACE_STYLE_FILL_AREA(#13246);
#13246 = FILL_AREA_STYLE('',(#13247));
#13247 = FILL_AREA_STYLE_COLOUR('',#12393);
#13248 = OVER_RIDING_STYLED_ITEM('overriding color',(#13249),#5416,
  #12360);
#13249 = PRESENTATION_STYLE_ASSIGNMENT((#13250));
#13250 = SURFACE_STYLE_USAGE(.BOTH.,#13251);
#13251 = SURFACE_SIDE_STYLE('',(#13252));
#13252 = SURFACE_STYLE_FILL_AREA(#13253);
#13253 = FILL_AREA_STYLE('',(#13254));
#13254 = FILL_AREA_STYLE_COLOUR('',#12393);
#13255 = OVER_RIDING_STYLED_ITEM('overriding color',(#13256),#5430,
  #12360);
#13256 = PRESENTATION_STYLE_ASSIGNMENT((#13257));
#13257 = SURFACE_STYLE_USAGE(.BOTH.,#13258);
#13258 = SURFACE_SIDE_STYLE('',(#13259));
#13259 = SURFACE_STYLE_FILL_AREA(#13260);
#13260 = FILL_AREA_STYLE('',(#13261));
#13261 = FILL_AREA_STYLE_COLOUR('',#12393);
#13262 = OVER_RIDING_STYLED_ITEM('overriding color',(#13263),#5452,
  #12360);
#13263 = PRESENTATION_STYLE_ASSIGNMENT((#13264));
#13264 = SURFACE_STYLE_USAGE(.BOTH.,#13265);
#13265 = SURFACE_SIDE_STYLE('',(#13266));
#13266 = SURFACE_STYLE_FILL_AREA(#13267);
#13267 = FILL_AREA_STYLE('',(#13268));
#13268 = FILL_AREA_STYLE_COLOUR('',#12393);
#13269 = OVER_RIDING_STYLED_ITEM('overriding color',(#13270),#5476,
  #12360);
#13270 = PRESENTATION_STYLE_ASSIGNMENT((#13271));
#13271 = SURFACE_STYLE_USAGE(.BOTH.,#13272);
#13272 = SURFACE_SIDE_STYLE('',(#13273));
#13273 = SURFACE_STYLE_FILL_AREA(#13274);
#13274 = FILL_AREA_STYLE('',(#13275));
#13275 = FILL_AREA_STYLE_COLOUR('',#12393);
#13276 = OVER_RIDING_STYLED_ITEM('overriding color',(#13277),#5492,
  #12360);
#13277 = PRESENTATION_STYLE_ASSIGNMENT((#13278));
#13278 = SURFACE_STYLE_USAGE(.BOTH.,#13279);
#13279 = SURFACE_SIDE_STYLE('',(#13280));
#13280 = SURFACE_STYLE_FILL_AREA(#13281);
#13281 = FILL_AREA_STYLE('',(#13282));
#13282 = FILL_AREA_STYLE_COLOUR('',#12393);
#13283 = OVER_RIDING_STYLED_ITEM('overriding color',(#13284),#5506,
  #12360);
#13284 = PRESENTATION_STYLE_ASSIGNMENT((#13285));
#13285 = SURFACE_STYLE_USAGE(.BOTH.,#13286);
#13286 = SURFACE_SIDE_STYLE('',(#13287));
#13287 = SURFACE_STYLE_FILL_AREA(#13288);
#13288 = FILL_AREA_STYLE('',(#13289));
#13289 = FILL_AREA_STYLE_COLOUR('',#12393);
#13290 = OVER_RIDING_STYLED_ITEM('overriding color',(#13291),#5528,
  #12360);
#13291 = PRESENTATION_STYLE_ASSIGNMENT((#13292));
#13292 = SURFACE_STYLE_USAGE(.BOTH.,#13293);
#13293 = SURFACE_SIDE_STYLE('',(#13294));
#13294 = SURFACE_STYLE_FILL_AREA(#13295);
#13295 = FILL_AREA_STYLE('',(#13296));
#13296 = FILL_AREA_STYLE_COLOUR('',#12393);
#13297 = OVER_RIDING_STYLED_ITEM('overriding color',(#13298),#5550,
  #12360);
#13298 = PRESENTATION_STYLE_ASSIGNMENT((#13299));
#13299 = SURFACE_STYLE_USAGE(.BOTH.,#13300);
#13300 = SURFACE_SIDE_STYLE('',(#13301));
#13301 = SURFACE_STYLE_FILL_AREA(#13302);
#13302 = FILL_AREA_STYLE('',(#13303));
#13303 = FILL_AREA_STYLE_COLOUR('',#12393);
#13304 = OVER_RIDING_STYLED_ITEM('overriding color',(#13305),#5568,
  #12360);
#13305 = PRESENTATION_STYLE_ASSIGNMENT((#13306));
#13306 = SURFACE_STYLE_USAGE(.BOTH.,#13307);
#13307 = SURFACE_SIDE_STYLE('',(#13308));
#13308 = SURFACE_STYLE_FILL_AREA(#13309);
#13309 = FILL_AREA_STYLE('',(#13310));
#13310 = FILL_AREA_STYLE_COLOUR('',#12393);
#13311 = OVER_RIDING_STYLED_ITEM('overriding color',(#13312),#5582,
  #12360);
#13312 = PRESENTATION_STYLE_ASSIGNMENT((#13313));
#13313 = SURFACE_STYLE_USAGE(.BOTH.,#13314);
#13314 = SURFACE_SIDE_STYLE('',(#13315));
#13315 = SURFACE_STYLE_FILL_AREA(#13316);
#13316 = FILL_AREA_STYLE('',(#13317));
#13317 = FILL_AREA_STYLE_COLOUR('',#12393);
#13318 = OVER_RIDING_STYLED_ITEM('overriding color',(#13319),#5604,
  #12360);
#13319 = PRESENTATION_STYLE_ASSIGNMENT((#13320));
#13320 = SURFACE_STYLE_USAGE(.BOTH.,#13321);
#13321 = SURFACE_SIDE_STYLE('',(#13322));
#13322 = SURFACE_STYLE_FILL_AREA(#13323);
#13323 = FILL_AREA_STYLE('',(#13324));
#13324 = FILL_AREA_STYLE_COLOUR('',#12393);
#13325 = OVER_RIDING_STYLED_ITEM('overriding color',(#13326),#5626,
  #12360);
#13326 = PRESENTATION_STYLE_ASSIGNMENT((#13327));
#13327 = SURFACE_STYLE_USAGE(.BOTH.,#13328);
#13328 = SURFACE_SIDE_STYLE('',(#13329));
#13329 = SURFACE_STYLE_FILL_AREA(#13330);
#13330 = FILL_AREA_STYLE('',(#13331));
#13331 = FILL_AREA_STYLE_COLOUR('',#12393);
#13332 = OVER_RIDING_STYLED_ITEM('overriding color',(#13333),#5644,
  #12360);
#13333 = PRESENTATION_STYLE_ASSIGNMENT((#13334));
#13334 = SURFACE_STYLE_USAGE(.BOTH.,#13335);
#13335 = SURFACE_SIDE_STYLE('',(#13336));
#13336 = SURFACE_STYLE_FILL_AREA(#13337);
#13337 = FILL_AREA_STYLE('',(#13338));
#13338 = FILL_AREA_STYLE_COLOUR('',#12393);
#13339 = OVER_RIDING_STYLED_ITEM('overriding color',(#13340),#5658,
  #12360);
#13340 = PRESENTATION_STYLE_ASSIGNMENT((#13341));
#13341 = SURFACE_STYLE_USAGE(.BOTH.,#13342);
#13342 = SURFACE_SIDE_STYLE('',(#13343));
#13343 = SURFACE_STYLE_FILL_AREA(#13344);
#13344 = FILL_AREA_STYLE('',(#13345));
#13345 = FILL_AREA_STYLE_COLOUR('',#12393);
#13346 = OVER_RIDING_STYLED_ITEM('overriding color',(#13347),#5680,
  #12360);
#13347 = PRESENTATION_STYLE_ASSIGNMENT((#13348));
#13348 = SURFACE_STYLE_USAGE(.BOTH.,#13349);
#13349 = SURFACE_SIDE_STYLE('',(#13350));
#13350 = SURFACE_STYLE_FILL_AREA(#13351);
#13351 = FILL_AREA_STYLE('',(#13352));
#13352 = FILL_AREA_STYLE_COLOUR('',#12393);
#13353 = OVER_RIDING_STYLED_ITEM('overriding color',(#13354),#5702,
  #12360);
#13354 = PRESENTATION_STYLE_ASSIGNMENT((#13355));
#13355 = SURFACE_STYLE_USAGE(.BOTH.,#13356);
#13356 = SURFACE_SIDE_STYLE('',(#13357));
#13357 = SURFACE_STYLE_FILL_AREA(#13358);
#13358 = FILL_AREA_STYLE('',(#13359));
#13359 = FILL_AREA_STYLE_COLOUR('',#12393);
#13360 = OVER_RIDING_STYLED_ITEM('overriding color',(#13361),#5720,
  #12360);
#13361 = PRESENTATION_STYLE_ASSIGNMENT((#13362));
#13362 = SURFACE_STYLE_USAGE(.BOTH.,#13363);
#13363 = SURFACE_SIDE_STYLE('',(#13364));
#13364 = SURFACE_STYLE_FILL_AREA(#13365);
#13365 = FILL_AREA_STYLE('',(#13366));
#13366 = FILL_AREA_STYLE_COLOUR('',#12393);
#13367 = OVER_RIDING_STYLED_ITEM('overriding color',(#13368),#5734,
  #12360);
#13368 = PRESENTATION_STYLE_ASSIGNMENT((#13369));
#13369 = SURFACE_STYLE_USAGE(.BOTH.,#13370);
#13370 = SURFACE_SIDE_STYLE('',(#13371));
#13371 = SURFACE_STYLE_FILL_AREA(#13372);
#13372 = FILL_AREA_STYLE('',(#13373));
#13373 = FILL_AREA_STYLE_COLOUR('',#12393);
#13374 = OVER_RIDING_STYLED_ITEM('overriding color',(#13375),#5746,
  #12360);
#13375 = PRESENTATION_STYLE_ASSIGNMENT((#13376));
#13376 = SURFACE_STYLE_USAGE(.BOTH.,#13377);
#13377 = SURFACE_SIDE_STYLE('',(#13378));
#13378 = SURFACE_STYLE_FILL_AREA(#13379);
#13379 = FILL_AREA_STYLE('',(#13380));
#13380 = FILL_AREA_STYLE_COLOUR('',#12393);
#13381 = OVER_RIDING_STYLED_ITEM('overriding color',(#13382),#5758,
  #12360);
#13382 = PRESENTATION_STYLE_ASSIGNMENT((#13383));
#13383 = SURFACE_STYLE_USAGE(.BOTH.,#13384);
#13384 = SURFACE_SIDE_STYLE('',(#13385));
#13385 = SURFACE_STYLE_FILL_AREA(#13386);
#13386 = FILL_AREA_STYLE('',(#13387));
#13387 = FILL_AREA_STYLE_COLOUR('',#12393);
#13388 = OVER_RIDING_STYLED_ITEM('overriding color',(#13389),#5770,
  #12360);
#13389 = PRESENTATION_STYLE_ASSIGNMENT((#13390));
#13390 = SURFACE_STYLE_USAGE(.BOTH.,#13391);
#13391 = SURFACE_SIDE_STYLE('',(#13392));
#13392 = SURFACE_STYLE_FILL_AREA(#13393);
#13393 = FILL_AREA_STYLE('',(#13394));
#13394 = FILL_AREA_STYLE_COLOUR('',#12393);
#13395 = OVER_RIDING_STYLED_ITEM('overriding color',(#13396),#5782,
  #12360);
#13396 = PRESENTATION_STYLE_ASSIGNMENT((#13397));
#13397 = SURFACE_STYLE_USAGE(.BOTH.,#13398);
#13398 = SURFACE_SIDE_STYLE('',(#13399));
#13399 = SURFACE_STYLE_FILL_AREA(#13400);
#13400 = FILL_AREA_STYLE('',(#13401));
#13401 = FILL_AREA_STYLE_COLOUR('',#12393);
#13402 = OVER_RIDING_STYLED_ITEM('overriding color',(#13403),#5794,
  #12360);
#13403 = PRESENTATION_STYLE_ASSIGNMENT((#13404));
#13404 = SURFACE_STYLE_USAGE(.BOTH.,#13405);
#13405 = SURFACE_SIDE_STYLE('',(#13406));
#13406 = SURFACE_STYLE_FILL_AREA(#13407);
#13407 = FILL_AREA_STYLE('',(#13408));
#13408 = FILL_AREA_STYLE_COLOUR('',#12393);
#13409 = OVER_RIDING_STYLED_ITEM('overriding color',(#13410),#5806,
  #12360);
#13410 = PRESENTATION_STYLE_ASSIGNMENT((#13411));
#13411 = SURFACE_STYLE_USAGE(.BOTH.,#13412);
#13412 = SURFACE_SIDE_STYLE('',(#13413));
#13413 = SURFACE_STYLE_FILL_AREA(#13414);
#13414 = FILL_AREA_STYLE('',(#13415));
#13415 = FILL_AREA_STYLE_COLOUR('',#12393);
#13416 = OVER_RIDING_STYLED_ITEM('overriding color',(#13417),#5834,
  #12360);
#13417 = PRESENTATION_STYLE_ASSIGNMENT((#13418));
#13418 = SURFACE_STYLE_USAGE(.BOTH.,#13419);
#13419 = SURFACE_SIDE_STYLE('',(#13420));
#13420 = SURFACE_STYLE_FILL_AREA(#13421);
#13421 = FILL_AREA_STYLE('',(#13422));
#13422 = FILL_AREA_STYLE_COLOUR('',#12393);
#13423 = OVER_RIDING_STYLED_ITEM('overriding color',(#13424),#5862,
  #12360);
#13424 = PRESENTATION_STYLE_ASSIGNMENT((#13425));
#13425 = SURFACE_STYLE_USAGE(.BOTH.,#13426);
#13426 = SURFACE_SIDE_STYLE('',(#13427));
#13427 = SURFACE_STYLE_FILL_AREA(#13428);
#13428 = FILL_AREA_STYLE('',(#13429));
#13429 = FILL_AREA_STYLE_COLOUR('',#12393);
#13430 = OVER_RIDING_STYLED_ITEM('overriding color',(#13431),#5874,
  #12360);
#13431 = PRESENTATION_STYLE_ASSIGNMENT((#13432));
#13432 = SURFACE_STYLE_USAGE(.BOTH.,#13433);
#13433 = SURFACE_SIDE_STYLE('',(#13434));
#13434 = SURFACE_STYLE_FILL_AREA(#13435);
#13435 = FILL_AREA_STYLE('',(#13436));
#13436 = FILL_AREA_STYLE_COLOUR('',#12393);
#13437 = OVER_RIDING_STYLED_ITEM('overriding color',(#13438),#5890,
  #12360);
#13438 = PRESENTATION_STYLE_ASSIGNMENT((#13439));
#13439 = SURFACE_STYLE_USAGE(.BOTH.,#13440);
#13440 = SURFACE_SIDE_STYLE('',(#13441));
#13441 = SURFACE_STYLE_FILL_AREA(#13442);
#13442 = FILL_AREA_STYLE('',(#13443));
#13443 = FILL_AREA_STYLE_COLOUR('',#12393);
#13444 = OVER_RIDING_STYLED_ITEM('overriding color',(#13445),#5906,
  #12360);
#13445 = PRESENTATION_STYLE_ASSIGNMENT((#13446));
#13446 = SURFACE_STYLE_USAGE(.BOTH.,#13447);
#13447 = SURFACE_SIDE_STYLE('',(#13448));
#13448 = SURFACE_STYLE_FILL_AREA(#13449);
#13449 = FILL_AREA_STYLE('',(#13450));
#13450 = FILL_AREA_STYLE_COLOUR('',#12393);
#13451 = OVER_RIDING_STYLED_ITEM('overriding color',(#13452),#5928,
  #12360);
#13452 = PRESENTATION_STYLE_ASSIGNMENT((#13453));
#13453 = SURFACE_STYLE_USAGE(.BOTH.,#13454);
#13454 = SURFACE_SIDE_STYLE('',(#13455));
#13455 = SURFACE_STYLE_FILL_AREA(#13456);
#13456 = FILL_AREA_STYLE('',(#13457));
#13457 = FILL_AREA_STYLE_COLOUR('',#12393);
#13458 = OVER_RIDING_STYLED_ITEM('overriding color',(#13459),#5950,
  #12360);
#13459 = PRESENTATION_STYLE_ASSIGNMENT((#13460));
#13460 = SURFACE_STYLE_USAGE(.BOTH.,#13461);
#13461 = SURFACE_SIDE_STYLE('',(#13462));
#13462 = SURFACE_STYLE_FILL_AREA(#13463);
#13463 = FILL_AREA_STYLE('',(#13464));
#13464 = FILL_AREA_STYLE_COLOUR('',#12393);
#13465 = OVER_RIDING_STYLED_ITEM('overriding color',(#13466),#5968,
  #12360);
#13466 = PRESENTATION_STYLE_ASSIGNMENT((#13467));
#13467 = SURFACE_STYLE_USAGE(.BOTH.,#13468);
#13468 = SURFACE_SIDE_STYLE('',(#13469));
#13469 = SURFACE_STYLE_FILL_AREA(#13470);
#13470 = FILL_AREA_STYLE('',(#13471));
#13471 = FILL_AREA_STYLE_COLOUR('',#12393);
#13472 = OVER_RIDING_STYLED_ITEM('overriding color',(#13473),#5982,
  #12360);
#13473 = PRESENTATION_STYLE_ASSIGNMENT((#13474));
#13474 = SURFACE_STYLE_USAGE(.BOTH.,#13475);
#13475 = SURFACE_SIDE_STYLE('',(#13476));
#13476 = SURFACE_STYLE_FILL_AREA(#13477);
#13477 = FILL_AREA_STYLE('',(#13478));
#13478 = FILL_AREA_STYLE_COLOUR('',#12393);
#13479 = OVER_RIDING_STYLED_ITEM('overriding color',(#13480),#6004,
  #12360);
#13480 = PRESENTATION_STYLE_ASSIGNMENT((#13481));
#13481 = SURFACE_STYLE_USAGE(.BOTH.,#13482);
#13482 = SURFACE_SIDE_STYLE('',(#13483));
#13483 = SURFACE_STYLE_FILL_AREA(#13484);
#13484 = FILL_AREA_STYLE('',(#13485));
#13485 = FILL_AREA_STYLE_COLOUR('',#12393);
#13486 = OVER_RIDING_STYLED_ITEM('overriding color',(#13487),#6026,
  #12360);
#13487 = PRESENTATION_STYLE_ASSIGNMENT((#13488));
#13488 = SURFACE_STYLE_USAGE(.BOTH.,#13489);
#13489 = SURFACE_SIDE_STYLE('',(#13490));
#13490 = SURFACE_STYLE_FILL_AREA(#13491);
#13491 = FILL_AREA_STYLE('',(#13492));
#13492 = FILL_AREA_STYLE_COLOUR('',#12393);
#13493 = OVER_RIDING_STYLED_ITEM('overriding color',(#13494),#6044,
  #12360);
#13494 = PRESENTATION_STYLE_ASSIGNMENT((#13495));
#13495 = SURFACE_STYLE_USAGE(.BOTH.,#13496);
#13496 = SURFACE_SIDE_STYLE('',(#13497));
#13497 = SURFACE_STYLE_FILL_AREA(#13498);
#13498 = FILL_AREA_STYLE('',(#13499));
#13499 = FILL_AREA_STYLE_COLOUR('',#12393);
#13500 = OVER_RIDING_STYLED_ITEM('overriding color',(#13501),#6058,
  #12360);
#13501 = PRESENTATION_STYLE_ASSIGNMENT((#13502));
#13502 = SURFACE_STYLE_USAGE(.BOTH.,#13503);
#13503 = SURFACE_SIDE_STYLE('',(#13504));
#13504 = SURFACE_STYLE_FILL_AREA(#13505);
#13505 = FILL_AREA_STYLE('',(#13506));
#13506 = FILL_AREA_STYLE_COLOUR('',#12393);
#13507 = OVER_RIDING_STYLED_ITEM('overriding color',(#13508),#6080,
  #12360);
#13508 = PRESENTATION_STYLE_ASSIGNMENT((#13509));
#13509 = SURFACE_STYLE_USAGE(.BOTH.,#13510);
#13510 = SURFACE_SIDE_STYLE('',(#13511));
#13511 = SURFACE_STYLE_FILL_AREA(#13512);
#13512 = FILL_AREA_STYLE('',(#13513));
#13513 = FILL_AREA_STYLE_COLOUR('',#12393);
#13514 = OVER_RIDING_STYLED_ITEM('overriding color',(#13515),#6102,
  #12360);
#13515 = PRESENTATION_STYLE_ASSIGNMENT((#13516));
#13516 = SURFACE_STYLE_USAGE(.BOTH.,#13517);
#13517 = SURFACE_SIDE_STYLE('',(#13518));
#13518 = SURFACE_STYLE_FILL_AREA(#13519);
#13519 = FILL_AREA_STYLE('',(#13520));
#13520 = FILL_AREA_STYLE_COLOUR('',#12393);
#13521 = OVER_RIDING_STYLED_ITEM('overriding color',(#13522),#6120,
  #12360);
#13522 = PRESENTATION_STYLE_ASSIGNMENT((#13523));
#13523 = SURFACE_STYLE_USAGE(.BOTH.,#13524);
#13524 = SURFACE_SIDE_STYLE('',(#13525));
#13525 = SURFACE_STYLE_FILL_AREA(#13526);
#13526 = FILL_AREA_STYLE('',(#13527));
#13527 = FILL_AREA_STYLE_COLOUR('',#12393);
#13528 = OVER_RIDING_STYLED_ITEM('overriding color',(#13529),#6134,
  #12360);
#13529 = PRESENTATION_STYLE_ASSIGNMENT((#13530));
#13530 = SURFACE_STYLE_USAGE(.BOTH.,#13531);
#13531 = SURFACE_SIDE_STYLE('',(#13532));
#13532 = SURFACE_STYLE_FILL_AREA(#13533);
#13533 = FILL_AREA_STYLE('',(#13534));
#13534 = FILL_AREA_STYLE_COLOUR('',#12393);
#13535 = OVER_RIDING_STYLED_ITEM('overriding color',(#13536),#6156,
  #12360);
#13536 = PRESENTATION_STYLE_ASSIGNMENT((#13537));
#13537 = SURFACE_STYLE_USAGE(.BOTH.,#13538);
#13538 = SURFACE_SIDE_STYLE('',(#13539));
#13539 = SURFACE_STYLE_FILL_AREA(#13540);
#13540 = FILL_AREA_STYLE('',(#13541));
#13541 = FILL_AREA_STYLE_COLOUR('',#12393);
#13542 = OVER_RIDING_STYLED_ITEM('overriding color',(#13543),#6180,
  #12360);
#13543 = PRESENTATION_STYLE_ASSIGNMENT((#13544));
#13544 = SURFACE_STYLE_USAGE(.BOTH.,#13545);
#13545 = SURFACE_SIDE_STYLE('',(#13546));
#13546 = SURFACE_STYLE_FILL_AREA(#13547);
#13547 = FILL_AREA_STYLE('',(#13548));
#13548 = FILL_AREA_STYLE_COLOUR('',#12393);
#13549 = OVER_RIDING_STYLED_ITEM('overriding color',(#13550),#6196,
  #12360);
#13550 = PRESENTATION_STYLE_ASSIGNMENT((#13551));
#13551 = SURFACE_STYLE_USAGE(.BOTH.,#13552);
#13552 = SURFACE_SIDE_STYLE('',(#13553));
#13553 = SURFACE_STYLE_FILL_AREA(#13554);
#13554 = FILL_AREA_STYLE('',(#13555));
#13555 = FILL_AREA_STYLE_COLOUR('',#12393);
#13556 = OVER_RIDING_STYLED_ITEM('overriding color',(#13557),#6210,
  #12360);
#13557 = PRESENTATION_STYLE_ASSIGNMENT((#13558));
#13558 = SURFACE_STYLE_USAGE(.BOTH.,#13559);
#13559 = SURFACE_SIDE_STYLE('',(#13560));
#13560 = SURFACE_STYLE_FILL_AREA(#13561);
#13561 = FILL_AREA_STYLE('',(#13562));
#13562 = FILL_AREA_STYLE_COLOUR('',#12393);
#13563 = OVER_RIDING_STYLED_ITEM('overriding color',(#13564),#6232,
  #12360);
#13564 = PRESENTATION_STYLE_ASSIGNMENT((#13565));
#13565 = SURFACE_STYLE_USAGE(.BOTH.,#13566);
#13566 = SURFACE_SIDE_STYLE('',(#13567));
#13567 = SURFACE_STYLE_FILL_AREA(#13568);
#13568 = FILL_AREA_STYLE('',(#13569));
#13569 = FILL_AREA_STYLE_COLOUR('',#12393);
#13570 = OVER_RIDING_STYLED_ITEM('overriding color',(#13571),#6254,
  #12360);
#13571 = PRESENTATION_STYLE_ASSIGNMENT((#13572));
#13572 = SURFACE_STYLE_USAGE(.BOTH.,#13573);
#13573 = SURFACE_SIDE_STYLE('',(#13574));
#13574 = SURFACE_STYLE_FILL_AREA(#13575);
#13575 = FILL_AREA_STYLE('',(#13576));
#13576 = FILL_AREA_STYLE_COLOUR('',#12393);
#13577 = OVER_RIDING_STYLED_ITEM('overriding color',(#13578),#6272,
  #12360);
#13578 = PRESENTATION_STYLE_ASSIGNMENT((#13579));
#13579 = SURFACE_STYLE_USAGE(.BOTH.,#13580);
#13580 = SURFACE_SIDE_STYLE('',(#13581));
#13581 = SURFACE_STYLE_FILL_AREA(#13582);
#13582 = FILL_AREA_STYLE('',(#13583));
#13583 = FILL_AREA_STYLE_COLOUR('',#12393);
#13584 = OVER_RIDING_STYLED_ITEM('overriding color',(#13585),#6286,
  #12360);
#13585 = PRESENTATION_STYLE_ASSIGNMENT((#13586));
#13586 = SURFACE_STYLE_USAGE(.BOTH.,#13587);
#13587 = SURFACE_SIDE_STYLE('',(#13588));
#13588 = SURFACE_STYLE_FILL_AREA(#13589);
#13589 = FILL_AREA_STYLE('',(#13590));
#13590 = FILL_AREA_STYLE_COLOUR('',#12393);
#13591 = OVER_RIDING_STYLED_ITEM('overriding color',(#13592),#6308,
  #12360);
#13592 = PRESENTATION_STYLE_ASSIGNMENT((#13593));
#13593 = SURFACE_STYLE_USAGE(.BOTH.,#13594);
#13594 = SURFACE_SIDE_STYLE('',(#13595));
#13595 = SURFACE_STYLE_FILL_AREA(#13596);
#13596 = FILL_AREA_STYLE('',(#13597));
#13597 = FILL_AREA_STYLE_COLOUR('',#12393);
#13598 = OVER_RIDING_STYLED_ITEM('overriding color',(#13599),#6330,
  #12360);
#13599 = PRESENTATION_STYLE_ASSIGNMENT((#13600));
#13600 = SURFACE_STYLE_USAGE(.BOTH.,#13601);
#13601 = SURFACE_SIDE_STYLE('',(#13602));
#13602 = SURFACE_STYLE_FILL_AREA(#13603);
#13603 = FILL_AREA_STYLE('',(#13604));
#13604 = FILL_AREA_STYLE_COLOUR('',#12393);
#13605 = OVER_RIDING_STYLED_ITEM('overriding color',(#13606),#6348,
  #12360);
#13606 = PRESENTATION_STYLE_ASSIGNMENT((#13607));
#13607 = SURFACE_STYLE_USAGE(.BOTH.,#13608);
#13608 = SURFACE_SIDE_STYLE('',(#13609));
#13609 = SURFACE_STYLE_FILL_AREA(#13610);
#13610 = FILL_AREA_STYLE('',(#13611));
#13611 = FILL_AREA_STYLE_COLOUR('',#12393);
#13612 = OVER_RIDING_STYLED_ITEM('overriding color',(#13613),#6362,
  #12360);
#13613 = PRESENTATION_STYLE_ASSIGNMENT((#13614));
#13614 = SURFACE_STYLE_USAGE(.BOTH.,#13615);
#13615 = SURFACE_SIDE_STYLE('',(#13616));
#13616 = SURFACE_STYLE_FILL_AREA(#13617);
#13617 = FILL_AREA_STYLE('',(#13618));
#13618 = FILL_AREA_STYLE_COLOUR('',#12393);
#13619 = OVER_RIDING_STYLED_ITEM('overriding color',(#13620),#6378,
  #12360);
#13620 = PRESENTATION_STYLE_ASSIGNMENT((#13621));
#13621 = SURFACE_STYLE_USAGE(.BOTH.,#13622);
#13622 = SURFACE_SIDE_STYLE('',(#13623));
#13623 = SURFACE_STYLE_FILL_AREA(#13624);
#13624 = FILL_AREA_STYLE('',(#13625));
#13625 = FILL_AREA_STYLE_COLOUR('',#12393);
#13626 = OVER_RIDING_STYLED_ITEM('overriding color',(#13627),#6406,
  #12360);
#13627 = PRESENTATION_STYLE_ASSIGNMENT((#13628));
#13628 = SURFACE_STYLE_USAGE(.BOTH.,#13629);
#13629 = SURFACE_SIDE_STYLE('',(#13630));
#13630 = SURFACE_STYLE_FILL_AREA(#13631);
#13631 = FILL_AREA_STYLE('',(#13632));
#13632 = FILL_AREA_STYLE_COLOUR('',#12393);
#13633 = OVER_RIDING_STYLED_ITEM('overriding color',(#13634),#6434,
  #12360);
#13634 = PRESENTATION_STYLE_ASSIGNMENT((#13635));
#13635 = SURFACE_STYLE_USAGE(.BOTH.,#13636);
#13636 = SURFACE_SIDE_STYLE('',(#13637));
#13637 = SURFACE_STYLE_FILL_AREA(#13638);
#13638 = FILL_AREA_STYLE('',(#13639));
#13639 = FILL_AREA_STYLE_COLOUR('',#12393);
#13640 = OVER_RIDING_STYLED_ITEM('overriding color',(#13641),#6450,
  #12360);
#13641 = PRESENTATION_STYLE_ASSIGNMENT((#13642));
#13642 = SURFACE_STYLE_USAGE(.BOTH.,#13643);
#13643 = SURFACE_SIDE_STYLE('',(#13644));
#13644 = SURFACE_STYLE_FILL_AREA(#13645);
#13645 = FILL_AREA_STYLE('',(#13646));
#13646 = FILL_AREA_STYLE_COLOUR('',#12393);
#13647 = OVER_RIDING_STYLED_ITEM('overriding color',(#13648),#6466,
  #12360);
#13648 = PRESENTATION_STYLE_ASSIGNMENT((#13649));
#13649 = SURFACE_STYLE_USAGE(.BOTH.,#13650);
#13650 = SURFACE_SIDE_STYLE('',(#13651));
#13651 = SURFACE_STYLE_FILL_AREA(#13652);
#13652 = FILL_AREA_STYLE('',(#13653));
#13653 = FILL_AREA_STYLE_COLOUR('',#12393);
#13654 = OVER_RIDING_STYLED_ITEM('overriding color',(#13655),#6482,
  #12360);
#13655 = PRESENTATION_STYLE_ASSIGNMENT((#13656));
#13656 = SURFACE_STYLE_USAGE(.BOTH.,#13657);
#13657 = SURFACE_SIDE_STYLE('',(#13658));
#13658 = SURFACE_STYLE_FILL_AREA(#13659);
#13659 = FILL_AREA_STYLE('',(#13660));
#13660 = FILL_AREA_STYLE_COLOUR('',#12393);
#13661 = OVER_RIDING_STYLED_ITEM('overriding color',(#13662),#6504,
  #12360);
#13662 = PRESENTATION_STYLE_ASSIGNMENT((#13663));
#13663 = SURFACE_STYLE_USAGE(.BOTH.,#13664);
#13664 = SURFACE_SIDE_STYLE('',(#13665));
#13665 = SURFACE_STYLE_FILL_AREA(#13666);
#13666 = FILL_AREA_STYLE('',(#13667));
#13667 = FILL_AREA_STYLE_COLOUR('',#12393);
#13668 = OVER_RIDING_STYLED_ITEM('overriding color',(#13669),#6528,
  #12360);
#13669 = PRESENTATION_STYLE_ASSIGNMENT((#13670));
#13670 = SURFACE_STYLE_USAGE(.BOTH.,#13671);
#13671 = SURFACE_SIDE_STYLE('',(#13672));
#13672 = SURFACE_STYLE_FILL_AREA(#13673);
#13673 = FILL_AREA_STYLE('',(#13674));
#13674 = FILL_AREA_STYLE_COLOUR('',#12393);
#13675 = OVER_RIDING_STYLED_ITEM('overriding color',(#13676),#6544,
  #12360);
#13676 = PRESENTATION_STYLE_ASSIGNMENT((#13677));
#13677 = SURFACE_STYLE_USAGE(.BOTH.,#13678);
#13678 = SURFACE_SIDE_STYLE('',(#13679));
#13679 = SURFACE_STYLE_FILL_AREA(#13680);
#13680 = FILL_AREA_STYLE('',(#13681));
#13681 = FILL_AREA_STYLE_COLOUR('',#12393);
#13682 = OVER_RIDING_STYLED_ITEM('overriding color',(#13683),#6558,
  #12360);
#13683 = PRESENTATION_STYLE_ASSIGNMENT((#13684));
#13684 = SURFACE_STYLE_USAGE(.BOTH.,#13685);
#13685 = SURFACE_SIDE_STYLE('',(#13686));
#13686 = SURFACE_STYLE_FILL_AREA(#13687);
#13687 = FILL_AREA_STYLE('',(#13688));
#13688 = FILL_AREA_STYLE_COLOUR('',#12393);
#13689 = OVER_RIDING_STYLED_ITEM('overriding color',(#13690),#6570,
  #12360);
#13690 = PRESENTATION_STYLE_ASSIGNMENT((#13691));
#13691 = SURFACE_STYLE_USAGE(.BOTH.,#13692);
#13692 = SURFACE_SIDE_STYLE('',(#13693));
#13693 = SURFACE_STYLE_FILL_AREA(#13694);
#13694 = FILL_AREA_STYLE('',(#13695));
#13695 = FILL_AREA_STYLE_COLOUR('',#12377);
#13696 = OVER_RIDING_STYLED_ITEM('overriding color',(#13697),#6598,
  #12360);
#13697 = PRESENTATION_STYLE_ASSIGNMENT((#13698));
#13698 = SURFACE_STYLE_USAGE(.BOTH.,#13699);
#13699 = SURFACE_SIDE_STYLE('',(#13700));
#13700 = SURFACE_STYLE_FILL_AREA(#13701);
#13701 = FILL_AREA_STYLE('',(#13702));
#13702 = FILL_AREA_STYLE_COLOUR('',#12377);
#13703 = OVER_RIDING_STYLED_ITEM('overriding color',(#13704),#6620,
  #12360);
#13704 = PRESENTATION_STYLE_ASSIGNMENT((#13705));
#13705 = SURFACE_STYLE_USAGE(.BOTH.,#13706);
#13706 = SURFACE_SIDE_STYLE('',(#13707));
#13707 = SURFACE_STYLE_FILL_AREA(#13708);
#13708 = FILL_AREA_STYLE('',(#13709));
#13709 = FILL_AREA_STYLE_COLOUR('',#12377);
#13710 = OVER_RIDING_STYLED_ITEM('overriding color',(#13711),#6642,
  #12360);
#13711 = PRESENTATION_STYLE_ASSIGNMENT((#13712));
#13712 = SURFACE_STYLE_USAGE(.BOTH.,#13713);
#13713 = SURFACE_SIDE_STYLE('',(#13714));
#13714 = SURFACE_STYLE_FILL_AREA(#13715);
#13715 = FILL_AREA_STYLE('',(#13716));
#13716 = FILL_AREA_STYLE_COLOUR('',#12377);
#13717 = OVER_RIDING_STYLED_ITEM('overriding color',(#13718),#6664,
  #12360);
#13718 = PRESENTATION_STYLE_ASSIGNMENT((#13719));
#13719 = SURFACE_STYLE_USAGE(.BOTH.,#13720);
#13720 = SURFACE_SIDE_STYLE('',(#13721));
#13721 = SURFACE_STYLE_FILL_AREA(#13722);
#13722 = FILL_AREA_STYLE('',(#13723));
#13723 = FILL_AREA_STYLE_COLOUR('',#12377);
#13724 = OVER_RIDING_STYLED_ITEM('overriding color',(#13725),#6686,
  #12360);
#13725 = PRESENTATION_STYLE_ASSIGNMENT((#13726));
#13726 = SURFACE_STYLE_USAGE(.BOTH.,#13727);
#13727 = SURFACE_SIDE_STYLE('',(#13728));
#13728 = SURFACE_STYLE_FILL_AREA(#13729);
#13729 = FILL_AREA_STYLE('',(#13730));
#13730 = FILL_AREA_STYLE_COLOUR('',#12377);
#13731 = OVER_RIDING_STYLED_ITEM('overriding color',(#13732),#6702,
  #12360);
#13732 = PRESENTATION_STYLE_ASSIGNMENT((#13733));
#13733 = SURFACE_STYLE_USAGE(.BOTH.,#13734);
#13734 = SURFACE_SIDE_STYLE('',(#13735));
#13735 = SURFACE_STYLE_FILL_AREA(#13736);
#13736 = FILL_AREA_STYLE('',(#13737));
#13737 = FILL_AREA_STYLE_COLOUR('',#12377);
#13738 = OVER_RIDING_STYLED_ITEM('overriding color',(#13739),#6716,
  #12360);
#13739 = PRESENTATION_STYLE_ASSIGNMENT((#13740));
#13740 = SURFACE_STYLE_USAGE(.BOTH.,#13741);
#13741 = SURFACE_SIDE_STYLE('',(#13742));
#13742 = SURFACE_STYLE_FILL_AREA(#13743);
#13743 = FILL_AREA_STYLE('',(#13744));
#13744 = FILL_AREA_STYLE_COLOUR('',#12377);
#13745 = OVER_RIDING_STYLED_ITEM('overriding color',(#13746),#6750,
  #12360);
#13746 = PRESENTATION_STYLE_ASSIGNMENT((#13747));
#13747 = SURFACE_STYLE_USAGE(.BOTH.,#13748);
#13748 = SURFACE_SIDE_STYLE('',(#13749));
#13749 = SURFACE_STYLE_FILL_AREA(#13750);
#13750 = FILL_AREA_STYLE('',(#13751));
#13751 = FILL_AREA_STYLE_COLOUR('',#12377);
#13752 = OVER_RIDING_STYLED_ITEM('overriding color',(#13753),#6772,
  #12360);
#13753 = PRESENTATION_STYLE_ASSIGNMENT((#13754));
#13754 = SURFACE_STYLE_USAGE(.BOTH.,#13755);
#13755 = SURFACE_SIDE_STYLE('',(#13756));
#13756 = SURFACE_STYLE_FILL_AREA(#13757);
#13757 = FILL_AREA_STYLE('',(#13758));
#13758 = FILL_AREA_STYLE_COLOUR('',#12377);
#13759 = OVER_RIDING_STYLED_ITEM('overriding color',(#13760),#6800,
  #12360);
#13760 = PRESENTATION_STYLE_ASSIGNMENT((#13761));
#13761 = SURFACE_STYLE_USAGE(.BOTH.,#13762);
#13762 = SURFACE_SIDE_STYLE('',(#13763));
#13763 = SURFACE_STYLE_FILL_AREA(#13764);
#13764 = FILL_AREA_STYLE('',(#13765));
#13765 = FILL_AREA_STYLE_COLOUR('',#12377);
#13766 = OVER_RIDING_STYLED_ITEM('overriding color',(#13767),#6828,
  #12360);
#13767 = PRESENTATION_STYLE_ASSIGNMENT((#13768));
#13768 = SURFACE_STYLE_USAGE(.BOTH.,#13769);
#13769 = SURFACE_SIDE_STYLE('',(#13770));
#13770 = SURFACE_STYLE_FILL_AREA(#13771);
#13771 = FILL_AREA_STYLE('',(#13772));
#13772 = FILL_AREA_STYLE_COLOUR('',#12377);
#13773 = OVER_RIDING_STYLED_ITEM('overriding color',(#13774),#6856,
  #12360);
#13774 = PRESENTATION_STYLE_ASSIGNMENT((#13775));
#13775 = SURFACE_STYLE_USAGE(.BOTH.,#13776);
#13776 = SURFACE_SIDE_STYLE('',(#13777));
#13777 = SURFACE_STYLE_FILL_AREA(#13778);
#13778 = FILL_AREA_STYLE('',(#13779));
#13779 = FILL_AREA_STYLE_COLOUR('',#12377);
#13780 = OVER_RIDING_STYLED_ITEM('overriding color',(#13781),#6884,
  #12360);
#13781 = PRESENTATION_STYLE_ASSIGNMENT((#13782));
#13782 = SURFACE_STYLE_USAGE(.BOTH.,#13783);
#13783 = SURFACE_SIDE_STYLE('',(#13784));
#13784 = SURFACE_STYLE_FILL_AREA(#13785);
#13785 = FILL_AREA_STYLE('',(#13786));
#13786 = FILL_AREA_STYLE_COLOUR('',#12377);
#13787 = OVER_RIDING_STYLED_ITEM('overriding color',(#13788),#6912,
  #12360);
#13788 = PRESENTATION_STYLE_ASSIGNMENT((#13789));
#13789 = SURFACE_STYLE_USAGE(.BOTH.,#13790);
#13790 = SURFACE_SIDE_STYLE('',(#13791));
#13791 = SURFACE_STYLE_FILL_AREA(#13792);
#13792 = FILL_AREA_STYLE('',(#13793));
#13793 = FILL_AREA_STYLE_COLOUR('',#12377);
#13794 = OVER_RIDING_STYLED_ITEM('overriding color',(#13795),#6940,
  #12360);
#13795 = PRESENTATION_STYLE_ASSIGNMENT((#13796));
#13796 = SURFACE_STYLE_USAGE(.BOTH.,#13797);
#13797 = SURFACE_SIDE_STYLE('',(#13798));
#13798 = SURFACE_STYLE_FILL_AREA(#13799);
#13799 = FILL_AREA_STYLE('',(#13800));
#13800 = FILL_AREA_STYLE_COLOUR('',#12377);
#13801 = OVER_RIDING_STYLED_ITEM('overriding color',(#13802),#6962,
  #12360);
#13802 = PRESENTATION_STYLE_ASSIGNMENT((#13803));
#13803 = SURFACE_STYLE_USAGE(.BOTH.,#13804);
#13804 = SURFACE_SIDE_STYLE('',(#13805));
#13805 = SURFACE_STYLE_FILL_AREA(#13806);
#13806 = FILL_AREA_STYLE('',(#13807));
#13807 = FILL_AREA_STYLE_COLOUR('',#12377);
#13808 = OVER_RIDING_STYLED_ITEM('overriding color',(#13809),#6990,
  #12360);
#13809 = PRESENTATION_STYLE_ASSIGNMENT((#13810));
#13810 = SURFACE_STYLE_USAGE(.BOTH.,#13811);
#13811 = SURFACE_SIDE_STYLE('',(#13812));
#13812 = SURFACE_STYLE_FILL_AREA(#13813);
#13813 = FILL_AREA_STYLE('',(#13814));
#13814 = FILL_AREA_STYLE_COLOUR('',#12377);
#13815 = OVER_RIDING_STYLED_ITEM('overriding color',(#13816),#7018,
  #12360);
#13816 = PRESENTATION_STYLE_ASSIGNMENT((#13817));
#13817 = SURFACE_STYLE_USAGE(.BOTH.,#13818);
#13818 = SURFACE_SIDE_STYLE('',(#13819));
#13819 = SURFACE_STYLE_FILL_AREA(#13820);
#13820 = FILL_AREA_STYLE('',(#13821));
#13821 = FILL_AREA_STYLE_COLOUR('',#12377);
#13822 = OVER_RIDING_STYLED_ITEM('overriding color',(#13823),#7046,
  #12360);
#13823 = PRESENTATION_STYLE_ASSIGNMENT((#13824));
#13824 = SURFACE_STYLE_USAGE(.BOTH.,#13825);
#13825 = SURFACE_SIDE_STYLE('',(#13826));
#13826 = SURFACE_STYLE_FILL_AREA(#13827);
#13827 = FILL_AREA_STYLE('',(#13828));
#13828 = FILL_AREA_STYLE_COLOUR('',#12377);
#13829 = OVER_RIDING_STYLED_ITEM('overriding color',(#13830),#7074,
  #12360);
#13830 = PRESENTATION_STYLE_ASSIGNMENT((#13831));
#13831 = SURFACE_STYLE_USAGE(.BOTH.,#13832);
#13832 = SURFACE_SIDE_STYLE('',(#13833));
#13833 = SURFACE_STYLE_FILL_AREA(#13834);
#13834 = FILL_AREA_STYLE('',(#13835));
#13835 = FILL_AREA_STYLE_COLOUR('',#12377);
#13836 = OVER_RIDING_STYLED_ITEM('overriding color',(#13837),#7096,
  #12360);
#13837 = PRESENTATION_STYLE_ASSIGNMENT((#13838));
#13838 = SURFACE_STYLE_USAGE(.BOTH.,#13839);
#13839 = SURFACE_SIDE_STYLE('',(#13840));
#13840 = SURFACE_STYLE_FILL_AREA(#13841);
#13841 = FILL_AREA_STYLE('',(#13842));
#13842 = FILL_AREA_STYLE_COLOUR('',#12377);
#13843 = OVER_RIDING_STYLED_ITEM('overriding color',(#13844),#7118,
  #12360);
#13844 = PRESENTATION_STYLE_ASSIGNMENT((#13845));
#13845 = SURFACE_STYLE_USAGE(.BOTH.,#13846);
#13846 = SURFACE_SIDE_STYLE('',(#13847));
#13847 = SURFACE_STYLE_FILL_AREA(#13848);
#13848 = FILL_AREA_STYLE('',(#13849));
#13849 = FILL_AREA_STYLE_COLOUR('',#12377);
#13850 = OVER_RIDING_STYLED_ITEM('overriding color',(#13851),#7146,
  #12360);
#13851 = PRESENTATION_STYLE_ASSIGNMENT((#13852));
#13852 = SURFACE_STYLE_USAGE(.BOTH.,#13853);
#13853 = SURFACE_SIDE_STYLE('',(#13854));
#13854 = SURFACE_STYLE_FILL_AREA(#13855);
#13855 = FILL_AREA_STYLE('',(#13856));
#13856 = FILL_AREA_STYLE_COLOUR('',#12377);
#13857 = OVER_RIDING_STYLED_ITEM('overriding color',(#13858),#7168,
  #12360);
#13858 = PRESENTATION_STYLE_ASSIGNMENT((#13859));
#13859 = SURFACE_STYLE_USAGE(.BOTH.,#13860);
#13860 = SURFACE_SIDE_STYLE('',(#13861));
#13861 = SURFACE_STYLE_FILL_AREA(#13862);
#13862 = FILL_AREA_STYLE('',(#13863));
#13863 = FILL_AREA_STYLE_COLOUR('',#12377);
#13864 = OVER_RIDING_STYLED_ITEM('overriding color',(#13865),#7190,
  #12360);
#13865 = PRESENTATION_STYLE_ASSIGNMENT((#13866));
#13866 = SURFACE_STYLE_USAGE(.BOTH.,#13867);
#13867 = SURFACE_SIDE_STYLE('',(#13868));
#13868 = SURFACE_STYLE_FILL_AREA(#13869);
#13869 = FILL_AREA_STYLE('',(#13870));
#13870 = FILL_AREA_STYLE_COLOUR('',#12377);
#13871 = OVER_RIDING_STYLED_ITEM('overriding color',(#13872),#7212,
  #12360);
#13872 = PRESENTATION_STYLE_ASSIGNMENT((#13873));
#13873 = SURFACE_STYLE_USAGE(.BOTH.,#13874);
#13874 = SURFACE_SIDE_STYLE('',(#13875));
#13875 = SURFACE_STYLE_FILL_AREA(#13876);
#13876 = FILL_AREA_STYLE('',(#13877));
#13877 = FILL_AREA_STYLE_COLOUR('',#12377);
#13878 = OVER_RIDING_STYLED_ITEM('overriding color',(#13879),#7234,
  #12360);
#13879 = PRESENTATION_STYLE_ASSIGNMENT((#13880));
#13880 = SURFACE_STYLE_USAGE(.BOTH.,#13881);
#13881 = SURFACE_SIDE_STYLE('',(#13882));
#13882 = SURFACE_STYLE_FILL_AREA(#13883);
#13883 = FILL_AREA_STYLE('',(#13884));
#13884 = FILL_AREA_STYLE_COLOUR('',#12377);
#13885 = OVER_RIDING_STYLED_ITEM('overriding color',(#13886),#7256,
  #12360);
#13886 = PRESENTATION_STYLE_ASSIGNMENT((#13887));
#13887 = SURFACE_STYLE_USAGE(.BOTH.,#13888);
#13888 = SURFACE_SIDE_STYLE('',(#13889));
#13889 = SURFACE_STYLE_FILL_AREA(#13890);
#13890 = FILL_AREA_STYLE('',(#13891));
#13891 = FILL_AREA_STYLE_COLOUR('',#12377);
#13892 = OVER_RIDING_STYLED_ITEM('overriding color',(#13893),#7278,
  #12360);
#13893 = PRESENTATION_STYLE_ASSIGNMENT((#13894));
#13894 = SURFACE_STYLE_USAGE(.BOTH.,#13895);
#13895 = SURFACE_SIDE_STYLE('',(#13896));
#13896 = SURFACE_STYLE_FILL_AREA(#13897);
#13897 = FILL_AREA_STYLE('',(#13898));
#13898 = FILL_AREA_STYLE_COLOUR('',#12377);
#13899 = OVER_RIDING_STYLED_ITEM('overriding color',(#13900),#7300,
  #12360);
#13900 = PRESENTATION_STYLE_ASSIGNMENT((#13901));
#13901 = SURFACE_STYLE_USAGE(.BOTH.,#13902);
#13902 = SURFACE_SIDE_STYLE('',(#13903));
#13903 = SURFACE_STYLE_FILL_AREA(#13904);
#13904 = FILL_AREA_STYLE('',(#13905));
#13905 = FILL_AREA_STYLE_COLOUR('',#12377);
#13906 = OVER_RIDING_STYLED_ITEM('overriding color',(#13907),#7322,
  #12360);
#13907 = PRESENTATION_STYLE_ASSIGNMENT((#13908));
#13908 = SURFACE_STYLE_USAGE(.BOTH.,#13909);
#13909 = SURFACE_SIDE_STYLE('',(#13910));
#13910 = SURFACE_STYLE_FILL_AREA(#13911);
#13911 = FILL_AREA_STYLE('',(#13912));
#13912 = FILL_AREA_STYLE_COLOUR('',#12377);
#13913 = OVER_RIDING_STYLED_ITEM('overriding color',(#13914),#7344,
  #12360);
#13914 = PRESENTATION_STYLE_ASSIGNMENT((#13915));
#13915 = SURFACE_STYLE_USAGE(.BOTH.,#13916);
#13916 = SURFACE_SIDE_STYLE('',(#13917));
#13917 = SURFACE_STYLE_FILL_AREA(#13918);
#13918 = FILL_AREA_STYLE('',(#13919));
#13919 = FILL_AREA_STYLE_COLOUR('',#12377);
#13920 = OVER_RIDING_STYLED_ITEM('overriding color',(#13921),#7366,
  #12360);
#13921 = PRESENTATION_STYLE_ASSIGNMENT((#13922));
#13922 = SURFACE_STYLE_USAGE(.BOTH.,#13923);
#13923 = SURFACE_SIDE_STYLE('',(#13924));
#13924 = SURFACE_STYLE_FILL_AREA(#13925);
#13925 = FILL_AREA_STYLE('',(#13926));
#13926 = FILL_AREA_STYLE_COLOUR('',#12377);
#13927 = OVER_RIDING_STYLED_ITEM('overriding color',(#13928),#7382,
  #12360);
#13928 = PRESENTATION_STYLE_ASSIGNMENT((#13929));
#13929 = SURFACE_STYLE_USAGE(.BOTH.,#13930);
#13930 = SURFACE_SIDE_STYLE('',(#13931));
#13931 = SURFACE_STYLE_FILL_AREA(#13932);
#13932 = FILL_AREA_STYLE('',(#13933));
#13933 = FILL_AREA_STYLE_COLOUR('',#12377);
#13934 = OVER_RIDING_STYLED_ITEM('overriding color',(#13935),#7402,
  #12360);
#13935 = PRESENTATION_STYLE_ASSIGNMENT((#13936));
#13936 = SURFACE_STYLE_USAGE(.BOTH.,#13937);
#13937 = SURFACE_SIDE_STYLE('',(#13938));
#13938 = SURFACE_STYLE_FILL_AREA(#13939);
#13939 = FILL_AREA_STYLE('',(#13940));
#13940 = FILL_AREA_STYLE_COLOUR('',#12377);
#13941 = OVER_RIDING_STYLED_ITEM('overriding color',(#13942),#7526,
  #12360);
#13942 = PRESENTATION_STYLE_ASSIGNMENT((#13943));
#13943 = SURFACE_STYLE_USAGE(.BOTH.,#13944);
#13944 = SURFACE_SIDE_STYLE('',(#13945));
#13945 = SURFACE_STYLE_FILL_AREA(#13946);
#13946 = FILL_AREA_STYLE('',(#13947));
#13947 = FILL_AREA_STYLE_COLOUR('',#12377);
#13948 = OVER_RIDING_STYLED_ITEM('overriding color',(#13949),#7546,
  #12360);
#13949 = PRESENTATION_STYLE_ASSIGNMENT((#13950));
#13950 = SURFACE_STYLE_USAGE(.BOTH.,#13951);
#13951 = SURFACE_SIDE_STYLE('',(#13952));
#13952 = SURFACE_STYLE_FILL_AREA(#13953);
#13953 = FILL_AREA_STYLE('',(#13954));
#13954 = FILL_AREA_STYLE_COLOUR('',#12377);
#13955 = OVER_RIDING_STYLED_ITEM('overriding color',(#13956),#7566,
  #12360);
#13956 = PRESENTATION_STYLE_ASSIGNMENT((#13957));
#13957 = SURFACE_STYLE_USAGE(.BOTH.,#13958);
#13958 = SURFACE_SIDE_STYLE('',(#13959));
#13959 = SURFACE_STYLE_FILL_AREA(#13960);
#13960 = FILL_AREA_STYLE('',(#13961));
#13961 = FILL_AREA_STYLE_COLOUR('',#12377);
#13962 = OVER_RIDING_STYLED_ITEM('overriding color',(#13963),#7586,
  #12360);
#13963 = PRESENTATION_STYLE_ASSIGNMENT((#13964));
#13964 = SURFACE_STYLE_USAGE(.BOTH.,#13965);
#13965 = SURFACE_SIDE_STYLE('',(#13966));
#13966 = SURFACE_STYLE_FILL_AREA(#13967);
#13967 = FILL_AREA_STYLE('',(#13968));
#13968 = FILL_AREA_STYLE_COLOUR('',#12377);
#13969 = OVER_RIDING_STYLED_ITEM('overriding color',(#13970),#7606,
  #12360);
#13970 = PRESENTATION_STYLE_ASSIGNMENT((#13971));
#13971 = SURFACE_STYLE_USAGE(.BOTH.,#13972);
#13972 = SURFACE_SIDE_STYLE('',(#13973));
#13973 = SURFACE_STYLE_FILL_AREA(#13974);
#13974 = FILL_AREA_STYLE('',(#13975));
#13975 = FILL_AREA_STYLE_COLOUR('',#12377);
#13976 = OVER_RIDING_STYLED_ITEM('overriding color',(#13977),#7626,
  #12360);
#13977 = PRESENTATION_STYLE_ASSIGNMENT((#13978));
#13978 = SURFACE_STYLE_USAGE(.BOTH.,#13979);
#13979 = SURFACE_SIDE_STYLE('',(#13980));
#13980 = SURFACE_STYLE_FILL_AREA(#13981);
#13981 = FILL_AREA_STYLE('',(#13982));
#13982 = FILL_AREA_STYLE_COLOUR('',#12377);
#13983 = OVER_RIDING_STYLED_ITEM('overriding color',(#13984),#7642,
  #12360);
#13984 = PRESENTATION_STYLE_ASSIGNMENT((#13985));
#13985 = SURFACE_STYLE_USAGE(.BOTH.,#13986);
#13986 = SURFACE_SIDE_STYLE('',(#13987));
#13987 = SURFACE_STYLE_FILL_AREA(#13988);
#13988 = FILL_AREA_STYLE('',(#13989));
#13989 = FILL_AREA_STYLE_COLOUR('',#12377);
#13990 = OVER_RIDING_STYLED_ITEM('overriding color',(#13991),#7654,
  #12360);
#13991 = PRESENTATION_STYLE_ASSIGNMENT((#13992));
#13992 = SURFACE_STYLE_USAGE(.BOTH.,#13993);
#13993 = SURFACE_SIDE_STYLE('',(#13994));
#13994 = SURFACE_STYLE_FILL_AREA(#13995);
#13995 = FILL_AREA_STYLE('',(#13996));
#13996 = FILL_AREA_STYLE_COLOUR('',#12377);
#13997 = OVER_RIDING_STYLED_ITEM('overriding color',(#13998),#7682,
  #12360);
#13998 = PRESENTATION_STYLE_ASSIGNMENT((#13999));
#13999 = SURFACE_STYLE_USAGE(.BOTH.,#14000);
#14000 = SURFACE_SIDE_STYLE('',(#14001));
#14001 = SURFACE_STYLE_FILL_AREA(#14002);
#14002 = FILL_AREA_STYLE('',(#14003));
#14003 = FILL_AREA_STYLE_COLOUR('',#12377);
#14004 = OVER_RIDING_STYLED_ITEM('overriding color',(#14005),#7704,
  #12360);
#14005 = PRESENTATION_STYLE_ASSIGNMENT((#14006));
#14006 = SURFACE_STYLE_USAGE(.BOTH.,#14007);
#14007 = SURFACE_SIDE_STYLE('',(#14008));
#14008 = SURFACE_STYLE_FILL_AREA(#14009);
#14009 = FILL_AREA_STYLE('',(#14010));
#14010 = FILL_AREA_STYLE_COLOUR('',#12377);
#14011 = OVER_RIDING_STYLED_ITEM('overriding color',(#14012),#7726,
  #12360);
#14012 = PRESENTATION_STYLE_ASSIGNMENT((#14013));
#14013 = SURFACE_STYLE_USAGE(.BOTH.,#14014);
#14014 = SURFACE_SIDE_STYLE('',(#14015));
#14015 = SURFACE_STYLE_FILL_AREA(#14016);
#14016 = FILL_AREA_STYLE('',(#14017));
#14017 = FILL_AREA_STYLE_COLOUR('',#12377);
#14018 = OVER_RIDING_STYLED_ITEM('overriding color',(#14019),#7754,
  #12360);
#14019 = PRESENTATION_STYLE_ASSIGNMENT((#14020));
#14020 = SURFACE_STYLE_USAGE(.BOTH.,#14021);
#14021 = SURFACE_SIDE_STYLE('',(#14022));
#14022 = SURFACE_STYLE_FILL_AREA(#14023);
#14023 = FILL_AREA_STYLE('',(#14024));
#14024 = FILL_AREA_STYLE_COLOUR('',#12377);
#14025 = OVER_RIDING_STYLED_ITEM('overriding color',(#14026),#7782,
  #12360);
#14026 = PRESENTATION_STYLE_ASSIGNMENT((#14027));
#14027 = SURFACE_STYLE_USAGE(.BOTH.,#14028);
#14028 = SURFACE_SIDE_STYLE('',(#14029));
#14029 = SURFACE_STYLE_FILL_AREA(#14030);
#14030 = FILL_AREA_STYLE('',(#14031));
#14031 = FILL_AREA_STYLE_COLOUR('',#12377);
#14032 = OVER_RIDING_STYLED_ITEM('overriding color',(#14033),#7810,
  #12360);
#14033 = PRESENTATION_STYLE_ASSIGNMENT((#14034));
#14034 = SURFACE_STYLE_USAGE(.BOTH.,#14035);
#14035 = SURFACE_SIDE_STYLE('',(#14036));
#14036 = SURFACE_STYLE_FILL_AREA(#14037);
#14037 = FILL_AREA_STYLE('',(#14038));
#14038 = FILL_AREA_STYLE_COLOUR('',#12377);
#14039 = OVER_RIDING_STYLED_ITEM('overriding color',(#14040),#7832,
  #12360);
#14040 = PRESENTATION_STYLE_ASSIGNMENT((#14041));
#14041 = SURFACE_STYLE_USAGE(.BOTH.,#14042);
#14042 = SURFACE_SIDE_STYLE('',(#14043));
#14043 = SURFACE_STYLE_FILL_AREA(#14044);
#14044 = FILL_AREA_STYLE('',(#14045));
#14045 = FILL_AREA_STYLE_COLOUR('',#12385);
#14046 = OVER_RIDING_STYLED_ITEM('overriding color',(#14047),#7847,
  #12360);
#14047 = PRESENTATION_STYLE_ASSIGNMENT((#14048));
#14048 = SURFACE_STYLE_USAGE(.BOTH.,#14049);
#14049 = SURFACE_SIDE_STYLE('',(#14050));
#14050 = SURFACE_STYLE_FILL_AREA(#14051);
#14051 = FILL_AREA_STYLE('',(#14052));
#14052 = FILL_AREA_STYLE_COLOUR('',#12377);
#14053 = OVER_RIDING_STYLED_ITEM('overriding color',(#14054),#7959,
  #12360);
#14054 = PRESENTATION_STYLE_ASSIGNMENT((#14055));
#14055 = SURFACE_STYLE_USAGE(.BOTH.,#14056);
#14056 = SURFACE_SIDE_STYLE('',(#14057));
#14057 = SURFACE_STYLE_FILL_AREA(#14058);
#14058 = FILL_AREA_STYLE('',(#14059));
#14059 = FILL_AREA_STYLE_COLOUR('',#12377);
#14060 = OVER_RIDING_STYLED_ITEM('overriding color',(#14061),#7979,
  #12360);
#14061 = PRESENTATION_STYLE_ASSIGNMENT((#14062));
#14062 = SURFACE_STYLE_USAGE(.BOTH.,#14063);
#14063 = SURFACE_SIDE_STYLE('',(#14064));
#14064 = SURFACE_STYLE_FILL_AREA(#14065);
#14065 = FILL_AREA_STYLE('',(#14066));
#14066 = FILL_AREA_STYLE_COLOUR('',#12377);
#14067 = OVER_RIDING_STYLED_ITEM('overriding color',(#14068),#7995,
  #12360);
#14068 = PRESENTATION_STYLE_ASSIGNMENT((#14069));
#14069 = SURFACE_STYLE_USAGE(.BOTH.,#14070);
#14070 = SURFACE_SIDE_STYLE('',(#14071));
#14071 = SURFACE_STYLE_FILL_AREA(#14072);
#14072 = FILL_AREA_STYLE('',(#14073));
#14073 = FILL_AREA_STYLE_COLOUR('',#12377);
#14074 = OVER_RIDING_STYLED_ITEM('overriding color',(#14075),#8011,
  #12360);
#14075 = PRESENTATION_STYLE_ASSIGNMENT((#14076));
#14076 = SURFACE_STYLE_USAGE(.BOTH.,#14077);
#14077 = SURFACE_SIDE_STYLE('',(#14078));
#14078 = SURFACE_STYLE_FILL_AREA(#14079);
#14079 = FILL_AREA_STYLE('',(#14080));
#14080 = FILL_AREA_STYLE_COLOUR('',#12377);
#14081 = OVER_RIDING_STYLED_ITEM('overriding color',(#14082),#8027,
  #12360);
#14082 = PRESENTATION_STYLE_ASSIGNMENT((#14083));
#14083 = SURFACE_STYLE_USAGE(.BOTH.,#14084);
#14084 = SURFACE_SIDE_STYLE('',(#14085));
#14085 = SURFACE_STYLE_FILL_AREA(#14086);
#14086 = FILL_AREA_STYLE('',(#14087));
#14087 = FILL_AREA_STYLE_COLOUR('',#12377);
#14088 = OVER_RIDING_STYLED_ITEM('overriding color',(#14089),#8043,
  #12360);
#14089 = PRESENTATION_STYLE_ASSIGNMENT((#14090));
#14090 = SURFACE_STYLE_USAGE(.BOTH.,#14091);
#14091 = SURFACE_SIDE_STYLE('',(#14092));
#14092 = SURFACE_STYLE_FILL_AREA(#14093);
#14093 = FILL_AREA_STYLE('',(#14094));
#14094 = FILL_AREA_STYLE_COLOUR('',#12377);
#14095 = OVER_RIDING_STYLED_ITEM('overriding color',(#14096),#8059,
  #12360);
#14096 = PRESENTATION_STYLE_ASSIGNMENT((#14097));
#14097 = SURFACE_STYLE_USAGE(.BOTH.,#14098);
#14098 = SURFACE_SIDE_STYLE('',(#14099));
#14099 = SURFACE_STYLE_FILL_AREA(#14100);
#14100 = FILL_AREA_STYLE('',(#14101));
#14101 = FILL_AREA_STYLE_COLOUR('',#12377);
#14102 = OVER_RIDING_STYLED_ITEM('overriding color',(#14103),#8075,
  #12360);
#14103 = PRESENTATION_STYLE_ASSIGNMENT((#14104));
#14104 = SURFACE_STYLE_USAGE(.BOTH.,#14105);
#14105 = SURFACE_SIDE_STYLE('',(#14106));
#14106 = SURFACE_STYLE_FILL_AREA(#14107);
#14107 = FILL_AREA_STYLE('',(#14108));
#14108 = FILL_AREA_STYLE_COLOUR('',#12377);
#14109 = OVER_RIDING_STYLED_ITEM('overriding color',(#14110),#8087,
  #12360);
#14110 = PRESENTATION_STYLE_ASSIGNMENT((#14111));
#14111 = SURFACE_STYLE_USAGE(.BOTH.,#14112);
#14112 = SURFACE_SIDE_STYLE('',(#14113));
#14113 = SURFACE_STYLE_FILL_AREA(#14114);
#14114 = FILL_AREA_STYLE('',(#14115));
#14115 = FILL_AREA_STYLE_COLOUR('',#12377);
#14116 = OVER_RIDING_STYLED_ITEM('overriding color',(#14117),#8115,
  #12360);
#14117 = PRESENTATION_STYLE_ASSIGNMENT((#14118));
#14118 = SURFACE_STYLE_USAGE(.BOTH.,#14119);
#14119 = SURFACE_SIDE_STYLE('',(#14120));
#14120 = SURFACE_STYLE_FILL_AREA(#14121);
#14121 = FILL_AREA_STYLE('',(#14122));
#14122 = FILL_AREA_STYLE_COLOUR('',#12377);
#14123 = OVER_RIDING_STYLED_ITEM('overriding color',(#14124),#8137,
  #12360);
#14124 = PRESENTATION_STYLE_ASSIGNMENT((#14125));
#14125 = SURFACE_STYLE_USAGE(.BOTH.,#14126);
#14126 = SURFACE_SIDE_STYLE('',(#14127));
#14127 = SURFACE_STYLE_FILL_AREA(#14128);
#14128 = FILL_AREA_STYLE('',(#14129));
#14129 = FILL_AREA_STYLE_COLOUR('',#12377);
#14130 = OVER_RIDING_STYLED_ITEM('overriding color',(#14131),#8165,
  #12360);
#14131 = PRESENTATION_STYLE_ASSIGNMENT((#14132));
#14132 = SURFACE_STYLE_USAGE(.BOTH.,#14133);
#14133 = SURFACE_SIDE_STYLE('',(#14134));
#14134 = SURFACE_STYLE_FILL_AREA(#14135);
#14135 = FILL_AREA_STYLE('',(#14136));
#14136 = FILL_AREA_STYLE_COLOUR('',#12377);
#14137 = OVER_RIDING_STYLED_ITEM('overriding color',(#14138),#8187,
  #12360);
#14138 = PRESENTATION_STYLE_ASSIGNMENT((#14139));
#14139 = SURFACE_STYLE_USAGE(.BOTH.,#14140);
#14140 = SURFACE_SIDE_STYLE('',(#14141));
#14141 = SURFACE_STYLE_FILL_AREA(#14142);
#14142 = FILL_AREA_STYLE('',(#14143));
#14143 = FILL_AREA_STYLE_COLOUR('',#12377);
#14144 = OVER_RIDING_STYLED_ITEM('overriding color',(#14145),#8215,
  #12360);
#14145 = PRESENTATION_STYLE_ASSIGNMENT((#14146));
#14146 = SURFACE_STYLE_USAGE(.BOTH.,#14147);
#14147 = SURFACE_SIDE_STYLE('',(#14148));
#14148 = SURFACE_STYLE_FILL_AREA(#14149);
#14149 = FILL_AREA_STYLE('',(#14150));
#14150 = FILL_AREA_STYLE_COLOUR('',#12377);
#14151 = OVER_RIDING_STYLED_ITEM('overriding color',(#14152),#8231,
  #12360);
#14152 = PRESENTATION_STYLE_ASSIGNMENT((#14153));
#14153 = SURFACE_STYLE_USAGE(.BOTH.,#14154);
#14154 = SURFACE_SIDE_STYLE('',(#14155));
#14155 = SURFACE_STYLE_FILL_AREA(#14156);
#14156 = FILL_AREA_STYLE('',(#14157));
#14157 = FILL_AREA_STYLE_COLOUR('',#12385);
#14158 = OVER_RIDING_STYLED_ITEM('overriding color',(#14159),#8245,
  #12360);
#14159 = PRESENTATION_STYLE_ASSIGNMENT((#14160));
#14160 = SURFACE_STYLE_USAGE(.BOTH.,#14161);
#14161 = SURFACE_SIDE_STYLE('',(#14162));
#14162 = SURFACE_STYLE_FILL_AREA(#14163);
#14163 = FILL_AREA_STYLE('',(#14164));
#14164 = FILL_AREA_STYLE_COLOUR('',#12377);
#14165 = OVER_RIDING_STYLED_ITEM('overriding color',(#14166),#8273,
  #12360);
#14166 = PRESENTATION_STYLE_ASSIGNMENT((#14167));
#14167 = SURFACE_STYLE_USAGE(.BOTH.,#14168);
#14168 = SURFACE_SIDE_STYLE('',(#14169));
#14169 = SURFACE_STYLE_FILL_AREA(#14170);
#14170 = FILL_AREA_STYLE('',(#14171));
#14171 = FILL_AREA_STYLE_COLOUR('',#12377);
#14172 = OVER_RIDING_STYLED_ITEM('overriding color',(#14173),#8295,
  #12360);
#14173 = PRESENTATION_STYLE_ASSIGNMENT((#14174));
#14174 = SURFACE_STYLE_USAGE(.BOTH.,#14175);
#14175 = SURFACE_SIDE_STYLE('',(#14176));
#14176 = SURFACE_STYLE_FILL_AREA(#14177);
#14177 = FILL_AREA_STYLE('',(#14178));
#14178 = FILL_AREA_STYLE_COLOUR('',#12377);
#14179 = OVER_RIDING_STYLED_ITEM('overriding color',(#14180),#8317,
  #12360);
#14180 = PRESENTATION_STYLE_ASSIGNMENT((#14181));
#14181 = SURFACE_STYLE_USAGE(.BOTH.,#14182);
#14182 = SURFACE_SIDE_STYLE('',(#14183));
#14183 = SURFACE_STYLE_FILL_AREA(#14184);
#14184 = FILL_AREA_STYLE('',(#14185));
#14185 = FILL_AREA_STYLE_COLOUR('',#12377);
#14186 = OVER_RIDING_STYLED_ITEM('overriding color',(#14187),#8339,
  #12360);
#14187 = PRESENTATION_STYLE_ASSIGNMENT((#14188));
#14188 = SURFACE_STYLE_USAGE(.BOTH.,#14189);
#14189 = SURFACE_SIDE_STYLE('',(#14190));
#14190 = SURFACE_STYLE_FILL_AREA(#14191);
#14191 = FILL_AREA_STYLE('',(#14192));
#14192 = FILL_AREA_STYLE_COLOUR('',#12377);
#14193 = OVER_RIDING_STYLED_ITEM('overriding color',(#14194),#8361,
  #12360);
#14194 = PRESENTATION_STYLE_ASSIGNMENT((#14195));
#14195 = SURFACE_STYLE_USAGE(.BOTH.,#14196);
#14196 = SURFACE_SIDE_STYLE('',(#14197));
#14197 = SURFACE_STYLE_FILL_AREA(#14198);
#14198 = FILL_AREA_STYLE('',(#14199));
#14199 = FILL_AREA_STYLE_COLOUR('',#12377);
#14200 = OVER_RIDING_STYLED_ITEM('overriding color',(#14201),#8383,
  #12360);
#14201 = PRESENTATION_STYLE_ASSIGNMENT((#14202));
#14202 = SURFACE_STYLE_USAGE(.BOTH.,#14203);
#14203 = SURFACE_SIDE_STYLE('',(#14204));
#14204 = SURFACE_STYLE_FILL_AREA(#14205);
#14205 = FILL_AREA_STYLE('',(#14206));
#14206 = FILL_AREA_STYLE_COLOUR('',#12377);
#14207 = OVER_RIDING_STYLED_ITEM('overriding color',(#14208),#8405,
  #12360);
#14208 = PRESENTATION_STYLE_ASSIGNMENT((#14209));
#14209 = SURFACE_STYLE_USAGE(.BOTH.,#14210);
#14210 = SURFACE_SIDE_STYLE('',(#14211));
#14211 = SURFACE_STYLE_FILL_AREA(#14212);
#14212 = FILL_AREA_STYLE('',(#14213));
#14213 = FILL_AREA_STYLE_COLOUR('',#12377);
#14214 = OVER_RIDING_STYLED_ITEM('overriding color',(#14215),#8427,
  #12360);
#14215 = PRESENTATION_STYLE_ASSIGNMENT((#14216));
#14216 = SURFACE_STYLE_USAGE(.BOTH.,#14217);
#14217 = SURFACE_SIDE_STYLE('',(#14218));
#14218 = SURFACE_STYLE_FILL_AREA(#14219);
#14219 = FILL_AREA_STYLE('',(#14220));
#14220 = FILL_AREA_STYLE_COLOUR('',#12377);
#14221 = OVER_RIDING_STYLED_ITEM('overriding color',(#14222),#8449,
  #12360);
#14222 = PRESENTATION_STYLE_ASSIGNMENT((#14223));
#14223 = SURFACE_STYLE_USAGE(.BOTH.,#14224);
#14224 = SURFACE_SIDE_STYLE('',(#14225));
#14225 = SURFACE_STYLE_FILL_AREA(#14226);
#14226 = FILL_AREA_STYLE('',(#14227));
#14227 = FILL_AREA_STYLE_COLOUR('',#12377);
#14228 = OVER_RIDING_STYLED_ITEM('overriding color',(#14229),#8471,
  #12360);
#14229 = PRESENTATION_STYLE_ASSIGNMENT((#14230));
#14230 = SURFACE_STYLE_USAGE(.BOTH.,#14231);
#14231 = SURFACE_SIDE_STYLE('',(#14232));
#14232 = SURFACE_STYLE_FILL_AREA(#14233);
#14233 = FILL_AREA_STYLE('',(#14234));
#14234 = FILL_AREA_STYLE_COLOUR('',#12377);
#14235 = OVER_RIDING_STYLED_ITEM('overriding color',(#14236),#8493,
  #12360);
#14236 = PRESENTATION_STYLE_ASSIGNMENT((#14237));
#14237 = SURFACE_STYLE_USAGE(.BOTH.,#14238);
#14238 = SURFACE_SIDE_STYLE('',(#14239));
#14239 = SURFACE_STYLE_FILL_AREA(#14240);
#14240 = FILL_AREA_STYLE('',(#14241));
#14241 = FILL_AREA_STYLE_COLOUR('',#12377);
#14242 = OVER_RIDING_STYLED_ITEM('overriding color',(#14243),#8509,
  #12360);
#14243 = PRESENTATION_STYLE_ASSIGNMENT((#14244));
#14244 = SURFACE_STYLE_USAGE(.BOTH.,#14245);
#14245 = SURFACE_SIDE_STYLE('',(#14246));
#14246 = SURFACE_STYLE_FILL_AREA(#14247);
#14247 = FILL_AREA_STYLE('',(#14248));
#14248 = FILL_AREA_STYLE_COLOUR('',#12377);
#14249 = OVER_RIDING_STYLED_ITEM('overriding color',(#14250),#8529,
  #12360);
#14250 = PRESENTATION_STYLE_ASSIGNMENT((#14251));
#14251 = SURFACE_STYLE_USAGE(.BOTH.,#14252);
#14252 = SURFACE_SIDE_STYLE('',(#14253));
#14253 = SURFACE_STYLE_FILL_AREA(#14254);
#14254 = FILL_AREA_STYLE('',(#14255));
#14255 = FILL_AREA_STYLE_COLOUR('',#12377);
#14256 = OVER_RIDING_STYLED_ITEM('overriding color',(#14257),#8721,
  #12360);
#14257 = PRESENTATION_STYLE_ASSIGNMENT((#14258));
#14258 = SURFACE_STYLE_USAGE(.BOTH.,#14259);
#14259 = SURFACE_SIDE_STYLE('',(#14260));
#14260 = SURFACE_STYLE_FILL_AREA(#14261);
#14261 = FILL_AREA_STYLE('',(#14262));
#14262 = FILL_AREA_STYLE_COLOUR('',#12377);
#14263 = OVER_RIDING_STYLED_ITEM('overriding color',(#14264),#8745,
  #12360);
#14264 = PRESENTATION_STYLE_ASSIGNMENT((#14265));
#14265 = SURFACE_STYLE_USAGE(.BOTH.,#14266);
#14266 = SURFACE_SIDE_STYLE('',(#14267));
#14267 = SURFACE_STYLE_FILL_AREA(#14268);
#14268 = FILL_AREA_STYLE('',(#14269));
#14269 = FILL_AREA_STYLE_COLOUR('',#12377);
#14270 = OVER_RIDING_STYLED_ITEM('overriding color',(#14271),#8761,
  #12360);
#14271 = PRESENTATION_STYLE_ASSIGNMENT((#14272));
#14272 = SURFACE_STYLE_USAGE(.BOTH.,#14273);
#14273 = SURFACE_SIDE_STYLE('',(#14274));
#14274 = SURFACE_STYLE_FILL_AREA(#14275);
#14275 = FILL_AREA_STYLE('',(#14276));
#14276 = FILL_AREA_STYLE_COLOUR('',#12377);
#14277 = OVER_RIDING_STYLED_ITEM('overriding color',(#14278),#8781,
  #12360);
#14278 = PRESENTATION_STYLE_ASSIGNMENT((#14279));
#14279 = SURFACE_STYLE_USAGE(.BOTH.,#14280);
#14280 = SURFACE_SIDE_STYLE('',(#14281));
#14281 = SURFACE_STYLE_FILL_AREA(#14282);
#14282 = FILL_AREA_STYLE('',(#14283));
#14283 = FILL_AREA_STYLE_COLOUR('',#12377);
#14284 = OVER_RIDING_STYLED_ITEM('overriding color',(#14285),#8801,
  #12360);
#14285 = PRESENTATION_STYLE_ASSIGNMENT((#14286));
#14286 = SURFACE_STYLE_USAGE(.BOTH.,#14287);
#14287 = SURFACE_SIDE_STYLE('',(#14288));
#14288 = SURFACE_STYLE_FILL_AREA(#14289);
#14289 = FILL_AREA_STYLE('',(#14290));
#14290 = FILL_AREA_STYLE_COLOUR('',#12377);
#14291 = OVER_RIDING_STYLED_ITEM('overriding color',(#14292),#8817,
  #12360);
#14292 = PRESENTATION_STYLE_ASSIGNMENT((#14293));
#14293 = SURFACE_STYLE_USAGE(.BOTH.,#14294);
#14294 = SURFACE_SIDE_STYLE('',(#14295));
#14295 = SURFACE_STYLE_FILL_AREA(#14296);
#14296 = FILL_AREA_STYLE('',(#14297));
#14297 = FILL_AREA_STYLE_COLOUR('',#12377);
#14298 = OVER_RIDING_STYLED_ITEM('overriding color',(#14299),#8837,
  #12360);
#14299 = PRESENTATION_STYLE_ASSIGNMENT((#14300));
#14300 = SURFACE_STYLE_USAGE(.BOTH.,#14301);
#14301 = SURFACE_SIDE_STYLE('',(#14302));
#14302 = SURFACE_STYLE_FILL_AREA(#14303);
#14303 = FILL_AREA_STYLE('',(#14304));
#14304 = FILL_AREA_STYLE_COLOUR('',#12377);
#14305 = OVER_RIDING_STYLED_ITEM('overriding color',(#14306),#8857,
  #12360);
#14306 = PRESENTATION_STYLE_ASSIGNMENT((#14307));
#14307 = SURFACE_STYLE_USAGE(.BOTH.,#14308);
#14308 = SURFACE_SIDE_STYLE('',(#14309));
#14309 = SURFACE_STYLE_FILL_AREA(#14310);
#14310 = FILL_AREA_STYLE('',(#14311));
#14311 = FILL_AREA_STYLE_COLOUR('',#12377);
#14312 = OVER_RIDING_STYLED_ITEM('overriding color',(#14313),#8877,
  #12360);
#14313 = PRESENTATION_STYLE_ASSIGNMENT((#14314));
#14314 = SURFACE_STYLE_USAGE(.BOTH.,#14315);
#14315 = SURFACE_SIDE_STYLE('',(#14316));
#14316 = SURFACE_STYLE_FILL_AREA(#14317);
#14317 = FILL_AREA_STYLE('',(#14318));
#14318 = FILL_AREA_STYLE_COLOUR('',#12377);
#14319 = OVER_RIDING_STYLED_ITEM('overriding color',(#14320),#8897,
  #12360);
#14320 = PRESENTATION_STYLE_ASSIGNMENT((#14321));
#14321 = SURFACE_STYLE_USAGE(.BOTH.,#14322);
#14322 = SURFACE_SIDE_STYLE('',(#14323));
#14323 = SURFACE_STYLE_FILL_AREA(#14324);
#14324 = FILL_AREA_STYLE('',(#14325));
#14325 = FILL_AREA_STYLE_COLOUR('',#12377);
#14326 = OVER_RIDING_STYLED_ITEM('overriding color',(#14327),#8913,
  #12360);
#14327 = PRESENTATION_STYLE_ASSIGNMENT((#14328));
#14328 = SURFACE_STYLE_USAGE(.BOTH.,#14329);
#14329 = SURFACE_SIDE_STYLE('',(#14330));
#14330 = SURFACE_STYLE_FILL_AREA(#14331);
#14331 = FILL_AREA_STYLE('',(#14332));
#14332 = FILL_AREA_STYLE_COLOUR('',#12377);
#14333 = OVER_RIDING_STYLED_ITEM('overriding color',(#14334),#8929,
  #12360);
#14334 = PRESENTATION_STYLE_ASSIGNMENT((#14335));
#14335 = SURFACE_STYLE_USAGE(.BOTH.,#14336);
#14336 = SURFACE_SIDE_STYLE('',(#14337));
#14337 = SURFACE_STYLE_FILL_AREA(#14338);
#14338 = FILL_AREA_STYLE('',(#14339));
#14339 = FILL_AREA_STYLE_COLOUR('',#12377);
#14340 = OVER_RIDING_STYLED_ITEM('overriding color',(#14341),#8945,
  #12360);
#14341 = PRESENTATION_STYLE_ASSIGNMENT((#14342));
#14342 = SURFACE_STYLE_USAGE(.BOTH.,#14343);
#14343 = SURFACE_SIDE_STYLE('',(#14344));
#14344 = SURFACE_STYLE_FILL_AREA(#14345);
#14345 = FILL_AREA_STYLE('',(#14346));
#14346 = FILL_AREA_STYLE_COLOUR('',#12377);
#14347 = OVER_RIDING_STYLED_ITEM('overriding color',(#14348),#8961,
  #12360);
#14348 = PRESENTATION_STYLE_ASSIGNMENT((#14349));
#14349 = SURFACE_STYLE_USAGE(.BOTH.,#14350);
#14350 = SURFACE_SIDE_STYLE('',(#14351));
#14351 = SURFACE_STYLE_FILL_AREA(#14352);
#14352 = FILL_AREA_STYLE('',(#14353));
#14353 = FILL_AREA_STYLE_COLOUR('',#12377);
#14354 = OVER_RIDING_STYLED_ITEM('overriding color',(#14355),#8977,
  #12360);
#14355 = PRESENTATION_STYLE_ASSIGNMENT((#14356));
#14356 = SURFACE_STYLE_USAGE(.BOTH.,#14357);
#14357 = SURFACE_SIDE_STYLE('',(#14358));
#14358 = SURFACE_STYLE_FILL_AREA(#14359);
#14359 = FILL_AREA_STYLE('',(#14360));
#14360 = FILL_AREA_STYLE_COLOUR('',#12377);
#14361 = OVER_RIDING_STYLED_ITEM('overriding color',(#14362),#9011,
  #12360);
#14362 = PRESENTATION_STYLE_ASSIGNMENT((#14363));
#14363 = SURFACE_STYLE_USAGE(.BOTH.,#14364);
#14364 = SURFACE_SIDE_STYLE('',(#14365));
#14365 = SURFACE_STYLE_FILL_AREA(#14366);
#14366 = FILL_AREA_STYLE('',(#14367));
#14367 = FILL_AREA_STYLE_COLOUR('',#12377);
#14368 = OVER_RIDING_STYLED_ITEM('overriding color',(#14369),#9039,
  #12360);
#14369 = PRESENTATION_STYLE_ASSIGNMENT((#14370));
#14370 = SURFACE_STYLE_USAGE(.BOTH.,#14371);
#14371 = SURFACE_SIDE_STYLE('',(#14372));
#14372 = SURFACE_STYLE_FILL_AREA(#14373);
#14373 = FILL_AREA_STYLE('',(#14374));
#14374 = FILL_AREA_STYLE_COLOUR('',#12377);
#14375 = OVER_RIDING_STYLED_ITEM('overriding color',(#14376),#9067,
  #12360);
#14376 = PRESENTATION_STYLE_ASSIGNMENT((#14377));
#14377 = SURFACE_STYLE_USAGE(.BOTH.,#14378);
#14378 = SURFACE_SIDE_STYLE('',(#14379));
#14379 = SURFACE_STYLE_FILL_AREA(#14380);
#14380 = FILL_AREA_STYLE('',(#14381));
#14381 = FILL_AREA_STYLE_COLOUR('',#12377);
#14382 = OVER_RIDING_STYLED_ITEM('overriding color',(#14383),#9095,
  #12360);
#14383 = PRESENTATION_STYLE_ASSIGNMENT((#14384));
#14384 = SURFACE_STYLE_USAGE(.BOTH.,#14385);
#14385 = SURFACE_SIDE_STYLE('',(#14386));
#14386 = SURFACE_STYLE_FILL_AREA(#14387);
#14387 = FILL_AREA_STYLE('',(#14388));
#14388 = FILL_AREA_STYLE_COLOUR('',#12377);
#14389 = OVER_RIDING_STYLED_ITEM('overriding color',(#14390),#9123,
  #12360);
#14390 = PRESENTATION_STYLE_ASSIGNMENT((#14391));
#14391 = SURFACE_STYLE_USAGE(.BOTH.,#14392);
#14392 = SURFACE_SIDE_STYLE('',(#14393));
#14393 = SURFACE_STYLE_FILL_AREA(#14394);
#14394 = FILL_AREA_STYLE('',(#14395));
#14395 = FILL_AREA_STYLE_COLOUR('',#12377);
#14396 = OVER_RIDING_STYLED_ITEM('overriding color',(#14397),#9151,
  #12360);
#14397 = PRESENTATION_STYLE_ASSIGNMENT((#14398));
#14398 = SURFACE_STYLE_USAGE(.BOTH.,#14399);
#14399 = SURFACE_SIDE_STYLE('',(#14400));
#14400 = SURFACE_STYLE_FILL_AREA(#14401);
#14401 = FILL_AREA_STYLE('',(#14402));
#14402 = FILL_AREA_STYLE_COLOUR('',#12377);
#14403 = OVER_RIDING_STYLED_ITEM('overriding color',(#14404),#9173,
  #12360);
#14404 = PRESENTATION_STYLE_ASSIGNMENT((#14405));
#14405 = SURFACE_STYLE_USAGE(.BOTH.,#14406);
#14406 = SURFACE_SIDE_STYLE('',(#14407));
#14407 = SURFACE_STYLE_FILL_AREA(#14408);
#14408 = FILL_AREA_STYLE('',(#14409));
#14409 = FILL_AREA_STYLE_COLOUR('',#12377);
#14410 = OVER_RIDING_STYLED_ITEM('overriding color',(#14411),#9189,
  #12360);
#14411 = PRESENTATION_STYLE_ASSIGNMENT((#14412));
#14412 = SURFACE_STYLE_USAGE(.BOTH.,#14413);
#14413 = SURFACE_SIDE_STYLE('',(#14414));
#14414 = SURFACE_STYLE_FILL_AREA(#14415);
#14415 = FILL_AREA_STYLE('',(#14416));
#14416 = FILL_AREA_STYLE_COLOUR('',#12385);
#14417 = OVER_RIDING_STYLED_ITEM('overriding color',(#14418),#9205,
  #12360);
#14418 = PRESENTATION_STYLE_ASSIGNMENT((#14419));
#14419 = SURFACE_STYLE_USAGE(.BOTH.,#14420);
#14420 = SURFACE_SIDE_STYLE('',(#14421));
#14421 = SURFACE_STYLE_FILL_AREA(#14422);
#14422 = FILL_AREA_STYLE('',(#14423));
#14423 = FILL_AREA_STYLE_COLOUR('',#12377);
#14424 = OVER_RIDING_STYLED_ITEM('overriding color',(#14425),#9239,
  #12360);
#14425 = PRESENTATION_STYLE_ASSIGNMENT((#14426));
#14426 = SURFACE_STYLE_USAGE(.BOTH.,#14427);
#14427 = SURFACE_SIDE_STYLE('',(#14428));
#14428 = SURFACE_STYLE_FILL_AREA(#14429);
#14429 = FILL_AREA_STYLE('',(#14430));
#14430 = FILL_AREA_STYLE_COLOUR('',#12377);
#14431 = OVER_RIDING_STYLED_ITEM('overriding color',(#14432),#9261,
  #12360);
#14432 = PRESENTATION_STYLE_ASSIGNMENT((#14433));
#14433 = SURFACE_STYLE_USAGE(.BOTH.,#14434);
#14434 = SURFACE_SIDE_STYLE('',(#14435));
#14435 = SURFACE_STYLE_FILL_AREA(#14436);
#14436 = FILL_AREA_STYLE('',(#14437));
#14437 = FILL_AREA_STYLE_COLOUR('',#12377);
#14438 = OVER_RIDING_STYLED_ITEM('overriding color',(#14439),#9289,
  #12360);
#14439 = PRESENTATION_STYLE_ASSIGNMENT((#14440));
#14440 = SURFACE_STYLE_USAGE(.BOTH.,#14441);
#14441 = SURFACE_SIDE_STYLE('',(#14442));
#14442 = SURFACE_STYLE_FILL_AREA(#14443);
#14443 = FILL_AREA_STYLE('',(#14444));
#14444 = FILL_AREA_STYLE_COLOUR('',#12377);
#14445 = OVER_RIDING_STYLED_ITEM('overriding color',(#14446),#9317,
  #12360);
#14446 = PRESENTATION_STYLE_ASSIGNMENT((#14447));
#14447 = SURFACE_STYLE_USAGE(.BOTH.,#14448);
#14448 = SURFACE_SIDE_STYLE('',(#14449));
#14449 = SURFACE_STYLE_FILL_AREA(#14450);
#14450 = FILL_AREA_STYLE('',(#14451));
#14451 = FILL_AREA_STYLE_COLOUR('',#12377);
#14452 = OVER_RIDING_STYLED_ITEM('overriding color',(#14453),#9345,
  #12360);
#14453 = PRESENTATION_STYLE_ASSIGNMENT((#14454));
#14454 = SURFACE_STYLE_USAGE(.BOTH.,#14455);
#14455 = SURFACE_SIDE_STYLE('',(#14456));
#14456 = SURFACE_STYLE_FILL_AREA(#14457);
#14457 = FILL_AREA_STYLE('',(#14458));
#14458 = FILL_AREA_STYLE_COLOUR('',#12377);
#14459 = OVER_RIDING_STYLED_ITEM('overriding color',(#14460),#9373,
  #12360);
#14460 = PRESENTATION_STYLE_ASSIGNMENT((#14461));
#14461 = SURFACE_STYLE_USAGE(.BOTH.,#14462);
#14462 = SURFACE_SIDE_STYLE('',(#14463));
#14463 = SURFACE_STYLE_FILL_AREA(#14464);
#14464 = FILL_AREA_STYLE('',(#14465));
#14465 = FILL_AREA_STYLE_COLOUR('',#12377);
#14466 = OVER_RIDING_STYLED_ITEM('overriding color',(#14467),#9401,
  #12360);
#14467 = PRESENTATION_STYLE_ASSIGNMENT((#14468));
#14468 = SURFACE_STYLE_USAGE(.BOTH.,#14469);
#14469 = SURFACE_SIDE_STYLE('',(#14470));
#14470 = SURFACE_STYLE_FILL_AREA(#14471);
#14471 = FILL_AREA_STYLE('',(#14472));
#14472 = FILL_AREA_STYLE_COLOUR('',#12377);
#14473 = OVER_RIDING_STYLED_ITEM('overriding color',(#14474),#9429,
  #12360);
#14474 = PRESENTATION_STYLE_ASSIGNMENT((#14475));
#14475 = SURFACE_STYLE_USAGE(.BOTH.,#14476);
#14476 = SURFACE_SIDE_STYLE('',(#14477));
#14477 = SURFACE_STYLE_FILL_AREA(#14478);
#14478 = FILL_AREA_STYLE('',(#14479));
#14479 = FILL_AREA_STYLE_COLOUR('',#12377);
#14480 = OVER_RIDING_STYLED_ITEM('overriding color',(#14481),#9457,
  #12360);
#14481 = PRESENTATION_STYLE_ASSIGNMENT((#14482));
#14482 = SURFACE_STYLE_USAGE(.BOTH.,#14483);
#14483 = SURFACE_SIDE_STYLE('',(#14484));
#14484 = SURFACE_STYLE_FILL_AREA(#14485);
#14485 = FILL_AREA_STYLE('',(#14486));
#14486 = FILL_AREA_STYLE_COLOUR('',#12377);
#14487 = OVER_RIDING_STYLED_ITEM('overriding color',(#14488),#9485,
  #12360);
#14488 = PRESENTATION_STYLE_ASSIGNMENT((#14489));
#14489 = SURFACE_STYLE_USAGE(.BOTH.,#14490);
#14490 = SURFACE_SIDE_STYLE('',(#14491));
#14491 = SURFACE_STYLE_FILL_AREA(#14492);
#14492 = FILL_AREA_STYLE('',(#14493));
#14493 = FILL_AREA_STYLE_COLOUR('',#12377);
#14494 = OVER_RIDING_STYLED_ITEM('overriding color',(#14495),#9513,
  #12360);
#14495 = PRESENTATION_STYLE_ASSIGNMENT((#14496));
#14496 = SURFACE_STYLE_USAGE(.BOTH.,#14497);
#14497 = SURFACE_SIDE_STYLE('',(#14498));
#14498 = SURFACE_STYLE_FILL_AREA(#14499);
#14499 = FILL_AREA_STYLE('',(#14500));
#14500 = FILL_AREA_STYLE_COLOUR('',#12377);
#14501 = OVER_RIDING_STYLED_ITEM('overriding color',(#14502),#9541,
  #12360);
#14502 = PRESENTATION_STYLE_ASSIGNMENT((#14503));
#14503 = SURFACE_STYLE_USAGE(.BOTH.,#14504);
#14504 = SURFACE_SIDE_STYLE('',(#14505));
#14505 = SURFACE_STYLE_FILL_AREA(#14506);
#14506 = FILL_AREA_STYLE('',(#14507));
#14507 = FILL_AREA_STYLE_COLOUR('',#12377);
#14508 = OVER_RIDING_STYLED_ITEM('overriding color',(#14509),#9563,
  #12360);
#14509 = PRESENTATION_STYLE_ASSIGNMENT((#14510));
#14510 = SURFACE_STYLE_USAGE(.BOTH.,#14511);
#14511 = SURFACE_SIDE_STYLE('',(#14512));
#14512 = SURFACE_STYLE_FILL_AREA(#14513);
#14513 = FILL_AREA_STYLE('',(#14514));
#14514 = FILL_AREA_STYLE_COLOUR('',#12377);
#14515 = OVER_RIDING_STYLED_ITEM('overriding color',(#14516),#9591,
  #12360);
#14516 = PRESENTATION_STYLE_ASSIGNMENT((#14517));
#14517 = SURFACE_STYLE_USAGE(.BOTH.,#14518);
#14518 = SURFACE_SIDE_STYLE('',(#14519));
#14519 = SURFACE_STYLE_FILL_AREA(#14520);
#14520 = FILL_AREA_STYLE('',(#14521));
#14521 = FILL_AREA_STYLE_COLOUR('',#12377);
#14522 = OVER_RIDING_STYLED_ITEM('overriding color',(#14523),#9619,
  #12360);
#14523 = PRESENTATION_STYLE_ASSIGNMENT((#14524));
#14524 = SURFACE_STYLE_USAGE(.BOTH.,#14525);
#14525 = SURFACE_SIDE_STYLE('',(#14526));
#14526 = SURFACE_STYLE_FILL_AREA(#14527);
#14527 = FILL_AREA_STYLE('',(#14528));
#14528 = FILL_AREA_STYLE_COLOUR('',#12377);
#14529 = OVER_RIDING_STYLED_ITEM('overriding color',(#14530),#9647,
  #12360);
#14530 = PRESENTATION_STYLE_ASSIGNMENT((#14531));
#14531 = SURFACE_STYLE_USAGE(.BOTH.,#14532);
#14532 = SURFACE_SIDE_STYLE('',(#14533));
#14533 = SURFACE_STYLE_FILL_AREA(#14534);
#14534 = FILL_AREA_STYLE('',(#14535));
#14535 = FILL_AREA_STYLE_COLOUR('',#12377);
#14536 = OVER_RIDING_STYLED_ITEM('overriding color',(#14537),#9675,
  #12360);
#14537 = PRESENTATION_STYLE_ASSIGNMENT((#14538));
#14538 = SURFACE_STYLE_USAGE(.BOTH.,#14539);
#14539 = SURFACE_SIDE_STYLE('',(#14540));
#14540 = SURFACE_STYLE_FILL_AREA(#14541);
#14541 = FILL_AREA_STYLE('',(#14542));
#14542 = FILL_AREA_STYLE_COLOUR('',#12377);
#14543 = OVER_RIDING_STYLED_ITEM('overriding color',(#14544),#9703,
  #12360);
#14544 = PRESENTATION_STYLE_ASSIGNMENT((#14545));
#14545 = SURFACE_STYLE_USAGE(.BOTH.,#14546);
#14546 = SURFACE_SIDE_STYLE('',(#14547));
#14547 = SURFACE_STYLE_FILL_AREA(#14548);
#14548 = FILL_AREA_STYLE('',(#14549));
#14549 = FILL_AREA_STYLE_COLOUR('',#12377);
#14550 = OVER_RIDING_STYLED_ITEM('overriding color',(#14551),#9731,
  #12360);
#14551 = PRESENTATION_STYLE_ASSIGNMENT((#14552));
#14552 = SURFACE_STYLE_USAGE(.BOTH.,#14553);
#14553 = SURFACE_SIDE_STYLE('',(#14554));
#14554 = SURFACE_STYLE_FILL_AREA(#14555);
#14555 = FILL_AREA_STYLE('',(#14556));
#14556 = FILL_AREA_STYLE_COLOUR('',#12377);
#14557 = OVER_RIDING_STYLED_ITEM('overriding color',(#14558),#9759,
  #12360);
#14558 = PRESENTATION_STYLE_ASSIGNMENT((#14559));
#14559 = SURFACE_STYLE_USAGE(.BOTH.,#14560);
#14560 = SURFACE_SIDE_STYLE('',(#14561));
#14561 = SURFACE_STYLE_FILL_AREA(#14562);
#14562 = FILL_AREA_STYLE('',(#14563));
#14563 = FILL_AREA_STYLE_COLOUR('',#12377);
#14564 = OVER_RIDING_STYLED_ITEM('overriding color',(#14565),#9781,
  #12360);
#14565 = PRESENTATION_STYLE_ASSIGNMENT((#14566));
#14566 = SURFACE_STYLE_USAGE(.BOTH.,#14567);
#14567 = SURFACE_SIDE_STYLE('',(#14568));
#14568 = SURFACE_STYLE_FILL_AREA(#14569);
#14569 = FILL_AREA_STYLE('',(#14570));
#14570 = FILL_AREA_STYLE_COLOUR('',#12377);
#14571 = OVER_RIDING_STYLED_ITEM('overriding color',(#14572),#9810,
  #12360);
#14572 = PRESENTATION_STYLE_ASSIGNMENT((#14573));
#14573 = SURFACE_STYLE_USAGE(.BOTH.,#14574);
#14574 = SURFACE_SIDE_STYLE('',(#14575));
#14575 = SURFACE_STYLE_FILL_AREA(#14576);
#14576 = FILL_AREA_STYLE('',(#14577));
#14577 = FILL_AREA_STYLE_COLOUR('',#12377);
#14578 = OVER_RIDING_STYLED_ITEM('overriding color',(#14579),#9838,
  #12360);
#14579 = PRESENTATION_STYLE_ASSIGNMENT((#14580));
#14580 = SURFACE_STYLE_USAGE(.BOTH.,#14581);
#14581 = SURFACE_SIDE_STYLE('',(#14582));
#14582 = SURFACE_STYLE_FILL_AREA(#14583);
#14583 = FILL_AREA_STYLE('',(#14584));
#14584 = FILL_AREA_STYLE_COLOUR('',#12377);
#14585 = OVER_RIDING_STYLED_ITEM('overriding color',(#14586),#9860,
  #12360);
#14586 = PRESENTATION_STYLE_ASSIGNMENT((#14587));
#14587 = SURFACE_STYLE_USAGE(.BOTH.,#14588);
#14588 = SURFACE_SIDE_STYLE('',(#14589));
#14589 = SURFACE_STYLE_FILL_AREA(#14590);
#14590 = FILL_AREA_STYLE('',(#14591));
#14591 = FILL_AREA_STYLE_COLOUR('',#12377);
#14592 = OVER_RIDING_STYLED_ITEM('overriding color',(#14593),#9888,
  #12360);
#14593 = PRESENTATION_STYLE_ASSIGNMENT((#14594));
#14594 = SURFACE_STYLE_USAGE(.BOTH.,#14595);
#14595 = SURFACE_SIDE_STYLE('',(#14596));
#14596 = SURFACE_STYLE_FILL_AREA(#14597);
#14597 = FILL_AREA_STYLE('',(#14598));
#14598 = FILL_AREA_STYLE_COLOUR('',#12377);
#14599 = OVER_RIDING_STYLED_ITEM('overriding color',(#14600),#9910,
  #12360);
#14600 = PRESENTATION_STYLE_ASSIGNMENT((#14601));
#14601 = SURFACE_STYLE_USAGE(.BOTH.,#14602);
#14602 = SURFACE_SIDE_STYLE('',(#14603));
#14603 = SURFACE_STYLE_FILL_AREA(#14604);
#14604 = FILL_AREA_STYLE('',(#14605));
#14605 = FILL_AREA_STYLE_COLOUR('',#12377);
#14606 = OVER_RIDING_STYLED_ITEM('overriding color',(#14607),#9932,
  #12360);
#14607 = PRESENTATION_STYLE_ASSIGNMENT((#14608));
#14608 = SURFACE_STYLE_USAGE(.BOTH.,#14609);
#14609 = SURFACE_SIDE_STYLE('',(#14610));
#14610 = SURFACE_STYLE_FILL_AREA(#14611);
#14611 = FILL_AREA_STYLE('',(#14612));
#14612 = FILL_AREA_STYLE_COLOUR('',#12377);
#14613 = OVER_RIDING_STYLED_ITEM('overriding color',(#14614),#9954,
  #12360);
#14614 = PRESENTATION_STYLE_ASSIGNMENT((#14615));
#14615 = SURFACE_STYLE_USAGE(.BOTH.,#14616);
#14616 = SURFACE_SIDE_STYLE('',(#14617));
#14617 = SURFACE_STYLE_FILL_AREA(#14618);
#14618 = FILL_AREA_STYLE('',(#14619));
#14619 = FILL_AREA_STYLE_COLOUR('',#12377);
#14620 = OVER_RIDING_STYLED_ITEM('overriding color',(#14621),#9976,
  #12360);
#14621 = PRESENTATION_STYLE_ASSIGNMENT((#14622));
#14622 = SURFACE_STYLE_USAGE(.BOTH.,#14623);
#14623 = SURFACE_SIDE_STYLE('',(#14624));
#14624 = SURFACE_STYLE_FILL_AREA(#14625);
#14625 = FILL_AREA_STYLE('',(#14626));
#14626 = FILL_AREA_STYLE_COLOUR('',#12377);
#14627 = OVER_RIDING_STYLED_ITEM('overriding color',(#14628),#9998,
  #12360);
#14628 = PRESENTATION_STYLE_ASSIGNMENT((#14629));
#14629 = SURFACE_STYLE_USAGE(.BOTH.,#14630);
#14630 = SURFACE_SIDE_STYLE('',(#14631));
#14631 = SURFACE_STYLE_FILL_AREA(#14632);
#14632 = FILL_AREA_STYLE('',(#14633));
#14633 = FILL_AREA_STYLE_COLOUR('',#12377);
#14634 = OVER_RIDING_STYLED_ITEM('overriding color',(#14635),#10020,
  #12360);
#14635 = PRESENTATION_STYLE_ASSIGNMENT((#14636));
#14636 = SURFACE_STYLE_USAGE(.BOTH.,#14637);
#14637 = SURFACE_SIDE_STYLE('',(#14638));
#14638 = SURFACE_STYLE_FILL_AREA(#14639);
#14639 = FILL_AREA_STYLE('',(#14640));
#14640 = FILL_AREA_STYLE_COLOUR('',#12377);
#14641 = OVER_RIDING_STYLED_ITEM('overriding color',(#14642),#10048,
  #12360);
#14642 = PRESENTATION_STYLE_ASSIGNMENT((#14643));
#14643 = SURFACE_STYLE_USAGE(.BOTH.,#14644);
#14644 = SURFACE_SIDE_STYLE('',(#14645));
#14645 = SURFACE_STYLE_FILL_AREA(#14646);
#14646 = FILL_AREA_STYLE('',(#14647));
#14647 = FILL_AREA_STYLE_COLOUR('',#12377);
#14648 = OVER_RIDING_STYLED_ITEM('overriding color',(#14649),#10076,
  #12360);
#14649 = PRESENTATION_STYLE_ASSIGNMENT((#14650));
#14650 = SURFACE_STYLE_USAGE(.BOTH.,#14651);
#14651 = SURFACE_SIDE_STYLE('',(#14652));
#14652 = SURFACE_STYLE_FILL_AREA(#14653);
#14653 = FILL_AREA_STYLE('',(#14654));
#14654 = FILL_AREA_STYLE_COLOUR('',#12377);
#14655 = OVER_RIDING_STYLED_ITEM('overriding color',(#14656),#10098,
  #12360);
#14656 = PRESENTATION_STYLE_ASSIGNMENT((#14657));
#14657 = SURFACE_STYLE_USAGE(.BOTH.,#14658);
#14658 = SURFACE_SIDE_STYLE('',(#14659));
#14659 = SURFACE_STYLE_FILL_AREA(#14660);
#14660 = FILL_AREA_STYLE('',(#14661));
#14661 = FILL_AREA_STYLE_COLOUR('',#12377);
#14662 = OVER_RIDING_STYLED_ITEM('overriding color',(#14663),#10126,
  #12360);
#14663 = PRESENTATION_STYLE_ASSIGNMENT((#14664));
#14664 = SURFACE_STYLE_USAGE(.BOTH.,#14665);
#14665 = SURFACE_SIDE_STYLE('',(#14666));
#14666 = SURFACE_STYLE_FILL_AREA(#14667);
#14667 = FILL_AREA_STYLE('',(#14668));
#14668 = FILL_AREA_STYLE_COLOUR('',#12377);
#14669 = OVER_RIDING_STYLED_ITEM('overriding color',(#14670),#10154,
  #12360);
#14670 = PRESENTATION_STYLE_ASSIGNMENT((#14671));
#14671 = SURFACE_STYLE_USAGE(.BOTH.,#14672);
#14672 = SURFACE_SIDE_STYLE('',(#14673));
#14673 = SURFACE_STYLE_FILL_AREA(#14674);
#14674 = FILL_AREA_STYLE('',(#14675));
#14675 = FILL_AREA_STYLE_COLOUR('',#12377);
#14676 = OVER_RIDING_STYLED_ITEM('overriding color',(#14677),#10170,
  #12360);
#14677 = PRESENTATION_STYLE_ASSIGNMENT((#14678));
#14678 = SURFACE_STYLE_USAGE(.BOTH.,#14679);
#14679 = SURFACE_SIDE_STYLE('',(#14680));
#14680 = SURFACE_STYLE_FILL_AREA(#14681);
#14681 = FILL_AREA_STYLE('',(#14682));
#14682 = FILL_AREA_STYLE_COLOUR('',#12377);
#14683 = OVER_RIDING_STYLED_ITEM('overriding color',(#14684),#10193,
  #12360);
#14684 = PRESENTATION_STYLE_ASSIGNMENT((#14685));
#14685 = SURFACE_STYLE_USAGE(.BOTH.,#14686);
#14686 = SURFACE_SIDE_STYLE('',(#14687));
#14687 = SURFACE_STYLE_FILL_AREA(#14688);
#14688 = FILL_AREA_STYLE('',(#14689));
#14689 = FILL_AREA_STYLE_COLOUR('',#12377);
#14690 = OVER_RIDING_STYLED_ITEM('overriding color',(#14691),#10221,
  #12360);
#14691 = PRESENTATION_STYLE_ASSIGNMENT((#14692));
#14692 = SURFACE_STYLE_USAGE(.BOTH.,#14693);
#14693 = SURFACE_SIDE_STYLE('',(#14694));
#14694 = SURFACE_STYLE_FILL_AREA(#14695);
#14695 = FILL_AREA_STYLE('',(#14696));
#14696 = FILL_AREA_STYLE_COLOUR('',#12377);
#14697 = OVER_RIDING_STYLED_ITEM('overriding color',(#14698),#10243,
  #12360);
#14698 = PRESENTATION_STYLE_ASSIGNMENT((#14699));
#14699 = SURFACE_STYLE_USAGE(.BOTH.,#14700);
#14700 = SURFACE_SIDE_STYLE('',(#14701));
#14701 = SURFACE_STYLE_FILL_AREA(#14702);
#14702 = FILL_AREA_STYLE('',(#14703));
#14703 = FILL_AREA_STYLE_COLOUR('',#12377);
#14704 = OVER_RIDING_STYLED_ITEM('overriding color',(#14705),#10265,
  #12360);
#14705 = PRESENTATION_STYLE_ASSIGNMENT((#14706));
#14706 = SURFACE_STYLE_USAGE(.BOTH.,#14707);
#14707 = SURFACE_SIDE_STYLE('',(#14708));
#14708 = SURFACE_STYLE_FILL_AREA(#14709);
#14709 = FILL_AREA_STYLE('',(#14710));
#14710 = FILL_AREA_STYLE_COLOUR('',#12377);
#14711 = OVER_RIDING_STYLED_ITEM('overriding color',(#14712),#10287,
  #12360);
#14712 = PRESENTATION_STYLE_ASSIGNMENT((#14713));
#14713 = SURFACE_STYLE_USAGE(.BOTH.,#14714);
#14714 = SURFACE_SIDE_STYLE('',(#14715));
#14715 = SURFACE_STYLE_FILL_AREA(#14716);
#14716 = FILL_AREA_STYLE('',(#14717));
#14717 = FILL_AREA_STYLE_COLOUR('',#12377);
#14718 = OVER_RIDING_STYLED_ITEM('overriding color',(#14719),#10309,
  #12360);
#14719 = PRESENTATION_STYLE_ASSIGNMENT((#14720));
#14720 = SURFACE_STYLE_USAGE(.BOTH.,#14721);
#14721 = SURFACE_SIDE_STYLE('',(#14722));
#14722 = SURFACE_STYLE_FILL_AREA(#14723);
#14723 = FILL_AREA_STYLE('',(#14724));
#14724 = FILL_AREA_STYLE_COLOUR('',#12377);
#14725 = OVER_RIDING_STYLED_ITEM('overriding color',(#14726),#10331,
  #12360);
#14726 = PRESENTATION_STYLE_ASSIGNMENT((#14727));
#14727 = SURFACE_STYLE_USAGE(.BOTH.,#14728);
#14728 = SURFACE_SIDE_STYLE('',(#14729));
#14729 = SURFACE_STYLE_FILL_AREA(#14730);
#14730 = FILL_AREA_STYLE('',(#14731));
#14731 = FILL_AREA_STYLE_COLOUR('',#12377);
#14732 = OVER_RIDING_STYLED_ITEM('overriding color',(#14733),#10353,
  #12360);
#14733 = PRESENTATION_STYLE_ASSIGNMENT((#14734));
#14734 = SURFACE_STYLE_USAGE(.BOTH.,#14735);
#14735 = SURFACE_SIDE_STYLE('',(#14736));
#14736 = SURFACE_STYLE_FILL_AREA(#14737);
#14737 = FILL_AREA_STYLE('',(#14738));
#14738 = FILL_AREA_STYLE_COLOUR('',#12377);
#14739 = OVER_RIDING_STYLED_ITEM('overriding color',(#14740),#10375,
  #12360);
#14740 = PRESENTATION_STYLE_ASSIGNMENT((#14741));
#14741 = SURFACE_STYLE_USAGE(.BOTH.,#14742);
#14742 = SURFACE_SIDE_STYLE('',(#14743));
#14743 = SURFACE_STYLE_FILL_AREA(#14744);
#14744 = FILL_AREA_STYLE('',(#14745));
#14745 = FILL_AREA_STYLE_COLOUR('',#12377);
#14746 = OVER_RIDING_STYLED_ITEM('overriding color',(#14747),#10397,
  #12360);
#14747 = PRESENTATION_STYLE_ASSIGNMENT((#14748));
#14748 = SURFACE_STYLE_USAGE(.BOTH.,#14749);
#14749 = SURFACE_SIDE_STYLE('',(#14750));
#14750 = SURFACE_STYLE_FILL_AREA(#14751);
#14751 = FILL_AREA_STYLE('',(#14752));
#14752 = FILL_AREA_STYLE_COLOUR('',#12377);
#14753 = OVER_RIDING_STYLED_ITEM('overriding color',(#14754),#10419,
  #12360);
#14754 = PRESENTATION_STYLE_ASSIGNMENT((#14755));
#14755 = SURFACE_STYLE_USAGE(.BOTH.,#14756);
#14756 = SURFACE_SIDE_STYLE('',(#14757));
#14757 = SURFACE_STYLE_FILL_AREA(#14758);
#14758 = FILL_AREA_STYLE('',(#14759));
#14759 = FILL_AREA_STYLE_COLOUR('',#12377);
#14760 = OVER_RIDING_STYLED_ITEM('overriding color',(#14761),#10441,
  #12360);
#14761 = PRESENTATION_STYLE_ASSIGNMENT((#14762));
#14762 = SURFACE_STYLE_USAGE(.BOTH.,#14763);
#14763 = SURFACE_SIDE_STYLE('',(#14764));
#14764 = SURFACE_STYLE_FILL_AREA(#14765);
#14765 = FILL_AREA_STYLE('',(#14766));
#14766 = FILL_AREA_STYLE_COLOUR('',#12377);
#14767 = OVER_RIDING_STYLED_ITEM('overriding color',(#14768),#10457,
  #12360);
#14768 = PRESENTATION_STYLE_ASSIGNMENT((#14769));
#14769 = SURFACE_STYLE_USAGE(.BOTH.,#14770);
#14770 = SURFACE_SIDE_STYLE('',(#14771));
#14771 = SURFACE_STYLE_FILL_AREA(#14772);
#14772 = FILL_AREA_STYLE('',(#14773));
#14773 = FILL_AREA_STYLE_COLOUR('',#12377);
#14774 = OVER_RIDING_STYLED_ITEM('overriding color',(#14775),#10477,
  #12360);
#14775 = PRESENTATION_STYLE_ASSIGNMENT((#14776));
#14776 = SURFACE_STYLE_USAGE(.BOTH.,#14777);
#14777 = SURFACE_SIDE_STYLE('',(#14778));
#14778 = SURFACE_STYLE_FILL_AREA(#14779);
#14779 = FILL_AREA_STYLE('',(#14780));
#14780 = FILL_AREA_STYLE_COLOUR('',#12377);
#14781 = OVER_RIDING_STYLED_ITEM('overriding color',(#14782),#10601,
  #12360);
#14782 = PRESENTATION_STYLE_ASSIGNMENT((#14783));
#14783 = SURFACE_STYLE_USAGE(.BOTH.,#14784);
#14784 = SURFACE_SIDE_STYLE('',(#14785));
#14785 = SURFACE_STYLE_FILL_AREA(#14786);
#14786 = FILL_AREA_STYLE('',(#14787));
#14787 = FILL_AREA_STYLE_COLOUR('',#12377);
#14788 = OVER_RIDING_STYLED_ITEM('overriding color',(#14789),#10621,
  #12360);
#14789 = PRESENTATION_STYLE_ASSIGNMENT((#14790));
#14790 = SURFACE_STYLE_USAGE(.BOTH.,#14791);
#14791 = SURFACE_SIDE_STYLE('',(#14792));
#14792 = SURFACE_STYLE_FILL_AREA(#14793);
#14793 = FILL_AREA_STYLE('',(#14794));
#14794 = FILL_AREA_STYLE_COLOUR('',#12377);
#14795 = OVER_RIDING_STYLED_ITEM('overriding color',(#14796),#10641,
  #12360);
#14796 = PRESENTATION_STYLE_ASSIGNMENT((#14797));
#14797 = SURFACE_STYLE_USAGE(.BOTH.,#14798);
#14798 = SURFACE_SIDE_STYLE('',(#14799));
#14799 = SURFACE_STYLE_FILL_AREA(#14800);
#14800 = FILL_AREA_STYLE('',(#14801));
#14801 = FILL_AREA_STYLE_COLOUR('',#12377);
#14802 = OVER_RIDING_STYLED_ITEM('overriding color',(#14803),#10661,
  #12360);
#14803 = PRESENTATION_STYLE_ASSIGNMENT((#14804));
#14804 = SURFACE_STYLE_USAGE(.BOTH.,#14805);
#14805 = SURFACE_SIDE_STYLE('',(#14806));
#14806 = SURFACE_STYLE_FILL_AREA(#14807);
#14807 = FILL_AREA_STYLE('',(#14808));
#14808 = FILL_AREA_STYLE_COLOUR('',#12377);
#14809 = OVER_RIDING_STYLED_ITEM('overriding color',(#14810),#10681,
  #12360);
#14810 = PRESENTATION_STYLE_ASSIGNMENT((#14811));
#14811 = SURFACE_STYLE_USAGE(.BOTH.,#14812);
#14812 = SURFACE_SIDE_STYLE('',(#14813));
#14813 = SURFACE_STYLE_FILL_AREA(#14814);
#14814 = FILL_AREA_STYLE('',(#14815));
#14815 = FILL_AREA_STYLE_COLOUR('',#12377);
#14816 = OVER_RIDING_STYLED_ITEM('overriding color',(#14817),#10701,
  #12360);
#14817 = PRESENTATION_STYLE_ASSIGNMENT((#14818));
#14818 = SURFACE_STYLE_USAGE(.BOTH.,#14819);
#14819 = SURFACE_SIDE_STYLE('',(#14820));
#14820 = SURFACE_STYLE_FILL_AREA(#14821);
#14821 = FILL_AREA_STYLE('',(#14822));
#14822 = FILL_AREA_STYLE_COLOUR('',#12377);
#14823 = OVER_RIDING_STYLED_ITEM('overriding color',(#14824),#10717,
  #12360);
#14824 = PRESENTATION_STYLE_ASSIGNMENT((#14825));
#14825 = SURFACE_STYLE_USAGE(.BOTH.,#14826);
#14826 = SURFACE_SIDE_STYLE('',(#14827));
#14827 = SURFACE_STYLE_FILL_AREA(#14828);
#14828 = FILL_AREA_STYLE('',(#14829));
#14829 = FILL_AREA_STYLE_COLOUR('',#12377);
#14830 = OVER_RIDING_STYLED_ITEM('overriding color',(#14831),#10729,
  #12360);
#14831 = PRESENTATION_STYLE_ASSIGNMENT((#14832));
#14832 = SURFACE_STYLE_USAGE(.BOTH.,#14833);
#14833 = SURFACE_SIDE_STYLE('',(#14834));
#14834 = SURFACE_STYLE_FILL_AREA(#14835);
#14835 = FILL_AREA_STYLE('',(#14836));
#14836 = FILL_AREA_STYLE_COLOUR('',#12377);
#14837 = OVER_RIDING_STYLED_ITEM('overriding color',(#14838),#10757,
  #12360);
#14838 = PRESENTATION_STYLE_ASSIGNMENT((#14839));
#14839 = SURFACE_STYLE_USAGE(.BOTH.,#14840);
#14840 = SURFACE_SIDE_STYLE('',(#14841));
#14841 = SURFACE_STYLE_FILL_AREA(#14842);
#14842 = FILL_AREA_STYLE('',(#14843));
#14843 = FILL_AREA_STYLE_COLOUR('',#12377);
#14844 = OVER_RIDING_STYLED_ITEM('overriding color',(#14845),#10779,
  #12360);
#14845 = PRESENTATION_STYLE_ASSIGNMENT((#14846));
#14846 = SURFACE_STYLE_USAGE(.BOTH.,#14847);
#14847 = SURFACE_SIDE_STYLE('',(#14848));
#14848 = SURFACE_STYLE_FILL_AREA(#14849);
#14849 = FILL_AREA_STYLE('',(#14850));
#14850 = FILL_AREA_STYLE_COLOUR('',#12377);
#14851 = OVER_RIDING_STYLED_ITEM('overriding color',(#14852),#10801,
  #12360);
#14852 = PRESENTATION_STYLE_ASSIGNMENT((#14853));
#14853 = SURFACE_STYLE_USAGE(.BOTH.,#14854);
#14854 = SURFACE_SIDE_STYLE('',(#14855));
#14855 = SURFACE_STYLE_FILL_AREA(#14856);
#14856 = FILL_AREA_STYLE('',(#14857));
#14857 = FILL_AREA_STYLE_COLOUR('',#12377);
#14858 = OVER_RIDING_STYLED_ITEM('overriding color',(#14859),#10829,
  #12360);
#14859 = PRESENTATION_STYLE_ASSIGNMENT((#14860));
#14860 = SURFACE_STYLE_USAGE(.BOTH.,#14861);
#14861 = SURFACE_SIDE_STYLE('',(#14862));
#14862 = SURFACE_STYLE_FILL_AREA(#14863);
#14863 = FILL_AREA_STYLE('',(#14864));
#14864 = FILL_AREA_STYLE_COLOUR('',#12377);
#14865 = OVER_RIDING_STYLED_ITEM('overriding color',(#14866),#10857,
  #12360);
#14866 = PRESENTATION_STYLE_ASSIGNMENT((#14867));
#14867 = SURFACE_STYLE_USAGE(.BOTH.,#14868);
#14868 = SURFACE_SIDE_STYLE('',(#14869));
#14869 = SURFACE_STYLE_FILL_AREA(#14870);
#14870 = FILL_AREA_STYLE('',(#14871));
#14871 = FILL_AREA_STYLE_COLOUR('',#12377);
#14872 = OVER_RIDING_STYLED_ITEM('overriding color',(#14873),#10885,
  #12360);
#14873 = PRESENTATION_STYLE_ASSIGNMENT((#14874));
#14874 = SURFACE_STYLE_USAGE(.BOTH.,#14875);
#14875 = SURFACE_SIDE_STYLE('',(#14876));
#14876 = SURFACE_STYLE_FILL_AREA(#14877);
#14877 = FILL_AREA_STYLE('',(#14878));
#14878 = FILL_AREA_STYLE_COLOUR('',#12377);
#14879 = OVER_RIDING_STYLED_ITEM('overriding color',(#14880),#10907,
  #12360);
#14880 = PRESENTATION_STYLE_ASSIGNMENT((#14881));
#14881 = SURFACE_STYLE_USAGE(.BOTH.,#14882);
#14882 = SURFACE_SIDE_STYLE('',(#14883));
#14883 = SURFACE_STYLE_FILL_AREA(#14884);
#14884 = FILL_AREA_STYLE('',(#14885));
#14885 = FILL_AREA_STYLE_COLOUR('',#12385);
#14886 = OVER_RIDING_STYLED_ITEM('overriding color',(#14887),#10922,
  #12360);
#14887 = PRESENTATION_STYLE_ASSIGNMENT((#14888));
#14888 = SURFACE_STYLE_USAGE(.BOTH.,#14889);
#14889 = SURFACE_SIDE_STYLE('',(#14890));
#14890 = SURFACE_STYLE_FILL_AREA(#14891);
#14891 = FILL_AREA_STYLE('',(#14892));
#14892 = FILL_AREA_STYLE_COLOUR('',#12377);
#14893 = OVER_RIDING_STYLED_ITEM('overriding color',(#14894),#11034,
  #12360);
#14894 = PRESENTATION_STYLE_ASSIGNMENT((#14895));
#14895 = SURFACE_STYLE_USAGE(.BOTH.,#14896);
#14896 = SURFACE_SIDE_STYLE('',(#14897));
#14897 = SURFACE_STYLE_FILL_AREA(#14898);
#14898 = FILL_AREA_STYLE('',(#14899));
#14899 = FILL_AREA_STYLE_COLOUR('',#12377);
#14900 = OVER_RIDING_STYLED_ITEM('overriding color',(#14901),#11054,
  #12360);
#14901 = PRESENTATION_STYLE_ASSIGNMENT((#14902));
#14902 = SURFACE_STYLE_USAGE(.BOTH.,#14903);
#14903 = SURFACE_SIDE_STYLE('',(#14904));
#14904 = SURFACE_STYLE_FILL_AREA(#14905);
#14905 = FILL_AREA_STYLE('',(#14906));
#14906 = FILL_AREA_STYLE_COLOUR('',#12377);
#14907 = OVER_RIDING_STYLED_ITEM('overriding color',(#14908),#11070,
  #12360);
#14908 = PRESENTATION_STYLE_ASSIGNMENT((#14909));
#14909 = SURFACE_STYLE_USAGE(.BOTH.,#14910);
#14910 = SURFACE_SIDE_STYLE('',(#14911));
#14911 = SURFACE_STYLE_FILL_AREA(#14912);
#14912 = FILL_AREA_STYLE('',(#14913));
#14913 = FILL_AREA_STYLE_COLOUR('',#12377);
#14914 = OVER_RIDING_STYLED_ITEM('overriding color',(#14915),#11086,
  #12360);
#14915 = PRESENTATION_STYLE_ASSIGNMENT((#14916));
#14916 = SURFACE_STYLE_USAGE(.BOTH.,#14917);
#14917 = SURFACE_SIDE_STYLE('',(#14918));
#14918 = SURFACE_STYLE_FILL_AREA(#14919);
#14919 = FILL_AREA_STYLE('',(#14920));
#14920 = FILL_AREA_STYLE_COLOUR('',#12377);
#14921 = OVER_RIDING_STYLED_ITEM('overriding color',(#14922),#11102,
  #12360);
#14922 = PRESENTATION_STYLE_ASSIGNMENT((#14923));
#14923 = SURFACE_STYLE_USAGE(.BOTH.,#14924);
#14924 = SURFACE_SIDE_STYLE('',(#14925));
#14925 = SURFACE_STYLE_FILL_AREA(#14926);
#14926 = FILL_AREA_STYLE('',(#14927));
#14927 = FILL_AREA_STYLE_COLOUR('',#12377);
#14928 = OVER_RIDING_STYLED_ITEM('overriding color',(#14929),#11118,
  #12360);
#14929 = PRESENTATION_STYLE_ASSIGNMENT((#14930));
#14930 = SURFACE_STYLE_USAGE(.BOTH.,#14931);
#14931 = SURFACE_SIDE_STYLE('',(#14932));
#14932 = SURFACE_STYLE_FILL_AREA(#14933);
#14933 = FILL_AREA_STYLE('',(#14934));
#14934 = FILL_AREA_STYLE_COLOUR('',#12377);
#14935 = OVER_RIDING_STYLED_ITEM('overriding color',(#14936),#11134,
  #12360);
#14936 = PRESENTATION_STYLE_ASSIGNMENT((#14937));
#14937 = SURFACE_STYLE_USAGE(.BOTH.,#14938);
#14938 = SURFACE_SIDE_STYLE('',(#14939));
#14939 = SURFACE_STYLE_FILL_AREA(#14940);
#14940 = FILL_AREA_STYLE('',(#14941));
#14941 = FILL_AREA_STYLE_COLOUR('',#12377);
#14942 = OVER_RIDING_STYLED_ITEM('overriding color',(#14943),#11150,
  #12360);
#14943 = PRESENTATION_STYLE_ASSIGNMENT((#14944));
#14944 = SURFACE_STYLE_USAGE(.BOTH.,#14945);
#14945 = SURFACE_SIDE_STYLE('',(#14946));
#14946 = SURFACE_STYLE_FILL_AREA(#14947);
#14947 = FILL_AREA_STYLE('',(#14948));
#14948 = FILL_AREA_STYLE_COLOUR('',#12377);
#14949 = OVER_RIDING_STYLED_ITEM('overriding color',(#14950),#11162,
  #12360);
#14950 = PRESENTATION_STYLE_ASSIGNMENT((#14951));
#14951 = SURFACE_STYLE_USAGE(.BOTH.,#14952);
#14952 = SURFACE_SIDE_STYLE('',(#14953));
#14953 = SURFACE_STYLE_FILL_AREA(#14954);
#14954 = FILL_AREA_STYLE('',(#14955));
#14955 = FILL_AREA_STYLE_COLOUR('',#12377);
#14956 = OVER_RIDING_STYLED_ITEM('overriding color',(#14957),#11190,
  #12360);
#14957 = PRESENTATION_STYLE_ASSIGNMENT((#14958));
#14958 = SURFACE_STYLE_USAGE(.BOTH.,#14959);
#14959 = SURFACE_SIDE_STYLE('',(#14960));
#14960 = SURFACE_STYLE_FILL_AREA(#14961);
#14961 = FILL_AREA_STYLE('',(#14962));
#14962 = FILL_AREA_STYLE_COLOUR('',#12377);
#14963 = OVER_RIDING_STYLED_ITEM('overriding color',(#14964),#11212,
  #12360);
#14964 = PRESENTATION_STYLE_ASSIGNMENT((#14965));
#14965 = SURFACE_STYLE_USAGE(.BOTH.,#14966);
#14966 = SURFACE_SIDE_STYLE('',(#14967));
#14967 = SURFACE_STYLE_FILL_AREA(#14968);
#14968 = FILL_AREA_STYLE('',(#14969));
#14969 = FILL_AREA_STYLE_COLOUR('',#12377);
#14970 = OVER_RIDING_STYLED_ITEM('overriding color',(#14971),#11240,
  #12360);
#14971 = PRESENTATION_STYLE_ASSIGNMENT((#14972));
#14972 = SURFACE_STYLE_USAGE(.BOTH.,#14973);
#14973 = SURFACE_SIDE_STYLE('',(#14974));
#14974 = SURFACE_STYLE_FILL_AREA(#14975);
#14975 = FILL_AREA_STYLE('',(#14976));
#14976 = FILL_AREA_STYLE_COLOUR('',#12377);
#14977 = OVER_RIDING_STYLED_ITEM('overriding color',(#14978),#11262,
  #12360);
#14978 = PRESENTATION_STYLE_ASSIGNMENT((#14979));
#14979 = SURFACE_STYLE_USAGE(.BOTH.,#14980);
#14980 = SURFACE_SIDE_STYLE('',(#14981));
#14981 = SURFACE_STYLE_FILL_AREA(#14982);
#14982 = FILL_AREA_STYLE('',(#14983));
#14983 = FILL_AREA_STYLE_COLOUR('',#12377);
#14984 = OVER_RIDING_STYLED_ITEM('overriding color',(#14985),#11290,
  #12360);
#14985 = PRESENTATION_STYLE_ASSIGNMENT((#14986));
#14986 = SURFACE_STYLE_USAGE(.BOTH.,#14987);
#14987 = SURFACE_SIDE_STYLE('',(#14988));
#14988 = SURFACE_STYLE_FILL_AREA(#14989);
#14989 = FILL_AREA_STYLE('',(#14990));
#14990 = FILL_AREA_STYLE_COLOUR('',#12377);
#14991 = OVER_RIDING_STYLED_ITEM('overriding color',(#14992),#11306,
  #12360);
#14992 = PRESENTATION_STYLE_ASSIGNMENT((#14993));
#14993 = SURFACE_STYLE_USAGE(.BOTH.,#14994);
#14994 = SURFACE_SIDE_STYLE('',(#14995));
#14995 = SURFACE_STYLE_FILL_AREA(#14996);
#14996 = FILL_AREA_STYLE('',(#14997));
#14997 = FILL_AREA_STYLE_COLOUR('',#12385);
#14998 = OVER_RIDING_STYLED_ITEM('overriding color',(#14999),#11320,
  #12360);
#14999 = PRESENTATION_STYLE_ASSIGNMENT((#15000));
#15000 = SURFACE_STYLE_USAGE(.BOTH.,#15001);
#15001 = SURFACE_SIDE_STYLE('',(#15002));
#15002 = SURFACE_STYLE_FILL_AREA(#15003);
#15003 = FILL_AREA_STYLE('',(#15004));
#15004 = FILL_AREA_STYLE_COLOUR('',#12377);
#15005 = OVER_RIDING_STYLED_ITEM('overriding color',(#15006),#11640,
  #12360);
#15006 = PRESENTATION_STYLE_ASSIGNMENT((#15007));
#15007 = SURFACE_STYLE_USAGE(.BOTH.,#15008);
#15008 = SURFACE_SIDE_STYLE('',(#15009));
#15009 = SURFACE_STYLE_FILL_AREA(#15010);
#15010 = FILL_AREA_STYLE('',(#15011));
#15011 = FILL_AREA_STYLE_COLOUR('',#12377);
#15012 = OVER_RIDING_STYLED_ITEM('overriding color',(#15013),#11664,
  #12360);
#15013 = PRESENTATION_STYLE_ASSIGNMENT((#15014));
#15014 = SURFACE_STYLE_USAGE(.BOTH.,#15015);
#15015 = SURFACE_SIDE_STYLE('',(#15016));
#15016 = SURFACE_STYLE_FILL_AREA(#15017);
#15017 = FILL_AREA_STYLE('',(#15018));
#15018 = FILL_AREA_STYLE_COLOUR('',#12377);
#15019 = OVER_RIDING_STYLED_ITEM('overriding color',(#15020),#11684,
  #12360);
#15020 = PRESENTATION_STYLE_ASSIGNMENT((#15021));
#15021 = SURFACE_STYLE_USAGE(.BOTH.,#15022);
#15022 = SURFACE_SIDE_STYLE('',(#15023));
#15023 = SURFACE_STYLE_FILL_AREA(#15024);
#15024 = FILL_AREA_STYLE('',(#15025));
#15025 = FILL_AREA_STYLE_COLOUR('',#12377);
#15026 = OVER_RIDING_STYLED_ITEM('overriding color',(#15027),#11704,
  #12360);
#15027 = PRESENTATION_STYLE_ASSIGNMENT((#15028));
#15028 = SURFACE_STYLE_USAGE(.BOTH.,#15029);
#15029 = SURFACE_SIDE_STYLE('',(#15030));
#15030 = SURFACE_STYLE_FILL_AREA(#15031);
#15031 = FILL_AREA_STYLE('',(#15032));
#15032 = FILL_AREA_STYLE_COLOUR('',#12377);
#15033 = OVER_RIDING_STYLED_ITEM('overriding color',(#15034),#11724,
  #12360);
#15034 = PRESENTATION_STYLE_ASSIGNMENT((#15035));
#15035 = SURFACE_STYLE_USAGE(.BOTH.,#15036);
#15036 = SURFACE_SIDE_STYLE('',(#15037));
#15037 = SURFACE_STYLE_FILL_AREA(#15038);
#15038 = FILL_AREA_STYLE('',(#15039));
#15039 = FILL_AREA_STYLE_COLOUR('',#12377);
#15040 = OVER_RIDING_STYLED_ITEM('overriding color',(#15041),#11744,
  #12360);
#15041 = PRESENTATION_STYLE_ASSIGNMENT((#15042));
#15042 = SURFACE_STYLE_USAGE(.BOTH.,#15043);
#15043 = SURFACE_SIDE_STYLE('',(#15044));
#15044 = SURFACE_STYLE_FILL_AREA(#15045);
#15045 = FILL_AREA_STYLE('',(#15046));
#15046 = FILL_AREA_STYLE_COLOUR('',#12377);
#15047 = OVER_RIDING_STYLED_ITEM('overriding color',(#15048),#11764,
  #12360);
#15048 = PRESENTATION_STYLE_ASSIGNMENT((#15049));
#15049 = SURFACE_STYLE_USAGE(.BOTH.,#15050);
#15050 = SURFACE_SIDE_STYLE('',(#15051));
#15051 = SURFACE_STYLE_FILL_AREA(#15052);
#15052 = FILL_AREA_STYLE('',(#15053));
#15053 = FILL_AREA_STYLE_COLOUR('',#12377);
#15054 = OVER_RIDING_STYLED_ITEM('overriding color',(#15055),#11784,
  #12360);
#15055 = PRESENTATION_STYLE_ASSIGNMENT((#15056));
#15056 = SURFACE_STYLE_USAGE(.BOTH.,#15057);
#15057 = SURFACE_SIDE_STYLE('',(#15058));
#15058 = SURFACE_STYLE_FILL_AREA(#15059);
#15059 = FILL_AREA_STYLE('',(#15060));
#15060 = FILL_AREA_STYLE_COLOUR('',#12377);
#15061 = OVER_RIDING_STYLED_ITEM('overriding color',(#15062),#11804,
  #12360);
#15062 = PRESENTATION_STYLE_ASSIGNMENT((#15063));
#15063 = SURFACE_STYLE_USAGE(.BOTH.,#15064);
#15064 = SURFACE_SIDE_STYLE('',(#15065));
#15065 = SURFACE_STYLE_FILL_AREA(#15066);
#15066 = FILL_AREA_STYLE('',(#15067));
#15067 = FILL_AREA_STYLE_COLOUR('',#12377);
#15068 = OVER_RIDING_STYLED_ITEM('overriding color',(#15069),#11824,
  #12360);
#15069 = PRESENTATION_STYLE_ASSIGNMENT((#15070));
#15070 = SURFACE_STYLE_USAGE(.BOTH.,#15071);
#15071 = SURFACE_SIDE_STYLE('',(#15072));
#15072 = SURFACE_STYLE_FILL_AREA(#15073);
#15073 = FILL_AREA_STYLE('',(#15074));
#15074 = FILL_AREA_STYLE_COLOUR('',#12377);
#15075 = OVER_RIDING_STYLED_ITEM('overriding color',(#15076),#11844,
  #12360);
#15076 = PRESENTATION_STYLE_ASSIGNMENT((#15077));
#15077 = SURFACE_STYLE_USAGE(.BOTH.,#15078);
#15078 = SURFACE_SIDE_STYLE('',(#15079));
#15079 = SURFACE_STYLE_FILL_AREA(#15080);
#15080 = FILL_AREA_STYLE('',(#15081));
#15081 = FILL_AREA_STYLE_COLOUR('',#12377);
#15082 = OVER_RIDING_STYLED_ITEM('overriding color',(#15083),#11864,
  #12360);
#15083 = PRESENTATION_STYLE_ASSIGNMENT((#15084));
#15084 = SURFACE_STYLE_USAGE(.BOTH.,#15085);
#15085 = SURFACE_SIDE_STYLE('',(#15086));
#15086 = SURFACE_STYLE_FILL_AREA(#15087);
#15087 = FILL_AREA_STYLE('',(#15088));
#15088 = FILL_AREA_STYLE_COLOUR('',#12377);
#15089 = OVER_RIDING_STYLED_ITEM('overriding color',(#15090),#11884,
  #12360);
#15090 = PRESENTATION_STYLE_ASSIGNMENT((#15091));
#15091 = SURFACE_STYLE_USAGE(.BOTH.,#15092);
#15092 = SURFACE_SIDE_STYLE('',(#15093));
#15093 = SURFACE_STYLE_FILL_AREA(#15094);
#15094 = FILL_AREA_STYLE('',(#15095));
#15095 = FILL_AREA_STYLE_COLOUR('',#12377);
#15096 = OVER_RIDING_STYLED_ITEM('overriding color',(#15097),#11900,
  #12360);
#15097 = PRESENTATION_STYLE_ASSIGNMENT((#15098));
#15098 = SURFACE_STYLE_USAGE(.BOTH.,#15099);
#15099 = SURFACE_SIDE_STYLE('',(#15100));
#15100 = SURFACE_STYLE_FILL_AREA(#15101);
#15101 = FILL_AREA_STYLE('',(#15102));
#15102 = FILL_AREA_STYLE_COLOUR('',#12377);
#15103 = OVER_RIDING_STYLED_ITEM('overriding color',(#15104),#11916,
  #12360);
#15104 = PRESENTATION_STYLE_ASSIGNMENT((#15105));
#15105 = SURFACE_STYLE_USAGE(.BOTH.,#15106);
#15106 = SURFACE_SIDE_STYLE('',(#15107));
#15107 = SURFACE_STYLE_FILL_AREA(#15108);
#15108 = FILL_AREA_STYLE('',(#15109));
#15109 = FILL_AREA_STYLE_COLOUR('',#12377);
#15110 = OVER_RIDING_STYLED_ITEM('overriding color',(#15111),#11932,
  #12360);
#15111 = PRESENTATION_STYLE_ASSIGNMENT((#15112));
#15112 = SURFACE_STYLE_USAGE(.BOTH.,#15113);
#15113 = SURFACE_SIDE_STYLE('',(#15114));
#15114 = SURFACE_STYLE_FILL_AREA(#15115);
#15115 = FILL_AREA_STYLE('',(#15116));
#15116 = FILL_AREA_STYLE_COLOUR('',#12377);
#15117 = OVER_RIDING_STYLED_ITEM('overriding color',(#15118),#11948,
  #12360);
#15118 = PRESENTATION_STYLE_ASSIGNMENT((#15119));
#15119 = SURFACE_STYLE_USAGE(.BOTH.,#15120);
#15120 = SURFACE_SIDE_STYLE('',(#15121));
#15121 = SURFACE_STYLE_FILL_AREA(#15122);
#15122 = FILL_AREA_STYLE('',(#15123));
#15123 = FILL_AREA_STYLE_COLOUR('',#12377);
#15124 = OVER_RIDING_STYLED_ITEM('overriding color',(#15125),#11968,
  #12360);
#15125 = PRESENTATION_STYLE_ASSIGNMENT((#15126));
#15126 = SURFACE_STYLE_USAGE(.BOTH.,#15127);
#15127 = SURFACE_SIDE_STYLE('',(#15128));
#15128 = SURFACE_STYLE_FILL_AREA(#15129);
#15129 = FILL_AREA_STYLE('',(#15130));
#15130 = FILL_AREA_STYLE_COLOUR('',#12377);
#15131 = OVER_RIDING_STYLED_ITEM('overriding color',(#15132),#11988,
  #12360);
#15132 = PRESENTATION_STYLE_ASSIGNMENT((#15133));
#15133 = SURFACE_STYLE_USAGE(.BOTH.,#15134);
#15134 = SURFACE_SIDE_STYLE('',(#15135));
#15135 = SURFACE_STYLE_FILL_AREA(#15136);
#15136 = FILL_AREA_STYLE('',(#15137));
#15137 = FILL_AREA_STYLE_COLOUR('',#12377);
#15138 = OVER_RIDING_STYLED_ITEM('overriding color',(#15139),#12008,
  #12360);
#15139 = PRESENTATION_STYLE_ASSIGNMENT((#15140));
#15140 = SURFACE_STYLE_USAGE(.BOTH.,#15141);
#15141 = SURFACE_SIDE_STYLE('',(#15142));
#15142 = SURFACE_STYLE_FILL_AREA(#15143);
#15143 = FILL_AREA_STYLE('',(#15144));
#15144 = FILL_AREA_STYLE_COLOUR('',#12377);
#15145 = OVER_RIDING_STYLED_ITEM('overriding color',(#15146),#12028,
  #12360);
#15146 = PRESENTATION_STYLE_ASSIGNMENT((#15147));
#15147 = SURFACE_STYLE_USAGE(.BOTH.,#15148);
#15148 = SURFACE_SIDE_STYLE('',(#15149));
#15149 = SURFACE_STYLE_FILL_AREA(#15150);
#15150 = FILL_AREA_STYLE('',(#15151));
#15151 = FILL_AREA_STYLE_COLOUR('',#12377);
#15152 = OVER_RIDING_STYLED_ITEM('overriding color',(#15153),#12048,
  #12360);
#15153 = PRESENTATION_STYLE_ASSIGNMENT((#15154));
#15154 = SURFACE_STYLE_USAGE(.BOTH.,#15155);
#15155 = SURFACE_SIDE_STYLE('',(#15156));
#15156 = SURFACE_STYLE_FILL_AREA(#15157);
#15157 = FILL_AREA_STYLE('',(#15158));
#15158 = FILL_AREA_STYLE_COLOUR('',#12377);
#15159 = OVER_RIDING_STYLED_ITEM('overriding color',(#15160),#12068,
  #12360);
#15160 = PRESENTATION_STYLE_ASSIGNMENT((#15161));
#15161 = SURFACE_STYLE_USAGE(.BOTH.,#15162);
#15162 = SURFACE_SIDE_STYLE('',(#15163));
#15163 = SURFACE_STYLE_FILL_AREA(#15164);
#15164 = FILL_AREA_STYLE('',(#15165));
#15165 = FILL_AREA_STYLE_COLOUR('',#12377);
#15166 = OVER_RIDING_STYLED_ITEM('overriding color',(#15167),#12088,
  #12360);
#15167 = PRESENTATION_STYLE_ASSIGNMENT((#15168));
#15168 = SURFACE_STYLE_USAGE(.BOTH.,#15169);
#15169 = SURFACE_SIDE_STYLE('',(#15170));
#15170 = SURFACE_STYLE_FILL_AREA(#15171);
#15171 = FILL_AREA_STYLE('',(#15172));
#15172 = FILL_AREA_STYLE_COLOUR('',#12377);
#15173 = OVER_RIDING_STYLED_ITEM('overriding color',(#15174),#12104,
  #12360);
#15174 = PRESENTATION_STYLE_ASSIGNMENT((#15175));
#15175 = SURFACE_STYLE_USAGE(.BOTH.,#15176);
#15176 = SURFACE_SIDE_STYLE('',(#15177));
#15177 = SURFACE_STYLE_FILL_AREA(#15178);
#15178 = FILL_AREA_STYLE('',(#15179));
#15179 = FILL_AREA_STYLE_COLOUR('',#12377);
#15180 = OVER_RIDING_STYLED_ITEM('overriding color',(#15181),#12124,
  #12360);
#15181 = PRESENTATION_STYLE_ASSIGNMENT((#15182));
#15182 = SURFACE_STYLE_USAGE(.BOTH.,#15183);
#15183 = SURFACE_SIDE_STYLE('',(#15184));
#15184 = SURFACE_STYLE_FILL_AREA(#15185);
#15185 = FILL_AREA_STYLE('',(#15186));
#15186 = FILL_AREA_STYLE_COLOUR('',#12377);
#15187 = OVER_RIDING_STYLED_ITEM('overriding color',(#15188),#12144,
  #12360);
#15188 = PRESENTATION_STYLE_ASSIGNMENT((#15189));
#15189 = SURFACE_STYLE_USAGE(.BOTH.,#15190);
#15190 = SURFACE_SIDE_STYLE('',(#15191));
#15191 = SURFACE_STYLE_FILL_AREA(#15192);
#15192 = FILL_AREA_STYLE('',(#15193));
#15193 = FILL_AREA_STYLE_COLOUR('',#12377);
#15194 = OVER_RIDING_STYLED_ITEM('overriding color',(#15195),#12160,
  #12360);
#15195 = PRESENTATION_STYLE_ASSIGNMENT((#15196));
#15196 = SURFACE_STYLE_USAGE(.BOTH.,#15197);
#15197 = SURFACE_SIDE_STYLE('',(#15198));
#15198 = SURFACE_STYLE_FILL_AREA(#15199);
#15199 = FILL_AREA_STYLE('',(#15200));
#15200 = FILL_AREA_STYLE_COLOUR('',#12377);
#15201 = OVER_RIDING_STYLED_ITEM('overriding color',(#15202),#12180,
  #12360);
#15202 = PRESENTATION_STYLE_ASSIGNMENT((#15203));
#15203 = SURFACE_STYLE_USAGE(.BOTH.,#15204);
#15204 = SURFACE_SIDE_STYLE('',(#15205));
#15205 = SURFACE_STYLE_FILL_AREA(#15206);
#15206 = FILL_AREA_STYLE('',(#15207));
#15207 = FILL_AREA_STYLE_COLOUR('',#12377);
#15208 = OVER_RIDING_STYLED_ITEM('overriding color',(#15209),#12200,
  #12360);
#15209 = PRESENTATION_STYLE_ASSIGNMENT((#15210));
#15210 = SURFACE_STYLE_USAGE(.BOTH.,#15211);
#15211 = SURFACE_SIDE_STYLE('',(#15212));
#15212 = SURFACE_STYLE_FILL_AREA(#15213);
#15213 = FILL_AREA_STYLE('',(#15214));
#15214 = FILL_AREA_STYLE_COLOUR('',#12377);
#15215 = OVER_RIDING_STYLED_ITEM('overriding color',(#15216),#12220,
  #12360);
#15216 = PRESENTATION_STYLE_ASSIGNMENT((#15217));
#15217 = SURFACE_STYLE_USAGE(.BOTH.,#15218);
#15218 = SURFACE_SIDE_STYLE('',(#15219));
#15219 = SURFACE_STYLE_FILL_AREA(#15220);
#15220 = FILL_AREA_STYLE('',(#15221));
#15221 = FILL_AREA_STYLE_COLOUR('',#12377);
#15222 = OVER_RIDING_STYLED_ITEM('overriding color',(#15223),#12236,
  #12360);
#15223 = PRESENTATION_STYLE_ASSIGNMENT((#15224));
#15224 = SURFACE_STYLE_USAGE(.BOTH.,#15225);
#15225 = SURFACE_SIDE_STYLE('',(#15226));
#15226 = SURFACE_STYLE_FILL_AREA(#15227);
#15227 = FILL_AREA_STYLE('',(#15228));
#15228 = FILL_AREA_STYLE_COLOUR('',#12377);
#15229 = OVER_RIDING_STYLED_ITEM('overriding color',(#15230),#12256,
  #12360);
#15230 = PRESENTATION_STYLE_ASSIGNMENT((#15231));
#15231 = SURFACE_STYLE_USAGE(.BOTH.,#15232);
#15232 = SURFACE_SIDE_STYLE('',(#15233));
#15233 = SURFACE_STYLE_FILL_AREA(#15234);
#15234 = FILL_AREA_STYLE('',(#15235));
#15235 = FILL_AREA_STYLE_COLOUR('',#12377);
#15236 = OVER_RIDING_STYLED_ITEM('overriding color',(#15237),#12272,
  #12360);
#15237 = PRESENTATION_STYLE_ASSIGNMENT((#15238));
#15238 = SURFACE_STYLE_USAGE(.BOTH.,#15239);
#15239 = SURFACE_SIDE_STYLE('',(#15240));
#15240 = SURFACE_STYLE_FILL_AREA(#15241);
#15241 = FILL_AREA_STYLE('',(#15242));
#15242 = FILL_AREA_STYLE_COLOUR('',#12377);
#15243 = OVER_RIDING_STYLED_ITEM('overriding color',(#15244),#12315,
  #12360);
#15244 = PRESENTATION_STYLE_ASSIGNMENT((#15245));
#15245 = SURFACE_STYLE_USAGE(.BOTH.,#15246);
#15246 = SURFACE_SIDE_STYLE('',(#15247));
#15247 = SURFACE_STYLE_FILL_AREA(#15248);
#15248 = FILL_AREA_STYLE('',(#15249));
#15249 = FILL_AREA_STYLE_COLOUR('',#12377);
#15250 = OVER_RIDING_STYLED_ITEM('overriding color',(#15251),#12343,
  #12360);
#15251 = PRESENTATION_STYLE_ASSIGNMENT((#15252));
#15252 = SURFACE_STYLE_USAGE(.BOTH.,#15253);
#15253 = SURFACE_SIDE_STYLE('',(#15254));
#15254 = SURFACE_STYLE_FILL_AREA(#15255);
#15255 = FILL_AREA_STYLE('',(#15256));
#15256 = FILL_AREA_STYLE_COLOUR('',#12385);
ENDSEC;
END-ISO-10303-21;
